ISO-10303-21;
HEADER;
FILE_DESCRIPTION(('Open CASCADE Model'),'2;1');
FILE_NAME('Open CASCADE Shape Model','2026-10-08T00:19:44',('Author'),(
    'Open CASCADE'),'Open CASCADE STEP processor 7.9','Open CASCADE 7.9'
  ,'Unknown');
FILE_SCHEMA(('AUTOMOTIVE_DESIGN { 1 0 10303 214 1 1 1 1 }'));
ENDSEC;
DATA;
#1 = APPLICATION_PROTOCOL_DEFINITION('international standard',
  'automotive_design',2000,#2);
#2 = APPLICATION_CONTEXT(
  'core data for automotive mechanical design processes');
#3 = SHAPE_DEFINITION_REPRESENTATION(#4,#10);
#4 = PRODUCT_DEFINITION_SHAPE('','',#5);
#5 = PRODUCT_DEFINITION('design','',#6,#9);
#6 = PRODUCT_DEFINITION_FORMATION('','',#7);
#7 = PRODUCT('Open CASCADE STEP translator 7.9 15',
  'Open CASCADE STEP translator 7.9 15','',(#8));
#8 = PRODUCT_CONTEXT('',#2,'mechanical');
#9 = PRODUCT_DEFINITION_CONTEXT('part definition',#2,'design');
#10 = ADVANCED_BREP_SHAPE_REPRESENTATION('',(#11,#15),#2837);
#11 = AXIS2_PLACEMENT_3D('',#12,#13,#14);
#12 = CARTESIAN_POINT('',(0.,0.,0.));
#13 = DIRECTION('',(0.,0.,1.));
#14 = DIRECTION('',(1.,0.,-0.));
#15 = MANIFOLD_SOLID_BREP('',#16);
#16 = CLOSED_SHELL('',(#17,#137,#559,#635,#846,#999,#1081,#1222,#1442,
    #1595,#1672,#1722,#1749,#1845,#1874,#1901,#1928,#1955,#1982,#2009,
    #2036,#2043,#2119,#2227,#2305,#2381,#2452,#2561,#2631,#2680,#2708,
    #2735,#2762,#2789,#2816,#2823,#2830));
#17 = ADVANCED_FACE('',(#18),#32,.T.);
#18 = FACE_BOUND('',#19,.T.);
#19 = EDGE_LOOP('',(#20,#55,#83,#111));
#20 = ORIENTED_EDGE('',*,*,#21,.T.);
#21 = EDGE_CURVE('',#22,#24,#26,.T.);
#22 = VERTEX_POINT('',#23);
#23 = CARTESIAN_POINT('',(29.,-28.6,20.112975257545));
#24 = VERTEX_POINT('',#25);
#25 = CARTESIAN_POINT('',(29.,-28.6,20.712975257545));
#26 = SURFACE_CURVE('',#27,(#31,#43),.PCURVE_S1.);
#27 = LINE('',#28,#29);
#28 = CARTESIAN_POINT('',(29.,-28.6,20.112975257545));
#29 = VECTOR('',#30,1.);
#30 = DIRECTION('',(0.,0.,1.));
#31 = PCURVE('',#32,#37);
#32 = PLANE('',#33);
#33 = AXIS2_PLACEMENT_3D('',#34,#35,#36);
#34 = CARTESIAN_POINT('',(29.,-28.6,20.112975257545));
#35 = DIRECTION('',(-1.,0.,0.));
#36 = DIRECTION('',(0.,1.,0.));
#37 = DEFINITIONAL_REPRESENTATION('',(#38),#42);
#38 = LINE('',#39,#40);
#39 = CARTESIAN_POINT('',(0.,0.));
#40 = VECTOR('',#41,1.);
#41 = DIRECTION('',(0.,-1.));
#42 = ( GEOMETRIC_REPRESENTATION_CONTEXT(2) 
PARAMETRIC_REPRESENTATION_CONTEXT() REPRESENTATION_CONTEXT('2D SPACE',''
  ) );
#43 = PCURVE('',#44,#49);
#44 = CYLINDRICAL_SURFACE('',#45,6.4);
#45 = AXIS2_PLACEMENT_3D('',#46,#47,#48);
#46 = CARTESIAN_POINT('',(35.4,-28.6,20.112975257545));
#47 = DIRECTION('',(-0.,-0.,-1.));
#48 = DIRECTION('',(1.,0.,0.));
#49 = DEFINITIONAL_REPRESENTATION('',(#50),#54);
#50 = LINE('',#51,#52);
#51 = CARTESIAN_POINT('',(-3.14159265359,0.));
#52 = VECTOR('',#53,1.);
#53 = DIRECTION('',(-0.,-1.));
#54 = ( GEOMETRIC_REPRESENTATION_CONTEXT(2) 
PARAMETRIC_REPRESENTATION_CONTEXT() REPRESENTATION_CONTEXT('2D SPACE',''
  ) );
#55 = ORIENTED_EDGE('',*,*,#56,.T.);
#56 = EDGE_CURVE('',#24,#57,#59,.T.);
#57 = VERTEX_POINT('',#58);
#58 = CARTESIAN_POINT('',(29.,-21.4,20.712975257545));
#59 = SURFACE_CURVE('',#60,(#64,#71),.PCURVE_S1.);
#60 = LINE('',#61,#62);
#61 = CARTESIAN_POINT('',(29.,-25.,20.712975257545));
#62 = VECTOR('',#63,1.);
#63 = DIRECTION('',(0.,1.,0.));
#64 = PCURVE('',#32,#65);
#65 = DEFINITIONAL_REPRESENTATION('',(#66),#70);
#66 = LINE('',#67,#68);
#67 = CARTESIAN_POINT('',(3.6,-0.6));
#68 = VECTOR('',#69,1.);
#69 = DIRECTION('',(1.,0.));
#70 = ( GEOMETRIC_REPRESENTATION_CONTEXT(2) 
PARAMETRIC_REPRESENTATION_CONTEXT() REPRESENTATION_CONTEXT('2D SPACE',''
  ) );
#71 = PCURVE('',#72,#77);
#72 = PLANE('',#73);
#73 = AXIS2_PLACEMENT_3D('',#74,#75,#76);
#74 = CARTESIAN_POINT('',(36.,-25.,20.712975257545));
#75 = DIRECTION('',(0.,0.,1.));
#76 = DIRECTION('',(1.,0.,0.));
#77 = DEFINITIONAL_REPRESENTATION('',(#78),#82);
#78 = LINE('',#79,#80);
#79 = CARTESIAN_POINT('',(-7.,0.));
#80 = VECTOR('',#81,1.);
#81 = DIRECTION('',(0.,1.));
#82 = ( GEOMETRIC_REPRESENTATION_CONTEXT(2) 
PARAMETRIC_REPRESENTATION_CONTEXT() REPRESENTATION_CONTEXT('2D SPACE',''
  ) );
#83 = ORIENTED_EDGE('',*,*,#84,.F.);
#84 = EDGE_CURVE('',#85,#57,#87,.T.);
#85 = VERTEX_POINT('',#86);
#86 = CARTESIAN_POINT('',(29.,-21.4,20.112975257545));
#87 = SURFACE_CURVE('',#88,(#92,#99),.PCURVE_S1.);
#88 = LINE('',#89,#90);
#89 = CARTESIAN_POINT('',(29.,-21.4,20.112975257545));
#90 = VECTOR('',#91,1.);
#91 = DIRECTION('',(0.,0.,1.));
#92 = PCURVE('',#32,#93);
#93 = DEFINITIONAL_REPRESENTATION('',(#94),#98);
#94 = LINE('',#95,#96);
#95 = CARTESIAN_POINT('',(7.2,0.));
#96 = VECTOR('',#97,1.);
#97 = DIRECTION('',(0.,-1.));
#98 = ( GEOMETRIC_REPRESENTATION_CONTEXT(2) 
PARAMETRIC_REPRESENTATION_CONTEXT() REPRESENTATION_CONTEXT('2D SPACE',''
  ) );
#99 = PCURVE('',#100,#105);
#100 = CYLINDRICAL_SURFACE('',#101,6.4);
#101 = AXIS2_PLACEMENT_3D('',#102,#103,#104);
#102 = CARTESIAN_POINT('',(35.4,-21.4,20.112975257545));
#103 = DIRECTION('',(-0.,-0.,-1.));
#104 = DIRECTION('',(1.,0.,0.));
#105 = DEFINITIONAL_REPRESENTATION('',(#106),#110);
#106 = LINE('',#107,#108);
#107 = CARTESIAN_POINT('',(-3.14159265359,0.));
#108 = VECTOR('',#109,1.);
#109 = DIRECTION('',(-0.,-1.));
#110 = ( GEOMETRIC_REPRESENTATION_CONTEXT(2) 
PARAMETRIC_REPRESENTATION_CONTEXT() REPRESENTATION_CONTEXT('2D SPACE',''
  ) );
#111 = ORIENTED_EDGE('',*,*,#112,.F.);
#112 = EDGE_CURVE('',#22,#85,#113,.T.);
#113 = SURFACE_CURVE('',#114,(#118,#125),.PCURVE_S1.);
#114 = LINE('',#115,#116);
#115 = CARTESIAN_POINT('',(29.,-25.,20.112975257545));
#116 = VECTOR('',#117,1.);
#117 = DIRECTION('',(0.,1.,0.));
#118 = PCURVE('',#32,#119);
#119 = DEFINITIONAL_REPRESENTATION('',(#120),#124);
#120 = LINE('',#121,#122);
#121 = CARTESIAN_POINT('',(3.6,0.));
#122 = VECTOR('',#123,1.);
#123 = DIRECTION('',(1.,0.));
#124 = ( GEOMETRIC_REPRESENTATION_CONTEXT(2) 
PARAMETRIC_REPRESENTATION_CONTEXT() REPRESENTATION_CONTEXT('2D SPACE',''
  ) );
#125 = PCURVE('',#126,#131);
#126 = PLANE('',#127);
#127 = AXIS2_PLACEMENT_3D('',#128,#129,#130);
#128 = CARTESIAN_POINT('',(29.,-25.,20.112975257545));
#129 = DIRECTION('',(0.707106781187,8.659560562355E-17,0.707106781187));
#130 = DIRECTION('',(0.707106781187,-8.659560562355E-17,-0.707106781187)
  );
#131 = DEFINITIONAL_REPRESENTATION('',(#132),#136);
#132 = LINE('',#133,#134);
#133 = CARTESIAN_POINT('',(0.,0.));
#134 = VECTOR('',#135,1.);
#135 = DIRECTION('',(-8.659560562355E-17,1.));
#136 = ( GEOMETRIC_REPRESENTATION_CONTEXT(2) 
PARAMETRIC_REPRESENTATION_CONTEXT() REPRESENTATION_CONTEXT('2D SPACE',''
  ) );
#137 = ADVANCED_FACE('',(#138,#329),#72,.T.);
#138 = FACE_BOUND('',#139,.T.);
#139 = EDGE_LOOP('',(#140,#141,#165,#193,#222,#250,#279,#307));
#140 = ORIENTED_EDGE('',*,*,#56,.F.);
#141 = ORIENTED_EDGE('',*,*,#142,.T.);
#142 = EDGE_CURVE('',#24,#143,#145,.T.);
#143 = VERTEX_POINT('',#144);
#144 = CARTESIAN_POINT('',(35.4,-35.,20.712975257545));
#145 = SURFACE_CURVE('',#146,(#151,#158),.PCURVE_S1.);
#146 = CIRCLE('',#147,6.4);
#147 = AXIS2_PLACEMENT_3D('',#148,#149,#150);
#148 = CARTESIAN_POINT('',(35.4,-28.6,20.712975257545));
#149 = DIRECTION('',(0.,0.,1.));
#150 = DIRECTION('',(1.,0.,0.));
#151 = PCURVE('',#72,#152);
#152 = DEFINITIONAL_REPRESENTATION('',(#153),#157);
#153 = CIRCLE('',#154,6.4);
#154 = AXIS2_PLACEMENT_2D('',#155,#156);
#155 = CARTESIAN_POINT('',(-0.6,-3.6));
#156 = DIRECTION('',(1.,0.));
#157 = ( GEOMETRIC_REPRESENTATION_CONTEXT(2) 
PARAMETRIC_REPRESENTATION_CONTEXT() REPRESENTATION_CONTEXT('2D SPACE',''
  ) );
#158 = PCURVE('',#44,#159);
#159 = DEFINITIONAL_REPRESENTATION('',(#160),#164);
#160 = LINE('',#161,#162);
#161 = CARTESIAN_POINT('',(-0.,-0.6));
#162 = VECTOR('',#163,1.);
#163 = DIRECTION('',(-1.,0.));
#164 = ( GEOMETRIC_REPRESENTATION_CONTEXT(2) 
PARAMETRIC_REPRESENTATION_CONTEXT() REPRESENTATION_CONTEXT('2D SPACE',''
  ) );
#165 = ORIENTED_EDGE('',*,*,#166,.T.);
#166 = EDGE_CURVE('',#143,#167,#169,.T.);
#167 = VERTEX_POINT('',#168);
#168 = CARTESIAN_POINT('',(36.6,-35.,20.712975257545));
#169 = SURFACE_CURVE('',#170,(#174,#181),.PCURVE_S1.);
#170 = LINE('',#171,#172);
#171 = CARTESIAN_POINT('',(36.,-35.,20.712975257545));
#172 = VECTOR('',#173,1.);
#173 = DIRECTION('',(1.,0.,0.));
#174 = PCURVE('',#72,#175);
#175 = DEFINITIONAL_REPRESENTATION('',(#176),#180);
#176 = LINE('',#177,#178);
#177 = CARTESIAN_POINT('',(0.,-10.));
#178 = VECTOR('',#179,1.);
#179 = DIRECTION('',(1.,0.));
#180 = ( GEOMETRIC_REPRESENTATION_CONTEXT(2) 
PARAMETRIC_REPRESENTATION_CONTEXT() REPRESENTATION_CONTEXT('2D SPACE',''
  ) );
#181 = PCURVE('',#182,#187);
#182 = PLANE('',#183);
#183 = AXIS2_PLACEMENT_3D('',#184,#185,#186);
#184 = CARTESIAN_POINT('',(35.4,-35.,20.112975257545));
#185 = DIRECTION('',(0.,1.,0.));
#186 = DIRECTION('',(1.,0.,0.));
#187 = DEFINITIONAL_REPRESENTATION('',(#188),#192);
#188 = LINE('',#189,#190);
#189 = CARTESIAN_POINT('',(0.6,-0.6));
#190 = VECTOR('',#191,1.);
#191 = DIRECTION('',(1.,0.));
#192 = ( GEOMETRIC_REPRESENTATION_CONTEXT(2) 
PARAMETRIC_REPRESENTATION_CONTEXT() REPRESENTATION_CONTEXT('2D SPACE',''
  ) );
#193 = ORIENTED_EDGE('',*,*,#194,.T.);
#194 = EDGE_CURVE('',#167,#195,#197,.T.);
#195 = VERTEX_POINT('',#196);
#196 = CARTESIAN_POINT('',(43.,-28.6,20.712975257545));
#197 = SURFACE_CURVE('',#198,(#203,#210),.PCURVE_S1.);
#198 = CIRCLE('',#199,6.4);
#199 = AXIS2_PLACEMENT_3D('',#200,#201,#202);
#200 = CARTESIAN_POINT('',(36.6,-28.6,20.712975257545));
#201 = DIRECTION('',(0.,0.,1.));
#202 = DIRECTION('',(1.,0.,0.));
#203 = PCURVE('',#72,#204);
#204 = DEFINITIONAL_REPRESENTATION('',(#205),#209);
#205 = CIRCLE('',#206,6.4);
#206 = AXIS2_PLACEMENT_2D('',#207,#208);
#207 = CARTESIAN_POINT('',(0.6,-3.6));
#208 = DIRECTION('',(1.,0.));
#209 = ( GEOMETRIC_REPRESENTATION_CONTEXT(2) 
PARAMETRIC_REPRESENTATION_CONTEXT() REPRESENTATION_CONTEXT('2D SPACE',''
  ) );
#210 = PCURVE('',#211,#216);
#211 = CYLINDRICAL_SURFACE('',#212,6.4);
#212 = AXIS2_PLACEMENT_3D('',#213,#214,#215);
#213 = CARTESIAN_POINT('',(36.6,-28.6,20.112975257545));
#214 = DIRECTION('',(-0.,-0.,-1.));
#215 = DIRECTION('',(1.,0.,0.));
#216 = DEFINITIONAL_REPRESENTATION('',(#217),#221);
#217 = LINE('',#218,#219);
#218 = CARTESIAN_POINT('',(-0.,-0.6));
#219 = VECTOR('',#220,1.);
#220 = DIRECTION('',(-1.,0.));
#221 = ( GEOMETRIC_REPRESENTATION_CONTEXT(2) 
PARAMETRIC_REPRESENTATION_CONTEXT() REPRESENTATION_CONTEXT('2D SPACE',''
  ) );
#222 = ORIENTED_EDGE('',*,*,#223,.T.);
#223 = EDGE_CURVE('',#195,#224,#226,.T.);
#224 = VERTEX_POINT('',#225);
#225 = CARTESIAN_POINT('',(43.,-21.4,20.712975257545));
#226 = SURFACE_CURVE('',#227,(#231,#238),.PCURVE_S1.);
#227 = LINE('',#228,#229);
#228 = CARTESIAN_POINT('',(43.,-25.,20.712975257545));
#229 = VECTOR('',#230,1.);
#230 = DIRECTION('',(0.,1.,0.));
#231 = PCURVE('',#72,#232);
#232 = DEFINITIONAL_REPRESENTATION('',(#233),#237);
#233 = LINE('',#234,#235);
#234 = CARTESIAN_POINT('',(7.,0.));
#235 = VECTOR('',#236,1.);
#236 = DIRECTION('',(0.,1.));
#237 = ( GEOMETRIC_REPRESENTATION_CONTEXT(2) 
PARAMETRIC_REPRESENTATION_CONTEXT() REPRESENTATION_CONTEXT('2D SPACE',''
  ) );
#238 = PCURVE('',#239,#244);
#239 = PLANE('',#240);
#240 = AXIS2_PLACEMENT_3D('',#241,#242,#243);
#241 = CARTESIAN_POINT('',(43.,-28.6,20.112975257545));
#242 = DIRECTION('',(-1.,0.,0.));
#243 = DIRECTION('',(0.,1.,0.));
#244 = DEFINITIONAL_REPRESENTATION('',(#245),#249);
#245 = LINE('',#246,#247);
#246 = CARTESIAN_POINT('',(3.6,-0.6));
#247 = VECTOR('',#248,1.);
#248 = DIRECTION('',(1.,0.));
#249 = ( GEOMETRIC_REPRESENTATION_CONTEXT(2) 
PARAMETRIC_REPRESENTATION_CONTEXT() REPRESENTATION_CONTEXT('2D SPACE',''
  ) );
#250 = ORIENTED_EDGE('',*,*,#251,.T.);
#251 = EDGE_CURVE('',#224,#252,#254,.T.);
#252 = VERTEX_POINT('',#253);
#253 = CARTESIAN_POINT('',(36.6,-15.,20.712975257545));
#254 = SURFACE_CURVE('',#255,(#260,#267),.PCURVE_S1.);
#255 = CIRCLE('',#256,6.4);
#256 = AXIS2_PLACEMENT_3D('',#257,#258,#259);
#257 = CARTESIAN_POINT('',(36.6,-21.4,20.712975257545));
#258 = DIRECTION('',(0.,0.,1.));
#259 = DIRECTION('',(1.,0.,0.));
#260 = PCURVE('',#72,#261);
#261 = DEFINITIONAL_REPRESENTATION('',(#262),#266);
#262 = CIRCLE('',#263,6.4);
#263 = AXIS2_PLACEMENT_2D('',#264,#265);
#264 = CARTESIAN_POINT('',(0.6,3.6));
#265 = DIRECTION('',(1.,0.));
#266 = ( GEOMETRIC_REPRESENTATION_CONTEXT(2) 
PARAMETRIC_REPRESENTATION_CONTEXT() REPRESENTATION_CONTEXT('2D SPACE',''
  ) );
#267 = PCURVE('',#268,#273);
#268 = CYLINDRICAL_SURFACE('',#269,6.4);
#269 = AXIS2_PLACEMENT_3D('',#270,#271,#272);
#270 = CARTESIAN_POINT('',(36.6,-21.4,20.112975257545));
#271 = DIRECTION('',(-0.,-0.,-1.));
#272 = DIRECTION('',(1.,0.,0.));
#273 = DEFINITIONAL_REPRESENTATION('',(#274),#278);
#274 = LINE('',#275,#276);
#275 = CARTESIAN_POINT('',(-0.,-0.6));
#276 = VECTOR('',#277,1.);
#277 = DIRECTION('',(-1.,0.));
#278 = ( GEOMETRIC_REPRESENTATION_CONTEXT(2) 
PARAMETRIC_REPRESENTATION_CONTEXT() REPRESENTATION_CONTEXT('2D SPACE',''
  ) );
#279 = ORIENTED_EDGE('',*,*,#280,.F.);
#280 = EDGE_CURVE('',#281,#252,#283,.T.);
#281 = VERTEX_POINT('',#282);
#282 = CARTESIAN_POINT('',(35.4,-15.,20.712975257545));
#283 = SURFACE_CURVE('',#284,(#288,#295),.PCURVE_S1.);
#284 = LINE('',#285,#286);
#285 = CARTESIAN_POINT('',(36.,-15.,20.712975257545));
#286 = VECTOR('',#287,1.);
#287 = DIRECTION('',(1.,0.,0.));
#288 = PCURVE('',#72,#289);
#289 = DEFINITIONAL_REPRESENTATION('',(#290),#294);
#290 = LINE('',#291,#292);
#291 = CARTESIAN_POINT('',(0.,10.));
#292 = VECTOR('',#293,1.);
#293 = DIRECTION('',(1.,0.));
#294 = ( GEOMETRIC_REPRESENTATION_CONTEXT(2) 
PARAMETRIC_REPRESENTATION_CONTEXT() REPRESENTATION_CONTEXT('2D SPACE',''
  ) );
#295 = PCURVE('',#296,#301);
#296 = PLANE('',#297);
#297 = AXIS2_PLACEMENT_3D('',#298,#299,#300);
#298 = CARTESIAN_POINT('',(35.4,-15.,20.112975257545));
#299 = DIRECTION('',(0.,1.,0.));
#300 = DIRECTION('',(1.,0.,0.));
#301 = DEFINITIONAL_REPRESENTATION('',(#302),#306);
#302 = LINE('',#303,#304);
#303 = CARTESIAN_POINT('',(0.6,-0.6));
#304 = VECTOR('',#305,1.);
#305 = DIRECTION('',(1.,0.));
#306 = ( GEOMETRIC_REPRESENTATION_CONTEXT(2) 
PARAMETRIC_REPRESENTATION_CONTEXT() REPRESENTATION_CONTEXT('2D SPACE',''
  ) );
#307 = ORIENTED_EDGE('',*,*,#308,.T.);
#308 = EDGE_CURVE('',#281,#57,#309,.T.);
#309 = SURFACE_CURVE('',#310,(#315,#322),.PCURVE_S1.);
#310 = CIRCLE('',#311,6.4);
#311 = AXIS2_PLACEMENT_3D('',#312,#313,#314);
#312 = CARTESIAN_POINT('',(35.4,-21.4,20.712975257545));
#313 = DIRECTION('',(0.,0.,1.));
#314 = DIRECTION('',(1.,0.,0.));
#315 = PCURVE('',#72,#316);
#316 = DEFINITIONAL_REPRESENTATION('',(#317),#321);
#317 = CIRCLE('',#318,6.4);
#318 = AXIS2_PLACEMENT_2D('',#319,#320);
#319 = CARTESIAN_POINT('',(-0.6,3.6));
#320 = DIRECTION('',(1.,0.));
#321 = ( GEOMETRIC_REPRESENTATION_CONTEXT(2) 
PARAMETRIC_REPRESENTATION_CONTEXT() REPRESENTATION_CONTEXT('2D SPACE',''
  ) );
#322 = PCURVE('',#100,#323);
#323 = DEFINITIONAL_REPRESENTATION('',(#324),#328);
#324 = LINE('',#325,#326);
#325 = CARTESIAN_POINT('',(-0.,-0.6));
#326 = VECTOR('',#327,1.);
#327 = DIRECTION('',(-1.,0.));
#328 = ( GEOMETRIC_REPRESENTATION_CONTEXT(2) 
PARAMETRIC_REPRESENTATION_CONTEXT() REPRESENTATION_CONTEXT('2D SPACE',''
  ) );
#329 = FACE_BOUND('',#330,.T.);
#330 = EDGE_LOOP('',(#331,#362,#390,#419,#447,#476,#504,#533));
#331 = ORIENTED_EDGE('',*,*,#332,.F.);
#332 = EDGE_CURVE('',#333,#335,#337,.T.);
#333 = VERTEX_POINT('',#334);
#334 = CARTESIAN_POINT('',(30.,-28.6,20.712975257545));
#335 = VERTEX_POINT('',#336);
#336 = CARTESIAN_POINT('',(35.4,-34.,20.712975257545));
#337 = SURFACE_CURVE('',#338,(#343,#350),.PCURVE_S1.);
#338 = CIRCLE('',#339,5.4);
#339 = AXIS2_PLACEMENT_3D('',#340,#341,#342);
#340 = CARTESIAN_POINT('',(35.4,-28.6,20.712975257545));
#341 = DIRECTION('',(0.,0.,1.));
#342 = DIRECTION('',(1.,0.,0.));
#343 = PCURVE('',#72,#344);
#344 = DEFINITIONAL_REPRESENTATION('',(#345),#349);
#345 = CIRCLE('',#346,5.4);
#346 = AXIS2_PLACEMENT_2D('',#347,#348);
#347 = CARTESIAN_POINT('',(-0.6,-3.6));
#348 = DIRECTION('',(1.,0.));
#349 = ( GEOMETRIC_REPRESENTATION_CONTEXT(2) 
PARAMETRIC_REPRESENTATION_CONTEXT() REPRESENTATION_CONTEXT('2D SPACE',''
  ) );
#350 = PCURVE('',#351,#356);
#351 = CYLINDRICAL_SURFACE('',#352,5.4);
#352 = AXIS2_PLACEMENT_3D('',#353,#354,#355);
#353 = CARTESIAN_POINT('',(35.4,-28.6,20.712975257545));
#354 = DIRECTION('',(-0.,-0.,-1.));
#355 = DIRECTION('',(1.,0.,0.));
#356 = DEFINITIONAL_REPRESENTATION('',(#357),#361);
#357 = LINE('',#358,#359);
#358 = CARTESIAN_POINT('',(-0.,0.));
#359 = VECTOR('',#360,1.);
#360 = DIRECTION('',(-1.,0.));
#361 = ( GEOMETRIC_REPRESENTATION_CONTEXT(2) 
PARAMETRIC_REPRESENTATION_CONTEXT() REPRESENTATION_CONTEXT('2D SPACE',''
  ) );
#362 = ORIENTED_EDGE('',*,*,#363,.T.);
#363 = EDGE_CURVE('',#333,#364,#366,.T.);
#364 = VERTEX_POINT('',#365);
#365 = CARTESIAN_POINT('',(30.,-21.4,20.712975257545));
#366 = SURFACE_CURVE('',#367,(#371,#378),.PCURVE_S1.);
#367 = LINE('',#368,#369);
#368 = CARTESIAN_POINT('',(30.,-25.,20.712975257545));
#369 = VECTOR('',#370,1.);
#370 = DIRECTION('',(0.,1.,0.));
#371 = PCURVE('',#72,#372);
#372 = DEFINITIONAL_REPRESENTATION('',(#373),#377);
#373 = LINE('',#374,#375);
#374 = CARTESIAN_POINT('',(-6.,0.));
#375 = VECTOR('',#376,1.);
#376 = DIRECTION('',(0.,1.));
#377 = ( GEOMETRIC_REPRESENTATION_CONTEXT(2) 
PARAMETRIC_REPRESENTATION_CONTEXT() REPRESENTATION_CONTEXT('2D SPACE',''
  ) );
#378 = PCURVE('',#379,#384);
#379 = PLANE('',#380);
#380 = AXIS2_PLACEMENT_3D('',#381,#382,#383);
#381 = CARTESIAN_POINT('',(30.,-28.6,20.712975257545));
#382 = DIRECTION('',(-1.,0.,0.));
#383 = DIRECTION('',(0.,1.,0.));
#384 = DEFINITIONAL_REPRESENTATION('',(#385),#389);
#385 = LINE('',#386,#387);
#386 = CARTESIAN_POINT('',(3.6,0.));
#387 = VECTOR('',#388,1.);
#388 = DIRECTION('',(1.,0.));
#389 = ( GEOMETRIC_REPRESENTATION_CONTEXT(2) 
PARAMETRIC_REPRESENTATION_CONTEXT() REPRESENTATION_CONTEXT('2D SPACE',''
  ) );
#390 = ORIENTED_EDGE('',*,*,#391,.F.);
#391 = EDGE_CURVE('',#392,#364,#394,.T.);
#392 = VERTEX_POINT('',#393);
#393 = CARTESIAN_POINT('',(35.4,-16.,20.712975257545));
#394 = SURFACE_CURVE('',#395,(#400,#407),.PCURVE_S1.);
#395 = CIRCLE('',#396,5.4);
#396 = AXIS2_PLACEMENT_3D('',#397,#398,#399);
#397 = CARTESIAN_POINT('',(35.4,-21.4,20.712975257545));
#398 = DIRECTION('',(0.,0.,1.));
#399 = DIRECTION('',(1.,0.,0.));
#400 = PCURVE('',#72,#401);
#401 = DEFINITIONAL_REPRESENTATION('',(#402),#406);
#402 = CIRCLE('',#403,5.4);
#403 = AXIS2_PLACEMENT_2D('',#404,#405);
#404 = CARTESIAN_POINT('',(-0.6,3.6));
#405 = DIRECTION('',(1.,0.));
#406 = ( GEOMETRIC_REPRESENTATION_CONTEXT(2) 
PARAMETRIC_REPRESENTATION_CONTEXT() REPRESENTATION_CONTEXT('2D SPACE',''
  ) );
#407 = PCURVE('',#408,#413);
#408 = CYLINDRICAL_SURFACE('',#409,5.4);
#409 = AXIS2_PLACEMENT_3D('',#410,#411,#412);
#410 = CARTESIAN_POINT('',(35.4,-21.4,20.712975257545));
#411 = DIRECTION('',(-0.,-0.,-1.));
#412 = DIRECTION('',(1.,0.,0.));
#413 = DEFINITIONAL_REPRESENTATION('',(#414),#418);
#414 = LINE('',#415,#416);
#415 = CARTESIAN_POINT('',(-0.,0.));
#416 = VECTOR('',#417,1.);
#417 = DIRECTION('',(-1.,0.));
#418 = ( GEOMETRIC_REPRESENTATION_CONTEXT(2) 
PARAMETRIC_REPRESENTATION_CONTEXT() REPRESENTATION_CONTEXT('2D SPACE',''
  ) );
#419 = ORIENTED_EDGE('',*,*,#420,.T.);
#420 = EDGE_CURVE('',#392,#421,#423,.T.);
#421 = VERTEX_POINT('',#422);
#422 = CARTESIAN_POINT('',(36.6,-16.,20.712975257545));
#423 = SURFACE_CURVE('',#424,(#428,#435),.PCURVE_S1.);
#424 = LINE('',#425,#426);
#425 = CARTESIAN_POINT('',(36.,-16.,20.712975257545));
#426 = VECTOR('',#427,1.);
#427 = DIRECTION('',(1.,0.,0.));
#428 = PCURVE('',#72,#429);
#429 = DEFINITIONAL_REPRESENTATION('',(#430),#434);
#430 = LINE('',#431,#432);
#431 = CARTESIAN_POINT('',(0.,9.));
#432 = VECTOR('',#433,1.);
#433 = DIRECTION('',(1.,0.));
#434 = ( GEOMETRIC_REPRESENTATION_CONTEXT(2) 
PARAMETRIC_REPRESENTATION_CONTEXT() REPRESENTATION_CONTEXT('2D SPACE',''
  ) );
#435 = PCURVE('',#436,#441);
#436 = PLANE('',#437);
#437 = AXIS2_PLACEMENT_3D('',#438,#439,#440);
#438 = CARTESIAN_POINT('',(35.4,-16.,20.712975257545));
#439 = DIRECTION('',(0.,1.,0.));
#440 = DIRECTION('',(1.,0.,0.));
#441 = DEFINITIONAL_REPRESENTATION('',(#442),#446);
#442 = LINE('',#443,#444);
#443 = CARTESIAN_POINT('',(0.6,0.));
#444 = VECTOR('',#445,1.);
#445 = DIRECTION('',(1.,0.));
#446 = ( GEOMETRIC_REPRESENTATION_CONTEXT(2) 
PARAMETRIC_REPRESENTATION_CONTEXT() REPRESENTATION_CONTEXT('2D SPACE',''
  ) );
#447 = ORIENTED_EDGE('',*,*,#448,.F.);
#448 = EDGE_CURVE('',#449,#421,#451,.T.);
#449 = VERTEX_POINT('',#450);
#450 = CARTESIAN_POINT('',(42.,-21.4,20.712975257545));
#451 = SURFACE_CURVE('',#452,(#457,#464),.PCURVE_S1.);
#452 = CIRCLE('',#453,5.4);
#453 = AXIS2_PLACEMENT_3D('',#454,#455,#456);
#454 = CARTESIAN_POINT('',(36.6,-21.4,20.712975257545));
#455 = DIRECTION('',(0.,0.,1.));
#456 = DIRECTION('',(1.,0.,0.));
#457 = PCURVE('',#72,#458);
#458 = DEFINITIONAL_REPRESENTATION('',(#459),#463);
#459 = CIRCLE('',#460,5.4);
#460 = AXIS2_PLACEMENT_2D('',#461,#462);
#461 = CARTESIAN_POINT('',(0.6,3.6));
#462 = DIRECTION('',(1.,0.));
#463 = ( GEOMETRIC_REPRESENTATION_CONTEXT(2) 
PARAMETRIC_REPRESENTATION_CONTEXT() REPRESENTATION_CONTEXT('2D SPACE',''
  ) );
#464 = PCURVE('',#465,#470);
#465 = CYLINDRICAL_SURFACE('',#466,5.4);
#466 = AXIS2_PLACEMENT_3D('',#467,#468,#469);
#467 = CARTESIAN_POINT('',(36.6,-21.4,20.712975257545));
#468 = DIRECTION('',(-0.,-0.,-1.));
#469 = DIRECTION('',(1.,0.,0.));
#470 = DEFINITIONAL_REPRESENTATION('',(#471),#475);
#471 = LINE('',#472,#473);
#472 = CARTESIAN_POINT('',(-0.,0.));
#473 = VECTOR('',#474,1.);
#474 = DIRECTION('',(-1.,0.));
#475 = ( GEOMETRIC_REPRESENTATION_CONTEXT(2) 
PARAMETRIC_REPRESENTATION_CONTEXT() REPRESENTATION_CONTEXT('2D SPACE',''
  ) );
#476 = ORIENTED_EDGE('',*,*,#477,.F.);
#477 = EDGE_CURVE('',#478,#449,#480,.T.);
#478 = VERTEX_POINT('',#479);
#479 = CARTESIAN_POINT('',(42.,-28.6,20.712975257545));
#480 = SURFACE_CURVE('',#481,(#485,#492),.PCURVE_S1.);
#481 = LINE('',#482,#483);
#482 = CARTESIAN_POINT('',(42.,-25.,20.712975257545));
#483 = VECTOR('',#484,1.);
#484 = DIRECTION('',(0.,1.,0.));
#485 = PCURVE('',#72,#486);
#486 = DEFINITIONAL_REPRESENTATION('',(#487),#491);
#487 = LINE('',#488,#489);
#488 = CARTESIAN_POINT('',(6.,0.));
#489 = VECTOR('',#490,1.);
#490 = DIRECTION('',(0.,1.));
#491 = ( GEOMETRIC_REPRESENTATION_CONTEXT(2) 
PARAMETRIC_REPRESENTATION_CONTEXT() REPRESENTATION_CONTEXT('2D SPACE',''
  ) );
#492 = PCURVE('',#493,#498);
#493 = PLANE('',#494);
#494 = AXIS2_PLACEMENT_3D('',#495,#496,#497);
#495 = CARTESIAN_POINT('',(42.,-28.6,20.712975257545));
#496 = DIRECTION('',(-1.,0.,0.));
#497 = DIRECTION('',(0.,1.,0.));
#498 = DEFINITIONAL_REPRESENTATION('',(#499),#503);
#499 = LINE('',#500,#501);
#500 = CARTESIAN_POINT('',(3.6,0.));
#501 = VECTOR('',#502,1.);
#502 = DIRECTION('',(1.,0.));
#503 = ( GEOMETRIC_REPRESENTATION_CONTEXT(2) 
PARAMETRIC_REPRESENTATION_CONTEXT() REPRESENTATION_CONTEXT('2D SPACE',''
  ) );
#504 = ORIENTED_EDGE('',*,*,#505,.F.);
#505 = EDGE_CURVE('',#506,#478,#508,.T.);
#506 = VERTEX_POINT('',#507);
#507 = CARTESIAN_POINT('',(36.6,-34.,20.712975257545));
#508 = SURFACE_CURVE('',#509,(#514,#521),.PCURVE_S1.);
#509 = CIRCLE('',#510,5.4);
#510 = AXIS2_PLACEMENT_3D('',#511,#512,#513);
#511 = CARTESIAN_POINT('',(36.6,-28.6,20.712975257545));
#512 = DIRECTION('',(0.,0.,1.));
#513 = DIRECTION('',(1.,0.,0.));
#514 = PCURVE('',#72,#515);
#515 = DEFINITIONAL_REPRESENTATION('',(#516),#520);
#516 = CIRCLE('',#517,5.4);
#517 = AXIS2_PLACEMENT_2D('',#518,#519);
#518 = CARTESIAN_POINT('',(0.6,-3.6));
#519 = DIRECTION('',(1.,0.));
#520 = ( GEOMETRIC_REPRESENTATION_CONTEXT(2) 
PARAMETRIC_REPRESENTATION_CONTEXT() REPRESENTATION_CONTEXT('2D SPACE',''
  ) );
#521 = PCURVE('',#522,#527);
#522 = CYLINDRICAL_SURFACE('',#523,5.4);
#523 = AXIS2_PLACEMENT_3D('',#524,#525,#526);
#524 = CARTESIAN_POINT('',(36.6,-28.6,20.712975257545));
#525 = DIRECTION('',(-0.,-0.,-1.));
#526 = DIRECTION('',(1.,0.,0.));
#527 = DEFINITIONAL_REPRESENTATION('',(#528),#532);
#528 = LINE('',#529,#530);
#529 = CARTESIAN_POINT('',(-0.,0.));
#530 = VECTOR('',#531,1.);
#531 = DIRECTION('',(-1.,0.));
#532 = ( GEOMETRIC_REPRESENTATION_CONTEXT(2) 
PARAMETRIC_REPRESENTATION_CONTEXT() REPRESENTATION_CONTEXT('2D SPACE',''
  ) );
#533 = ORIENTED_EDGE('',*,*,#534,.F.);
#534 = EDGE_CURVE('',#335,#506,#535,.T.);
#535 = SURFACE_CURVE('',#536,(#540,#547),.PCURVE_S1.);
#536 = LINE('',#537,#538);
#537 = CARTESIAN_POINT('',(36.,-34.,20.712975257545));
#538 = VECTOR('',#539,1.);
#539 = DIRECTION('',(1.,0.,0.));
#540 = PCURVE('',#72,#541);
#541 = DEFINITIONAL_REPRESENTATION('',(#542),#546);
#542 = LINE('',#543,#544);
#543 = CARTESIAN_POINT('',(0.,-9.));
#544 = VECTOR('',#545,1.);
#545 = DIRECTION('',(1.,0.));
#546 = ( GEOMETRIC_REPRESENTATION_CONTEXT(2) 
PARAMETRIC_REPRESENTATION_CONTEXT() REPRESENTATION_CONTEXT('2D SPACE',''
  ) );
#547 = PCURVE('',#548,#553);
#548 = PLANE('',#549);
#549 = AXIS2_PLACEMENT_3D('',#550,#551,#552);
#550 = CARTESIAN_POINT('',(35.4,-34.,20.712975257545));
#551 = DIRECTION('',(0.,1.,0.));
#552 = DIRECTION('',(1.,0.,0.));
#553 = DEFINITIONAL_REPRESENTATION('',(#554),#558);
#554 = LINE('',#555,#556);
#555 = CARTESIAN_POINT('',(0.6,0.));
#556 = VECTOR('',#557,1.);
#557 = DIRECTION('',(1.,0.));
#558 = ( GEOMETRIC_REPRESENTATION_CONTEXT(2) 
PARAMETRIC_REPRESENTATION_CONTEXT() REPRESENTATION_CONTEXT('2D SPACE',''
  ) );
#559 = ADVANCED_FACE('',(#560),#379,.T.);
#560 = FACE_BOUND('',#561,.T.);
#561 = EDGE_LOOP('',(#562,#585,#613,#634));
#562 = ORIENTED_EDGE('',*,*,#563,.T.);
#563 = EDGE_CURVE('',#333,#564,#566,.T.);
#564 = VERTEX_POINT('',#565);
#565 = CARTESIAN_POINT('',(30.,-28.6,25.412975257545));
#566 = SURFACE_CURVE('',#567,(#571,#578),.PCURVE_S1.);
#567 = LINE('',#568,#569);
#568 = CARTESIAN_POINT('',(30.,-28.6,20.712975257545));
#569 = VECTOR('',#570,1.);
#570 = DIRECTION('',(0.,0.,1.));
#571 = PCURVE('',#379,#572);
#572 = DEFINITIONAL_REPRESENTATION('',(#573),#577);
#573 = LINE('',#574,#575);
#574 = CARTESIAN_POINT('',(0.,0.));
#575 = VECTOR('',#576,1.);
#576 = DIRECTION('',(0.,-1.));
#577 = ( GEOMETRIC_REPRESENTATION_CONTEXT(2) 
PARAMETRIC_REPRESENTATION_CONTEXT() REPRESENTATION_CONTEXT('2D SPACE',''
  ) );
#578 = PCURVE('',#351,#579);
#579 = DEFINITIONAL_REPRESENTATION('',(#580),#584);
#580 = LINE('',#581,#582);
#581 = CARTESIAN_POINT('',(-3.14159265359,0.));
#582 = VECTOR('',#583,1.);
#583 = DIRECTION('',(-0.,-1.));
#584 = ( GEOMETRIC_REPRESENTATION_CONTEXT(2) 
PARAMETRIC_REPRESENTATION_CONTEXT() REPRESENTATION_CONTEXT('2D SPACE',''
  ) );
#585 = ORIENTED_EDGE('',*,*,#586,.T.);
#586 = EDGE_CURVE('',#564,#587,#589,.T.);
#587 = VERTEX_POINT('',#588);
#588 = CARTESIAN_POINT('',(30.,-21.4,25.412975257545));
#589 = SURFACE_CURVE('',#590,(#594,#601),.PCURVE_S1.);
#590 = LINE('',#591,#592);
#591 = CARTESIAN_POINT('',(30.,-28.6,25.412975257545));
#592 = VECTOR('',#593,1.);
#593 = DIRECTION('',(0.,1.,0.));
#594 = PCURVE('',#379,#595);
#595 = DEFINITIONAL_REPRESENTATION('',(#596),#600);
#596 = LINE('',#597,#598);
#597 = CARTESIAN_POINT('',(0.,-4.7));
#598 = VECTOR('',#599,1.);
#599 = DIRECTION('',(1.,0.));
#600 = ( GEOMETRIC_REPRESENTATION_CONTEXT(2) 
PARAMETRIC_REPRESENTATION_CONTEXT() REPRESENTATION_CONTEXT('2D SPACE',''
  ) );
#601 = PCURVE('',#602,#607);
#602 = CYLINDRICAL_SURFACE('',#603,1.2);
#603 = AXIS2_PLACEMENT_3D('',#604,#605,#606);
#604 = CARTESIAN_POINT('',(31.2,-28.6,25.412975257545));
#605 = DIRECTION('',(0.,1.,0.));
#606 = DIRECTION('',(-1.,0.,0.));
#607 = DEFINITIONAL_REPRESENTATION('',(#608),#612);
#608 = LINE('',#609,#610);
#609 = CARTESIAN_POINT('',(0.,0.));
#610 = VECTOR('',#611,1.);
#611 = DIRECTION('',(0.,1.));
#612 = ( GEOMETRIC_REPRESENTATION_CONTEXT(2) 
PARAMETRIC_REPRESENTATION_CONTEXT() REPRESENTATION_CONTEXT('2D SPACE',''
  ) );
#613 = ORIENTED_EDGE('',*,*,#614,.F.);
#614 = EDGE_CURVE('',#364,#587,#615,.T.);
#615 = SURFACE_CURVE('',#616,(#620,#627),.PCURVE_S1.);
#616 = LINE('',#617,#618);
#617 = CARTESIAN_POINT('',(30.,-21.4,20.712975257545));
#618 = VECTOR('',#619,1.);
#619 = DIRECTION('',(0.,0.,1.));
#620 = PCURVE('',#379,#621);
#621 = DEFINITIONAL_REPRESENTATION('',(#622),#626);
#622 = LINE('',#623,#624);
#623 = CARTESIAN_POINT('',(7.2,0.));
#624 = VECTOR('',#625,1.);
#625 = DIRECTION('',(0.,-1.));
#626 = ( GEOMETRIC_REPRESENTATION_CONTEXT(2) 
PARAMETRIC_REPRESENTATION_CONTEXT() REPRESENTATION_CONTEXT('2D SPACE',''
  ) );
#627 = PCURVE('',#408,#628);
#628 = DEFINITIONAL_REPRESENTATION('',(#629),#633);
#629 = LINE('',#630,#631);
#630 = CARTESIAN_POINT('',(-3.14159265359,0.));
#631 = VECTOR('',#632,1.);
#632 = DIRECTION('',(-0.,-1.));
#633 = ( GEOMETRIC_REPRESENTATION_CONTEXT(2) 
PARAMETRIC_REPRESENTATION_CONTEXT() REPRESENTATION_CONTEXT('2D SPACE',''
  ) );
#634 = ORIENTED_EDGE('',*,*,#363,.F.);
#635 = ADVANCED_FACE('',(#636),#602,.T.);
#636 = FACE_BOUND('',#637,.T.);
#637 = EDGE_LOOP('',(#638,#639,#668,#819));
#638 = ORIENTED_EDGE('',*,*,#586,.F.);
#639 = ORIENTED_EDGE('',*,*,#640,.T.);
#640 = EDGE_CURVE('',#564,#641,#643,.T.);
#641 = VERTEX_POINT('',#642);
#642 = CARTESIAN_POINT('',(30.980710846369,-28.6,26.592768572961));
#643 = SURFACE_CURVE('',#644,(#649,#656),.PCURVE_S1.);
#644 = CIRCLE('',#645,1.2);
#645 = AXIS2_PLACEMENT_3D('',#646,#647,#648);
#646 = CARTESIAN_POINT('',(31.2,-28.6,25.412975257545));
#647 = DIRECTION('',(0.,1.,0.));
#648 = DIRECTION('',(-1.,0.,0.));
#649 = PCURVE('',#602,#650);
#650 = DEFINITIONAL_REPRESENTATION('',(#651),#655);
#651 = LINE('',#652,#653);
#652 = CARTESIAN_POINT('',(0.,0.));
#653 = VECTOR('',#654,1.);
#654 = DIRECTION('',(1.,0.));
#655 = ( GEOMETRIC_REPRESENTATION_CONTEXT(2) 
PARAMETRIC_REPRESENTATION_CONTEXT() REPRESENTATION_CONTEXT('2D SPACE',''
  ) );
#656 = PCURVE('',#657,#662);
#657 = TOROIDAL_SURFACE('',#658,4.2,1.2);
#658 = AXIS2_PLACEMENT_3D('',#659,#660,#661);
#659 = CARTESIAN_POINT('',(35.4,-28.6,25.412975257545));
#660 = DIRECTION('',(0.,0.,1.));
#661 = DIRECTION('',(-1.850371707709E-16,-1.,0.));
#662 = DEFINITIONAL_REPRESENTATION('',(#663),#667);
#663 = LINE('',#664,#665);
#664 = CARTESIAN_POINT('',(-1.570796326795,0.));
#665 = VECTOR('',#666,1.);
#666 = DIRECTION('',(-0.,1.));
#667 = ( GEOMETRIC_REPRESENTATION_CONTEXT(2) 
PARAMETRIC_REPRESENTATION_CONTEXT() REPRESENTATION_CONTEXT('2D SPACE',''
  ) );
#668 = ORIENTED_EDGE('',*,*,#669,.F.);
#669 = EDGE_CURVE('',#670,#641,#672,.T.);
#670 = VERTEX_POINT('',#671);
#671 = CARTESIAN_POINT('',(30.980710846369,-21.4,26.592768572961));
#672 = SURFACE_CURVE('',#673,(#718,#766),.PCURVE_S1.);
#673 = B_SPLINE_CURVE_WITH_KNOTS('',8,(#674,#675,#676,#677,#678,#679,
    #680,#681,#682,#683,#684,#685,#686,#687,#688,#689,#690,#691,#692,
    #693,#694,#695,#696,#697,#698,#699,#700,#701,#702,#703,#704,#705,
    #706,#707,#708,#709,#710,#711,#712,#713,#714,#715,#716,#717),
  .UNSPECIFIED.,.F.,.F.,(9,7,7,7,7,7,9),(0.,0.118526109736,
    0.278335668665,0.495335461365,0.820638513036,0.925612060092,1.),
  .UNSPECIFIED.);
#674 = CARTESIAN_POINT('',(30.980711021057,-21.3999994,26.592768605431)
  );
#675 = CARTESIAN_POINT('',(30.950503625537,-21.50375286029,
    26.587153936614));
#676 = CARTESIAN_POINT('',(30.924043475076,-21.60838859183,
    26.58132157204));
#677 = CARTESIAN_POINT('',(30.900213699403,-21.71357718751,
    26.57544133784));
#678 = CARTESIAN_POINT('',(30.878597689055,-21.8191585572,
    26.569580364533));
#679 = CARTESIAN_POINT('',(30.858797923655,-21.92500577333,
    26.563799041218));
#680 = CARTESIAN_POINT('',(30.840598878308,-22.03106046784,
    26.558129032664));
#681 = CARTESIAN_POINT('',(30.823795244959,-22.13729453134,
    26.552598369566));
#682 = CARTESIAN_POINT('',(30.787265131444,-22.38722024847,
    26.539981168948));
#683 = CARTESIAN_POINT('',(30.76857078213,-22.53098285218,
    26.533028258226));
#684 = CARTESIAN_POINT('',(30.751795801498,-22.67494070679,
    26.526417705213));
#685 = CARTESIAN_POINT('',(30.736712053924,-22.81904451105,
    26.520181944884));
#686 = CARTESIAN_POINT('',(30.723149387442,-22.96325779203,
    26.514344803737));
#687 = CARTESIAN_POINT('',(30.710972773303,-23.10755471803,
    26.508924738529));
#688 = CARTESIAN_POINT('',(30.700079537231,-23.25191989185,
    26.503935471236));
#689 = CARTESIAN_POINT('',(30.677221825219,-23.59245887504,
    26.493213372096));
#690 = CARTESIAN_POINT('',(30.666270033881,-23.78866982326,
    26.487853877293));
#691 = CARTESIAN_POINT('',(30.657322415322,-23.98494878116,
    26.483337196447));
#692 = CARTESIAN_POINT('',(30.650239780064,-24.18127247788,
    26.479681625788));
#693 = CARTESIAN_POINT('',(30.64492880043,-24.37762387012,
    26.476899207095));
#694 = CARTESIAN_POINT('',(30.64132841515,-24.57399114214,
    26.474997646252));
#695 = CARTESIAN_POINT('',(30.639405093623,-24.77036700474,
    26.47398111508));
#696 = CARTESIAN_POINT('',(30.638784984022,-25.26114227218,
    26.473653287334));
#697 = CARTESIAN_POINT('',(30.642180819875,-25.55542328383,
    26.475445976248));
#698 = CARTESIAN_POINT('',(30.649310355134,-25.84964932206,
    26.479228860424));
#699 = CARTESIAN_POINT('',(30.660354359442,-26.14383818539,
    26.484979632491));
#700 = CARTESIAN_POINT('',(30.675525583036,-26.43796959695,
    26.492673138721));
#701 = CARTESIAN_POINT('',(30.695382411334,-26.73195140537,
    26.502238625824));
#702 = CARTESIAN_POINT('',(30.720570124894,-27.0256240298,
    26.513586904679));
#703 = CARTESIAN_POINT('',(30.763069835988,-27.41326932498,
    26.53065897226));
#704 = CARTESIAN_POINT('',(30.774161451292,-27.50777731349,
    26.534986177488));
#705 = CARTESIAN_POINT('',(30.786029595617,-27.60221360215,
    26.539468269427));
#706 = CARTESIAN_POINT('',(30.798740910676,-27.69656594719,
    26.544095972727));
#707 = CARTESIAN_POINT('',(30.81237387944,-27.79081692459,
    26.548858115789));
#708 = CARTESIAN_POINT('',(30.827024947214,-27.88494314497,
    26.553740726447));
#709 = CARTESIAN_POINT('',(30.84282209823,-27.97891341761,
    26.558725131439));
#710 = CARTESIAN_POINT('',(30.872080406005,-28.13913631045,
    26.567370702461));
#711 = CARTESIAN_POINT('',(30.884879474526,-28.20547833079,
    26.570993777876));
#712 = CARTESIAN_POINT('',(30.898409675282,-28.27170376587,
    26.574645103571));
#713 = CARTESIAN_POINT('',(30.912748236138,-28.33779501735,
    26.578313467044));
#714 = CARTESIAN_POINT('',(30.927995624103,-28.40372214055,
    26.581983705375));
#715 = CARTESIAN_POINT('',(30.944276269411,-28.46944276797,
    26.585636476017));
#716 = CARTESIAN_POINT('',(30.96175678189,-28.53489840012,
    26.589245568315));
#717 = CARTESIAN_POINT('',(30.980711021057,-28.6000006,26.592768605431)
  );
#718 = PCURVE('',#602,#719);
#719 = DEFINITIONAL_REPRESENTATION('',(#720),#765);
#720 = B_SPLINE_CURVE_WITH_KNOTS('',8,(#721,#722,#723,#724,#725,#726,
    #727,#728,#729,#730,#731,#732,#733,#734,#735,#736,#737,#738,#739,
    #740,#741,#742,#743,#744,#745,#746,#747,#748,#749,#750,#751,#752,
    #753,#754,#755,#756,#757,#758,#759,#760,#761,#762,#763,#764),
  .UNSPECIFIED.,.F.,.F.,(9,7,7,7,7,7,9),(0.,0.118526109736,
    0.278335668665,0.495335461365,0.820638513036,0.925612060092,1.),
  .UNSPECIFIED.);
#721 = CARTESIAN_POINT('',(1.387022835316,7.2000006));
#722 = CARTESIAN_POINT('',(1.361418863591,7.096247139703));
#723 = CARTESIAN_POINT('',(1.338851830886,6.991611408167));
#724 = CARTESIAN_POINT('',(1.318407242841,6.886422812485));
#725 = CARTESIAN_POINT('',(1.299752621573,6.780841442795));
#726 = CARTESIAN_POINT('',(1.282569071989,6.674994226667));
#727 = CARTESIAN_POINT('',(1.266687927874,6.568939532158));
#728 = CARTESIAN_POINT('',(1.25194744934,6.462705468656));
#729 = CARTESIAN_POINT('',(1.21974105176,6.212779751528));
#730 = CARTESIAN_POINT('',(1.203124406445,6.069017147815));
#731 = CARTESIAN_POINT('',(1.188103189046,5.925059293202));
#732 = CARTESIAN_POINT('',(1.174504783346,5.780955488942));
#733 = CARTESIAN_POINT('',(1.162202394913,5.636742207964));
#734 = CARTESIAN_POINT('',(1.151096405295,5.492445281963));
#735 = CARTESIAN_POINT('',(1.141112285616,5.34808010815));
#736 = CARTESIAN_POINT('',(1.120072666766,5.007541124957));
#737 = CARTESIAN_POINT('',(1.109913301489,4.811330176737));
#738 = CARTESIAN_POINT('',(1.101561670054,4.615051218836));
#739 = CARTESIAN_POINT('',(1.094919897078,4.418727522114));
#740 = CARTESIAN_POINT('',(1.089923504268,4.222376129876));
#741 = CARTESIAN_POINT('',(1.086530494476,4.026008857857));
#742 = CARTESIAN_POINT('',(1.084717601567,3.829632995259));
#743 = CARTESIAN_POINT('',(1.084133074842,3.33885772782));
#744 = CARTESIAN_POINT('',(1.087333553812,3.044576716163));
#745 = CARTESIAN_POINT('',(1.094057795425,2.750350677932));
#746 = CARTESIAN_POINT('',(1.104436360725,2.456161814604));
#747 = CARTESIAN_POINT('',(1.118606529412,2.16203040305));
#748 = CARTESIAN_POINT('',(1.136968961773,1.868048594621));
#749 = CARTESIAN_POINT('',(1.159971118335,1.574375970196));
#750 = CARTESIAN_POINT('',(1.198138157403,1.186730675016));
#751 = CARTESIAN_POINT('',(1.208059206108,1.09222268651));
#752 = CARTESIAN_POINT('',(1.218629985867,0.997786397846));
#753 = CARTESIAN_POINT('',(1.229901213256,0.903434052805));
#754 = CARTESIAN_POINT('',(1.241932962395,0.809183075403));
#755 = CARTESIAN_POINT('',(1.254799688921,0.71505685503));
#756 = CARTESIAN_POINT('',(1.268601433901,0.621086582388));
#757 = CARTESIAN_POINT('',(1.294025537624,0.460863689542));
#758 = CARTESIAN_POINT('',(1.305109788308,0.394521669202));
#759 = CARTESIAN_POINT('',(1.316786845949,0.32829623413));
#760 = CARTESIAN_POINT('',(1.329118193234,0.262204982641));
#761 = CARTESIAN_POINT('',(1.342184401842,0.196277859444));
#762 = CARTESIAN_POINT('',(1.356085692602,0.130557232025));
#763 = CARTESIAN_POINT('',(1.370957107194,6.510159987444E-02));
#764 = CARTESIAN_POINT('',(1.387022835316,-6.E-07));
#765 = ( GEOMETRIC_REPRESENTATION_CONTEXT(2) 
PARAMETRIC_REPRESENTATION_CONTEXT() REPRESENTATION_CONTEXT('2D SPACE',''
  ) );
#766 = PCURVE('',#767,#772);
#767 = SPHERICAL_SURFACE('',#768,40.);
#768 = AXIS2_PLACEMENT_3D('',#769,#770,#771);
#769 = CARTESIAN_POINT('',(36.,-25.,66.112975257545));
#770 = DIRECTION('',(0.,0.,1.));
#771 = DIRECTION('',(1.,0.,0.));
#772 = DEFINITIONAL_REPRESENTATION('',(#773),#818);
#773 = B_SPLINE_CURVE_WITH_KNOTS('',8,(#774,#775,#776,#777,#778,#779,
    #780,#781,#782,#783,#784,#785,#786,#787,#788,#789,#790,#791,#792,
    #793,#794,#795,#796,#797,#798,#799,#800,#801,#802,#803,#804,#805,
    #806,#807,#808,#809,#810,#811,#812,#813,#814,#815,#816,#817),
  .UNSPECIFIED.,.F.,.F.,(9,7,7,7,7,7,9),(0.,0.118526109736,
    0.278335668665,0.495335461365,0.820638513036,0.925612060092,1.),
  .UNSPECIFIED.);
#774 = CARTESIAN_POINT('',(2.519394186262,-1.415755106249));
#775 = CARTESIAN_POINT('',(2.535893828492,-1.416664094528));
#776 = CARTESIAN_POINT('',(2.552375311085,-1.417614368963));
#777 = CARTESIAN_POINT('',(2.568924487747,-1.418579393044));
#778 = CARTESIAN_POINT('',(2.585568912208,-1.419548349312));
#779 = CARTESIAN_POINT('',(2.602336313627,-1.420511253619));
#780 = CARTESIAN_POINT('',(2.619241886374,-1.421462499533));
#781 = CARTESIAN_POINT('',(2.636302950392,-1.422396974594));
#782 = CARTESIAN_POINT('',(2.676771349616,-1.424543469714));
#783 = CARTESIAN_POINT('',(2.70030526167,-1.425738015106));
#784 = CARTESIAN_POINT('',(2.724161420075,-1.42688474468));
#785 = CARTESIAN_POINT('',(2.748347703697,-1.427976420136));
#786 = CARTESIAN_POINT('',(2.772863086015,-1.429007067446));
#787 = CARTESIAN_POINT('',(2.797699790766,-1.429971563406));
#788 = CARTESIAN_POINT('',(2.822843716894,-1.430865609992));
#789 = CARTESIAN_POINT('',(2.882810037951,-1.432798737271));
#790 = CARTESIAN_POINT('',(2.917873262562,-1.433775136247));
#791 = CARTESIAN_POINT('',(2.953416128971,-1.434605348129));
#792 = CARTESIAN_POINT('',(2.989368355654,-1.435281992388));
#793 = CARTESIAN_POINT('',(3.025643035331,-1.435799505209));
#794 = CARTESIAN_POINT('',(3.062141427454,-1.43615408314));
#795 = CARTESIAN_POINT('',(3.098758615927,-1.436343695374));
#796 = CARTESIAN_POINT('',(3.190303962219,-1.436404846472));
#797 = CARTESIAN_POINT('',(3.245226915364,-1.436070441753));
#798 = CARTESIAN_POINT('',(3.299817169072,-1.435364482165));
#799 = CARTESIAN_POINT('',(3.353731171284,-1.434296202358));
#800 = CARTESIAN_POINT('',(3.40664900726,-1.432881696266));
#801 = CARTESIAN_POINT('',(3.458348275268,-1.431148842153));
#802 = CARTESIAN_POINT('',(3.508685014595,-1.429130754896));
#803 = CARTESIAN_POINT('',(3.573486059382,-1.426154851007));
#804 = CARTESIAN_POINT('',(3.58915498382,-1.425404713913));
#805 = CARTESIAN_POINT('',(3.604684462186,-1.424632219849));
#806 = CARTESIAN_POINT('',(3.620076876642,-1.423839429212));
#807 = CARTESIAN_POINT('',(3.635335936643,-1.423028682971));
#808 = CARTESIAN_POINT('',(3.650467283748,-1.422202729857));
#809 = CARTESIAN_POINT('',(3.665479771536,-1.421365004555));
#810 = CARTESIAN_POINT('',(3.690951504028,-1.419921297343));
#811 = CARTESIAN_POINT('',(3.701461498887,-1.419318993119));
#812 = CARTESIAN_POINT('',(3.711923644572,-1.418714732139));
#813 = CARTESIAN_POINT('',(3.722344186797,-1.418110405985));
#814 = CARTESIAN_POINT('',(3.732730497877,-1.417508504694));
#815 = CARTESIAN_POINT('',(3.743091254498,-1.416912143075));
#816 = CARTESIAN_POINT('',(3.75343808784,-1.416325469266));
#817 = CARTESIAN_POINT('',(3.763791120918,-1.415755106249));
#818 = ( GEOMETRIC_REPRESENTATION_CONTEXT(2) 
PARAMETRIC_REPRESENTATION_CONTEXT() REPRESENTATION_CONTEXT('2D SPACE',''
  ) );
#819 = ORIENTED_EDGE('',*,*,#820,.F.);
#820 = EDGE_CURVE('',#587,#670,#821,.T.);
#821 = SURFACE_CURVE('',#822,(#827,#834),.PCURVE_S1.);
#822 = CIRCLE('',#823,1.2);
#823 = AXIS2_PLACEMENT_3D('',#824,#825,#826);
#824 = CARTESIAN_POINT('',(31.2,-21.4,25.412975257545));
#825 = DIRECTION('',(0.,1.,0.));
#826 = DIRECTION('',(-1.,0.,0.));
#827 = PCURVE('',#602,#828);
#828 = DEFINITIONAL_REPRESENTATION('',(#829),#833);
#829 = LINE('',#830,#831);
#830 = CARTESIAN_POINT('',(0.,7.2));
#831 = VECTOR('',#832,1.);
#832 = DIRECTION('',(1.,0.));
#833 = ( GEOMETRIC_REPRESENTATION_CONTEXT(2) 
PARAMETRIC_REPRESENTATION_CONTEXT() REPRESENTATION_CONTEXT('2D SPACE',''
  ) );
#834 = PCURVE('',#835,#840);
#835 = TOROIDAL_SURFACE('',#836,4.2,1.2);
#836 = AXIS2_PLACEMENT_3D('',#837,#838,#839);
#837 = CARTESIAN_POINT('',(35.4,-21.4,25.412975257545));
#838 = DIRECTION('',(0.,0.,1.));
#839 = DIRECTION('',(-1.,8.223874256483E-17,0.));
#840 = DEFINITIONAL_REPRESENTATION('',(#841),#845);
#841 = LINE('',#842,#843);
#842 = CARTESIAN_POINT('',(-0.,0.));
#843 = VECTOR('',#844,1.);
#844 = DIRECTION('',(-0.,1.));
#845 = ( GEOMETRIC_REPRESENTATION_CONTEXT(2) 
PARAMETRIC_REPRESENTATION_CONTEXT() REPRESENTATION_CONTEXT('2D SPACE',''
  ) );
#846 = ADVANCED_FACE('',(#847),#657,.T.);
#847 = FACE_BOUND('',#848,.F.);
#848 = EDGE_LOOP('',(#849,#880,#902,#903,#968));
#849 = ORIENTED_EDGE('',*,*,#850,.F.);
#850 = EDGE_CURVE('',#851,#853,#855,.T.);
#851 = VERTEX_POINT('',#852);
#852 = CARTESIAN_POINT('',(35.4,-34.,25.412975257545));
#853 = VERTEX_POINT('',#854);
#854 = CARTESIAN_POINT('',(35.4,-32.8,26.612975257545));
#855 = SURFACE_CURVE('',#856,(#861,#868),.PCURVE_S1.);
#856 = CIRCLE('',#857,1.2);
#857 = AXIS2_PLACEMENT_3D('',#858,#859,#860);
#858 = CARTESIAN_POINT('',(35.4,-32.8,25.412975257545));
#859 = DIRECTION('',(-1.,-0.,0.));
#860 = DIRECTION('',(0.,-1.,0.));
#861 = PCURVE('',#657,#862);
#862 = DEFINITIONAL_REPRESENTATION('',(#863),#867);
#863 = LINE('',#864,#865);
#864 = CARTESIAN_POINT('',(-0.,0.));
#865 = VECTOR('',#866,1.);
#866 = DIRECTION('',(-0.,1.));
#867 = ( GEOMETRIC_REPRESENTATION_CONTEXT(2) 
PARAMETRIC_REPRESENTATION_CONTEXT() REPRESENTATION_CONTEXT('2D SPACE',''
  ) );
#868 = PCURVE('',#869,#874);
#869 = CYLINDRICAL_SURFACE('',#870,1.2);
#870 = AXIS2_PLACEMENT_3D('',#871,#872,#873);
#871 = CARTESIAN_POINT('',(36.6,-32.8,25.412975257545));
#872 = DIRECTION('',(-1.,-0.,-0.));
#873 = DIRECTION('',(0.,-1.,0.));
#874 = DEFINITIONAL_REPRESENTATION('',(#875),#879);
#875 = LINE('',#876,#877);
#876 = CARTESIAN_POINT('',(0.,1.2));
#877 = VECTOR('',#878,1.);
#878 = DIRECTION('',(1.,0.));
#879 = ( GEOMETRIC_REPRESENTATION_CONTEXT(2) 
PARAMETRIC_REPRESENTATION_CONTEXT() REPRESENTATION_CONTEXT('2D SPACE',''
  ) );
#880 = ORIENTED_EDGE('',*,*,#881,.T.);
#881 = EDGE_CURVE('',#851,#564,#882,.T.);
#882 = SURFACE_CURVE('',#883,(#888,#895),.PCURVE_S1.);
#883 = CIRCLE('',#884,5.4);
#884 = AXIS2_PLACEMENT_3D('',#885,#886,#887);
#885 = CARTESIAN_POINT('',(35.4,-28.6,25.412975257545));
#886 = DIRECTION('',(-0.,0.,-1.));
#887 = DIRECTION('',(-1.850371707709E-16,-1.,0.));
#888 = PCURVE('',#657,#889);
#889 = DEFINITIONAL_REPRESENTATION('',(#890),#894);
#890 = LINE('',#891,#892);
#891 = CARTESIAN_POINT('',(-0.,0.));
#892 = VECTOR('',#893,1.);
#893 = DIRECTION('',(-1.,0.));
#894 = ( GEOMETRIC_REPRESENTATION_CONTEXT(2) 
PARAMETRIC_REPRESENTATION_CONTEXT() REPRESENTATION_CONTEXT('2D SPACE',''
  ) );
#895 = PCURVE('',#351,#896);
#896 = DEFINITIONAL_REPRESENTATION('',(#897),#901);
#897 = LINE('',#898,#899);
#898 = CARTESIAN_POINT('',(-4.712388980385,-4.7));
#899 = VECTOR('',#900,1.);
#900 = DIRECTION('',(1.,-0.));
#901 = ( GEOMETRIC_REPRESENTATION_CONTEXT(2) 
PARAMETRIC_REPRESENTATION_CONTEXT() REPRESENTATION_CONTEXT('2D SPACE',''
  ) );
#902 = ORIENTED_EDGE('',*,*,#640,.T.);
#903 = ORIENTED_EDGE('',*,*,#904,.T.);
#904 = EDGE_CURVE('',#641,#905,#907,.T.);
#905 = VERTEX_POINT('',#906);
#906 = CARTESIAN_POINT('',(31.233112249126,-29.12635204152,
    26.612975257545));
#907 = SURFACE_CURVE('',#908,(#926,#947),.PCURVE_S1.);
#908 = B_SPLINE_CURVE_WITH_KNOTS('',6,(#909,#910,#911,#912,#913,#914,
    #915,#916,#917,#918,#919,#920,#921,#922,#923,#924,#925),
  .UNSPECIFIED.,.F.,.F.,(7,5,5,7),(0.,0.491414351057,0.885271213457,1.),
  .UNSPECIFIED.);
#909 = CARTESIAN_POINT('',(30.980710846369,-28.6,26.592768572961));
#910 = CARTESIAN_POINT('',(30.994421544568,-28.64709222066,
    26.595316991709));
#911 = CARTESIAN_POINT('',(31.009234988225,-28.69376721395,
    26.597760592425));
#912 = CARTESIAN_POINT('',(31.02520581112,-28.73996974845,
    26.600086859224));
#913 = CARTESIAN_POINT('',(31.042405055753,-28.78560935276,
    26.602277863802));
#914 = CARTESIAN_POINT('',(31.060914776831,-28.83056348378,
    26.604310822017));
#915 = CARTESIAN_POINT('',(31.096894887525,-28.90996445439,
    26.607618095305));
#916 = CARTESIAN_POINT('',(31.113831863994,-28.94470107524,
    26.608961775173));
#917 = CARTESIAN_POINT('',(31.131785044603,-28.97878239702,
    26.610159713022));
#918 = CARTESIAN_POINT('',(31.150865971246,-29.01204305716,26.6111811309
    ));
#919 = CARTESIAN_POINT('',(31.171180696662,-29.04424956824,
    26.611988339153));
#920 = CARTESIAN_POINT('',(31.199340582512,-29.08388483935,
    26.612650270342));
#921 = CARTESIAN_POINT('',(31.205818724938,-29.09269588082,
    26.612774530247));
#922 = CARTESIAN_POINT('',(31.212428318101,-29.10136524507,
    26.612871793422));
#923 = CARTESIAN_POINT('',(31.219175701171,-29.10987763804,
    26.612939658351));
#924 = CARTESIAN_POINT('',(31.226067824401,-29.11821410719,
    26.612975257545));
#925 = CARTESIAN_POINT('',(31.233112249126,-29.12635204152,
    26.612975257545));
#926 = PCURVE('',#657,#927);
#927 = DEFINITIONAL_REPRESENTATION('',(#928),#946);
#928 = B_SPLINE_CURVE_WITH_KNOTS('',6,(#929,#930,#931,#932,#933,#934,
    #935,#936,#937,#938,#939,#940,#941,#942,#943,#944,#945),
  .UNSPECIFIED.,.F.,.F.,(7,5,5,7),(0.,0.491414351057,0.885271213457,1.),
  .UNSPECIFIED.);
#929 = CARTESIAN_POINT('',(-1.570796326795,1.38702268725));
#930 = CARTESIAN_POINT('',(-1.560140264468,1.398643958551));
#931 = CARTESIAN_POINT('',(-1.549499263798,1.410659398995));
#932 = CARTESIAN_POINT('',(-1.538878455209,1.423124068476));
#933 = CARTESIAN_POINT('',(-1.528289761057,1.436109659355));
#934 = CARTESIAN_POINT('',(-1.517751439605,1.449702988886));
#935 = CARTESIAN_POINT('',(-1.498914266548,1.475574297139));
#936 = CARTESIAN_POINT('',(-1.490591939899,1.487570446682));
#937 = CARTESIAN_POINT('',(-1.482336571725,1.500140829443));
#938 = CARTESIAN_POINT('',(-1.474177868366,1.513403485426));
#939 = CARTESIAN_POINT('',(-1.466160897847,1.527484554127));
#940 = CARTESIAN_POINT('',(-1.456112070041,1.54710549299));
#941 = CARTESIAN_POINT('',(-1.453865586297,1.551625567169));
#942 = CARTESIAN_POINT('',(-1.45164186419,1.55624628056));
#943 = CARTESIAN_POINT('',(-1.449444151368,1.560975482871));
#944 = CARTESIAN_POINT('',(-1.44727655255,1.565822138551));
#945 = CARTESIAN_POINT('',(-1.445144029522,1.570796326795));
#946 = ( GEOMETRIC_REPRESENTATION_CONTEXT(2) 
PARAMETRIC_REPRESENTATION_CONTEXT() REPRESENTATION_CONTEXT('2D SPACE',''
  ) );
#947 = PCURVE('',#767,#948);
#948 = DEFINITIONAL_REPRESENTATION('',(#949),#967);
#949 = B_SPLINE_CURVE_WITH_KNOTS('',6,(#950,#951,#952,#953,#954,#955,
    #956,#957,#958,#959,#960,#961,#962,#963,#964,#965,#966),
  .UNSPECIFIED.,.F.,.F.,(7,5,5,7),(0.,0.491414351057,0.885271213457,1.),
  .UNSPECIFIED.);
#950 = CARTESIAN_POINT('',(3.763791025501,-1.415755111505));
#951 = CARTESIAN_POINT('',(3.771279978186,-1.415342534571));
#952 = CARTESIAN_POINT('',(3.778770651667,-1.414948234019));
#953 = CARTESIAN_POINT('',(3.786265593735,-1.414574019374));
#954 = CARTESIAN_POINT('',(3.793765031052,-1.414222551862));
#955 = CARTESIAN_POINT('',(3.801267081124,-1.413897242194));
#956 = CARTESIAN_POINT('',(3.814783672473,-1.413369078053));
#957 = CARTESIAN_POINT('',(3.820793783381,-1.413154913536));
#958 = CARTESIAN_POINT('',(3.826804619468,-1.412964302336));
#959 = CARTESIAN_POINT('',(3.832811429839,-1.412802009797));
#960 = CARTESIAN_POINT('',(3.838801681767,-1.412673868395));
#961 = CARTESIAN_POINT('',(3.846488856895,-1.41256882976));
#962 = CARTESIAN_POINT('',(3.848219504172,-1.41254911588));
#963 = CARTESIAN_POINT('',(3.849946074499,-1.412533687369));
#964 = CARTESIAN_POINT('',(3.851667603712,-1.412522923153));
#965 = CARTESIAN_POINT('',(3.853382783963,-1.41251727687));
#966 = CARTESIAN_POINT('',(3.855089963732,-1.41251727687));
#967 = ( GEOMETRIC_REPRESENTATION_CONTEXT(2) 
PARAMETRIC_REPRESENTATION_CONTEXT() REPRESENTATION_CONTEXT('2D SPACE',''
  ) );
#968 = ORIENTED_EDGE('',*,*,#969,.F.);
#969 = EDGE_CURVE('',#853,#905,#970,.T.);
#970 = SURFACE_CURVE('',#971,(#976,#983),.PCURVE_S1.);
#971 = CIRCLE('',#972,4.2);
#972 = AXIS2_PLACEMENT_3D('',#973,#974,#975);
#973 = CARTESIAN_POINT('',(35.4,-28.6,26.612975257545));
#974 = DIRECTION('',(-0.,0.,-1.));
#975 = DIRECTION('',(-1.850371707709E-16,-1.,0.));
#976 = PCURVE('',#657,#977);
#977 = DEFINITIONAL_REPRESENTATION('',(#978),#982);
#978 = LINE('',#979,#980);
#979 = CARTESIAN_POINT('',(-0.,1.570796326795));
#980 = VECTOR('',#981,1.);
#981 = DIRECTION('',(-1.,0.));
#982 = ( GEOMETRIC_REPRESENTATION_CONTEXT(2) 
PARAMETRIC_REPRESENTATION_CONTEXT() REPRESENTATION_CONTEXT('2D SPACE',''
  ) );
#983 = PCURVE('',#984,#989);
#984 = PLANE('',#985);
#985 = AXIS2_PLACEMENT_3D('',#986,#987,#988);
#986 = CARTESIAN_POINT('',(36.,-25.,26.612975257545));
#987 = DIRECTION('',(0.,0.,1.));
#988 = DIRECTION('',(1.,0.,0.));
#989 = DEFINITIONAL_REPRESENTATION('',(#990),#998);
#990 = ( BOUNDED_CURVE() B_SPLINE_CURVE(2,(#991,#992,#993,#994,#995,#996
,#997),.UNSPECIFIED.,.T.,.F.) B_SPLINE_CURVE_WITH_KNOTS((1,2,2,2,2,1),(
    -2.094395102393,0.,2.094395102393,4.188790204786,6.28318530718,
8.377580409573),.UNSPECIFIED.) CURVE() GEOMETRIC_REPRESENTATION_ITEM() 
RATIONAL_B_SPLINE_CURVE((1.,0.5,1.,0.5,1.,0.5,1.)) REPRESENTATION_ITEM(
  '') );
#991 = CARTESIAN_POINT('',(-0.6,-7.8));
#992 = CARTESIAN_POINT('',(-7.874613391789,-7.8));
#993 = CARTESIAN_POINT('',(-4.237306695895,-1.5));
#994 = CARTESIAN_POINT('',(-0.6,4.8));
#995 = CARTESIAN_POINT('',(3.037306695895,-1.5));
#996 = CARTESIAN_POINT('',(6.674613391789,-7.8));
#997 = CARTESIAN_POINT('',(-0.6,-7.8));
#998 = ( GEOMETRIC_REPRESENTATION_CONTEXT(2) 
PARAMETRIC_REPRESENTATION_CONTEXT() REPRESENTATION_CONTEXT('2D SPACE',''
  ) );
#999 = ADVANCED_FACE('',(#1000),#984,.T.);
#1000 = FACE_BOUND('',#1001,.T.);
#1001 = EDGE_LOOP('',(#1002,#1026,#1027,#1050));
#1002 = ORIENTED_EDGE('',*,*,#1003,.F.);
#1003 = EDGE_CURVE('',#905,#1004,#1006,.T.);
#1004 = VERTEX_POINT('',#1005);
#1005 = CARTESIAN_POINT('',(40.766887750874,-29.12635204152,
    26.612975257545));
#1006 = SURFACE_CURVE('',#1007,(#1012,#1019),.PCURVE_S1.);
#1007 = CIRCLE('',#1008,6.304760106459);
#1008 = AXIS2_PLACEMENT_3D('',#1009,#1010,#1011);
#1009 = CARTESIAN_POINT('',(36.,-25.,26.612975257545));
#1010 = DIRECTION('',(0.,0.,1.));
#1011 = DIRECTION('',(1.,0.,-0.));
#1012 = PCURVE('',#984,#1013);
#1013 = DEFINITIONAL_REPRESENTATION('',(#1014),#1018);
#1014 = CIRCLE('',#1015,6.304760106459);
#1015 = AXIS2_PLACEMENT_2D('',#1016,#1017);
#1016 = CARTESIAN_POINT('',(0.,0.));
#1017 = DIRECTION('',(1.,0.));
#1018 = ( GEOMETRIC_REPRESENTATION_CONTEXT(2) 
PARAMETRIC_REPRESENTATION_CONTEXT() REPRESENTATION_CONTEXT('2D SPACE',''
  ) );
#1019 = PCURVE('',#767,#1020);
#1020 = DEFINITIONAL_REPRESENTATION('',(#1021),#1025);
#1021 = LINE('',#1022,#1023);
#1022 = CARTESIAN_POINT('',(0.,-1.41251727687));
#1023 = VECTOR('',#1024,1.);
#1024 = DIRECTION('',(1.,0.));
#1025 = ( GEOMETRIC_REPRESENTATION_CONTEXT(2) 
PARAMETRIC_REPRESENTATION_CONTEXT() REPRESENTATION_CONTEXT('2D SPACE',''
  ) );
#1026 = ORIENTED_EDGE('',*,*,#969,.F.);
#1027 = ORIENTED_EDGE('',*,*,#1028,.F.);
#1028 = EDGE_CURVE('',#1029,#853,#1031,.T.);
#1029 = VERTEX_POINT('',#1030);
#1030 = CARTESIAN_POINT('',(36.6,-32.8,26.612975257545));
#1031 = SURFACE_CURVE('',#1032,(#1036,#1043),.PCURVE_S1.);
#1032 = LINE('',#1033,#1034);
#1033 = CARTESIAN_POINT('',(36.6,-32.8,26.612975257545));
#1034 = VECTOR('',#1035,1.);
#1035 = DIRECTION('',(-1.,-0.,-0.));
#1036 = PCURVE('',#984,#1037);
#1037 = DEFINITIONAL_REPRESENTATION('',(#1038),#1042);
#1038 = LINE('',#1039,#1040);
#1039 = CARTESIAN_POINT('',(0.6,-7.8));
#1040 = VECTOR('',#1041,1.);
#1041 = DIRECTION('',(-1.,0.));
#1042 = ( GEOMETRIC_REPRESENTATION_CONTEXT(2) 
PARAMETRIC_REPRESENTATION_CONTEXT() REPRESENTATION_CONTEXT('2D SPACE',''
  ) );
#1043 = PCURVE('',#869,#1044);
#1044 = DEFINITIONAL_REPRESENTATION('',(#1045),#1049);
#1045 = LINE('',#1046,#1047);
#1046 = CARTESIAN_POINT('',(1.570796326795,0.));
#1047 = VECTOR('',#1048,1.);
#1048 = DIRECTION('',(0.,1.));
#1049 = ( GEOMETRIC_REPRESENTATION_CONTEXT(2) 
PARAMETRIC_REPRESENTATION_CONTEXT() REPRESENTATION_CONTEXT('2D SPACE',''
  ) );
#1050 = ORIENTED_EDGE('',*,*,#1051,.F.);
#1051 = EDGE_CURVE('',#1004,#1029,#1052,.T.);
#1052 = SURFACE_CURVE('',#1053,(#1058,#1069),.PCURVE_S1.);
#1053 = CIRCLE('',#1054,4.2);
#1054 = AXIS2_PLACEMENT_3D('',#1055,#1056,#1057);
#1055 = CARTESIAN_POINT('',(36.6,-28.6,26.612975257545));
#1056 = DIRECTION('',(0.,-0.,-1.));
#1057 = DIRECTION('',(1.,-2.467162276945E-16,0.));
#1058 = PCURVE('',#984,#1059);
#1059 = DEFINITIONAL_REPRESENTATION('',(#1060),#1068);
#1060 = ( BOUNDED_CURVE() B_SPLINE_CURVE(2,(#1061,#1062,#1063,#1064,
#1065,#1066,#1067),.UNSPECIFIED.,.T.,.F.) B_SPLINE_CURVE_WITH_KNOTS((1,2
    ,2,2,2,1),(-2.094395102393,0.,2.094395102393,4.188790204786,
6.28318530718,8.377580409573),.UNSPECIFIED.) CURVE() 
GEOMETRIC_REPRESENTATION_ITEM() RATIONAL_B_SPLINE_CURVE((1.,0.5,1.,0.5,
1.,0.5,1.)) REPRESENTATION_ITEM('') );
#1061 = CARTESIAN_POINT('',(4.8,-3.6));
#1062 = CARTESIAN_POINT('',(4.8,-10.87461339178));
#1063 = CARTESIAN_POINT('',(-1.5,-7.237306695895));
#1064 = CARTESIAN_POINT('',(-7.8,-3.6));
#1065 = CARTESIAN_POINT('',(-1.5,3.730669589464E-02));
#1066 = CARTESIAN_POINT('',(4.8,3.674613391789));
#1067 = CARTESIAN_POINT('',(4.8,-3.6));
#1068 = ( GEOMETRIC_REPRESENTATION_CONTEXT(2) 
PARAMETRIC_REPRESENTATION_CONTEXT() REPRESENTATION_CONTEXT('2D SPACE',''
  ) );
#1069 = PCURVE('',#1070,#1075);
#1070 = TOROIDAL_SURFACE('',#1071,4.2,1.2);
#1071 = AXIS2_PLACEMENT_3D('',#1072,#1073,#1074);
#1072 = CARTESIAN_POINT('',(36.6,-28.6,25.412975257545));
#1073 = DIRECTION('',(0.,0.,1.));
#1074 = DIRECTION('',(1.,-2.467162276945E-16,0.));
#1075 = DEFINITIONAL_REPRESENTATION('',(#1076),#1080);
#1076 = LINE('',#1077,#1078);
#1077 = CARTESIAN_POINT('',(-0.,1.570796326795));
#1078 = VECTOR('',#1079,1.);
#1079 = DIRECTION('',(-1.,0.));
#1080 = ( GEOMETRIC_REPRESENTATION_CONTEXT(2) 
PARAMETRIC_REPRESENTATION_CONTEXT() REPRESENTATION_CONTEXT('2D SPACE',''
  ) );
#1081 = ADVANCED_FACE('',(#1082),#1070,.T.);
#1082 = FACE_BOUND('',#1083,.F.);
#1083 = EDGE_LOOP('',(#1084,#1115,#1139,#1161,#1162));
#1084 = ORIENTED_EDGE('',*,*,#1085,.F.);
#1085 = EDGE_CURVE('',#1086,#1088,#1090,.T.);
#1086 = VERTEX_POINT('',#1087);
#1087 = CARTESIAN_POINT('',(42.,-28.6,25.412975257545));
#1088 = VERTEX_POINT('',#1089);
#1089 = CARTESIAN_POINT('',(41.019289153631,-28.6,26.592768572961));
#1090 = SURFACE_CURVE('',#1091,(#1096,#1103),.PCURVE_S1.);
#1091 = CIRCLE('',#1092,1.2);
#1092 = AXIS2_PLACEMENT_3D('',#1093,#1094,#1095);
#1093 = CARTESIAN_POINT('',(40.8,-28.6,25.412975257545));
#1094 = DIRECTION('',(-0.,-1.,0.));
#1095 = DIRECTION('',(1.,-0.,0.));
#1096 = PCURVE('',#1070,#1097);
#1097 = DEFINITIONAL_REPRESENTATION('',(#1098),#1102);
#1098 = LINE('',#1099,#1100);
#1099 = CARTESIAN_POINT('',(-0.,0.));
#1100 = VECTOR('',#1101,1.);
#1101 = DIRECTION('',(-0.,1.));
#1102 = ( GEOMETRIC_REPRESENTATION_CONTEXT(2) 
PARAMETRIC_REPRESENTATION_CONTEXT() REPRESENTATION_CONTEXT('2D SPACE',''
  ) );
#1103 = PCURVE('',#1104,#1109);
#1104 = CYLINDRICAL_SURFACE('',#1105,1.2);
#1105 = AXIS2_PLACEMENT_3D('',#1106,#1107,#1108);
#1106 = CARTESIAN_POINT('',(40.8,-21.4,25.412975257545));
#1107 = DIRECTION('',(-0.,-1.,-0.));
#1108 = DIRECTION('',(1.,-0.,0.));
#1109 = DEFINITIONAL_REPRESENTATION('',(#1110),#1114);
#1110 = LINE('',#1111,#1112);
#1111 = CARTESIAN_POINT('',(0.,7.2));
#1112 = VECTOR('',#1113,1.);
#1113 = DIRECTION('',(1.,0.));
#1114 = ( GEOMETRIC_REPRESENTATION_CONTEXT(2) 
PARAMETRIC_REPRESENTATION_CONTEXT() REPRESENTATION_CONTEXT('2D SPACE',''
  ) );
#1115 = ORIENTED_EDGE('',*,*,#1116,.T.);
#1116 = EDGE_CURVE('',#1086,#1117,#1119,.T.);
#1117 = VERTEX_POINT('',#1118);
#1118 = CARTESIAN_POINT('',(36.6,-34.,25.412975257545));
#1119 = SURFACE_CURVE('',#1120,(#1125,#1132),.PCURVE_S1.);
#1120 = CIRCLE('',#1121,5.4);
#1121 = AXIS2_PLACEMENT_3D('',#1122,#1123,#1124);
#1122 = CARTESIAN_POINT('',(36.6,-28.6,25.412975257545));
#1123 = DIRECTION('',(0.,-0.,-1.));
#1124 = DIRECTION('',(1.,-2.467162276945E-16,0.));
#1125 = PCURVE('',#1070,#1126);
#1126 = DEFINITIONAL_REPRESENTATION('',(#1127),#1131);
#1127 = LINE('',#1128,#1129);
#1128 = CARTESIAN_POINT('',(-0.,0.));
#1129 = VECTOR('',#1130,1.);
#1130 = DIRECTION('',(-1.,0.));
#1131 = ( GEOMETRIC_REPRESENTATION_CONTEXT(2) 
PARAMETRIC_REPRESENTATION_CONTEXT() REPRESENTATION_CONTEXT('2D SPACE',''
  ) );
#1132 = PCURVE('',#522,#1133);
#1133 = DEFINITIONAL_REPRESENTATION('',(#1134),#1138);
#1134 = LINE('',#1135,#1136);
#1135 = CARTESIAN_POINT('',(-6.28318530718,-4.7));
#1136 = VECTOR('',#1137,1.);
#1137 = DIRECTION('',(1.,-0.));
#1138 = ( GEOMETRIC_REPRESENTATION_CONTEXT(2) 
PARAMETRIC_REPRESENTATION_CONTEXT() REPRESENTATION_CONTEXT('2D SPACE',''
  ) );
#1139 = ORIENTED_EDGE('',*,*,#1140,.T.);
#1140 = EDGE_CURVE('',#1117,#1029,#1141,.T.);
#1141 = SURFACE_CURVE('',#1142,(#1147,#1154),.PCURVE_S1.);
#1142 = CIRCLE('',#1143,1.2);
#1143 = AXIS2_PLACEMENT_3D('',#1144,#1145,#1146);
#1144 = CARTESIAN_POINT('',(36.6,-32.8,25.412975257545));
#1145 = DIRECTION('',(-1.,1.854838877371E-16,0.));
#1146 = DIRECTION('',(-1.854838877371E-16,-1.,0.));
#1147 = PCURVE('',#1070,#1148);
#1148 = DEFINITIONAL_REPRESENTATION('',(#1149),#1153);
#1149 = LINE('',#1150,#1151);
#1150 = CARTESIAN_POINT('',(-1.570796326795,0.));
#1151 = VECTOR('',#1152,1.);
#1152 = DIRECTION('',(-0.,1.));
#1153 = ( GEOMETRIC_REPRESENTATION_CONTEXT(2) 
PARAMETRIC_REPRESENTATION_CONTEXT() REPRESENTATION_CONTEXT('2D SPACE',''
  ) );
#1154 = PCURVE('',#869,#1155);
#1155 = DEFINITIONAL_REPRESENTATION('',(#1156),#1160);
#1156 = LINE('',#1157,#1158);
#1157 = CARTESIAN_POINT('',(0.,0.));
#1158 = VECTOR('',#1159,1.);
#1159 = DIRECTION('',(1.,0.));
#1160 = ( GEOMETRIC_REPRESENTATION_CONTEXT(2) 
PARAMETRIC_REPRESENTATION_CONTEXT() REPRESENTATION_CONTEXT('2D SPACE',''
  ) );
#1161 = ORIENTED_EDGE('',*,*,#1051,.F.);
#1162 = ORIENTED_EDGE('',*,*,#1163,.T.);
#1163 = EDGE_CURVE('',#1004,#1088,#1164,.T.);
#1164 = SURFACE_CURVE('',#1165,(#1182,#1202),.PCURVE_S1.);
#1165 = B_SPLINE_CURVE_WITH_KNOTS('',8,(#1166,#1167,#1168,#1169,#1170,
    #1171,#1172,#1173,#1174,#1175,#1176,#1177,#1178,#1179,#1180,#1181),
  .UNSPECIFIED.,.F.,.F.,(9,7,9),(0.,0.600469756079,1.),.UNSPECIFIED.);
#1166 = CARTESIAN_POINT('',(40.766887750874,-29.12635204152,
    26.612975257545));
#1167 = CARTESIAN_POINT('',(40.794534163939,-29.0944140618,
    26.612975257545));
#1168 = CARTESIAN_POINT('',(40.819882023918,-29.05963583201,
    26.612452785931));
#1169 = CARTESIAN_POINT('',(40.843495738144,-29.02304424859,
    26.611586000022));
#1170 = CARTESIAN_POINT('',(40.865506078608,-28.98508625218,
    26.61043917075));
#1171 = CARTESIAN_POINT('',(40.886114170115,-28.94616410652,
    26.609078621158));
#1172 = CARTESIAN_POINT('',(40.905427153408,-28.90645229923,
    26.607535446675));
#1173 = CARTESIAN_POINT('',(40.923582623746,-28.86605380948,
    26.605837305284));
#1174 = CARTESIAN_POINT('',(40.952083220319,-28.7975747664,
    26.602771798535));
#1175 = CARTESIAN_POINT('',(40.962986540221,-28.76995090523,
    26.601486417287));
#1176 = CARTESIAN_POINT('',(40.973429130538,-28.74209175896,
    26.600146272296));
#1177 = CARTESIAN_POINT('',(40.983429681685,-28.71402192284,
    26.598756218429));
#1178 = CARTESIAN_POINT('',(40.993003625726,-28.68576201432,
    26.597320281307));
#1179 = CARTESIAN_POINT('',(41.002163988423,-28.65732922723,
    26.595841828017));
#1180 = CARTESIAN_POINT('',(41.010922241288,-28.62873788603,
    26.594323737838));
#1181 = CARTESIAN_POINT('',(41.019289153631,-28.6,26.592768572961));
#1182 = PCURVE('',#1070,#1183);
#1183 = DEFINITIONAL_REPRESENTATION('',(#1184),#1201);
#1184 = B_SPLINE_CURVE_WITH_KNOTS('',8,(#1185,#1186,#1187,#1188,#1189,
    #1190,#1191,#1192,#1193,#1194,#1195,#1196,#1197,#1198,#1199,#1200),
  .UNSPECIFIED.,.F.,.F.,(9,7,9),(0.,0.600469756079,1.),.UNSPECIFIED.);
#1185 = CARTESIAN_POINT('',(-0.125652297273,1.570796326795));
#1186 = CARTESIAN_POINT('',(-0.117283038633,1.551274723793));
#1187 = CARTESIAN_POINT('',(-0.108418146775,1.533669886165));
#1188 = CARTESIAN_POINT('',(-9.92751634294E-02,1.517332590431));
#1189 = CARTESIAN_POINT('',(-8.994619288495E-02,1.502076106558));
#1190 = CARTESIAN_POINT('',(-8.051085276514E-02,1.487673524259));
#1191 = CARTESIAN_POINT('',(-7.099906497757E-02,1.474010734548));
#1192 = CARTESIAN_POINT('',(-6.142496646979E-02,1.460953523767));
#1193 = CARTESIAN_POINT('',(-4.53518334288E-02,1.440031489377));
#1194 = CARTESIAN_POINT('',(-3.890875319139E-02,1.431907602454));
#1195 = CARTESIAN_POINT('',(-3.244879531605E-02,1.423994952797));
#1196 = CARTESIAN_POINT('',(-2.597561926084E-02,1.416274072683));
#1197 = CARTESIAN_POINT('',(-1.949214215671E-02,1.408728995449));
#1198 = CARTESIAN_POINT('',(-1.300063685732E-02,1.401346362965));
#1199 = CARTESIAN_POINT('',(-6.502829988888E-03,1.394114533112));
#1200 = CARTESIAN_POINT('',(0.,1.38702268725));
#1201 = ( GEOMETRIC_REPRESENTATION_CONTEXT(2) 
PARAMETRIC_REPRESENTATION_CONTEXT() REPRESENTATION_CONTEXT('2D SPACE',''
  ) );
#1202 = PCURVE('',#767,#1203);
#1203 = DEFINITIONAL_REPRESENTATION('',(#1204),#1221);
#1204 = B_SPLINE_CURVE_WITH_KNOTS('',8,(#1205,#1206,#1207,#1208,#1209,
    #1210,#1211,#1212,#1213,#1214,#1215,#1216,#1217,#1218,#1219,#1220),
  .UNSPECIFIED.,.F.,.F.,(9,7,9),(0.,0.600469756079,1.),.UNSPECIFIED.);
#1205 = CARTESIAN_POINT('',(5.569687997037,-1.41251727687));
#1206 = CARTESIAN_POINT('',(5.576387961749,-1.41251727687));
#1207 = CARTESIAN_POINT('',(5.58318993407,-1.412600145796));
#1208 = CARTESIAN_POINT('',(5.590043669309,-1.41273763021));
#1209 = CARTESIAN_POINT('',(5.596916817841,-1.412919757337));
#1210 = CARTESIAN_POINT('',(5.603788238122,-1.413136150465));
#1211 = CARTESIAN_POINT('',(5.610652095645,-1.413382048562));
#1212 = CARTESIAN_POINT('',(5.617514101016,-1.413653200055));
#1213 = CARTESIAN_POINT('',(5.628972609322,-1.414143818669));
#1214 = CARTESIAN_POINT('',(5.633549691147,-1.414349815015));
#1215 = CARTESIAN_POINT('',(5.638125671998,-1.414564903149));
#1216 = CARTESIAN_POINT('',(5.642700406967,-1.414788352022));
#1217 = CARTESIAN_POINT('',(5.64727381022,-1.415019560312));
#1218 = CARTESIAN_POINT('',(5.651845896797,-1.415258029621));
#1219 = CARTESIAN_POINT('',(5.656416824414,-1.415503337672));
#1220 = CARTESIAN_POINT('',(5.660986935268,-1.415755111505));
#1221 = ( GEOMETRIC_REPRESENTATION_CONTEXT(2) 
PARAMETRIC_REPRESENTATION_CONTEXT() REPRESENTATION_CONTEXT('2D SPACE',''
  ) );
#1222 = ADVANCED_FACE('',(#1223),#1104,.T.);
#1223 = FACE_BOUND('',#1224,.T.);
#1224 = EDGE_LOOP('',(#1225,#1248,#1277,#1360,#1441));
#1225 = ORIENTED_EDGE('',*,*,#1226,.F.);
#1226 = EDGE_CURVE('',#1227,#1086,#1229,.T.);
#1227 = VERTEX_POINT('',#1228);
#1228 = CARTESIAN_POINT('',(42.,-21.4,25.412975257545));
#1229 = SURFACE_CURVE('',#1230,(#1234,#1241),.PCURVE_S1.);
#1230 = LINE('',#1231,#1232);
#1231 = CARTESIAN_POINT('',(42.,-21.4,25.412975257545));
#1232 = VECTOR('',#1233,1.);
#1233 = DIRECTION('',(-0.,-1.,-0.));
#1234 = PCURVE('',#1104,#1235);
#1235 = DEFINITIONAL_REPRESENTATION('',(#1236),#1240);
#1236 = LINE('',#1237,#1238);
#1237 = CARTESIAN_POINT('',(0.,0.));
#1238 = VECTOR('',#1239,1.);
#1239 = DIRECTION('',(0.,1.));
#1240 = ( GEOMETRIC_REPRESENTATION_CONTEXT(2) 
PARAMETRIC_REPRESENTATION_CONTEXT() REPRESENTATION_CONTEXT('2D SPACE',''
  ) );
#1241 = PCURVE('',#493,#1242);
#1242 = DEFINITIONAL_REPRESENTATION('',(#1243),#1247);
#1243 = LINE('',#1244,#1245);
#1244 = CARTESIAN_POINT('',(7.2,-4.7));
#1245 = VECTOR('',#1246,1.);
#1246 = DIRECTION('',(-1.,0.));
#1247 = ( GEOMETRIC_REPRESENTATION_CONTEXT(2) 
PARAMETRIC_REPRESENTATION_CONTEXT() REPRESENTATION_CONTEXT('2D SPACE',''
  ) );
#1248 = ORIENTED_EDGE('',*,*,#1249,.T.);
#1249 = EDGE_CURVE('',#1227,#1250,#1252,.T.);
#1250 = VERTEX_POINT('',#1251);
#1251 = CARTESIAN_POINT('',(41.019289153631,-21.4,26.592768572961));
#1252 = SURFACE_CURVE('',#1253,(#1258,#1265),.PCURVE_S1.);
#1253 = CIRCLE('',#1254,1.2);
#1254 = AXIS2_PLACEMENT_3D('',#1255,#1256,#1257);
#1255 = CARTESIAN_POINT('',(40.8,-21.4,25.412975257545));
#1256 = DIRECTION('',(-4.467169662522E-19,-1.,0.));
#1257 = DIRECTION('',(1.,-4.467169662522E-19,-0.));
#1258 = PCURVE('',#1104,#1259);
#1259 = DEFINITIONAL_REPRESENTATION('',(#1260),#1264);
#1260 = LINE('',#1261,#1262);
#1261 = CARTESIAN_POINT('',(0.,0.));
#1262 = VECTOR('',#1263,1.);
#1263 = DIRECTION('',(1.,0.));
#1264 = ( GEOMETRIC_REPRESENTATION_CONTEXT(2) 
PARAMETRIC_REPRESENTATION_CONTEXT() REPRESENTATION_CONTEXT('2D SPACE',''
  ) );
#1265 = PCURVE('',#1266,#1271);
#1266 = TOROIDAL_SURFACE('',#1267,4.2,1.2);
#1267 = AXIS2_PLACEMENT_3D('',#1268,#1269,#1270);
#1268 = CARTESIAN_POINT('',(36.6,-21.4,25.412975257545));
#1269 = DIRECTION('',(0.,0.,1.));
#1270 = DIRECTION('',(6.167905692362E-17,1.,-0.));
#1271 = DEFINITIONAL_REPRESENTATION('',(#1272),#1276);
#1272 = LINE('',#1273,#1274);
#1273 = CARTESIAN_POINT('',(-1.570796326795,0.));
#1274 = VECTOR('',#1275,1.);
#1275 = DIRECTION('',(-0.,1.));
#1276 = ( GEOMETRIC_REPRESENTATION_CONTEXT(2) 
PARAMETRIC_REPRESENTATION_CONTEXT() REPRESENTATION_CONTEXT('2D SPACE',''
  ) );
#1277 = ORIENTED_EDGE('',*,*,#1278,.F.);
#1278 = EDGE_CURVE('',#1279,#1250,#1281,.T.);
#1279 = VERTEX_POINT('',#1280);
#1280 = CARTESIAN_POINT('',(41.360864047022,-25.,26.473838830659));
#1281 = SURFACE_CURVE('',#1282,(#1306,#1333),.PCURVE_S1.);
#1282 = B_SPLINE_CURVE_WITH_KNOTS('',8,(#1283,#1284,#1285,#1286,#1287,
    #1288,#1289,#1290,#1291,#1292,#1293,#1294,#1295,#1296,#1297,#1298,
    #1299,#1300,#1301,#1302,#1303,#1304,#1305),.UNSPECIFIED.,.F.,.F.,(9,
    7,7,9),(0.,0.648115266615,0.859718038199,1.),.UNSPECIFIED.);
#1283 = CARTESIAN_POINT('',(41.360864047022,-25.,26.473838830659));
#1284 = CARTESIAN_POINT('',(41.360864047022,-24.70668913385,
    26.473838830659));
#1285 = CARTESIAN_POINT('',(41.357124631903,-24.41350180133,
    26.475813494785));
#1286 = CARTESIAN_POINT('',(41.349669135422,-24.12036120389,
    26.479762472504));
#1287 = CARTESIAN_POINT('',(41.338308996041,-23.82726564075,
    26.485662292805));
#1288 = CARTESIAN_POINT('',(41.322823469997,-23.53422731848,
    26.493487329753));
#1289 = CARTESIAN_POINT('',(41.302644671124,-23.24135112889,
    26.50316438894));
#1290 = CARTESIAN_POINT('',(41.277116463878,-22.94878296075,
    26.514603968202));
#1291 = CARTESIAN_POINT('',(41.233976883286,-22.56151995369,
    26.531811592252));
#1292 = CARTESIAN_POINT('',(41.222613353022,-22.46627125591,
    26.536210153635));
#1293 = CARTESIAN_POINT('',(41.21044783557,-22.37109800849,
    26.54076427185));
#1294 = CARTESIAN_POINT('',(41.19740943992,-22.27601322139,
    26.545464074669));
#1295 = CARTESIAN_POINT('',(41.183414655281,-22.18103561798,
    26.550297653867));
#1296 = CARTESIAN_POINT('',(41.168360543828,-22.08619052234,
    26.555250057338));
#1297 = CARTESIAN_POINT('',(41.152109275451,-21.99151199361,
    26.560301121724));
#1298 = CARTESIAN_POINT('',(41.122766080134,-21.83442015674,
    26.568817125987));
#1299 = CARTESIAN_POINT('',(41.110456814237,-21.77189508343,
    26.572242439874));
#1300 = CARTESIAN_POINT('',(41.097476981337,-21.70947926463,
    26.57568984579));
#1301 = CARTESIAN_POINT('',(41.083757711749,-21.64718902911,
    26.579149285841));
#1302 = CARTESIAN_POINT('',(41.069210898373,-21.58505096233,
    26.582607420178));
#1303 = CARTESIAN_POINT('',(41.053727677195,-21.52310217702,
    26.586047312599));
#1304 = CARTESIAN_POINT('',(41.037163582641,-21.46139337167,
    26.589446240882));
#1305 = CARTESIAN_POINT('',(41.019288978943,-21.3999994,26.592768605431)
  );
#1306 = PCURVE('',#1104,#1307);
#1307 = DEFINITIONAL_REPRESENTATION('',(#1308),#1332);
#1308 = B_SPLINE_CURVE_WITH_KNOTS('',8,(#1309,#1310,#1311,#1312,#1313,
    #1314,#1315,#1316,#1317,#1318,#1319,#1320,#1321,#1322,#1323,#1324,
    #1325,#1326,#1327,#1328,#1329,#1330,#1331),.UNSPECIFIED.,.F.,.F.,(9,
    7,7,9),(0.,0.648115266615,0.859718038199,1.),.UNSPECIFIED.);
#1309 = CARTESIAN_POINT('',(1.084463904537,3.6));
#1310 = CARTESIAN_POINT('',(1.084463904537,3.306689133851));
#1311 = CARTESIAN_POINT('',(1.087988374657,3.013501801338));
#1312 = CARTESIAN_POINT('',(1.09501743648,2.720361203883));
#1313 = CARTESIAN_POINT('',(1.105687009043,2.427265640762));
#1314 = CARTESIAN_POINT('',(1.120140063774,2.134227318476));
#1315 = CARTESIAN_POINT('',(1.138784344263,1.841351128896));
#1316 = CARTESIAN_POINT('',(1.16207586661,1.548782960753));
#1317 = CARTESIAN_POINT('',(1.200779923057,1.16151995369));
#1318 = CARTESIAN_POINT('',(1.210933688681,1.066271255918));
#1319 = CARTESIAN_POINT('',(1.22175746275,0.97109800849));
#1320 = CARTESIAN_POINT('',(1.233305301491,0.876013221396));
#1321 = CARTESIAN_POINT('',(1.245641238938,0.781035617981));
#1322 = CARTESIAN_POINT('',(1.258844876606,0.68619052234));
#1323 = CARTESIAN_POINT('',(1.273024152324,0.591511993612));
#1324 = CARTESIAN_POINT('',(1.298485798863,0.434420156742));
#1325 = CARTESIAN_POINT('',(1.309132611106,0.371895083435));
#1326 = CARTESIAN_POINT('',(1.320322842781,0.309479264638));
#1327 = CARTESIAN_POINT('',(1.332111424604,0.247189029115));
#1328 = CARTESIAN_POINT('',(1.344569093332,0.185050962339));
#1329 = CARTESIAN_POINT('',(1.357783627092,0.123102177026));
#1330 = CARTESIAN_POINT('',(1.371872212769,6.139337167949E-02));
#1331 = CARTESIAN_POINT('',(1.387022835316,-6.E-07));
#1332 = ( GEOMETRIC_REPRESENTATION_CONTEXT(2) 
PARAMETRIC_REPRESENTATION_CONTEXT() REPRESENTATION_CONTEXT('2D SPACE',''
  ) );
#1333 = PCURVE('',#767,#1334);
#1334 = DEFINITIONAL_REPRESENTATION('',(#1335),#1359);
#1335 = B_SPLINE_CURVE_WITH_KNOTS('',8,(#1336,#1337,#1338,#1339,#1340,
    #1341,#1342,#1343,#1344,#1345,#1346,#1347,#1348,#1349,#1350,#1351,
    #1352,#1353,#1354,#1355,#1356,#1357,#1358),.UNSPECIFIED.,.F.,.F.,(9,
    7,7,9),(0.,0.648115266615,0.859718038199,1.),.UNSPECIFIED.);
#1336 = CARTESIAN_POINT('',(0.,-1.436370236305));
#1337 = CARTESIAN_POINT('',(5.471335657401E-02,-1.436370236305));
#1338 = CARTESIAN_POINT('',(0.109404083619,-1.436001869243));
#1339 = CARTESIAN_POINT('',(0.163737711945,-1.435265299415));
#1340 = CARTESIAN_POINT('',(0.21737436023,-1.434170284226));
#1341 = CARTESIAN_POINT('',(0.270003347993,-1.43273319697));
#1342 = CARTESIAN_POINT('',(0.321409212061,-1.430982308851));
#1343 = CARTESIAN_POINT('',(0.371457278317,-1.428950650806));
#1344 = CARTESIAN_POINT('',(0.436074460342,-1.425955014884));
#1345 = CARTESIAN_POINT('',(0.451836072422,-1.425193560156));
#1346 = CARTESIAN_POINT('',(0.467456374089,-1.424409799266));
#1347 = CARTESIAN_POINT('',(0.482938165116,-1.423605897646));
#1348 = CARTESIAN_POINT('',(0.498285604052,-1.422784321181));
#1349 = CARTESIAN_POINT('',(0.513504881948,-1.421947978565));
#1350 = CARTESIAN_POINT('',(0.528605678416,-1.421100539601));
#1351 = CARTESIAN_POINT('',(0.553546132757,-1.419681028952));
#1352 = CARTESIAN_POINT('',(0.563442384661,-1.419112485052));
#1353 = CARTESIAN_POINT('',(0.573297610143,-1.418542709839));
#1354 = CARTESIAN_POINT('',(0.583117335399,-1.417973387727));
#1355 = CARTESIAN_POINT('',(0.592908016304,-1.41740670015));
#1356 = CARTESIAN_POINT('',(0.602677256436,-1.416845367271));
#1357 = CARTESIAN_POINT('',(0.61243514411,-1.416292981328));
#1358 = CARTESIAN_POINT('',(0.622198467328,-1.415755106249));
#1359 = ( GEOMETRIC_REPRESENTATION_CONTEXT(2) 
PARAMETRIC_REPRESENTATION_CONTEXT() REPRESENTATION_CONTEXT('2D SPACE',''
  ) );
#1360 = ORIENTED_EDGE('',*,*,#1361,.F.);
#1361 = EDGE_CURVE('',#1088,#1279,#1362,.T.);
#1362 = SURFACE_CURVE('',#1363,(#1387,#1414),.PCURVE_S1.);
#1363 = B_SPLINE_CURVE_WITH_KNOTS('',8,(#1364,#1365,#1366,#1367,#1368,
    #1369,#1370,#1371,#1372,#1373,#1374,#1375,#1376,#1377,#1378,#1379,
    #1380,#1381,#1382,#1383,#1384,#1385,#1386),.UNSPECIFIED.,.F.,.F.,(9,
    7,7,9),(0.,0.237086174296,0.556751073686,1.),.UNSPECIFIED.);
#1364 = CARTESIAN_POINT('',(41.019288978943,-28.6000006,26.592768605431)
  );
#1365 = CARTESIAN_POINT('',(41.049496374464,-28.4962471397,
    26.587153936614));
#1366 = CARTESIAN_POINT('',(41.075956524921,-28.39161140817,
    26.581321572041));
#1367 = CARTESIAN_POINT('',(41.099786300603,-28.28642281246,
    26.575441337839));
#1368 = CARTESIAN_POINT('',(41.121402310938,-28.18084144282,
    26.569580364534));
#1369 = CARTESIAN_POINT('',(41.14120207635,-28.07499422663,
    26.563799041217));
#1370 = CARTESIAN_POINT('',(41.15940112169,-27.96893953217,
    26.558129032665));
#1371 = CARTESIAN_POINT('',(41.176204755041,-27.86270546865,
    26.552598369565));
#1372 = CARTESIAN_POINT('',(41.212734868556,-27.61277975152,
    26.539981168948));
#1373 = CARTESIAN_POINT('',(41.23142921787,-27.46901714781,
    26.533028258226));
#1374 = CARTESIAN_POINT('',(41.248204198502,-27.32505929319,
    26.526417705213));
#1375 = CARTESIAN_POINT('',(41.263287946076,-27.18095548894,
    26.520181944884));
#1376 = CARTESIAN_POINT('',(41.276850612558,-27.03674220796,
    26.514344803737));
#1377 = CARTESIAN_POINT('',(41.289027226698,-26.89244528195,
    26.508924738529));
#1378 = CARTESIAN_POINT('',(41.299920462769,-26.74808010815,
    26.503935471236));
#1379 = CARTESIAN_POINT('',(41.323056787483,-26.40339029454,
    26.493082680406));
#1380 = CARTESIAN_POINT('',(41.334192593018,-26.20302435422,
    26.487627373162));
#1381 = CARTESIAN_POINT('',(41.343243016492,-26.00258815351,
    26.483051535061));
#1382 = CARTESIAN_POINT('',(41.350354818812,-25.80210626133,
    26.479374449669));
#1383 = CARTESIAN_POINT('',(41.35562534446,-25.60159655716,
    26.476608664188));
#1384 = CARTESIAN_POINT('',(41.359117364881,-25.40107134257,
    26.474762085556));
#1385 = CARTESIAN_POINT('',(41.360864047022,-25.20053811448,
    26.473838830659));
#1386 = CARTESIAN_POINT('',(41.360864047022,-25.,26.473838830659));
#1387 = PCURVE('',#1104,#1388);
#1388 = DEFINITIONAL_REPRESENTATION('',(#1389),#1413);
#1389 = B_SPLINE_CURVE_WITH_KNOTS('',8,(#1390,#1391,#1392,#1393,#1394,
    #1395,#1396,#1397,#1398,#1399,#1400,#1401,#1402,#1403,#1404,#1405,
    #1406,#1407,#1408,#1409,#1410,#1411,#1412),.UNSPECIFIED.,.F.,.F.,(9,
    7,7,9),(0.,0.237086174296,0.556751073686,1.),.UNSPECIFIED.);
#1390 = CARTESIAN_POINT('',(1.387022835316,7.2000006));
#1391 = CARTESIAN_POINT('',(1.361418863591,7.096247139701));
#1392 = CARTESIAN_POINT('',(1.338851830889,6.991611408178));
#1393 = CARTESIAN_POINT('',(1.318407242836,6.88642281246));
#1394 = CARTESIAN_POINT('',(1.299752621578,6.780841442829));
#1395 = CARTESIAN_POINT('',(1.282569071984,6.674994226638));
#1396 = CARTESIAN_POINT('',(1.266687927876,6.568939532172));
#1397 = CARTESIAN_POINT('',(1.251947449339,6.462705468653));
#1398 = CARTESIAN_POINT('',(1.21974105176,6.212779751527));
#1399 = CARTESIAN_POINT('',(1.203124406445,6.069017147819));
#1400 = CARTESIAN_POINT('',(1.188103189045,5.925059293196));
#1401 = CARTESIAN_POINT('',(1.174504783346,5.780955488943));
#1402 = CARTESIAN_POINT('',(1.162202394914,5.636742207969));
#1403 = CARTESIAN_POINT('',(1.151096405295,5.492445281958));
#1404 = CARTESIAN_POINT('',(1.141112285616,5.348080108152));
#1405 = CARTESIAN_POINT('',(1.119816214805,5.003390294546));
#1406 = CARTESIAN_POINT('',(1.109484108117,4.803024354228));
#1407 = CARTESIAN_POINT('',(1.101033814671,4.602588153513));
#1408 = CARTESIAN_POINT('',(1.094362202709,4.402106261336));
#1409 = CARTESIAN_POINT('',(1.089402092487,4.201596557163));
#1410 = CARTESIAN_POINT('',(1.086110339788,4.001071342576));
#1411 = CARTESIAN_POINT('',(1.084463904537,3.800538114488));
#1412 = CARTESIAN_POINT('',(1.084463904537,3.6));
#1413 = ( GEOMETRIC_REPRESENTATION_CONTEXT(2) 
PARAMETRIC_REPRESENTATION_CONTEXT() REPRESENTATION_CONTEXT('2D SPACE',''
  ) );
#1414 = PCURVE('',#767,#1415);
#1415 = DEFINITIONAL_REPRESENTATION('',(#1416),#1440);
#1416 = B_SPLINE_CURVE_WITH_KNOTS('',8,(#1417,#1418,#1419,#1420,#1421,
    #1422,#1423,#1424,#1425,#1426,#1427,#1428,#1429,#1430,#1431,#1432,
    #1433,#1434,#1435,#1436,#1437,#1438,#1439),.UNSPECIFIED.,.F.,.F.,(9,
    7,7,9),(0.,0.237086174296,0.556751073686,1.),.UNSPECIFIED.);
#1417 = CARTESIAN_POINT('',(5.660986839852,-1.415755106249));
#1418 = CARTESIAN_POINT('',(5.677486482082,-1.416664094528));
#1419 = CARTESIAN_POINT('',(5.693967964674,-1.417614368963));
#1420 = CARTESIAN_POINT('',(5.710517141341,-1.418579393044));
#1421 = CARTESIAN_POINT('',(5.727161565792,-1.419548349312));
#1422 = CARTESIAN_POINT('',(5.743928967221,-1.420511253619));
#1423 = CARTESIAN_POINT('',(5.760834539961,-1.421462499533));
#1424 = CARTESIAN_POINT('',(5.777895603983,-1.422396974594));
#1425 = CARTESIAN_POINT('',(5.818364003206,-1.424543469714));
#1426 = CARTESIAN_POINT('',(5.841897915259,-1.425738015106));
#1427 = CARTESIAN_POINT('',(5.865754073666,-1.42688474468));
#1428 = CARTESIAN_POINT('',(5.889940357287,-1.427976420136));
#1429 = CARTESIAN_POINT('',(5.914455739604,-1.429007067446));
#1430 = CARTESIAN_POINT('',(5.939292444356,-1.429971563406));
#1431 = CARTESIAN_POINT('',(5.964436370483,-1.430865609992));
#1432 = CARTESIAN_POINT('',(6.02513362116,-1.432822300163));
#1433 = CARTESIAN_POINT('',(6.060950409699,-1.433816406203));
#1434 = CARTESIAN_POINT('',(6.097266264938,-1.434657867333));
#1435 = CARTESIAN_POINT('',(6.134005891464,-1.435338866084));
#1436 = CARTESIAN_POINT('',(6.171075996881,-1.43585355869));
#1437 = CARTESIAN_POINT('',(6.208370631905,-1.436198015702));
#1438 = CARTESIAN_POINT('',(6.245777510091,-1.436370236305));
#1439 = CARTESIAN_POINT('',(6.28318530718,-1.436370236305));
#1440 = ( GEOMETRIC_REPRESENTATION_CONTEXT(2) 
PARAMETRIC_REPRESENTATION_CONTEXT() REPRESENTATION_CONTEXT('2D SPACE',''
  ) );
#1441 = ORIENTED_EDGE('',*,*,#1085,.F.);
#1442 = ADVANCED_FACE('',(#1443),#1266,.T.);
#1443 = FACE_BOUND('',#1444,.F.);
#1444 = EDGE_LOOP('',(#1445,#1476,#1498,#1499,#1564));
#1445 = ORIENTED_EDGE('',*,*,#1446,.F.);
#1446 = EDGE_CURVE('',#1447,#1449,#1451,.T.);
#1447 = VERTEX_POINT('',#1448);
#1448 = CARTESIAN_POINT('',(36.6,-16.,25.412975257545));
#1449 = VERTEX_POINT('',#1450);
#1450 = CARTESIAN_POINT('',(36.6,-17.2,26.612975257545));
#1451 = SURFACE_CURVE('',#1452,(#1457,#1464),.PCURVE_S1.);
#1452 = CIRCLE('',#1453,1.2);
#1453 = AXIS2_PLACEMENT_3D('',#1454,#1455,#1456);
#1454 = CARTESIAN_POINT('',(36.6,-17.2,25.412975257545));
#1455 = DIRECTION('',(1.,0.,0.));
#1456 = DIRECTION('',(-0.,1.,0.));
#1457 = PCURVE('',#1266,#1458);
#1458 = DEFINITIONAL_REPRESENTATION('',(#1459),#1463);
#1459 = LINE('',#1460,#1461);
#1460 = CARTESIAN_POINT('',(-0.,0.));
#1461 = VECTOR('',#1462,1.);
#1462 = DIRECTION('',(-0.,1.));
#1463 = ( GEOMETRIC_REPRESENTATION_CONTEXT(2) 
PARAMETRIC_REPRESENTATION_CONTEXT() REPRESENTATION_CONTEXT('2D SPACE',''
  ) );
#1464 = PCURVE('',#1465,#1470);
#1465 = CYLINDRICAL_SURFACE('',#1466,1.2);
#1466 = AXIS2_PLACEMENT_3D('',#1467,#1468,#1469);
#1467 = CARTESIAN_POINT('',(35.4,-17.2,25.412975257545));
#1468 = DIRECTION('',(1.,0.,0.));
#1469 = DIRECTION('',(-0.,1.,0.));
#1470 = DEFINITIONAL_REPRESENTATION('',(#1471),#1475);
#1471 = LINE('',#1472,#1473);
#1472 = CARTESIAN_POINT('',(0.,1.2));
#1473 = VECTOR('',#1474,1.);
#1474 = DIRECTION('',(1.,0.));
#1475 = ( GEOMETRIC_REPRESENTATION_CONTEXT(2) 
PARAMETRIC_REPRESENTATION_CONTEXT() REPRESENTATION_CONTEXT('2D SPACE',''
  ) );
#1476 = ORIENTED_EDGE('',*,*,#1477,.T.);
#1477 = EDGE_CURVE('',#1447,#1227,#1478,.T.);
#1478 = SURFACE_CURVE('',#1479,(#1484,#1491),.PCURVE_S1.);
#1479 = CIRCLE('',#1480,5.4);
#1480 = AXIS2_PLACEMENT_3D('',#1481,#1482,#1483);
#1481 = CARTESIAN_POINT('',(36.6,-21.4,25.412975257545));
#1482 = DIRECTION('',(0.,-0.,-1.));
#1483 = DIRECTION('',(6.167905692362E-17,1.,-0.));
#1484 = PCURVE('',#1266,#1485);
#1485 = DEFINITIONAL_REPRESENTATION('',(#1486),#1490);
#1486 = LINE('',#1487,#1488);
#1487 = CARTESIAN_POINT('',(-0.,0.));
#1488 = VECTOR('',#1489,1.);
#1489 = DIRECTION('',(-1.,0.));
#1490 = ( GEOMETRIC_REPRESENTATION_CONTEXT(2) 
PARAMETRIC_REPRESENTATION_CONTEXT() REPRESENTATION_CONTEXT('2D SPACE',''
  ) );
#1491 = PCURVE('',#465,#1492);
#1492 = DEFINITIONAL_REPRESENTATION('',(#1493),#1497);
#1493 = LINE('',#1494,#1495);
#1494 = CARTESIAN_POINT('',(-1.570796326795,-4.7));
#1495 = VECTOR('',#1496,1.);
#1496 = DIRECTION('',(1.,-0.));
#1497 = ( GEOMETRIC_REPRESENTATION_CONTEXT(2) 
PARAMETRIC_REPRESENTATION_CONTEXT() REPRESENTATION_CONTEXT('2D SPACE',''
  ) );
#1498 = ORIENTED_EDGE('',*,*,#1249,.T.);
#1499 = ORIENTED_EDGE('',*,*,#1500,.T.);
#1500 = EDGE_CURVE('',#1250,#1501,#1503,.T.);
#1501 = VERTEX_POINT('',#1502);
#1502 = CARTESIAN_POINT('',(40.766887750874,-20.87364795847,
    26.612975257545));
#1503 = SURFACE_CURVE('',#1504,(#1522,#1543),.PCURVE_S1.);
#1504 = B_SPLINE_CURVE_WITH_KNOTS('',6,(#1505,#1506,#1507,#1508,#1509,
    #1510,#1511,#1512,#1513,#1514,#1515,#1516,#1517,#1518,#1519,#1520,
    #1521),.UNSPECIFIED.,.F.,.F.,(7,5,5,7),(0.,0.491414351057,
    0.885271213457,1.),.UNSPECIFIED.);
#1505 = CARTESIAN_POINT('',(41.019289153631,-21.4,26.592768572961));
#1506 = CARTESIAN_POINT('',(41.005578455432,-21.35290777933,
    26.595316991709));
#1507 = CARTESIAN_POINT('',(40.990765011775,-21.30623278604,
    26.597760592425));
#1508 = CARTESIAN_POINT('',(40.97479418888,-21.26003025154,
    26.600086859224));
#1509 = CARTESIAN_POINT('',(40.957594944247,-21.21439064723,
    26.602277863802));
#1510 = CARTESIAN_POINT('',(40.939085223169,-21.16943651621,
    26.604310822017));
#1511 = CARTESIAN_POINT('',(40.903105112475,-21.0900355456,
    26.607618095305));
#1512 = CARTESIAN_POINT('',(40.886168136006,-21.05529892475,
    26.608961775173));
#1513 = CARTESIAN_POINT('',(40.868214955397,-21.02121760297,
    26.610159713022));
#1514 = CARTESIAN_POINT('',(40.849134028754,-20.98795694283,
    26.6111811309));
#1515 = CARTESIAN_POINT('',(40.828819303338,-20.95575043175,
    26.611988339153));
#1516 = CARTESIAN_POINT('',(40.800659417488,-20.91611516064,
    26.612650270342));
#1517 = CARTESIAN_POINT('',(40.794181275062,-20.90730411917,
    26.612774530247));
#1518 = CARTESIAN_POINT('',(40.787571681899,-20.89863475492,
    26.612871793422));
#1519 = CARTESIAN_POINT('',(40.780824298829,-20.89012236196,
    26.612939658351));
#1520 = CARTESIAN_POINT('',(40.773932175599,-20.8817858928,
    26.612975257545));
#1521 = CARTESIAN_POINT('',(40.766887750874,-20.87364795847,
    26.612975257545));
#1522 = PCURVE('',#1266,#1523);
#1523 = DEFINITIONAL_REPRESENTATION('',(#1524),#1542);
#1524 = B_SPLINE_CURVE_WITH_KNOTS('',6,(#1525,#1526,#1527,#1528,#1529,
    #1530,#1531,#1532,#1533,#1534,#1535,#1536,#1537,#1538,#1539,#1540,
    #1541),.UNSPECIFIED.,.F.,.F.,(7,5,5,7),(0.,0.491414351057,
    0.885271213457,1.),.UNSPECIFIED.);
#1525 = CARTESIAN_POINT('',(-1.570796326795,1.38702268725));
#1526 = CARTESIAN_POINT('',(-1.560140264468,1.398643958551));
#1527 = CARTESIAN_POINT('',(-1.549499263798,1.410659398995));
#1528 = CARTESIAN_POINT('',(-1.538878455209,1.423124068476));
#1529 = CARTESIAN_POINT('',(-1.528289761057,1.436109659355));
#1530 = CARTESIAN_POINT('',(-1.517751439605,1.449702988886));
#1531 = CARTESIAN_POINT('',(-1.498914266548,1.475574297139));
#1532 = CARTESIAN_POINT('',(-1.490591939899,1.487570446682));
#1533 = CARTESIAN_POINT('',(-1.482336571725,1.500140829444));
#1534 = CARTESIAN_POINT('',(-1.474177868366,1.513403485426));
#1535 = CARTESIAN_POINT('',(-1.466160897847,1.527484554127));
#1536 = CARTESIAN_POINT('',(-1.456112070041,1.54710549299));
#1537 = CARTESIAN_POINT('',(-1.453865586297,1.551625567169));
#1538 = CARTESIAN_POINT('',(-1.45164186419,1.55624628056));
#1539 = CARTESIAN_POINT('',(-1.449444151368,1.560975482871));
#1540 = CARTESIAN_POINT('',(-1.44727655255,1.565822138551));
#1541 = CARTESIAN_POINT('',(-1.445144029522,1.570796326795));
#1542 = ( GEOMETRIC_REPRESENTATION_CONTEXT(2) 
PARAMETRIC_REPRESENTATION_CONTEXT() REPRESENTATION_CONTEXT('2D SPACE',''
  ) );
#1543 = PCURVE('',#767,#1544);
#1544 = DEFINITIONAL_REPRESENTATION('',(#1545),#1563);
#1545 = B_SPLINE_CURVE_WITH_KNOTS('',6,(#1546,#1547,#1548,#1549,#1550,
    #1551,#1552,#1553,#1554,#1555,#1556,#1557,#1558,#1559,#1560,#1561,
    #1562),.UNSPECIFIED.,.F.,.F.,(7,5,5,7),(0.,0.491414351057,
    0.885271213457,1.),.UNSPECIFIED.);
#1546 = CARTESIAN_POINT('',(0.622198371912,-1.415755111505));
#1547 = CARTESIAN_POINT('',(0.629687324596,-1.415342534571));
#1548 = CARTESIAN_POINT('',(0.637177998077,-1.414948234019));
#1549 = CARTESIAN_POINT('',(0.644672940146,-1.414574019374));
#1550 = CARTESIAN_POINT('',(0.652172377463,-1.414222551862));
#1551 = CARTESIAN_POINT('',(0.659674427535,-1.413897242194));
#1552 = CARTESIAN_POINT('',(0.673191018883,-1.413369078053));
#1553 = CARTESIAN_POINT('',(0.679201129791,-1.413154913536));
#1554 = CARTESIAN_POINT('',(0.685211965878,-1.412964302336));
#1555 = CARTESIAN_POINT('',(0.691218776249,-1.412802009797));
#1556 = CARTESIAN_POINT('',(0.697209028177,-1.412673868395));
#1557 = CARTESIAN_POINT('',(0.704896203305,-1.41256882976));
#1558 = CARTESIAN_POINT('',(0.706626850582,-1.41254911588));
#1559 = CARTESIAN_POINT('',(0.70835342091,-1.412533687369));
#1560 = CARTESIAN_POINT('',(0.710074950122,-1.412522923153));
#1561 = CARTESIAN_POINT('',(0.711790130374,-1.41251727687));
#1562 = CARTESIAN_POINT('',(0.713497310142,-1.41251727687));
#1563 = ( GEOMETRIC_REPRESENTATION_CONTEXT(2) 
PARAMETRIC_REPRESENTATION_CONTEXT() REPRESENTATION_CONTEXT('2D SPACE',''
  ) );
#1564 = ORIENTED_EDGE('',*,*,#1565,.F.);
#1565 = EDGE_CURVE('',#1449,#1501,#1566,.T.);
#1566 = SURFACE_CURVE('',#1567,(#1572,#1579),.PCURVE_S1.);
#1567 = CIRCLE('',#1568,4.2);
#1568 = AXIS2_PLACEMENT_3D('',#1569,#1570,#1571);
#1569 = CARTESIAN_POINT('',(36.6,-21.4,26.612975257545));
#1570 = DIRECTION('',(0.,-0.,-1.));
#1571 = DIRECTION('',(6.167905692362E-17,1.,-0.));
#1572 = PCURVE('',#1266,#1573);
#1573 = DEFINITIONAL_REPRESENTATION('',(#1574),#1578);
#1574 = LINE('',#1575,#1576);
#1575 = CARTESIAN_POINT('',(-0.,1.570796326795));
#1576 = VECTOR('',#1577,1.);
#1577 = DIRECTION('',(-1.,0.));
#1578 = ( GEOMETRIC_REPRESENTATION_CONTEXT(2) 
PARAMETRIC_REPRESENTATION_CONTEXT() REPRESENTATION_CONTEXT('2D SPACE',''
  ) );
#1579 = PCURVE('',#1580,#1585);
#1580 = PLANE('',#1581);
#1581 = AXIS2_PLACEMENT_3D('',#1582,#1583,#1584);
#1582 = CARTESIAN_POINT('',(36.,-25.,26.612975257545));
#1583 = DIRECTION('',(0.,0.,1.));
#1584 = DIRECTION('',(1.,0.,0.));
#1585 = DEFINITIONAL_REPRESENTATION('',(#1586),#1594);
#1586 = ( BOUNDED_CURVE() B_SPLINE_CURVE(2,(#1587,#1588,#1589,#1590,
#1591,#1592,#1593),.UNSPECIFIED.,.T.,.F.) B_SPLINE_CURVE_WITH_KNOTS((1,2
    ,2,2,2,1),(-2.094395102393,0.,2.094395102393,4.188790204786,
6.28318530718,8.377580409573),.UNSPECIFIED.) CURVE() 
GEOMETRIC_REPRESENTATION_ITEM() RATIONAL_B_SPLINE_CURVE((1.,0.5,1.,0.5,
1.,0.5,1.)) REPRESENTATION_ITEM('') );
#1587 = CARTESIAN_POINT('',(0.6,7.8));
#1588 = CARTESIAN_POINT('',(7.874613391789,7.8));
#1589 = CARTESIAN_POINT('',(4.237306695895,1.5));
#1590 = CARTESIAN_POINT('',(0.6,-4.8));
#1591 = CARTESIAN_POINT('',(-3.037306695895,1.5));
#1592 = CARTESIAN_POINT('',(-6.674613391789,7.8));
#1593 = CARTESIAN_POINT('',(0.6,7.8));
#1594 = ( GEOMETRIC_REPRESENTATION_CONTEXT(2) 
PARAMETRIC_REPRESENTATION_CONTEXT() REPRESENTATION_CONTEXT('2D SPACE',''
  ) );
#1595 = ADVANCED_FACE('',(#1596),#1580,.T.);
#1596 = FACE_BOUND('',#1597,.T.);
#1597 = EDGE_LOOP('',(#1598,#1628,#1650,#1651));
#1598 = ORIENTED_EDGE('',*,*,#1599,.F.);
#1599 = EDGE_CURVE('',#1600,#1602,#1604,.T.);
#1600 = VERTEX_POINT('',#1601);
#1601 = CARTESIAN_POINT('',(31.233112249126,-20.87364795847,
    26.612975257545));
#1602 = VERTEX_POINT('',#1603);
#1603 = CARTESIAN_POINT('',(35.4,-17.2,26.612975257545));
#1604 = SURFACE_CURVE('',#1605,(#1610,#1621),.PCURVE_S1.);
#1605 = CIRCLE('',#1606,4.2);
#1606 = AXIS2_PLACEMENT_3D('',#1607,#1608,#1609);
#1607 = CARTESIAN_POINT('',(35.4,-21.4,26.612975257545));
#1608 = DIRECTION('',(-0.,0.,-1.));
#1609 = DIRECTION('',(-1.,8.223874256483E-17,0.));
#1610 = PCURVE('',#1580,#1611);
#1611 = DEFINITIONAL_REPRESENTATION('',(#1612),#1620);
#1612 = ( BOUNDED_CURVE() B_SPLINE_CURVE(2,(#1613,#1614,#1615,#1616,
#1617,#1618,#1619),.UNSPECIFIED.,.T.,.F.) B_SPLINE_CURVE_WITH_KNOTS((1,2
    ,2,2,2,1),(-2.094395102393,0.,2.094395102393,4.188790204786,
6.28318530718,8.377580409573),.UNSPECIFIED.) CURVE() 
GEOMETRIC_REPRESENTATION_ITEM() RATIONAL_B_SPLINE_CURVE((1.,0.5,1.,0.5,
1.,0.5,1.)) REPRESENTATION_ITEM('') );
#1613 = CARTESIAN_POINT('',(-4.8,3.6));
#1614 = CARTESIAN_POINT('',(-4.8,10.874613391789));
#1615 = CARTESIAN_POINT('',(1.5,7.237306695895));
#1616 = CARTESIAN_POINT('',(7.8,3.6));
#1617 = CARTESIAN_POINT('',(1.5,-3.730669589464E-02));
#1618 = CARTESIAN_POINT('',(-4.8,-3.674613391789));
#1619 = CARTESIAN_POINT('',(-4.8,3.6));
#1620 = ( GEOMETRIC_REPRESENTATION_CONTEXT(2) 
PARAMETRIC_REPRESENTATION_CONTEXT() REPRESENTATION_CONTEXT('2D SPACE',''
  ) );
#1621 = PCURVE('',#835,#1622);
#1622 = DEFINITIONAL_REPRESENTATION('',(#1623),#1627);
#1623 = LINE('',#1624,#1625);
#1624 = CARTESIAN_POINT('',(-0.,1.570796326795));
#1625 = VECTOR('',#1626,1.);
#1626 = DIRECTION('',(-1.,0.));
#1627 = ( GEOMETRIC_REPRESENTATION_CONTEXT(2) 
PARAMETRIC_REPRESENTATION_CONTEXT() REPRESENTATION_CONTEXT('2D SPACE',''
  ) );
#1628 = ORIENTED_EDGE('',*,*,#1629,.F.);
#1629 = EDGE_CURVE('',#1501,#1600,#1630,.T.);
#1630 = SURFACE_CURVE('',#1631,(#1636,#1643),.PCURVE_S1.);
#1631 = CIRCLE('',#1632,6.304760106459);
#1632 = AXIS2_PLACEMENT_3D('',#1633,#1634,#1635);
#1633 = CARTESIAN_POINT('',(36.,-25.,26.612975257545));
#1634 = DIRECTION('',(0.,0.,1.));
#1635 = DIRECTION('',(1.,0.,-0.));
#1636 = PCURVE('',#1580,#1637);
#1637 = DEFINITIONAL_REPRESENTATION('',(#1638),#1642);
#1638 = CIRCLE('',#1639,6.304760106459);
#1639 = AXIS2_PLACEMENT_2D('',#1640,#1641);
#1640 = CARTESIAN_POINT('',(0.,0.));
#1641 = DIRECTION('',(1.,0.));
#1642 = ( GEOMETRIC_REPRESENTATION_CONTEXT(2) 
PARAMETRIC_REPRESENTATION_CONTEXT() REPRESENTATION_CONTEXT('2D SPACE',''
  ) );
#1643 = PCURVE('',#767,#1644);
#1644 = DEFINITIONAL_REPRESENTATION('',(#1645),#1649);
#1645 = LINE('',#1646,#1647);
#1646 = CARTESIAN_POINT('',(0.,-1.41251727687));
#1647 = VECTOR('',#1648,1.);
#1648 = DIRECTION('',(1.,0.));
#1649 = ( GEOMETRIC_REPRESENTATION_CONTEXT(2) 
PARAMETRIC_REPRESENTATION_CONTEXT() REPRESENTATION_CONTEXT('2D SPACE',''
  ) );
#1650 = ORIENTED_EDGE('',*,*,#1565,.F.);
#1651 = ORIENTED_EDGE('',*,*,#1652,.F.);
#1652 = EDGE_CURVE('',#1602,#1449,#1653,.T.);
#1653 = SURFACE_CURVE('',#1654,(#1658,#1665),.PCURVE_S1.);
#1654 = LINE('',#1655,#1656);
#1655 = CARTESIAN_POINT('',(35.4,-17.2,26.612975257545));
#1656 = VECTOR('',#1657,1.);
#1657 = DIRECTION('',(1.,0.,0.));
#1658 = PCURVE('',#1580,#1659);
#1659 = DEFINITIONAL_REPRESENTATION('',(#1660),#1664);
#1660 = LINE('',#1661,#1662);
#1661 = CARTESIAN_POINT('',(-0.6,7.8));
#1662 = VECTOR('',#1663,1.);
#1663 = DIRECTION('',(1.,0.));
#1664 = ( GEOMETRIC_REPRESENTATION_CONTEXT(2) 
PARAMETRIC_REPRESENTATION_CONTEXT() REPRESENTATION_CONTEXT('2D SPACE',''
  ) );
#1665 = PCURVE('',#1465,#1666);
#1666 = DEFINITIONAL_REPRESENTATION('',(#1667),#1671);
#1667 = LINE('',#1668,#1669);
#1668 = CARTESIAN_POINT('',(1.570796326795,0.));
#1669 = VECTOR('',#1670,1.);
#1670 = DIRECTION('',(0.,1.));
#1671 = ( GEOMETRIC_REPRESENTATION_CONTEXT(2) 
PARAMETRIC_REPRESENTATION_CONTEXT() REPRESENTATION_CONTEXT('2D SPACE',''
  ) );
#1672 = ADVANCED_FACE('',(#1673),#1465,.T.);
#1673 = FACE_BOUND('',#1674,.T.);
#1674 = EDGE_LOOP('',(#1675,#1699,#1700,#1701));
#1675 = ORIENTED_EDGE('',*,*,#1676,.T.);
#1676 = EDGE_CURVE('',#1677,#1602,#1679,.T.);
#1677 = VERTEX_POINT('',#1678);
#1678 = CARTESIAN_POINT('',(35.4,-16.,25.412975257545));
#1679 = SURFACE_CURVE('',#1680,(#1685,#1692),.PCURVE_S1.);
#1680 = CIRCLE('',#1681,1.2);
#1681 = AXIS2_PLACEMENT_3D('',#1682,#1683,#1684);
#1682 = CARTESIAN_POINT('',(35.4,-17.2,25.412975257545));
#1683 = DIRECTION('',(1.,-2.100640260746E-17,0.));
#1684 = DIRECTION('',(2.100640260746E-17,1.,0.));
#1685 = PCURVE('',#1465,#1686);
#1686 = DEFINITIONAL_REPRESENTATION('',(#1687),#1691);
#1687 = LINE('',#1688,#1689);
#1688 = CARTESIAN_POINT('',(0.,0.));
#1689 = VECTOR('',#1690,1.);
#1690 = DIRECTION('',(1.,0.));
#1691 = ( GEOMETRIC_REPRESENTATION_CONTEXT(2) 
PARAMETRIC_REPRESENTATION_CONTEXT() REPRESENTATION_CONTEXT('2D SPACE',''
  ) );
#1692 = PCURVE('',#835,#1693);
#1693 = DEFINITIONAL_REPRESENTATION('',(#1694),#1698);
#1694 = LINE('',#1695,#1696);
#1695 = CARTESIAN_POINT('',(-1.570796326795,0.));
#1696 = VECTOR('',#1697,1.);
#1697 = DIRECTION('',(-0.,1.));
#1698 = ( GEOMETRIC_REPRESENTATION_CONTEXT(2) 
PARAMETRIC_REPRESENTATION_CONTEXT() REPRESENTATION_CONTEXT('2D SPACE',''
  ) );
#1699 = ORIENTED_EDGE('',*,*,#1652,.T.);
#1700 = ORIENTED_EDGE('',*,*,#1446,.F.);
#1701 = ORIENTED_EDGE('',*,*,#1702,.F.);
#1702 = EDGE_CURVE('',#1677,#1447,#1703,.T.);
#1703 = SURFACE_CURVE('',#1704,(#1708,#1715),.PCURVE_S1.);
#1704 = LINE('',#1705,#1706);
#1705 = CARTESIAN_POINT('',(35.4,-16.,25.412975257545));
#1706 = VECTOR('',#1707,1.);
#1707 = DIRECTION('',(1.,0.,0.));
#1708 = PCURVE('',#1465,#1709);
#1709 = DEFINITIONAL_REPRESENTATION('',(#1710),#1714);
#1710 = LINE('',#1711,#1712);
#1711 = CARTESIAN_POINT('',(0.,0.));
#1712 = VECTOR('',#1713,1.);
#1713 = DIRECTION('',(0.,1.));
#1714 = ( GEOMETRIC_REPRESENTATION_CONTEXT(2) 
PARAMETRIC_REPRESENTATION_CONTEXT() REPRESENTATION_CONTEXT('2D SPACE',''
  ) );
#1715 = PCURVE('',#436,#1716);
#1716 = DEFINITIONAL_REPRESENTATION('',(#1717),#1721);
#1717 = LINE('',#1718,#1719);
#1718 = CARTESIAN_POINT('',(0.,-4.7));
#1719 = VECTOR('',#1720,1.);
#1720 = DIRECTION('',(1.,0.));
#1721 = ( GEOMETRIC_REPRESENTATION_CONTEXT(2) 
PARAMETRIC_REPRESENTATION_CONTEXT() REPRESENTATION_CONTEXT('2D SPACE',''
  ) );
#1722 = ADVANCED_FACE('',(#1723),#869,.T.);
#1723 = FACE_BOUND('',#1724,.T.);
#1724 = EDGE_LOOP('',(#1725,#1726,#1727,#1728));
#1725 = ORIENTED_EDGE('',*,*,#1140,.T.);
#1726 = ORIENTED_EDGE('',*,*,#1028,.T.);
#1727 = ORIENTED_EDGE('',*,*,#850,.F.);
#1728 = ORIENTED_EDGE('',*,*,#1729,.F.);
#1729 = EDGE_CURVE('',#1117,#851,#1730,.T.);
#1730 = SURFACE_CURVE('',#1731,(#1735,#1742),.PCURVE_S1.);
#1731 = LINE('',#1732,#1733);
#1732 = CARTESIAN_POINT('',(36.6,-34.,25.412975257545));
#1733 = VECTOR('',#1734,1.);
#1734 = DIRECTION('',(-1.,-0.,-0.));
#1735 = PCURVE('',#869,#1736);
#1736 = DEFINITIONAL_REPRESENTATION('',(#1737),#1741);
#1737 = LINE('',#1738,#1739);
#1738 = CARTESIAN_POINT('',(0.,0.));
#1739 = VECTOR('',#1740,1.);
#1740 = DIRECTION('',(0.,1.));
#1741 = ( GEOMETRIC_REPRESENTATION_CONTEXT(2) 
PARAMETRIC_REPRESENTATION_CONTEXT() REPRESENTATION_CONTEXT('2D SPACE',''
  ) );
#1742 = PCURVE('',#548,#1743);
#1743 = DEFINITIONAL_REPRESENTATION('',(#1744),#1748);
#1744 = LINE('',#1745,#1746);
#1745 = CARTESIAN_POINT('',(1.2,-4.7));
#1746 = VECTOR('',#1747,1.);
#1747 = DIRECTION('',(-1.,0.));
#1748 = ( GEOMETRIC_REPRESENTATION_CONTEXT(2) 
PARAMETRIC_REPRESENTATION_CONTEXT() REPRESENTATION_CONTEXT('2D SPACE',''
  ) );
#1749 = ADVANCED_FACE('',(#1750),#767,.F.);
#1750 = FACE_BOUND('',#1751,.F.);
#1751 = EDGE_LOOP('',(#1752,#1753,#1777,#1778,#1779,#1780,#1781,#1782,
    #1783,#1843,#1844));
#1752 = ORIENTED_EDGE('',*,*,#1278,.F.);
#1753 = ORIENTED_EDGE('',*,*,#1754,.F.);
#1754 = EDGE_CURVE('',#1755,#1279,#1757,.T.);
#1755 = VERTEX_POINT('',#1756);
#1756 = CARTESIAN_POINT('',(36.,-25.,26.112975257545));
#1757 = SEAM_CURVE('',#1758,(#1763,#1770),.PCURVE_S1.);
#1758 = CIRCLE('',#1759,40.);
#1759 = AXIS2_PLACEMENT_3D('',#1760,#1761,#1762);
#1760 = CARTESIAN_POINT('',(36.,-25.,66.112975257545));
#1761 = DIRECTION('',(-2.449293598295E-16,-1.,0.));
#1762 = DIRECTION('',(1.,-2.449293598295E-16,0.));
#1763 = PCURVE('',#767,#1764);
#1764 = DEFINITIONAL_REPRESENTATION('',(#1765),#1769);
#1765 = LINE('',#1766,#1767);
#1766 = CARTESIAN_POINT('',(6.28318530718,-6.28318530718));
#1767 = VECTOR('',#1768,1.);
#1768 = DIRECTION('',(0.,1.));
#1769 = ( GEOMETRIC_REPRESENTATION_CONTEXT(2) 
PARAMETRIC_REPRESENTATION_CONTEXT() REPRESENTATION_CONTEXT('2D SPACE',''
  ) );
#1770 = PCURVE('',#767,#1771);
#1771 = DEFINITIONAL_REPRESENTATION('',(#1772),#1776);
#1772 = LINE('',#1773,#1774);
#1773 = CARTESIAN_POINT('',(0.,-6.28318530718));
#1774 = VECTOR('',#1775,1.);
#1775 = DIRECTION('',(0.,1.));
#1776 = ( GEOMETRIC_REPRESENTATION_CONTEXT(2) 
PARAMETRIC_REPRESENTATION_CONTEXT() REPRESENTATION_CONTEXT('2D SPACE',''
  ) );
#1777 = ORIENTED_EDGE('',*,*,#1754,.T.);
#1778 = ORIENTED_EDGE('',*,*,#1361,.F.);
#1779 = ORIENTED_EDGE('',*,*,#1163,.F.);
#1780 = ORIENTED_EDGE('',*,*,#1003,.F.);
#1781 = ORIENTED_EDGE('',*,*,#904,.F.);
#1782 = ORIENTED_EDGE('',*,*,#669,.F.);
#1783 = ORIENTED_EDGE('',*,*,#1784,.F.);
#1784 = EDGE_CURVE('',#1600,#670,#1785,.T.);
#1785 = SURFACE_CURVE('',#1786,(#1803,#1823),.PCURVE_S1.);
#1786 = B_SPLINE_CURVE_WITH_KNOTS('',8,(#1787,#1788,#1789,#1790,#1791,
    #1792,#1793,#1794,#1795,#1796,#1797,#1798,#1799,#1800,#1801,#1802),
  .UNSPECIFIED.,.F.,.F.,(9,7,9),(0.,0.600469756079,1.),.UNSPECIFIED.);
#1787 = CARTESIAN_POINT('',(31.233112249126,-20.87364795847,
    26.612975257545));
#1788 = CARTESIAN_POINT('',(31.205465836061,-20.90558593819,
    26.612975257545));
#1789 = CARTESIAN_POINT('',(31.180117976082,-20.94036416798,
    26.612452785931));
#1790 = CARTESIAN_POINT('',(31.156504261856,-20.9769557514,
    26.611586000022));
#1791 = CARTESIAN_POINT('',(31.134493921392,-21.01491374781,
    26.61043917075));
#1792 = CARTESIAN_POINT('',(31.113885829885,-21.05383589347,
    26.609078621158));
#1793 = CARTESIAN_POINT('',(31.094572846592,-21.09354770076,
    26.607535446675));
#1794 = CARTESIAN_POINT('',(31.076417376254,-21.13394619051,
    26.605837305284));
#1795 = CARTESIAN_POINT('',(31.047916779681,-21.20242523359,
    26.602771798535));
#1796 = CARTESIAN_POINT('',(31.037013459779,-21.23004909476,
    26.601486417287));
#1797 = CARTESIAN_POINT('',(31.026570869462,-21.25790824103,
    26.600146272296));
#1798 = CARTESIAN_POINT('',(31.016570318315,-21.28597807715,
    26.598756218429));
#1799 = CARTESIAN_POINT('',(31.006996374274,-21.31423798567,
    26.597320281307));
#1800 = CARTESIAN_POINT('',(30.997836011577,-21.34267077276,
    26.595841828017));
#1801 = CARTESIAN_POINT('',(30.989077758712,-21.37126211396,
    26.594323737838));
#1802 = CARTESIAN_POINT('',(30.980710846369,-21.4,26.592768572961));
#1803 = PCURVE('',#767,#1804);
#1804 = DEFINITIONAL_REPRESENTATION('',(#1805),#1822);
#1805 = B_SPLINE_CURVE_WITH_KNOTS('',8,(#1806,#1807,#1808,#1809,#1810,
    #1811,#1812,#1813,#1814,#1815,#1816,#1817,#1818,#1819,#1820,#1821),
  .UNSPECIFIED.,.F.,.F.,(9,7,9),(0.,0.600469756079,1.),.UNSPECIFIED.);
#1806 = CARTESIAN_POINT('',(2.428095343447,-1.41251727687));
#1807 = CARTESIAN_POINT('',(2.434795308159,-1.41251727687));
#1808 = CARTESIAN_POINT('',(2.44159728048,-1.412600145796));
#1809 = CARTESIAN_POINT('',(2.448451015719,-1.41273763021));
#1810 = CARTESIAN_POINT('',(2.455324164251,-1.412919757337));
#1811 = CARTESIAN_POINT('',(2.462195584533,-1.413136150465));
#1812 = CARTESIAN_POINT('',(2.469059442055,-1.413382048562));
#1813 = CARTESIAN_POINT('',(2.475921447426,-1.413653200055));
#1814 = CARTESIAN_POINT('',(2.487379955732,-1.414143818669));
#1815 = CARTESIAN_POINT('',(2.491957037557,-1.414349815015));
#1816 = CARTESIAN_POINT('',(2.496533018408,-1.414564903149));
#1817 = CARTESIAN_POINT('',(2.501107753378,-1.414788352022));
#1818 = CARTESIAN_POINT('',(2.505681156631,-1.415019560312));
#1819 = CARTESIAN_POINT('',(2.510253243207,-1.415258029621));
#1820 = CARTESIAN_POINT('',(2.514824170824,-1.415503337672));
#1821 = CARTESIAN_POINT('',(2.519394281678,-1.415755111505));
#1822 = ( GEOMETRIC_REPRESENTATION_CONTEXT(2) 
PARAMETRIC_REPRESENTATION_CONTEXT() REPRESENTATION_CONTEXT('2D SPACE',''
  ) );
#1823 = PCURVE('',#835,#1824);
#1824 = DEFINITIONAL_REPRESENTATION('',(#1825),#1842);
#1825 = B_SPLINE_CURVE_WITH_KNOTS('',8,(#1826,#1827,#1828,#1829,#1830,
    #1831,#1832,#1833,#1834,#1835,#1836,#1837,#1838,#1839,#1840,#1841),
  .UNSPECIFIED.,.F.,.F.,(9,7,9),(0.,0.600469756079,1.),.UNSPECIFIED.);
#1826 = CARTESIAN_POINT('',(-0.125652297273,1.570796326795));
#1827 = CARTESIAN_POINT('',(-0.117283038633,1.551274723793));
#1828 = CARTESIAN_POINT('',(-0.108418146775,1.533669886165));
#1829 = CARTESIAN_POINT('',(-9.927516342935E-02,1.517332590431));
#1830 = CARTESIAN_POINT('',(-8.9946192885E-02,1.502076106558));
#1831 = CARTESIAN_POINT('',(-8.051085276514E-02,1.487673524259));
#1832 = CARTESIAN_POINT('',(-7.099906497755E-02,1.474010734548));
#1833 = CARTESIAN_POINT('',(-6.14249664698E-02,1.460953523767));
#1834 = CARTESIAN_POINT('',(-4.53518334288E-02,1.440031489377));
#1835 = CARTESIAN_POINT('',(-3.890875319139E-02,1.431907602454));
#1836 = CARTESIAN_POINT('',(-3.244879531605E-02,1.423994952797));
#1837 = CARTESIAN_POINT('',(-2.597561926084E-02,1.416274072683));
#1838 = CARTESIAN_POINT('',(-1.949214215671E-02,1.408728995449));
#1839 = CARTESIAN_POINT('',(-1.300063685732E-02,1.401346362965));
#1840 = CARTESIAN_POINT('',(-6.502829988887E-03,1.394114533112));
#1841 = CARTESIAN_POINT('',(0.,1.38702268725));
#1842 = ( GEOMETRIC_REPRESENTATION_CONTEXT(2) 
PARAMETRIC_REPRESENTATION_CONTEXT() REPRESENTATION_CONTEXT('2D SPACE',''
  ) );
#1843 = ORIENTED_EDGE('',*,*,#1629,.F.);
#1844 = ORIENTED_EDGE('',*,*,#1500,.F.);
#1845 = ADVANCED_FACE('',(#1846),#835,.T.);
#1846 = FACE_BOUND('',#1847,.F.);
#1847 = EDGE_LOOP('',(#1848,#1849,#1871,#1872,#1873));
#1848 = ORIENTED_EDGE('',*,*,#820,.F.);
#1849 = ORIENTED_EDGE('',*,*,#1850,.T.);
#1850 = EDGE_CURVE('',#587,#1677,#1851,.T.);
#1851 = SURFACE_CURVE('',#1852,(#1857,#1864),.PCURVE_S1.);
#1852 = CIRCLE('',#1853,5.4);
#1853 = AXIS2_PLACEMENT_3D('',#1854,#1855,#1856);
#1854 = CARTESIAN_POINT('',(35.4,-21.4,25.412975257545));
#1855 = DIRECTION('',(-0.,0.,-1.));
#1856 = DIRECTION('',(-1.,8.223874256483E-17,0.));
#1857 = PCURVE('',#835,#1858);
#1858 = DEFINITIONAL_REPRESENTATION('',(#1859),#1863);
#1859 = LINE('',#1860,#1861);
#1860 = CARTESIAN_POINT('',(-0.,0.));
#1861 = VECTOR('',#1862,1.);
#1862 = DIRECTION('',(-1.,0.));
#1863 = ( GEOMETRIC_REPRESENTATION_CONTEXT(2) 
PARAMETRIC_REPRESENTATION_CONTEXT() REPRESENTATION_CONTEXT('2D SPACE',''
  ) );
#1864 = PCURVE('',#408,#1865);
#1865 = DEFINITIONAL_REPRESENTATION('',(#1866),#1870);
#1866 = LINE('',#1867,#1868);
#1867 = CARTESIAN_POINT('',(-3.14159265359,-4.7));
#1868 = VECTOR('',#1869,1.);
#1869 = DIRECTION('',(1.,-0.));
#1870 = ( GEOMETRIC_REPRESENTATION_CONTEXT(2) 
PARAMETRIC_REPRESENTATION_CONTEXT() REPRESENTATION_CONTEXT('2D SPACE',''
  ) );
#1871 = ORIENTED_EDGE('',*,*,#1676,.T.);
#1872 = ORIENTED_EDGE('',*,*,#1599,.F.);
#1873 = ORIENTED_EDGE('',*,*,#1784,.T.);
#1874 = ADVANCED_FACE('',(#1875),#408,.T.);
#1875 = FACE_BOUND('',#1876,.F.);
#1876 = EDGE_LOOP('',(#1877,#1898,#1899,#1900));
#1877 = ORIENTED_EDGE('',*,*,#1878,.T.);
#1878 = EDGE_CURVE('',#392,#1677,#1879,.T.);
#1879 = SURFACE_CURVE('',#1880,(#1884,#1891),.PCURVE_S1.);
#1880 = LINE('',#1881,#1882);
#1881 = CARTESIAN_POINT('',(35.4,-16.,20.712975257545));
#1882 = VECTOR('',#1883,1.);
#1883 = DIRECTION('',(0.,0.,1.));
#1884 = PCURVE('',#408,#1885);
#1885 = DEFINITIONAL_REPRESENTATION('',(#1886),#1890);
#1886 = LINE('',#1887,#1888);
#1887 = CARTESIAN_POINT('',(-1.570796326795,0.));
#1888 = VECTOR('',#1889,1.);
#1889 = DIRECTION('',(-0.,-1.));
#1890 = ( GEOMETRIC_REPRESENTATION_CONTEXT(2) 
PARAMETRIC_REPRESENTATION_CONTEXT() REPRESENTATION_CONTEXT('2D SPACE',''
  ) );
#1891 = PCURVE('',#436,#1892);
#1892 = DEFINITIONAL_REPRESENTATION('',(#1893),#1897);
#1893 = LINE('',#1894,#1895);
#1894 = CARTESIAN_POINT('',(0.,0.));
#1895 = VECTOR('',#1896,1.);
#1896 = DIRECTION('',(0.,-1.));
#1897 = ( GEOMETRIC_REPRESENTATION_CONTEXT(2) 
PARAMETRIC_REPRESENTATION_CONTEXT() REPRESENTATION_CONTEXT('2D SPACE',''
  ) );
#1898 = ORIENTED_EDGE('',*,*,#1850,.F.);
#1899 = ORIENTED_EDGE('',*,*,#614,.F.);
#1900 = ORIENTED_EDGE('',*,*,#391,.F.);
#1901 = ADVANCED_FACE('',(#1902),#436,.T.);
#1902 = FACE_BOUND('',#1903,.T.);
#1903 = EDGE_LOOP('',(#1904,#1905,#1906,#1927));
#1904 = ORIENTED_EDGE('',*,*,#1878,.T.);
#1905 = ORIENTED_EDGE('',*,*,#1702,.T.);
#1906 = ORIENTED_EDGE('',*,*,#1907,.F.);
#1907 = EDGE_CURVE('',#421,#1447,#1908,.T.);
#1908 = SURFACE_CURVE('',#1909,(#1913,#1920),.PCURVE_S1.);
#1909 = LINE('',#1910,#1911);
#1910 = CARTESIAN_POINT('',(36.6,-16.,20.712975257545));
#1911 = VECTOR('',#1912,1.);
#1912 = DIRECTION('',(0.,0.,1.));
#1913 = PCURVE('',#436,#1914);
#1914 = DEFINITIONAL_REPRESENTATION('',(#1915),#1919);
#1915 = LINE('',#1916,#1917);
#1916 = CARTESIAN_POINT('',(1.2,0.));
#1917 = VECTOR('',#1918,1.);
#1918 = DIRECTION('',(0.,-1.));
#1919 = ( GEOMETRIC_REPRESENTATION_CONTEXT(2) 
PARAMETRIC_REPRESENTATION_CONTEXT() REPRESENTATION_CONTEXT('2D SPACE',''
  ) );
#1920 = PCURVE('',#465,#1921);
#1921 = DEFINITIONAL_REPRESENTATION('',(#1922),#1926);
#1922 = LINE('',#1923,#1924);
#1923 = CARTESIAN_POINT('',(-1.570796326795,0.));
#1924 = VECTOR('',#1925,1.);
#1925 = DIRECTION('',(-0.,-1.));
#1926 = ( GEOMETRIC_REPRESENTATION_CONTEXT(2) 
PARAMETRIC_REPRESENTATION_CONTEXT() REPRESENTATION_CONTEXT('2D SPACE',''
  ) );
#1927 = ORIENTED_EDGE('',*,*,#420,.F.);
#1928 = ADVANCED_FACE('',(#1929),#465,.T.);
#1929 = FACE_BOUND('',#1930,.F.);
#1930 = EDGE_LOOP('',(#1931,#1952,#1953,#1954));
#1931 = ORIENTED_EDGE('',*,*,#1932,.T.);
#1932 = EDGE_CURVE('',#449,#1227,#1933,.T.);
#1933 = SURFACE_CURVE('',#1934,(#1938,#1945),.PCURVE_S1.);
#1934 = LINE('',#1935,#1936);
#1935 = CARTESIAN_POINT('',(42.,-21.4,20.712975257545));
#1936 = VECTOR('',#1937,1.);
#1937 = DIRECTION('',(0.,0.,1.));
#1938 = PCURVE('',#465,#1939);
#1939 = DEFINITIONAL_REPRESENTATION('',(#1940),#1944);
#1940 = LINE('',#1941,#1942);
#1941 = CARTESIAN_POINT('',(-0.,0.));
#1942 = VECTOR('',#1943,1.);
#1943 = DIRECTION('',(-0.,-1.));
#1944 = ( GEOMETRIC_REPRESENTATION_CONTEXT(2) 
PARAMETRIC_REPRESENTATION_CONTEXT() REPRESENTATION_CONTEXT('2D SPACE',''
  ) );
#1945 = PCURVE('',#493,#1946);
#1946 = DEFINITIONAL_REPRESENTATION('',(#1947),#1951);
#1947 = LINE('',#1948,#1949);
#1948 = CARTESIAN_POINT('',(7.2,0.));
#1949 = VECTOR('',#1950,1.);
#1950 = DIRECTION('',(0.,-1.));
#1951 = ( GEOMETRIC_REPRESENTATION_CONTEXT(2) 
PARAMETRIC_REPRESENTATION_CONTEXT() REPRESENTATION_CONTEXT('2D SPACE',''
  ) );
#1952 = ORIENTED_EDGE('',*,*,#1477,.F.);
#1953 = ORIENTED_EDGE('',*,*,#1907,.F.);
#1954 = ORIENTED_EDGE('',*,*,#448,.F.);
#1955 = ADVANCED_FACE('',(#1956),#493,.F.);
#1956 = FACE_BOUND('',#1957,.F.);
#1957 = EDGE_LOOP('',(#1958,#1979,#1980,#1981));
#1958 = ORIENTED_EDGE('',*,*,#1959,.T.);
#1959 = EDGE_CURVE('',#478,#1086,#1960,.T.);
#1960 = SURFACE_CURVE('',#1961,(#1965,#1972),.PCURVE_S1.);
#1961 = LINE('',#1962,#1963);
#1962 = CARTESIAN_POINT('',(42.,-28.6,20.712975257545));
#1963 = VECTOR('',#1964,1.);
#1964 = DIRECTION('',(0.,0.,1.));
#1965 = PCURVE('',#493,#1966);
#1966 = DEFINITIONAL_REPRESENTATION('',(#1967),#1971);
#1967 = LINE('',#1968,#1969);
#1968 = CARTESIAN_POINT('',(0.,0.));
#1969 = VECTOR('',#1970,1.);
#1970 = DIRECTION('',(0.,-1.));
#1971 = ( GEOMETRIC_REPRESENTATION_CONTEXT(2) 
PARAMETRIC_REPRESENTATION_CONTEXT() REPRESENTATION_CONTEXT('2D SPACE',''
  ) );
#1972 = PCURVE('',#522,#1973);
#1973 = DEFINITIONAL_REPRESENTATION('',(#1974),#1978);
#1974 = LINE('',#1975,#1976);
#1975 = CARTESIAN_POINT('',(-6.28318530718,0.));
#1976 = VECTOR('',#1977,1.);
#1977 = DIRECTION('',(-0.,-1.));
#1978 = ( GEOMETRIC_REPRESENTATION_CONTEXT(2) 
PARAMETRIC_REPRESENTATION_CONTEXT() REPRESENTATION_CONTEXT('2D SPACE',''
  ) );
#1979 = ORIENTED_EDGE('',*,*,#1226,.F.);
#1980 = ORIENTED_EDGE('',*,*,#1932,.F.);
#1981 = ORIENTED_EDGE('',*,*,#477,.F.);
#1982 = ADVANCED_FACE('',(#1983),#522,.T.);
#1983 = FACE_BOUND('',#1984,.F.);
#1984 = EDGE_LOOP('',(#1985,#2006,#2007,#2008));
#1985 = ORIENTED_EDGE('',*,*,#1986,.T.);
#1986 = EDGE_CURVE('',#506,#1117,#1987,.T.);
#1987 = SURFACE_CURVE('',#1988,(#1992,#1999),.PCURVE_S1.);
#1988 = LINE('',#1989,#1990);
#1989 = CARTESIAN_POINT('',(36.6,-34.,20.712975257545));
#1990 = VECTOR('',#1991,1.);
#1991 = DIRECTION('',(0.,0.,1.));
#1992 = PCURVE('',#522,#1993);
#1993 = DEFINITIONAL_REPRESENTATION('',(#1994),#1998);
#1994 = LINE('',#1995,#1996);
#1995 = CARTESIAN_POINT('',(-4.712388980385,0.));
#1996 = VECTOR('',#1997,1.);
#1997 = DIRECTION('',(-0.,-1.));
#1998 = ( GEOMETRIC_REPRESENTATION_CONTEXT(2) 
PARAMETRIC_REPRESENTATION_CONTEXT() REPRESENTATION_CONTEXT('2D SPACE',''
  ) );
#1999 = PCURVE('',#548,#2000);
#2000 = DEFINITIONAL_REPRESENTATION('',(#2001),#2005);
#2001 = LINE('',#2002,#2003);
#2002 = CARTESIAN_POINT('',(1.2,0.));
#2003 = VECTOR('',#2004,1.);
#2004 = DIRECTION('',(0.,-1.));
#2005 = ( GEOMETRIC_REPRESENTATION_CONTEXT(2) 
PARAMETRIC_REPRESENTATION_CONTEXT() REPRESENTATION_CONTEXT('2D SPACE',''
  ) );
#2006 = ORIENTED_EDGE('',*,*,#1116,.F.);
#2007 = ORIENTED_EDGE('',*,*,#1959,.F.);
#2008 = ORIENTED_EDGE('',*,*,#505,.F.);
#2009 = ADVANCED_FACE('',(#2010),#548,.F.);
#2010 = FACE_BOUND('',#2011,.F.);
#2011 = EDGE_LOOP('',(#2012,#2033,#2034,#2035));
#2012 = ORIENTED_EDGE('',*,*,#2013,.T.);
#2013 = EDGE_CURVE('',#335,#851,#2014,.T.);
#2014 = SURFACE_CURVE('',#2015,(#2019,#2026),.PCURVE_S1.);
#2015 = LINE('',#2016,#2017);
#2016 = CARTESIAN_POINT('',(35.4,-34.,20.712975257545));
#2017 = VECTOR('',#2018,1.);
#2018 = DIRECTION('',(0.,0.,1.));
#2019 = PCURVE('',#548,#2020);
#2020 = DEFINITIONAL_REPRESENTATION('',(#2021),#2025);
#2021 = LINE('',#2022,#2023);
#2022 = CARTESIAN_POINT('',(0.,0.));
#2023 = VECTOR('',#2024,1.);
#2024 = DIRECTION('',(0.,-1.));
#2025 = ( GEOMETRIC_REPRESENTATION_CONTEXT(2) 
PARAMETRIC_REPRESENTATION_CONTEXT() REPRESENTATION_CONTEXT('2D SPACE',''
  ) );
#2026 = PCURVE('',#351,#2027);
#2027 = DEFINITIONAL_REPRESENTATION('',(#2028),#2032);
#2028 = LINE('',#2029,#2030);
#2029 = CARTESIAN_POINT('',(-4.712388980385,0.));
#2030 = VECTOR('',#2031,1.);
#2031 = DIRECTION('',(-0.,-1.));
#2032 = ( GEOMETRIC_REPRESENTATION_CONTEXT(2) 
PARAMETRIC_REPRESENTATION_CONTEXT() REPRESENTATION_CONTEXT('2D SPACE',''
  ) );
#2033 = ORIENTED_EDGE('',*,*,#1729,.F.);
#2034 = ORIENTED_EDGE('',*,*,#1986,.F.);
#2035 = ORIENTED_EDGE('',*,*,#534,.F.);
#2036 = ADVANCED_FACE('',(#2037),#351,.T.);
#2037 = FACE_BOUND('',#2038,.F.);
#2038 = EDGE_LOOP('',(#2039,#2040,#2041,#2042));
#2039 = ORIENTED_EDGE('',*,*,#563,.T.);
#2040 = ORIENTED_EDGE('',*,*,#881,.F.);
#2041 = ORIENTED_EDGE('',*,*,#2013,.F.);
#2042 = ORIENTED_EDGE('',*,*,#332,.F.);
#2043 = ADVANCED_FACE('',(#2044),#239,.F.);
#2044 = FACE_BOUND('',#2045,.F.);
#2045 = EDGE_LOOP('',(#2046,#2069,#2070,#2093));
#2046 = ORIENTED_EDGE('',*,*,#2047,.T.);
#2047 = EDGE_CURVE('',#2048,#195,#2050,.T.);
#2048 = VERTEX_POINT('',#2049);
#2049 = CARTESIAN_POINT('',(43.,-28.6,20.112975257545));
#2050 = SURFACE_CURVE('',#2051,(#2055,#2062),.PCURVE_S1.);
#2051 = LINE('',#2052,#2053);
#2052 = CARTESIAN_POINT('',(43.,-28.6,20.112975257545));
#2053 = VECTOR('',#2054,1.);
#2054 = DIRECTION('',(0.,0.,1.));
#2055 = PCURVE('',#239,#2056);
#2056 = DEFINITIONAL_REPRESENTATION('',(#2057),#2061);
#2057 = LINE('',#2058,#2059);
#2058 = CARTESIAN_POINT('',(0.,0.));
#2059 = VECTOR('',#2060,1.);
#2060 = DIRECTION('',(0.,-1.));
#2061 = ( GEOMETRIC_REPRESENTATION_CONTEXT(2) 
PARAMETRIC_REPRESENTATION_CONTEXT() REPRESENTATION_CONTEXT('2D SPACE',''
  ) );
#2062 = PCURVE('',#211,#2063);
#2063 = DEFINITIONAL_REPRESENTATION('',(#2064),#2068);
#2064 = LINE('',#2065,#2066);
#2065 = CARTESIAN_POINT('',(-6.28318530718,0.));
#2066 = VECTOR('',#2067,1.);
#2067 = DIRECTION('',(-0.,-1.));
#2068 = ( GEOMETRIC_REPRESENTATION_CONTEXT(2) 
PARAMETRIC_REPRESENTATION_CONTEXT() REPRESENTATION_CONTEXT('2D SPACE',''
  ) );
#2069 = ORIENTED_EDGE('',*,*,#223,.T.);
#2070 = ORIENTED_EDGE('',*,*,#2071,.F.);
#2071 = EDGE_CURVE('',#2072,#224,#2074,.T.);
#2072 = VERTEX_POINT('',#2073);
#2073 = CARTESIAN_POINT('',(43.,-21.4,20.112975257545));
#2074 = SURFACE_CURVE('',#2075,(#2079,#2086),.PCURVE_S1.);
#2075 = LINE('',#2076,#2077);
#2076 = CARTESIAN_POINT('',(43.,-21.4,20.112975257545));
#2077 = VECTOR('',#2078,1.);
#2078 = DIRECTION('',(0.,0.,1.));
#2079 = PCURVE('',#239,#2080);
#2080 = DEFINITIONAL_REPRESENTATION('',(#2081),#2085);
#2081 = LINE('',#2082,#2083);
#2082 = CARTESIAN_POINT('',(7.2,0.));
#2083 = VECTOR('',#2084,1.);
#2084 = DIRECTION('',(0.,-1.));
#2085 = ( GEOMETRIC_REPRESENTATION_CONTEXT(2) 
PARAMETRIC_REPRESENTATION_CONTEXT() REPRESENTATION_CONTEXT('2D SPACE',''
  ) );
#2086 = PCURVE('',#268,#2087);
#2087 = DEFINITIONAL_REPRESENTATION('',(#2088),#2092);
#2088 = LINE('',#2089,#2090);
#2089 = CARTESIAN_POINT('',(-0.,0.));
#2090 = VECTOR('',#2091,1.);
#2091 = DIRECTION('',(-0.,-1.));
#2092 = ( GEOMETRIC_REPRESENTATION_CONTEXT(2) 
PARAMETRIC_REPRESENTATION_CONTEXT() REPRESENTATION_CONTEXT('2D SPACE',''
  ) );
#2093 = ORIENTED_EDGE('',*,*,#2094,.F.);
#2094 = EDGE_CURVE('',#2048,#2072,#2095,.T.);
#2095 = SURFACE_CURVE('',#2096,(#2100,#2107),.PCURVE_S1.);
#2096 = LINE('',#2097,#2098);
#2097 = CARTESIAN_POINT('',(43.,-25.,20.112975257545));
#2098 = VECTOR('',#2099,1.);
#2099 = DIRECTION('',(0.,1.,0.));
#2100 = PCURVE('',#239,#2101);
#2101 = DEFINITIONAL_REPRESENTATION('',(#2102),#2106);
#2102 = LINE('',#2103,#2104);
#2103 = CARTESIAN_POINT('',(3.6,0.));
#2104 = VECTOR('',#2105,1.);
#2105 = DIRECTION('',(1.,0.));
#2106 = ( GEOMETRIC_REPRESENTATION_CONTEXT(2) 
PARAMETRIC_REPRESENTATION_CONTEXT() REPRESENTATION_CONTEXT('2D SPACE',''
  ) );
#2107 = PCURVE('',#2108,#2113);
#2108 = PLANE('',#2109);
#2109 = AXIS2_PLACEMENT_3D('',#2110,#2111,#2112);
#2110 = CARTESIAN_POINT('',(43.,-25.,20.112975257545));
#2111 = DIRECTION('',(-0.707106781187,8.659560562355E-17,0.707106781187)
  );
#2112 = DIRECTION('',(-0.707106781187,-8.659560562355E-17,
    -0.707106781187));
#2113 = DEFINITIONAL_REPRESENTATION('',(#2114),#2118);
#2114 = LINE('',#2115,#2116);
#2115 = CARTESIAN_POINT('',(-0.,0.));
#2116 = VECTOR('',#2117,1.);
#2117 = DIRECTION('',(-8.659560562355E-17,-1.));
#2118 = ( GEOMETRIC_REPRESENTATION_CONTEXT(2) 
PARAMETRIC_REPRESENTATION_CONTEXT() REPRESENTATION_CONTEXT('2D SPACE',''
  ) );
#2119 = ADVANCED_FACE('',(#2120),#2108,.F.);
#2120 = FACE_BOUND('',#2121,.F.);
#2121 = EDGE_LOOP('',(#2122,#2123,#2173,#2201));
#2122 = ORIENTED_EDGE('',*,*,#2094,.T.);
#2123 = ORIENTED_EDGE('',*,*,#2124,.T.);
#2124 = EDGE_CURVE('',#2072,#2125,#2127,.T.);
#2125 = VERTEX_POINT('',#2126);
#2126 = CARTESIAN_POINT('',(41.637024742455,-21.4,18.75));
#2127 = SURFACE_CURVE('',#2128,(#2132,#2139),.PCURVE_S1.);
#2128 = LINE('',#2129,#2130);
#2129 = CARTESIAN_POINT('',(43.,-21.4,20.112975257545));
#2130 = VECTOR('',#2131,1.);
#2131 = DIRECTION('',(-0.707106781187,6.911757715301E-16,-0.707106781187
    ));
#2132 = PCURVE('',#2108,#2133);
#2133 = DEFINITIONAL_REPRESENTATION('',(#2134),#2138);
#2134 = LINE('',#2135,#2136);
#2135 = CARTESIAN_POINT('',(-3.117441802448E-16,-3.6));
#2136 = VECTOR('',#2137,1.);
#2137 = DIRECTION('',(1.,-7.777713771536E-16));
#2138 = ( GEOMETRIC_REPRESENTATION_CONTEXT(2) 
PARAMETRIC_REPRESENTATION_CONTEXT() REPRESENTATION_CONTEXT('2D SPACE',''
  ) );
#2139 = PCURVE('',#2140,#2145);
#2140 = CONICAL_SURFACE('',#2141,6.4,0.785398163397);
#2141 = AXIS2_PLACEMENT_3D('',#2142,#2143,#2144);
#2142 = CARTESIAN_POINT('',(36.6,-21.4,20.112975257545));
#2143 = DIRECTION('',(-0.,1.224646799147E-16,1.));
#2144 = DIRECTION('',(1.,0.,0.));
#2145 = DEFINITIONAL_REPRESENTATION('',(#2146),#2172);
#2146 = B_SPLINE_CURVE_WITH_KNOTS('',3,(#2147,#2148,#2149,#2150,#2151,
    #2152,#2153,#2154,#2155,#2156,#2157,#2158,#2159,#2160,#2161,#2162,
    #2163,#2164,#2165,#2166,#2167,#2168,#2169,#2170,#2171),
  .UNSPECIFIED.,.F.,.F.,(4,1,1,1,1,1,1,1,1,1,1,1,1,1,1,1,1,1,1,1,1,1,4),
  (0.,8.761536792725E-02,0.175230735855,0.262846103782,0.350461471709,
    0.438076839636,0.525692207564,0.613307575491,0.700922943418,
    0.788538311345,0.876153679273,0.9637690472,1.051384415127,
    1.138999783054,1.226615150982,1.314230518909,1.401845886836,
    1.489461254763,1.577076622691,1.664691990618,1.752307358545,
    1.839922726472,1.9275380944),.QUASI_UNIFORM_KNOTS.);
#2147 = CARTESIAN_POINT('',(-6.28318530718,0.));
#2148 = CARTESIAN_POINT('',(-6.28318530718,-2.065114026584E-02));
#2149 = CARTESIAN_POINT('',(-6.28318530718,-6.195342079751E-02));
#2150 = CARTESIAN_POINT('',(-6.28318530718,-0.123906841595));
#2151 = CARTESIAN_POINT('',(-6.28318530718,-0.185860262393));
#2152 = CARTESIAN_POINT('',(-6.28318530718,-0.24781368319));
#2153 = CARTESIAN_POINT('',(-6.28318530718,-0.309767103988));
#2154 = CARTESIAN_POINT('',(-6.28318530718,-0.371720524785));
#2155 = CARTESIAN_POINT('',(-6.28318530718,-0.433673945583));
#2156 = CARTESIAN_POINT('',(-6.28318530718,-0.49562736638));
#2157 = CARTESIAN_POINT('',(-6.28318530718,-0.557580787178));
#2158 = CARTESIAN_POINT('',(-6.28318530718,-0.619534207975));
#2159 = CARTESIAN_POINT('',(-6.28318530718,-0.681487628773));
#2160 = CARTESIAN_POINT('',(-6.28318530718,-0.74344104957));
#2161 = CARTESIAN_POINT('',(-6.28318530718,-0.805394470368));
#2162 = CARTESIAN_POINT('',(-6.28318530718,-0.867347891165));
#2163 = CARTESIAN_POINT('',(-6.28318530718,-0.929301311963));
#2164 = CARTESIAN_POINT('',(-6.28318530718,-0.99125473276));
#2165 = CARTESIAN_POINT('',(-6.28318530718,-1.053208153558));
#2166 = CARTESIAN_POINT('',(-6.28318530718,-1.115161574355));
#2167 = CARTESIAN_POINT('',(-6.28318530718,-1.177114995153));
#2168 = CARTESIAN_POINT('',(-6.28318530718,-1.23906841595));
#2169 = CARTESIAN_POINT('',(-6.28318530718,-1.301021836748));
#2170 = CARTESIAN_POINT('',(-6.28318530718,-1.342324117279));
#2171 = CARTESIAN_POINT('',(-6.28318530718,-1.362975257545));
#2172 = ( GEOMETRIC_REPRESENTATION_CONTEXT(2) 
PARAMETRIC_REPRESENTATION_CONTEXT() REPRESENTATION_CONTEXT('2D SPACE',''
  ) );
#2173 = ORIENTED_EDGE('',*,*,#2174,.T.);
#2174 = EDGE_CURVE('',#2125,#2175,#2177,.T.);
#2175 = VERTEX_POINT('',#2176);
#2176 = CARTESIAN_POINT('',(41.637024742455,-28.6,18.75));
#2177 = SURFACE_CURVE('',#2178,(#2182,#2189),.PCURVE_S1.);
#2178 = LINE('',#2179,#2180);
#2179 = CARTESIAN_POINT('',(41.637024742455,-25.,18.75));
#2180 = VECTOR('',#2181,1.);
#2181 = DIRECTION('',(0.,-1.,1.224646799147E-16));
#2182 = PCURVE('',#2108,#2183);
#2183 = DEFINITIONAL_REPRESENTATION('',(#2184),#2188);
#2184 = LINE('',#2185,#2186);
#2185 = CARTESIAN_POINT('',(1.9275380944,-1.66916328647E-16));
#2186 = VECTOR('',#2187,1.);
#2187 = DIRECTION('',(0.,1.));
#2188 = ( GEOMETRIC_REPRESENTATION_CONTEXT(2) 
PARAMETRIC_REPRESENTATION_CONTEXT() REPRESENTATION_CONTEXT('2D SPACE',''
  ) );
#2189 = PCURVE('',#2190,#2195);
#2190 = PLANE('',#2191);
#2191 = AXIS2_PLACEMENT_3D('',#2192,#2193,#2194);
#2192 = CARTESIAN_POINT('',(36.,-25.,18.75));
#2193 = DIRECTION('',(0.,-1.224646799147E-16,-1.));
#2194 = DIRECTION('',(1.,0.,0.));
#2195 = DEFINITIONAL_REPRESENTATION('',(#2196),#2200);
#2196 = LINE('',#2197,#2198);
#2197 = CARTESIAN_POINT('',(5.637024742455,0.));
#2198 = VECTOR('',#2199,1.);
#2199 = DIRECTION('',(0.,1.));
#2200 = ( GEOMETRIC_REPRESENTATION_CONTEXT(2) 
PARAMETRIC_REPRESENTATION_CONTEXT() REPRESENTATION_CONTEXT('2D SPACE',''
  ) );
#2201 = ORIENTED_EDGE('',*,*,#2202,.T.);
#2202 = EDGE_CURVE('',#2175,#2048,#2203,.T.);
#2203 = SURFACE_CURVE('',#2204,(#2208,#2215),.PCURVE_S1.);
#2204 = LINE('',#2205,#2206);
#2205 = CARTESIAN_POINT('',(41.637024742455,-28.6,18.75));
#2206 = VECTOR('',#2207,1.);
#2207 = DIRECTION('',(0.707106781187,0.,0.707106781187));
#2208 = PCURVE('',#2108,#2209);
#2209 = DEFINITIONAL_REPRESENTATION('',(#2210),#2214);
#2210 = LINE('',#2211,#2212);
#2211 = CARTESIAN_POINT('',(1.9275380944,3.6));
#2212 = VECTOR('',#2213,1.);
#2213 = DIRECTION('',(-1.,8.659560562355E-17));
#2214 = ( GEOMETRIC_REPRESENTATION_CONTEXT(2) 
PARAMETRIC_REPRESENTATION_CONTEXT() REPRESENTATION_CONTEXT('2D SPACE',''
  ) );
#2215 = PCURVE('',#2216,#2221);
#2216 = CONICAL_SURFACE('',#2217,6.4,0.785398163397);
#2217 = AXIS2_PLACEMENT_3D('',#2218,#2219,#2220);
#2218 = CARTESIAN_POINT('',(36.6,-28.6,20.112975257545));
#2219 = DIRECTION('',(-0.,1.224646799147E-16,1.));
#2220 = DIRECTION('',(1.,0.,0.));
#2221 = DEFINITIONAL_REPRESENTATION('',(#2222),#2226);
#2222 = LINE('',#2223,#2224);
#2223 = CARTESIAN_POINT('',(-0.,-1.362975257545));
#2224 = VECTOR('',#2225,1.);
#2225 = DIRECTION('',(0.,1.));
#2226 = ( GEOMETRIC_REPRESENTATION_CONTEXT(2) 
PARAMETRIC_REPRESENTATION_CONTEXT() REPRESENTATION_CONTEXT('2D SPACE',''
  ) );
#2227 = ADVANCED_FACE('',(#2228),#2216,.T.);
#2228 = FACE_BOUND('',#2229,.T.);
#2229 = EDGE_LOOP('',(#2230,#2254,#2282,#2304));
#2230 = ORIENTED_EDGE('',*,*,#2231,.F.);
#2231 = EDGE_CURVE('',#2232,#2048,#2234,.T.);
#2232 = VERTEX_POINT('',#2233);
#2233 = CARTESIAN_POINT('',(36.6,-35.,20.112975257545));
#2234 = SURFACE_CURVE('',#2235,(#2240,#2247),.PCURVE_S1.);
#2235 = CIRCLE('',#2236,6.4);
#2236 = AXIS2_PLACEMENT_3D('',#2237,#2238,#2239);
#2237 = CARTESIAN_POINT('',(36.6,-28.6,20.112975257545));
#2238 = DIRECTION('',(0.,0.,1.));
#2239 = DIRECTION('',(1.,0.,0.));
#2240 = PCURVE('',#2216,#2241);
#2241 = DEFINITIONAL_REPRESENTATION('',(#2242),#2246);
#2242 = LINE('',#2243,#2244);
#2243 = CARTESIAN_POINT('',(-6.28318530718,-0.));
#2244 = VECTOR('',#2245,1.);
#2245 = DIRECTION('',(1.,-0.));
#2246 = ( GEOMETRIC_REPRESENTATION_CONTEXT(2) 
PARAMETRIC_REPRESENTATION_CONTEXT() REPRESENTATION_CONTEXT('2D SPACE',''
  ) );
#2247 = PCURVE('',#211,#2248);
#2248 = DEFINITIONAL_REPRESENTATION('',(#2249),#2253);
#2249 = LINE('',#2250,#2251);
#2250 = CARTESIAN_POINT('',(-0.,0.));
#2251 = VECTOR('',#2252,1.);
#2252 = DIRECTION('',(-1.,0.));
#2253 = ( GEOMETRIC_REPRESENTATION_CONTEXT(2) 
PARAMETRIC_REPRESENTATION_CONTEXT() REPRESENTATION_CONTEXT('2D SPACE',''
  ) );
#2254 = ORIENTED_EDGE('',*,*,#2255,.F.);
#2255 = EDGE_CURVE('',#2256,#2232,#2258,.T.);
#2256 = VERTEX_POINT('',#2257);
#2257 = CARTESIAN_POINT('',(36.6,-33.63702474245,18.75));
#2258 = SURFACE_CURVE('',#2259,(#2263,#2270),.PCURVE_S1.);
#2259 = LINE('',#2260,#2261);
#2260 = CARTESIAN_POINT('',(36.6,-33.63702474245,18.75));
#2261 = VECTOR('',#2262,1.);
#2262 = DIRECTION('',(-1.727939428825E-16,-0.707106781187,0.707106781187
    ));
#2263 = PCURVE('',#2216,#2264);
#2264 = DEFINITIONAL_REPRESENTATION('',(#2265),#2269);
#2265 = LINE('',#2266,#2267);
#2266 = CARTESIAN_POINT('',(-1.570796326795,-1.362975257545));
#2267 = VECTOR('',#2268,1.);
#2268 = DIRECTION('',(0.,1.));
#2269 = ( GEOMETRIC_REPRESENTATION_CONTEXT(2) 
PARAMETRIC_REPRESENTATION_CONTEXT() REPRESENTATION_CONTEXT('2D SPACE',''
  ) );
#2270 = PCURVE('',#2271,#2276);
#2271 = PLANE('',#2272);
#2272 = AXIS2_PLACEMENT_3D('',#2273,#2274,#2275);
#2273 = CARTESIAN_POINT('',(36.,-35.,20.112975257545));
#2274 = DIRECTION('',(0.,0.707106781187,0.707106781187));
#2275 = DIRECTION('',(0.,0.707106781187,-0.707106781187));
#2276 = DEFINITIONAL_REPRESENTATION('',(#2277),#2281);
#2277 = LINE('',#2278,#2279);
#2278 = CARTESIAN_POINT('',(1.9275380944,-0.6));
#2279 = VECTOR('',#2280,1.);
#2280 = DIRECTION('',(-1.,1.727939428825E-16));
#2281 = ( GEOMETRIC_REPRESENTATION_CONTEXT(2) 
PARAMETRIC_REPRESENTATION_CONTEXT() REPRESENTATION_CONTEXT('2D SPACE',''
  ) );
#2282 = ORIENTED_EDGE('',*,*,#2283,.F.);
#2283 = EDGE_CURVE('',#2175,#2256,#2284,.T.);
#2284 = SURFACE_CURVE('',#2285,(#2290,#2297),.PCURVE_S1.);
#2285 = CIRCLE('',#2286,5.037024742455);
#2286 = AXIS2_PLACEMENT_3D('',#2287,#2288,#2289);
#2287 = CARTESIAN_POINT('',(36.6,-28.6,18.75));
#2288 = DIRECTION('',(0.,-1.224646799147E-16,-1.));
#2289 = DIRECTION('',(1.,0.,0.));
#2290 = PCURVE('',#2216,#2291);
#2291 = DEFINITIONAL_REPRESENTATION('',(#2292),#2296);
#2292 = LINE('',#2293,#2294);
#2293 = CARTESIAN_POINT('',(-0.,-1.070082038732));
#2294 = VECTOR('',#2295,1.);
#2295 = DIRECTION('',(-1.,-0.));
#2296 = ( GEOMETRIC_REPRESENTATION_CONTEXT(2) 
PARAMETRIC_REPRESENTATION_CONTEXT() REPRESENTATION_CONTEXT('2D SPACE',''
  ) );
#2297 = PCURVE('',#2190,#2298);
#2298 = DEFINITIONAL_REPRESENTATION('',(#2299),#2303);
#2299 = CIRCLE('',#2300,5.037024742455);
#2300 = AXIS2_PLACEMENT_2D('',#2301,#2302);
#2301 = CARTESIAN_POINT('',(0.6,3.6));
#2302 = DIRECTION('',(1.,0.));
#2303 = ( GEOMETRIC_REPRESENTATION_CONTEXT(2) 
PARAMETRIC_REPRESENTATION_CONTEXT() REPRESENTATION_CONTEXT('2D SPACE',''
  ) );
#2304 = ORIENTED_EDGE('',*,*,#2202,.T.);
#2305 = ADVANCED_FACE('',(#2306),#2271,.F.);
#2306 = FACE_BOUND('',#2307,.F.);
#2307 = EDGE_LOOP('',(#2308,#2309,#2332,#2360));
#2308 = ORIENTED_EDGE('',*,*,#2255,.F.);
#2309 = ORIENTED_EDGE('',*,*,#2310,.T.);
#2310 = EDGE_CURVE('',#2256,#2311,#2313,.T.);
#2311 = VERTEX_POINT('',#2312);
#2312 = CARTESIAN_POINT('',(35.4,-33.63702474245,18.75));
#2313 = SURFACE_CURVE('',#2314,(#2318,#2325),.PCURVE_S1.);
#2314 = LINE('',#2315,#2316);
#2315 = CARTESIAN_POINT('',(36.,-33.63702474245,18.75));
#2316 = VECTOR('',#2317,1.);
#2317 = DIRECTION('',(-1.,0.,0.));
#2318 = PCURVE('',#2271,#2319);
#2319 = DEFINITIONAL_REPRESENTATION('',(#2320),#2324);
#2320 = LINE('',#2321,#2322);
#2321 = CARTESIAN_POINT('',(1.9275380944,0.));
#2322 = VECTOR('',#2323,1.);
#2323 = DIRECTION('',(0.,1.));
#2324 = ( GEOMETRIC_REPRESENTATION_CONTEXT(2) 
PARAMETRIC_REPRESENTATION_CONTEXT() REPRESENTATION_CONTEXT('2D SPACE',''
  ) );
#2325 = PCURVE('',#2190,#2326);
#2326 = DEFINITIONAL_REPRESENTATION('',(#2327),#2331);
#2327 = LINE('',#2328,#2329);
#2328 = CARTESIAN_POINT('',(0.,8.637024742455));
#2329 = VECTOR('',#2330,1.);
#2330 = DIRECTION('',(-1.,0.));
#2331 = ( GEOMETRIC_REPRESENTATION_CONTEXT(2) 
PARAMETRIC_REPRESENTATION_CONTEXT() REPRESENTATION_CONTEXT('2D SPACE',''
  ) );
#2332 = ORIENTED_EDGE('',*,*,#2333,.T.);
#2333 = EDGE_CURVE('',#2311,#2334,#2336,.T.);
#2334 = VERTEX_POINT('',#2335);
#2335 = CARTESIAN_POINT('',(35.4,-35.,20.112975257545));
#2336 = SURFACE_CURVE('',#2337,(#2341,#2348),.PCURVE_S1.);
#2337 = LINE('',#2338,#2339);
#2338 = CARTESIAN_POINT('',(35.4,-33.63702474245,18.75));
#2339 = VECTOR('',#2340,1.);
#2340 = DIRECTION('',(0.,-0.707106781187,0.707106781187));
#2341 = PCURVE('',#2271,#2342);
#2342 = DEFINITIONAL_REPRESENTATION('',(#2343),#2347);
#2343 = LINE('',#2344,#2345);
#2344 = CARTESIAN_POINT('',(1.9275380944,0.6));
#2345 = VECTOR('',#2346,1.);
#2346 = DIRECTION('',(-1.,0.));
#2347 = ( GEOMETRIC_REPRESENTATION_CONTEXT(2) 
PARAMETRIC_REPRESENTATION_CONTEXT() REPRESENTATION_CONTEXT('2D SPACE',''
  ) );
#2348 = PCURVE('',#2349,#2354);
#2349 = CONICAL_SURFACE('',#2350,6.4,0.785398163397);
#2350 = AXIS2_PLACEMENT_3D('',#2351,#2352,#2353);
#2351 = CARTESIAN_POINT('',(35.4,-28.6,20.112975257545));
#2352 = DIRECTION('',(-0.,1.224646799147E-16,1.));
#2353 = DIRECTION('',(1.,0.,0.));
#2354 = DEFINITIONAL_REPRESENTATION('',(#2355),#2359);
#2355 = LINE('',#2356,#2357);
#2356 = CARTESIAN_POINT('',(-1.570796326795,-1.362975257545));
#2357 = VECTOR('',#2358,1.);
#2358 = DIRECTION('',(0.,1.));
#2359 = ( GEOMETRIC_REPRESENTATION_CONTEXT(2) 
PARAMETRIC_REPRESENTATION_CONTEXT() REPRESENTATION_CONTEXT('2D SPACE',''
  ) );
#2360 = ORIENTED_EDGE('',*,*,#2361,.T.);
#2361 = EDGE_CURVE('',#2334,#2232,#2362,.T.);
#2362 = SURFACE_CURVE('',#2363,(#2367,#2374),.PCURVE_S1.);
#2363 = LINE('',#2364,#2365);
#2364 = CARTESIAN_POINT('',(36.,-35.,20.112975257545));
#2365 = VECTOR('',#2366,1.);
#2366 = DIRECTION('',(1.,0.,0.));
#2367 = PCURVE('',#2271,#2368);
#2368 = DEFINITIONAL_REPRESENTATION('',(#2369),#2373);
#2369 = LINE('',#2370,#2371);
#2370 = CARTESIAN_POINT('',(0.,0.));
#2371 = VECTOR('',#2372,1.);
#2372 = DIRECTION('',(0.,-1.));
#2373 = ( GEOMETRIC_REPRESENTATION_CONTEXT(2) 
PARAMETRIC_REPRESENTATION_CONTEXT() REPRESENTATION_CONTEXT('2D SPACE',''
  ) );
#2374 = PCURVE('',#182,#2375);
#2375 = DEFINITIONAL_REPRESENTATION('',(#2376),#2380);
#2376 = LINE('',#2377,#2378);
#2377 = CARTESIAN_POINT('',(0.6,0.));
#2378 = VECTOR('',#2379,1.);
#2379 = DIRECTION('',(1.,0.));
#2380 = ( GEOMETRIC_REPRESENTATION_CONTEXT(2) 
PARAMETRIC_REPRESENTATION_CONTEXT() REPRESENTATION_CONTEXT('2D SPACE',''
  ) );
#2381 = ADVANCED_FACE('',(#2382),#2349,.T.);
#2382 = FACE_BOUND('',#2383,.T.);
#2383 = EDGE_LOOP('',(#2384,#2406,#2429,#2451));
#2384 = ORIENTED_EDGE('',*,*,#2385,.F.);
#2385 = EDGE_CURVE('',#22,#2334,#2386,.T.);
#2386 = SURFACE_CURVE('',#2387,(#2392,#2399),.PCURVE_S1.);
#2387 = CIRCLE('',#2388,6.4);
#2388 = AXIS2_PLACEMENT_3D('',#2389,#2390,#2391);
#2389 = CARTESIAN_POINT('',(35.4,-28.6,20.112975257545));
#2390 = DIRECTION('',(0.,0.,1.));
#2391 = DIRECTION('',(1.,0.,0.));
#2392 = PCURVE('',#2349,#2393);
#2393 = DEFINITIONAL_REPRESENTATION('',(#2394),#2398);
#2394 = LINE('',#2395,#2396);
#2395 = CARTESIAN_POINT('',(-6.28318530718,-0.));
#2396 = VECTOR('',#2397,1.);
#2397 = DIRECTION('',(1.,-0.));
#2398 = ( GEOMETRIC_REPRESENTATION_CONTEXT(2) 
PARAMETRIC_REPRESENTATION_CONTEXT() REPRESENTATION_CONTEXT('2D SPACE',''
  ) );
#2399 = PCURVE('',#44,#2400);
#2400 = DEFINITIONAL_REPRESENTATION('',(#2401),#2405);
#2401 = LINE('',#2402,#2403);
#2402 = CARTESIAN_POINT('',(-0.,0.));
#2403 = VECTOR('',#2404,1.);
#2404 = DIRECTION('',(-1.,0.));
#2405 = ( GEOMETRIC_REPRESENTATION_CONTEXT(2) 
PARAMETRIC_REPRESENTATION_CONTEXT() REPRESENTATION_CONTEXT('2D SPACE',''
  ) );
#2406 = ORIENTED_EDGE('',*,*,#2407,.F.);
#2407 = EDGE_CURVE('',#2408,#22,#2410,.T.);
#2408 = VERTEX_POINT('',#2409);
#2409 = CARTESIAN_POINT('',(30.362975257545,-28.6,18.75));
#2410 = SURFACE_CURVE('',#2411,(#2415,#2422),.PCURVE_S1.);
#2411 = LINE('',#2412,#2413);
#2412 = CARTESIAN_POINT('',(30.362975257545,-28.6,18.75));
#2413 = VECTOR('',#2414,1.);
#2414 = DIRECTION('',(-0.707106781187,2.303919238434E-16,0.707106781187)
  );
#2415 = PCURVE('',#2349,#2416);
#2416 = DEFINITIONAL_REPRESENTATION('',(#2417),#2421);
#2417 = LINE('',#2418,#2419);
#2418 = CARTESIAN_POINT('',(-3.14159265359,-1.362975257545));
#2419 = VECTOR('',#2420,1.);
#2420 = DIRECTION('',(0.,1.));
#2421 = ( GEOMETRIC_REPRESENTATION_CONTEXT(2) 
PARAMETRIC_REPRESENTATION_CONTEXT() REPRESENTATION_CONTEXT('2D SPACE',''
  ) );
#2422 = PCURVE('',#126,#2423);
#2423 = DEFINITIONAL_REPRESENTATION('',(#2424),#2428);
#2424 = LINE('',#2425,#2426);
#2425 = CARTESIAN_POINT('',(1.9275380944,-3.6));
#2426 = VECTOR('',#2427,1.);
#2427 = DIRECTION('',(-1.,1.437963182198E-16));
#2428 = ( GEOMETRIC_REPRESENTATION_CONTEXT(2) 
PARAMETRIC_REPRESENTATION_CONTEXT() REPRESENTATION_CONTEXT('2D SPACE',''
  ) );
#2429 = ORIENTED_EDGE('',*,*,#2430,.F.);
#2430 = EDGE_CURVE('',#2311,#2408,#2431,.T.);
#2431 = SURFACE_CURVE('',#2432,(#2437,#2444),.PCURVE_S1.);
#2432 = CIRCLE('',#2433,5.037024742455);
#2433 = AXIS2_PLACEMENT_3D('',#2434,#2435,#2436);
#2434 = CARTESIAN_POINT('',(35.4,-28.6,18.75));
#2435 = DIRECTION('',(0.,-1.224646799147E-16,-1.));
#2436 = DIRECTION('',(1.,0.,0.));
#2437 = PCURVE('',#2349,#2438);
#2438 = DEFINITIONAL_REPRESENTATION('',(#2439),#2443);
#2439 = LINE('',#2440,#2441);
#2440 = CARTESIAN_POINT('',(-0.,-1.070082038732));
#2441 = VECTOR('',#2442,1.);
#2442 = DIRECTION('',(-1.,-0.));
#2443 = ( GEOMETRIC_REPRESENTATION_CONTEXT(2) 
PARAMETRIC_REPRESENTATION_CONTEXT() REPRESENTATION_CONTEXT('2D SPACE',''
  ) );
#2444 = PCURVE('',#2190,#2445);
#2445 = DEFINITIONAL_REPRESENTATION('',(#2446),#2450);
#2446 = CIRCLE('',#2447,5.037024742455);
#2447 = AXIS2_PLACEMENT_2D('',#2448,#2449);
#2448 = CARTESIAN_POINT('',(-0.6,3.6));
#2449 = DIRECTION('',(1.,0.));
#2450 = ( GEOMETRIC_REPRESENTATION_CONTEXT(2) 
PARAMETRIC_REPRESENTATION_CONTEXT() REPRESENTATION_CONTEXT('2D SPACE',''
  ) );
#2451 = ORIENTED_EDGE('',*,*,#2333,.T.);
#2452 = ADVANCED_FACE('',(#2453),#2190,.T.);
#2453 = FACE_BOUND('',#2454,.T.);
#2454 = EDGE_LOOP('',(#2455,#2478,#2507,#2535,#2557,#2558,#2559,#2560));
#2455 = ORIENTED_EDGE('',*,*,#2456,.T.);
#2456 = EDGE_CURVE('',#2408,#2457,#2459,.T.);
#2457 = VERTEX_POINT('',#2458);
#2458 = CARTESIAN_POINT('',(30.362975257545,-21.4,18.75));
#2459 = SURFACE_CURVE('',#2460,(#2464,#2471),.PCURVE_S1.);
#2460 = LINE('',#2461,#2462);
#2461 = CARTESIAN_POINT('',(30.362975257545,-25.,18.75));
#2462 = VECTOR('',#2463,1.);
#2463 = DIRECTION('',(0.,1.,-1.224646799147E-16));
#2464 = PCURVE('',#2190,#2465);
#2465 = DEFINITIONAL_REPRESENTATION('',(#2466),#2470);
#2466 = LINE('',#2467,#2468);
#2467 = CARTESIAN_POINT('',(-5.637024742455,0.));
#2468 = VECTOR('',#2469,1.);
#2469 = DIRECTION('',(0.,-1.));
#2470 = ( GEOMETRIC_REPRESENTATION_CONTEXT(2) 
PARAMETRIC_REPRESENTATION_CONTEXT() REPRESENTATION_CONTEXT('2D SPACE',''
  ) );
#2471 = PCURVE('',#126,#2472);
#2472 = DEFINITIONAL_REPRESENTATION('',(#2473),#2477);
#2473 = LINE('',#2474,#2475);
#2474 = CARTESIAN_POINT('',(1.9275380944,1.66916328647E-16));
#2475 = VECTOR('',#2476,1.);
#2476 = DIRECTION('',(0.,1.));
#2477 = ( GEOMETRIC_REPRESENTATION_CONTEXT(2) 
PARAMETRIC_REPRESENTATION_CONTEXT() REPRESENTATION_CONTEXT('2D SPACE',''
  ) );
#2478 = ORIENTED_EDGE('',*,*,#2479,.T.);
#2479 = EDGE_CURVE('',#2457,#2480,#2482,.T.);
#2480 = VERTEX_POINT('',#2481);
#2481 = CARTESIAN_POINT('',(35.4,-16.36297525754,18.75));
#2482 = SURFACE_CURVE('',#2483,(#2488,#2495),.PCURVE_S1.);
#2483 = CIRCLE('',#2484,5.037024742455);
#2484 = AXIS2_PLACEMENT_3D('',#2485,#2486,#2487);
#2485 = CARTESIAN_POINT('',(35.4,-21.4,18.75));
#2486 = DIRECTION('',(0.,-1.224646799147E-16,-1.));
#2487 = DIRECTION('',(1.,0.,0.));
#2488 = PCURVE('',#2190,#2489);
#2489 = DEFINITIONAL_REPRESENTATION('',(#2490),#2494);
#2490 = CIRCLE('',#2491,5.037024742455);
#2491 = AXIS2_PLACEMENT_2D('',#2492,#2493);
#2492 = CARTESIAN_POINT('',(-0.6,-3.6));
#2493 = DIRECTION('',(1.,0.));
#2494 = ( GEOMETRIC_REPRESENTATION_CONTEXT(2) 
PARAMETRIC_REPRESENTATION_CONTEXT() REPRESENTATION_CONTEXT('2D SPACE',''
  ) );
#2495 = PCURVE('',#2496,#2501);
#2496 = CONICAL_SURFACE('',#2497,6.4,0.785398163397);
#2497 = AXIS2_PLACEMENT_3D('',#2498,#2499,#2500);
#2498 = CARTESIAN_POINT('',(35.4,-21.4,20.112975257545));
#2499 = DIRECTION('',(-0.,1.224646799147E-16,1.));
#2500 = DIRECTION('',(1.,0.,0.));
#2501 = DEFINITIONAL_REPRESENTATION('',(#2502),#2506);
#2502 = LINE('',#2503,#2504);
#2503 = CARTESIAN_POINT('',(-0.,-1.070082038732));
#2504 = VECTOR('',#2505,1.);
#2505 = DIRECTION('',(-1.,-0.));
#2506 = ( GEOMETRIC_REPRESENTATION_CONTEXT(2) 
PARAMETRIC_REPRESENTATION_CONTEXT() REPRESENTATION_CONTEXT('2D SPACE',''
  ) );
#2507 = ORIENTED_EDGE('',*,*,#2508,.T.);
#2508 = EDGE_CURVE('',#2480,#2509,#2511,.T.);
#2509 = VERTEX_POINT('',#2510);
#2510 = CARTESIAN_POINT('',(36.6,-16.36297525754,18.75));
#2511 = SURFACE_CURVE('',#2512,(#2516,#2523),.PCURVE_S1.);
#2512 = LINE('',#2513,#2514);
#2513 = CARTESIAN_POINT('',(36.,-16.36297525754,18.75));
#2514 = VECTOR('',#2515,1.);
#2515 = DIRECTION('',(1.,0.,0.));
#2516 = PCURVE('',#2190,#2517);
#2517 = DEFINITIONAL_REPRESENTATION('',(#2518),#2522);
#2518 = LINE('',#2519,#2520);
#2519 = CARTESIAN_POINT('',(0.,-8.637024742455));
#2520 = VECTOR('',#2521,1.);
#2521 = DIRECTION('',(1.,0.));
#2522 = ( GEOMETRIC_REPRESENTATION_CONTEXT(2) 
PARAMETRIC_REPRESENTATION_CONTEXT() REPRESENTATION_CONTEXT('2D SPACE',''
  ) );
#2523 = PCURVE('',#2524,#2529);
#2524 = PLANE('',#2525);
#2525 = AXIS2_PLACEMENT_3D('',#2526,#2527,#2528);
#2526 = CARTESIAN_POINT('',(36.,-15.,20.112975257545));
#2527 = DIRECTION('',(0.,-0.707106781187,0.707106781187));
#2528 = DIRECTION('',(0.,-0.707106781187,-0.707106781187));
#2529 = DEFINITIONAL_REPRESENTATION('',(#2530),#2534);
#2530 = LINE('',#2531,#2532);
#2531 = CARTESIAN_POINT('',(1.9275380944,0.));
#2532 = VECTOR('',#2533,1.);
#2533 = DIRECTION('',(0.,1.));
#2534 = ( GEOMETRIC_REPRESENTATION_CONTEXT(2) 
PARAMETRIC_REPRESENTATION_CONTEXT() REPRESENTATION_CONTEXT('2D SPACE',''
  ) );
#2535 = ORIENTED_EDGE('',*,*,#2536,.T.);
#2536 = EDGE_CURVE('',#2509,#2125,#2537,.T.);
#2537 = SURFACE_CURVE('',#2538,(#2543,#2550),.PCURVE_S1.);
#2538 = CIRCLE('',#2539,5.037024742455);
#2539 = AXIS2_PLACEMENT_3D('',#2540,#2541,#2542);
#2540 = CARTESIAN_POINT('',(36.6,-21.4,18.75));
#2541 = DIRECTION('',(0.,-1.224646799147E-16,-1.));
#2542 = DIRECTION('',(1.,0.,0.));
#2543 = PCURVE('',#2190,#2544);
#2544 = DEFINITIONAL_REPRESENTATION('',(#2545),#2549);
#2545 = CIRCLE('',#2546,5.037024742455);
#2546 = AXIS2_PLACEMENT_2D('',#2547,#2548);
#2547 = CARTESIAN_POINT('',(0.6,-3.6));
#2548 = DIRECTION('',(1.,0.));
#2549 = ( GEOMETRIC_REPRESENTATION_CONTEXT(2) 
PARAMETRIC_REPRESENTATION_CONTEXT() REPRESENTATION_CONTEXT('2D SPACE',''
  ) );
#2550 = PCURVE('',#2140,#2551);
#2551 = DEFINITIONAL_REPRESENTATION('',(#2552),#2556);
#2552 = LINE('',#2553,#2554);
#2553 = CARTESIAN_POINT('',(-0.,-1.070082038732));
#2554 = VECTOR('',#2555,1.);
#2555 = DIRECTION('',(-1.,-0.));
#2556 = ( GEOMETRIC_REPRESENTATION_CONTEXT(2) 
PARAMETRIC_REPRESENTATION_CONTEXT() REPRESENTATION_CONTEXT('2D SPACE',''
  ) );
#2557 = ORIENTED_EDGE('',*,*,#2174,.T.);
#2558 = ORIENTED_EDGE('',*,*,#2283,.T.);
#2559 = ORIENTED_EDGE('',*,*,#2310,.T.);
#2560 = ORIENTED_EDGE('',*,*,#2430,.T.);
#2561 = ADVANCED_FACE('',(#2562),#2496,.T.);
#2562 = FACE_BOUND('',#2563,.T.);
#2563 = EDGE_LOOP('',(#2564,#2585,#2609,#2630));
#2564 = ORIENTED_EDGE('',*,*,#2565,.F.);
#2565 = EDGE_CURVE('',#85,#2457,#2566,.T.);
#2566 = SURFACE_CURVE('',#2567,(#2571,#2578),.PCURVE_S1.);
#2567 = LINE('',#2568,#2569);
#2568 = CARTESIAN_POINT('',(29.,-21.4,20.112975257545));
#2569 = VECTOR('',#2570,1.);
#2570 = DIRECTION('',(0.707106781187,0.,-0.707106781187));
#2571 = PCURVE('',#2496,#2572);
#2572 = DEFINITIONAL_REPRESENTATION('',(#2573),#2577);
#2573 = LINE('',#2574,#2575);
#2574 = CARTESIAN_POINT('',(-3.14159265359,-0.));
#2575 = VECTOR('',#2576,1.);
#2576 = DIRECTION('',(-0.,-1.));
#2577 = ( GEOMETRIC_REPRESENTATION_CONTEXT(2) 
PARAMETRIC_REPRESENTATION_CONTEXT() REPRESENTATION_CONTEXT('2D SPACE',''
  ) );
#2578 = PCURVE('',#126,#2579);
#2579 = DEFINITIONAL_REPRESENTATION('',(#2580),#2584);
#2580 = LINE('',#2581,#2582);
#2581 = CARTESIAN_POINT('',(-3.117441802448E-16,3.6));
#2582 = VECTOR('',#2583,1.);
#2583 = DIRECTION('',(1.,8.659560562355E-17));
#2584 = ( GEOMETRIC_REPRESENTATION_CONTEXT(2) 
PARAMETRIC_REPRESENTATION_CONTEXT() REPRESENTATION_CONTEXT('2D SPACE',''
  ) );
#2585 = ORIENTED_EDGE('',*,*,#2586,.F.);
#2586 = EDGE_CURVE('',#2587,#85,#2589,.T.);
#2587 = VERTEX_POINT('',#2588);
#2588 = CARTESIAN_POINT('',(35.4,-15.,20.112975257545));
#2589 = SURFACE_CURVE('',#2590,(#2595,#2602),.PCURVE_S1.);
#2590 = CIRCLE('',#2591,6.4);
#2591 = AXIS2_PLACEMENT_3D('',#2592,#2593,#2594);
#2592 = CARTESIAN_POINT('',(35.4,-21.4,20.112975257545));
#2593 = DIRECTION('',(0.,0.,1.));
#2594 = DIRECTION('',(1.,0.,0.));
#2595 = PCURVE('',#2496,#2596);
#2596 = DEFINITIONAL_REPRESENTATION('',(#2597),#2601);
#2597 = LINE('',#2598,#2599);
#2598 = CARTESIAN_POINT('',(-6.28318530718,-0.));
#2599 = VECTOR('',#2600,1.);
#2600 = DIRECTION('',(1.,-0.));
#2601 = ( GEOMETRIC_REPRESENTATION_CONTEXT(2) 
PARAMETRIC_REPRESENTATION_CONTEXT() REPRESENTATION_CONTEXT('2D SPACE',''
  ) );
#2602 = PCURVE('',#100,#2603);
#2603 = DEFINITIONAL_REPRESENTATION('',(#2604),#2608);
#2604 = LINE('',#2605,#2606);
#2605 = CARTESIAN_POINT('',(-0.,0.));
#2606 = VECTOR('',#2607,1.);
#2607 = DIRECTION('',(-1.,0.));
#2608 = ( GEOMETRIC_REPRESENTATION_CONTEXT(2) 
PARAMETRIC_REPRESENTATION_CONTEXT() REPRESENTATION_CONTEXT('2D SPACE',''
  ) );
#2609 = ORIENTED_EDGE('',*,*,#2610,.T.);
#2610 = EDGE_CURVE('',#2587,#2480,#2611,.T.);
#2611 = SURFACE_CURVE('',#2612,(#2616,#2623),.PCURVE_S1.);
#2612 = LINE('',#2613,#2614);
#2613 = CARTESIAN_POINT('',(35.4,-15.,20.112975257545));
#2614 = VECTOR('',#2615,1.);
#2615 = DIRECTION('',(-4.607838476867E-16,-0.707106781187,
    -0.707106781187));
#2616 = PCURVE('',#2496,#2617);
#2617 = DEFINITIONAL_REPRESENTATION('',(#2618),#2622);
#2618 = LINE('',#2619,#2620);
#2619 = CARTESIAN_POINT('',(-4.712388980385,4.440892098501E-16));
#2620 = VECTOR('',#2621,1.);
#2621 = DIRECTION('',(-0.,-1.));
#2622 = ( GEOMETRIC_REPRESENTATION_CONTEXT(2) 
PARAMETRIC_REPRESENTATION_CONTEXT() REPRESENTATION_CONTEXT('2D SPACE',''
  ) );
#2623 = PCURVE('',#2524,#2624);
#2624 = DEFINITIONAL_REPRESENTATION('',(#2625),#2629);
#2625 = LINE('',#2626,#2627);
#2626 = CARTESIAN_POINT('',(-0.,-0.6));
#2627 = VECTOR('',#2628,1.);
#2628 = DIRECTION('',(1.,-4.607838476867E-16));
#2629 = ( GEOMETRIC_REPRESENTATION_CONTEXT(2) 
PARAMETRIC_REPRESENTATION_CONTEXT() REPRESENTATION_CONTEXT('2D SPACE',''
  ) );
#2630 = ORIENTED_EDGE('',*,*,#2479,.F.);
#2631 = ADVANCED_FACE('',(#2632),#2524,.F.);
#2632 = FACE_BOUND('',#2633,.F.);
#2633 = EDGE_LOOP('',(#2634,#2635,#2636,#2659));
#2634 = ORIENTED_EDGE('',*,*,#2610,.T.);
#2635 = ORIENTED_EDGE('',*,*,#2508,.T.);
#2636 = ORIENTED_EDGE('',*,*,#2637,.F.);
#2637 = EDGE_CURVE('',#2638,#2509,#2640,.T.);
#2638 = VERTEX_POINT('',#2639);
#2639 = CARTESIAN_POINT('',(36.6,-15.,20.112975257545));
#2640 = SURFACE_CURVE('',#2641,(#2645,#2652),.PCURVE_S1.);
#2641 = LINE('',#2642,#2643);
#2642 = CARTESIAN_POINT('',(36.6,-15.,20.112975257545));
#2643 = VECTOR('',#2644,1.);
#2644 = DIRECTION('',(0.,-0.707106781187,-0.707106781187));
#2645 = PCURVE('',#2524,#2646);
#2646 = DEFINITIONAL_REPRESENTATION('',(#2647),#2651);
#2647 = LINE('',#2648,#2649);
#2648 = CARTESIAN_POINT('',(0.,0.6));
#2649 = VECTOR('',#2650,1.);
#2650 = DIRECTION('',(1.,0.));
#2651 = ( GEOMETRIC_REPRESENTATION_CONTEXT(2) 
PARAMETRIC_REPRESENTATION_CONTEXT() REPRESENTATION_CONTEXT('2D SPACE',''
  ) );
#2652 = PCURVE('',#2140,#2653);
#2653 = DEFINITIONAL_REPRESENTATION('',(#2654),#2658);
#2654 = LINE('',#2655,#2656);
#2655 = CARTESIAN_POINT('',(-4.712388980385,4.440892098501E-16));
#2656 = VECTOR('',#2657,1.);
#2657 = DIRECTION('',(-0.,-1.));
#2658 = ( GEOMETRIC_REPRESENTATION_CONTEXT(2) 
PARAMETRIC_REPRESENTATION_CONTEXT() REPRESENTATION_CONTEXT('2D SPACE',''
  ) );
#2659 = ORIENTED_EDGE('',*,*,#2660,.F.);
#2660 = EDGE_CURVE('',#2587,#2638,#2661,.T.);
#2661 = SURFACE_CURVE('',#2662,(#2666,#2673),.PCURVE_S1.);
#2662 = LINE('',#2663,#2664);
#2663 = CARTESIAN_POINT('',(36.,-15.,20.112975257545));
#2664 = VECTOR('',#2665,1.);
#2665 = DIRECTION('',(1.,0.,0.));
#2666 = PCURVE('',#2524,#2667);
#2667 = DEFINITIONAL_REPRESENTATION('',(#2668),#2672);
#2668 = LINE('',#2669,#2670);
#2669 = CARTESIAN_POINT('',(0.,0.));
#2670 = VECTOR('',#2671,1.);
#2671 = DIRECTION('',(0.,1.));
#2672 = ( GEOMETRIC_REPRESENTATION_CONTEXT(2) 
PARAMETRIC_REPRESENTATION_CONTEXT() REPRESENTATION_CONTEXT('2D SPACE',''
  ) );
#2673 = PCURVE('',#296,#2674);
#2674 = DEFINITIONAL_REPRESENTATION('',(#2675),#2679);
#2675 = LINE('',#2676,#2677);
#2676 = CARTESIAN_POINT('',(0.6,0.));
#2677 = VECTOR('',#2678,1.);
#2678 = DIRECTION('',(1.,0.));
#2679 = ( GEOMETRIC_REPRESENTATION_CONTEXT(2) 
PARAMETRIC_REPRESENTATION_CONTEXT() REPRESENTATION_CONTEXT('2D SPACE',''
  ) );
#2680 = ADVANCED_FACE('',(#2681),#2140,.T.);
#2681 = FACE_BOUND('',#2682,.T.);
#2682 = EDGE_LOOP('',(#2683,#2684,#2706,#2707));
#2683 = ORIENTED_EDGE('',*,*,#2637,.F.);
#2684 = ORIENTED_EDGE('',*,*,#2685,.F.);
#2685 = EDGE_CURVE('',#2072,#2638,#2686,.T.);
#2686 = SURFACE_CURVE('',#2687,(#2692,#2699),.PCURVE_S1.);
#2687 = CIRCLE('',#2688,6.4);
#2688 = AXIS2_PLACEMENT_3D('',#2689,#2690,#2691);
#2689 = CARTESIAN_POINT('',(36.6,-21.4,20.112975257545));
#2690 = DIRECTION('',(0.,0.,1.));
#2691 = DIRECTION('',(1.,0.,0.));
#2692 = PCURVE('',#2140,#2693);
#2693 = DEFINITIONAL_REPRESENTATION('',(#2694),#2698);
#2694 = LINE('',#2695,#2696);
#2695 = CARTESIAN_POINT('',(-6.28318530718,-0.));
#2696 = VECTOR('',#2697,1.);
#2697 = DIRECTION('',(1.,-0.));
#2698 = ( GEOMETRIC_REPRESENTATION_CONTEXT(2) 
PARAMETRIC_REPRESENTATION_CONTEXT() REPRESENTATION_CONTEXT('2D SPACE',''
  ) );
#2699 = PCURVE('',#268,#2700);
#2700 = DEFINITIONAL_REPRESENTATION('',(#2701),#2705);
#2701 = LINE('',#2702,#2703);
#2702 = CARTESIAN_POINT('',(-0.,0.));
#2703 = VECTOR('',#2704,1.);
#2704 = DIRECTION('',(-1.,0.));
#2705 = ( GEOMETRIC_REPRESENTATION_CONTEXT(2) 
PARAMETRIC_REPRESENTATION_CONTEXT() REPRESENTATION_CONTEXT('2D SPACE',''
  ) );
#2706 = ORIENTED_EDGE('',*,*,#2124,.T.);
#2707 = ORIENTED_EDGE('',*,*,#2536,.F.);
#2708 = ADVANCED_FACE('',(#2709),#268,.T.);
#2709 = FACE_BOUND('',#2710,.F.);
#2710 = EDGE_LOOP('',(#2711,#2712,#2713,#2734));
#2711 = ORIENTED_EDGE('',*,*,#2071,.T.);
#2712 = ORIENTED_EDGE('',*,*,#251,.T.);
#2713 = ORIENTED_EDGE('',*,*,#2714,.F.);
#2714 = EDGE_CURVE('',#2638,#252,#2715,.T.);
#2715 = SURFACE_CURVE('',#2716,(#2720,#2727),.PCURVE_S1.);
#2716 = LINE('',#2717,#2718);
#2717 = CARTESIAN_POINT('',(36.6,-15.,20.112975257545));
#2718 = VECTOR('',#2719,1.);
#2719 = DIRECTION('',(0.,0.,1.));
#2720 = PCURVE('',#268,#2721);
#2721 = DEFINITIONAL_REPRESENTATION('',(#2722),#2726);
#2722 = LINE('',#2723,#2724);
#2723 = CARTESIAN_POINT('',(-1.570796326795,0.));
#2724 = VECTOR('',#2725,1.);
#2725 = DIRECTION('',(-0.,-1.));
#2726 = ( GEOMETRIC_REPRESENTATION_CONTEXT(2) 
PARAMETRIC_REPRESENTATION_CONTEXT() REPRESENTATION_CONTEXT('2D SPACE',''
  ) );
#2727 = PCURVE('',#296,#2728);
#2728 = DEFINITIONAL_REPRESENTATION('',(#2729),#2733);
#2729 = LINE('',#2730,#2731);
#2730 = CARTESIAN_POINT('',(1.2,0.));
#2731 = VECTOR('',#2732,1.);
#2732 = DIRECTION('',(0.,-1.));
#2733 = ( GEOMETRIC_REPRESENTATION_CONTEXT(2) 
PARAMETRIC_REPRESENTATION_CONTEXT() REPRESENTATION_CONTEXT('2D SPACE',''
  ) );
#2734 = ORIENTED_EDGE('',*,*,#2685,.F.);
#2735 = ADVANCED_FACE('',(#2736),#211,.T.);
#2736 = FACE_BOUND('',#2737,.F.);
#2737 = EDGE_LOOP('',(#2738,#2759,#2760,#2761));
#2738 = ORIENTED_EDGE('',*,*,#2739,.T.);
#2739 = EDGE_CURVE('',#2232,#167,#2740,.T.);
#2740 = SURFACE_CURVE('',#2741,(#2745,#2752),.PCURVE_S1.);
#2741 = LINE('',#2742,#2743);
#2742 = CARTESIAN_POINT('',(36.6,-35.,20.112975257545));
#2743 = VECTOR('',#2744,1.);
#2744 = DIRECTION('',(0.,0.,1.));
#2745 = PCURVE('',#211,#2746);
#2746 = DEFINITIONAL_REPRESENTATION('',(#2747),#2751);
#2747 = LINE('',#2748,#2749);
#2748 = CARTESIAN_POINT('',(-4.712388980385,0.));
#2749 = VECTOR('',#2750,1.);
#2750 = DIRECTION('',(-0.,-1.));
#2751 = ( GEOMETRIC_REPRESENTATION_CONTEXT(2) 
PARAMETRIC_REPRESENTATION_CONTEXT() REPRESENTATION_CONTEXT('2D SPACE',''
  ) );
#2752 = PCURVE('',#182,#2753);
#2753 = DEFINITIONAL_REPRESENTATION('',(#2754),#2758);
#2754 = LINE('',#2755,#2756);
#2755 = CARTESIAN_POINT('',(1.2,0.));
#2756 = VECTOR('',#2757,1.);
#2757 = DIRECTION('',(0.,-1.));
#2758 = ( GEOMETRIC_REPRESENTATION_CONTEXT(2) 
PARAMETRIC_REPRESENTATION_CONTEXT() REPRESENTATION_CONTEXT('2D SPACE',''
  ) );
#2759 = ORIENTED_EDGE('',*,*,#194,.T.);
#2760 = ORIENTED_EDGE('',*,*,#2047,.F.);
#2761 = ORIENTED_EDGE('',*,*,#2231,.F.);
#2762 = ADVANCED_FACE('',(#2763),#296,.T.);
#2763 = FACE_BOUND('',#2764,.T.);
#2764 = EDGE_LOOP('',(#2765,#2786,#2787,#2788));
#2765 = ORIENTED_EDGE('',*,*,#2766,.T.);
#2766 = EDGE_CURVE('',#2587,#281,#2767,.T.);
#2767 = SURFACE_CURVE('',#2768,(#2772,#2779),.PCURVE_S1.);
#2768 = LINE('',#2769,#2770);
#2769 = CARTESIAN_POINT('',(35.4,-15.,20.112975257545));
#2770 = VECTOR('',#2771,1.);
#2771 = DIRECTION('',(0.,0.,1.));
#2772 = PCURVE('',#296,#2773);
#2773 = DEFINITIONAL_REPRESENTATION('',(#2774),#2778);
#2774 = LINE('',#2775,#2776);
#2775 = CARTESIAN_POINT('',(0.,0.));
#2776 = VECTOR('',#2777,1.);
#2777 = DIRECTION('',(0.,-1.));
#2778 = ( GEOMETRIC_REPRESENTATION_CONTEXT(2) 
PARAMETRIC_REPRESENTATION_CONTEXT() REPRESENTATION_CONTEXT('2D SPACE',''
  ) );
#2779 = PCURVE('',#100,#2780);
#2780 = DEFINITIONAL_REPRESENTATION('',(#2781),#2785);
#2781 = LINE('',#2782,#2783);
#2782 = CARTESIAN_POINT('',(-1.570796326795,0.));
#2783 = VECTOR('',#2784,1.);
#2784 = DIRECTION('',(-0.,-1.));
#2785 = ( GEOMETRIC_REPRESENTATION_CONTEXT(2) 
PARAMETRIC_REPRESENTATION_CONTEXT() REPRESENTATION_CONTEXT('2D SPACE',''
  ) );
#2786 = ORIENTED_EDGE('',*,*,#280,.T.);
#2787 = ORIENTED_EDGE('',*,*,#2714,.F.);
#2788 = ORIENTED_EDGE('',*,*,#2660,.F.);
#2789 = ADVANCED_FACE('',(#2790),#182,.F.);
#2790 = FACE_BOUND('',#2791,.F.);
#2791 = EDGE_LOOP('',(#2792,#2813,#2814,#2815));
#2792 = ORIENTED_EDGE('',*,*,#2793,.T.);
#2793 = EDGE_CURVE('',#2334,#143,#2794,.T.);
#2794 = SURFACE_CURVE('',#2795,(#2799,#2806),.PCURVE_S1.);
#2795 = LINE('',#2796,#2797);
#2796 = CARTESIAN_POINT('',(35.4,-35.,20.112975257545));
#2797 = VECTOR('',#2798,1.);
#2798 = DIRECTION('',(0.,0.,1.));
#2799 = PCURVE('',#182,#2800);
#2800 = DEFINITIONAL_REPRESENTATION('',(#2801),#2805);
#2801 = LINE('',#2802,#2803);
#2802 = CARTESIAN_POINT('',(0.,0.));
#2803 = VECTOR('',#2804,1.);
#2804 = DIRECTION('',(0.,-1.));
#2805 = ( GEOMETRIC_REPRESENTATION_CONTEXT(2) 
PARAMETRIC_REPRESENTATION_CONTEXT() REPRESENTATION_CONTEXT('2D SPACE',''
  ) );
#2806 = PCURVE('',#44,#2807);
#2807 = DEFINITIONAL_REPRESENTATION('',(#2808),#2812);
#2808 = LINE('',#2809,#2810);
#2809 = CARTESIAN_POINT('',(-4.712388980385,0.));
#2810 = VECTOR('',#2811,1.);
#2811 = DIRECTION('',(-0.,-1.));
#2812 = ( GEOMETRIC_REPRESENTATION_CONTEXT(2) 
PARAMETRIC_REPRESENTATION_CONTEXT() REPRESENTATION_CONTEXT('2D SPACE',''
  ) );
#2813 = ORIENTED_EDGE('',*,*,#166,.T.);
#2814 = ORIENTED_EDGE('',*,*,#2739,.F.);
#2815 = ORIENTED_EDGE('',*,*,#2361,.F.);
#2816 = ADVANCED_FACE('',(#2817),#126,.F.);
#2817 = FACE_BOUND('',#2818,.F.);
#2818 = EDGE_LOOP('',(#2819,#2820,#2821,#2822));
#2819 = ORIENTED_EDGE('',*,*,#2407,.F.);
#2820 = ORIENTED_EDGE('',*,*,#2456,.T.);
#2821 = ORIENTED_EDGE('',*,*,#2565,.F.);
#2822 = ORIENTED_EDGE('',*,*,#112,.F.);
#2823 = ADVANCED_FACE('',(#2824),#100,.T.);
#2824 = FACE_BOUND('',#2825,.F.);
#2825 = EDGE_LOOP('',(#2826,#2827,#2828,#2829));
#2826 = ORIENTED_EDGE('',*,*,#2766,.T.);
#2827 = ORIENTED_EDGE('',*,*,#308,.T.);
#2828 = ORIENTED_EDGE('',*,*,#84,.F.);
#2829 = ORIENTED_EDGE('',*,*,#2586,.F.);
#2830 = ADVANCED_FACE('',(#2831),#44,.T.);
#2831 = FACE_BOUND('',#2832,.F.);
#2832 = EDGE_LOOP('',(#2833,#2834,#2835,#2836));
#2833 = ORIENTED_EDGE('',*,*,#21,.T.);
#2834 = ORIENTED_EDGE('',*,*,#142,.T.);
#2835 = ORIENTED_EDGE('',*,*,#2793,.F.);
#2836 = ORIENTED_EDGE('',*,*,#2385,.F.);
#2837 = ( GEOMETRIC_REPRESENTATION_CONTEXT(3) 
GLOBAL_UNCERTAINTY_ASSIGNED_CONTEXT((#2841)) 
GLOBAL_UNIT_ASSIGNED_CONTEXT((#2838,#2839,#2840)) REPRESENTATION_CONTEXT
('Context #1','3D Context with UNIT and UNCERTAINTY') );
#2838 = ( LENGTH_UNIT() NAMED_UNIT(*) SI_UNIT(.MILLI.,.METRE.) );
#2839 = ( NAMED_UNIT(*) PLANE_ANGLE_UNIT() SI_UNIT($,.RADIAN.) );
#2840 = ( NAMED_UNIT(*) SI_UNIT($,.STERADIAN.) SOLID_ANGLE_UNIT() );
#2841 = UNCERTAINTY_MEASURE_WITH_UNIT(LENGTH_MEASURE(5.E-02),#2838,
  'distance_accuracy_value','confusion accuracy');
#2842 = PRODUCT_RELATED_PRODUCT_CATEGORY('part',$,(#7));
ENDSEC;
END-ISO-10303-21;
