ISO-10303-21;
HEADER;
FILE_DESCRIPTION(('Open CASCADE Model'),'2;1');
FILE_NAME('Open CASCADE Shape Model','2026-10-08T00:19:44',('Author'),(
    'Open CASCADE'),'Open CASCADE STEP processor 7.9','Open CASCADE 7.9'
  ,'Unknown');
FILE_SCHEMA(('AUTOMOTIVE_DESIGN { 1 0 10303 214 1 1 1 1 }'));
ENDSEC;
DATA;
#1 = APPLICATION_PROTOCOL_DEFINITION('international standard',
  'automotive_design',2000,#2);
#2 = APPLICATION_CONTEXT(
  'core data for automotive mechanical design processes');
#3 = SHAPE_DEFINITION_REPRESENTATION(#4,#10);
#4 = PRODUCT_DEFINITION_SHAPE('','',#5);
#5 = PRODUCT_DEFINITION('design','',#6,#9);
#6 = PRODUCT_DEFINITION_FORMATION('','',#7);
#7 = PRODUCT('Open CASCADE STEP translator 7.9 14',
  'Open CASCADE STEP translator 7.9 14','',(#8));
#8 = PRODUCT_CONTEXT('',#2,'mechanical');
#9 = PRODUCT_DEFINITION_CONTEXT('part definition',#2,'design');
#10 = ADVANCED_BREP_SHAPE_REPRESENTATION('',(#11,#15),#2843);
#11 = AXIS2_PLACEMENT_3D('',#12,#13,#14);
#12 = CARTESIAN_POINT('',(0.,0.,0.));
#13 = DIRECTION('',(0.,0.,1.));
#14 = DIRECTION('',(1.,0.,-0.));
#15 = MANIFOLD_SOLID_BREP('',#16);
#16 = CLOSED_SHELL('',(#17,#137,#559,#635,#986,#1069,#1146,#1229,#1579,
    #1662,#1734,#1764,#1818,#1852,#1880,#1907,#1934,#1961,#1988,#2015,
    #2042,#2049,#2125,#2233,#2311,#2387,#2458,#2567,#2637,#2686,#2714,
    #2741,#2768,#2795,#2822,#2829,#2836));
#17 = ADVANCED_FACE('',(#18),#32,.T.);
#18 = FACE_BOUND('',#19,.T.);
#19 = EDGE_LOOP('',(#20,#55,#83,#111));
#20 = ORIENTED_EDGE('',*,*,#21,.T.);
#21 = EDGE_CURVE('',#22,#24,#26,.T.);
#22 = VERTEX_POINT('',#23);
#23 = CARTESIAN_POINT('',(11.,-31.6,21.605390285476));
#24 = VERTEX_POINT('',#25);
#25 = CARTESIAN_POINT('',(11.,-31.6,22.205390285476));
#26 = SURFACE_CURVE('',#27,(#31,#43),.PCURVE_S1.);
#27 = LINE('',#28,#29);
#28 = CARTESIAN_POINT('',(11.,-31.6,21.605390285476));
#29 = VECTOR('',#30,1.);
#30 = DIRECTION('',(0.,0.,1.));
#31 = PCURVE('',#32,#37);
#32 = PLANE('',#33);
#33 = AXIS2_PLACEMENT_3D('',#34,#35,#36);
#34 = CARTESIAN_POINT('',(11.,-31.6,21.605390285476));
#35 = DIRECTION('',(-1.,0.,0.));
#36 = DIRECTION('',(0.,1.,0.));
#37 = DEFINITIONAL_REPRESENTATION('',(#38),#42);
#38 = LINE('',#39,#40);
#39 = CARTESIAN_POINT('',(0.,0.));
#40 = VECTOR('',#41,1.);
#41 = DIRECTION('',(0.,-1.));
#42 = ( GEOMETRIC_REPRESENTATION_CONTEXT(2) 
PARAMETRIC_REPRESENTATION_CONTEXT() REPRESENTATION_CONTEXT('2D SPACE',''
  ) );
#43 = PCURVE('',#44,#49);
#44 = CYLINDRICAL_SURFACE('',#45,6.4);
#45 = AXIS2_PLACEMENT_3D('',#46,#47,#48);
#46 = CARTESIAN_POINT('',(17.4,-31.6,21.605390285476));
#47 = DIRECTION('',(-0.,-0.,-1.));
#48 = DIRECTION('',(1.,0.,0.));
#49 = DEFINITIONAL_REPRESENTATION('',(#50),#54);
#50 = LINE('',#51,#52);
#51 = CARTESIAN_POINT('',(-3.14159265359,0.));
#52 = VECTOR('',#53,1.);
#53 = DIRECTION('',(-0.,-1.));
#54 = ( GEOMETRIC_REPRESENTATION_CONTEXT(2) 
PARAMETRIC_REPRESENTATION_CONTEXT() REPRESENTATION_CONTEXT('2D SPACE',''
  ) );
#55 = ORIENTED_EDGE('',*,*,#56,.T.);
#56 = EDGE_CURVE('',#24,#57,#59,.T.);
#57 = VERTEX_POINT('',#58);
#58 = CARTESIAN_POINT('',(11.,-20.4,22.205390285476));
#59 = SURFACE_CURVE('',#60,(#64,#71),.PCURVE_S1.);
#60 = LINE('',#61,#62);
#61 = CARTESIAN_POINT('',(11.,-26.,22.205390285476));
#62 = VECTOR('',#63,1.);
#63 = DIRECTION('',(0.,1.,0.));
#64 = PCURVE('',#32,#65);
#65 = DEFINITIONAL_REPRESENTATION('',(#66),#70);
#66 = LINE('',#67,#68);
#67 = CARTESIAN_POINT('',(5.6,-0.6));
#68 = VECTOR('',#69,1.);
#69 = DIRECTION('',(1.,0.));
#70 = ( GEOMETRIC_REPRESENTATION_CONTEXT(2) 
PARAMETRIC_REPRESENTATION_CONTEXT() REPRESENTATION_CONTEXT('2D SPACE',''
  ) );
#71 = PCURVE('',#72,#77);
#72 = PLANE('',#73);
#73 = AXIS2_PLACEMENT_3D('',#74,#75,#76);
#74 = CARTESIAN_POINT('',(18.,-26.,22.205390285476));
#75 = DIRECTION('',(0.,0.,1.));
#76 = DIRECTION('',(1.,0.,0.));
#77 = DEFINITIONAL_REPRESENTATION('',(#78),#82);
#78 = LINE('',#79,#80);
#79 = CARTESIAN_POINT('',(-7.,0.));
#80 = VECTOR('',#81,1.);
#81 = DIRECTION('',(0.,1.));
#82 = ( GEOMETRIC_REPRESENTATION_CONTEXT(2) 
PARAMETRIC_REPRESENTATION_CONTEXT() REPRESENTATION_CONTEXT('2D SPACE',''
  ) );
#83 = ORIENTED_EDGE('',*,*,#84,.F.);
#84 = EDGE_CURVE('',#85,#57,#87,.T.);
#85 = VERTEX_POINT('',#86);
#86 = CARTESIAN_POINT('',(11.,-20.4,21.605390285476));
#87 = SURFACE_CURVE('',#88,(#92,#99),.PCURVE_S1.);
#88 = LINE('',#89,#90);
#89 = CARTESIAN_POINT('',(11.,-20.4,21.605390285476));
#90 = VECTOR('',#91,1.);
#91 = DIRECTION('',(0.,0.,1.));
#92 = PCURVE('',#32,#93);
#93 = DEFINITIONAL_REPRESENTATION('',(#94),#98);
#94 = LINE('',#95,#96);
#95 = CARTESIAN_POINT('',(11.2,0.));
#96 = VECTOR('',#97,1.);
#97 = DIRECTION('',(0.,-1.));
#98 = ( GEOMETRIC_REPRESENTATION_CONTEXT(2) 
PARAMETRIC_REPRESENTATION_CONTEXT() REPRESENTATION_CONTEXT('2D SPACE',''
  ) );
#99 = PCURVE('',#100,#105);
#100 = CYLINDRICAL_SURFACE('',#101,6.4);
#101 = AXIS2_PLACEMENT_3D('',#102,#103,#104);
#102 = CARTESIAN_POINT('',(17.4,-20.4,21.605390285476));
#103 = DIRECTION('',(-0.,-0.,-1.));
#104 = DIRECTION('',(1.,0.,0.));
#105 = DEFINITIONAL_REPRESENTATION('',(#106),#110);
#106 = LINE('',#107,#108);
#107 = CARTESIAN_POINT('',(-3.14159265359,0.));
#108 = VECTOR('',#109,1.);
#109 = DIRECTION('',(-0.,-1.));
#110 = ( GEOMETRIC_REPRESENTATION_CONTEXT(2) 
PARAMETRIC_REPRESENTATION_CONTEXT() REPRESENTATION_CONTEXT('2D SPACE',''
  ) );
#111 = ORIENTED_EDGE('',*,*,#112,.F.);
#112 = EDGE_CURVE('',#22,#85,#113,.T.);
#113 = SURFACE_CURVE('',#114,(#118,#125),.PCURVE_S1.);
#114 = LINE('',#115,#116);
#115 = CARTESIAN_POINT('',(11.,-26.,21.605390285476));
#116 = VECTOR('',#117,1.);
#117 = DIRECTION('',(0.,1.,0.));
#118 = PCURVE('',#32,#119);
#119 = DEFINITIONAL_REPRESENTATION('',(#120),#124);
#120 = LINE('',#121,#122);
#121 = CARTESIAN_POINT('',(5.6,0.));
#122 = VECTOR('',#123,1.);
#123 = DIRECTION('',(1.,0.));
#124 = ( GEOMETRIC_REPRESENTATION_CONTEXT(2) 
PARAMETRIC_REPRESENTATION_CONTEXT() REPRESENTATION_CONTEXT('2D SPACE',''
  ) );
#125 = PCURVE('',#126,#131);
#126 = PLANE('',#127);
#127 = AXIS2_PLACEMENT_3D('',#128,#129,#130);
#128 = CARTESIAN_POINT('',(11.,-26.,21.605390285476));
#129 = DIRECTION('',(0.707106781187,8.659560562355E-17,0.707106781187));
#130 = DIRECTION('',(0.707106781187,-8.659560562355E-17,-0.707106781187)
  );
#131 = DEFINITIONAL_REPRESENTATION('',(#132),#136);
#132 = LINE('',#133,#134);
#133 = CARTESIAN_POINT('',(0.,0.));
#134 = VECTOR('',#135,1.);
#135 = DIRECTION('',(-8.659560562355E-17,1.));
#136 = ( GEOMETRIC_REPRESENTATION_CONTEXT(2) 
PARAMETRIC_REPRESENTATION_CONTEXT() REPRESENTATION_CONTEXT('2D SPACE',''
  ) );
#137 = ADVANCED_FACE('',(#138,#329),#72,.T.);
#138 = FACE_BOUND('',#139,.T.);
#139 = EDGE_LOOP('',(#140,#141,#165,#193,#222,#250,#279,#307));
#140 = ORIENTED_EDGE('',*,*,#56,.F.);
#141 = ORIENTED_EDGE('',*,*,#142,.T.);
#142 = EDGE_CURVE('',#24,#143,#145,.T.);
#143 = VERTEX_POINT('',#144);
#144 = CARTESIAN_POINT('',(17.4,-38.,22.205390285476));
#145 = SURFACE_CURVE('',#146,(#151,#158),.PCURVE_S1.);
#146 = CIRCLE('',#147,6.4);
#147 = AXIS2_PLACEMENT_3D('',#148,#149,#150);
#148 = CARTESIAN_POINT('',(17.4,-31.6,22.205390285476));
#149 = DIRECTION('',(0.,0.,1.));
#150 = DIRECTION('',(1.,0.,0.));
#151 = PCURVE('',#72,#152);
#152 = DEFINITIONAL_REPRESENTATION('',(#153),#157);
#153 = CIRCLE('',#154,6.4);
#154 = AXIS2_PLACEMENT_2D('',#155,#156);
#155 = CARTESIAN_POINT('',(-0.6,-5.6));
#156 = DIRECTION('',(1.,0.));
#157 = ( GEOMETRIC_REPRESENTATION_CONTEXT(2) 
PARAMETRIC_REPRESENTATION_CONTEXT() REPRESENTATION_CONTEXT('2D SPACE',''
  ) );
#158 = PCURVE('',#44,#159);
#159 = DEFINITIONAL_REPRESENTATION('',(#160),#164);
#160 = LINE('',#161,#162);
#161 = CARTESIAN_POINT('',(-0.,-0.6));
#162 = VECTOR('',#163,1.);
#163 = DIRECTION('',(-1.,0.));
#164 = ( GEOMETRIC_REPRESENTATION_CONTEXT(2) 
PARAMETRIC_REPRESENTATION_CONTEXT() REPRESENTATION_CONTEXT('2D SPACE',''
  ) );
#165 = ORIENTED_EDGE('',*,*,#166,.T.);
#166 = EDGE_CURVE('',#143,#167,#169,.T.);
#167 = VERTEX_POINT('',#168);
#168 = CARTESIAN_POINT('',(18.6,-38.,22.205390285476));
#169 = SURFACE_CURVE('',#170,(#174,#181),.PCURVE_S1.);
#170 = LINE('',#171,#172);
#171 = CARTESIAN_POINT('',(18.,-38.,22.205390285476));
#172 = VECTOR('',#173,1.);
#173 = DIRECTION('',(1.,0.,0.));
#174 = PCURVE('',#72,#175);
#175 = DEFINITIONAL_REPRESENTATION('',(#176),#180);
#176 = LINE('',#177,#178);
#177 = CARTESIAN_POINT('',(0.,-12.));
#178 = VECTOR('',#179,1.);
#179 = DIRECTION('',(1.,0.));
#180 = ( GEOMETRIC_REPRESENTATION_CONTEXT(2) 
PARAMETRIC_REPRESENTATION_CONTEXT() REPRESENTATION_CONTEXT('2D SPACE',''
  ) );
#181 = PCURVE('',#182,#187);
#182 = PLANE('',#183);
#183 = AXIS2_PLACEMENT_3D('',#184,#185,#186);
#184 = CARTESIAN_POINT('',(17.4,-38.,21.605390285476));
#185 = DIRECTION('',(0.,1.,0.));
#186 = DIRECTION('',(1.,0.,0.));
#187 = DEFINITIONAL_REPRESENTATION('',(#188),#192);
#188 = LINE('',#189,#190);
#189 = CARTESIAN_POINT('',(0.6,-0.6));
#190 = VECTOR('',#191,1.);
#191 = DIRECTION('',(1.,0.));
#192 = ( GEOMETRIC_REPRESENTATION_CONTEXT(2) 
PARAMETRIC_REPRESENTATION_CONTEXT() REPRESENTATION_CONTEXT('2D SPACE',''
  ) );
#193 = ORIENTED_EDGE('',*,*,#194,.T.);
#194 = EDGE_CURVE('',#167,#195,#197,.T.);
#195 = VERTEX_POINT('',#196);
#196 = CARTESIAN_POINT('',(25.,-31.6,22.205390285476));
#197 = SURFACE_CURVE('',#198,(#203,#210),.PCURVE_S1.);
#198 = CIRCLE('',#199,6.4);
#199 = AXIS2_PLACEMENT_3D('',#200,#201,#202);
#200 = CARTESIAN_POINT('',(18.6,-31.6,22.205390285476));
#201 = DIRECTION('',(0.,0.,1.));
#202 = DIRECTION('',(1.,0.,0.));
#203 = PCURVE('',#72,#204);
#204 = DEFINITIONAL_REPRESENTATION('',(#205),#209);
#205 = CIRCLE('',#206,6.4);
#206 = AXIS2_PLACEMENT_2D('',#207,#208);
#207 = CARTESIAN_POINT('',(0.6,-5.6));
#208 = DIRECTION('',(1.,0.));
#209 = ( GEOMETRIC_REPRESENTATION_CONTEXT(2) 
PARAMETRIC_REPRESENTATION_CONTEXT() REPRESENTATION_CONTEXT('2D SPACE',''
  ) );
#210 = PCURVE('',#211,#216);
#211 = CYLINDRICAL_SURFACE('',#212,6.4);
#212 = AXIS2_PLACEMENT_3D('',#213,#214,#215);
#213 = CARTESIAN_POINT('',(18.6,-31.6,21.605390285476));
#214 = DIRECTION('',(-0.,-0.,-1.));
#215 = DIRECTION('',(1.,0.,0.));
#216 = DEFINITIONAL_REPRESENTATION('',(#217),#221);
#217 = LINE('',#218,#219);
#218 = CARTESIAN_POINT('',(-0.,-0.6));
#219 = VECTOR('',#220,1.);
#220 = DIRECTION('',(-1.,0.));
#221 = ( GEOMETRIC_REPRESENTATION_CONTEXT(2) 
PARAMETRIC_REPRESENTATION_CONTEXT() REPRESENTATION_CONTEXT('2D SPACE',''
  ) );
#222 = ORIENTED_EDGE('',*,*,#223,.T.);
#223 = EDGE_CURVE('',#195,#224,#226,.T.);
#224 = VERTEX_POINT('',#225);
#225 = CARTESIAN_POINT('',(25.,-20.4,22.205390285476));
#226 = SURFACE_CURVE('',#227,(#231,#238),.PCURVE_S1.);
#227 = LINE('',#228,#229);
#228 = CARTESIAN_POINT('',(25.,-26.,22.205390285476));
#229 = VECTOR('',#230,1.);
#230 = DIRECTION('',(0.,1.,0.));
#231 = PCURVE('',#72,#232);
#232 = DEFINITIONAL_REPRESENTATION('',(#233),#237);
#233 = LINE('',#234,#235);
#234 = CARTESIAN_POINT('',(7.,0.));
#235 = VECTOR('',#236,1.);
#236 = DIRECTION('',(0.,1.));
#237 = ( GEOMETRIC_REPRESENTATION_CONTEXT(2) 
PARAMETRIC_REPRESENTATION_CONTEXT() REPRESENTATION_CONTEXT('2D SPACE',''
  ) );
#238 = PCURVE('',#239,#244);
#239 = PLANE('',#240);
#240 = AXIS2_PLACEMENT_3D('',#241,#242,#243);
#241 = CARTESIAN_POINT('',(25.,-31.6,21.605390285476));
#242 = DIRECTION('',(-1.,0.,0.));
#243 = DIRECTION('',(0.,1.,0.));
#244 = DEFINITIONAL_REPRESENTATION('',(#245),#249);
#245 = LINE('',#246,#247);
#246 = CARTESIAN_POINT('',(5.6,-0.6));
#247 = VECTOR('',#248,1.);
#248 = DIRECTION('',(1.,0.));
#249 = ( GEOMETRIC_REPRESENTATION_CONTEXT(2) 
PARAMETRIC_REPRESENTATION_CONTEXT() REPRESENTATION_CONTEXT('2D SPACE',''
  ) );
#250 = ORIENTED_EDGE('',*,*,#251,.T.);
#251 = EDGE_CURVE('',#224,#252,#254,.T.);
#252 = VERTEX_POINT('',#253);
#253 = CARTESIAN_POINT('',(18.6,-14.,22.205390285476));
#254 = SURFACE_CURVE('',#255,(#260,#267),.PCURVE_S1.);
#255 = CIRCLE('',#256,6.4);
#256 = AXIS2_PLACEMENT_3D('',#257,#258,#259);
#257 = CARTESIAN_POINT('',(18.6,-20.4,22.205390285476));
#258 = DIRECTION('',(0.,0.,1.));
#259 = DIRECTION('',(1.,0.,0.));
#260 = PCURVE('',#72,#261);
#261 = DEFINITIONAL_REPRESENTATION('',(#262),#266);
#262 = CIRCLE('',#263,6.4);
#263 = AXIS2_PLACEMENT_2D('',#264,#265);
#264 = CARTESIAN_POINT('',(0.6,5.6));
#265 = DIRECTION('',(1.,0.));
#266 = ( GEOMETRIC_REPRESENTATION_CONTEXT(2) 
PARAMETRIC_REPRESENTATION_CONTEXT() REPRESENTATION_CONTEXT('2D SPACE',''
  ) );
#267 = PCURVE('',#268,#273);
#268 = CYLINDRICAL_SURFACE('',#269,6.4);
#269 = AXIS2_PLACEMENT_3D('',#270,#271,#272);
#270 = CARTESIAN_POINT('',(18.6,-20.4,21.605390285476));
#271 = DIRECTION('',(-0.,-0.,-1.));
#272 = DIRECTION('',(1.,0.,0.));
#273 = DEFINITIONAL_REPRESENTATION('',(#274),#278);
#274 = LINE('',#275,#276);
#275 = CARTESIAN_POINT('',(-0.,-0.6));
#276 = VECTOR('',#277,1.);
#277 = DIRECTION('',(-1.,0.));
#278 = ( GEOMETRIC_REPRESENTATION_CONTEXT(2) 
PARAMETRIC_REPRESENTATION_CONTEXT() REPRESENTATION_CONTEXT('2D SPACE',''
  ) );
#279 = ORIENTED_EDGE('',*,*,#280,.F.);
#280 = EDGE_CURVE('',#281,#252,#283,.T.);
#281 = VERTEX_POINT('',#282);
#282 = CARTESIAN_POINT('',(17.4,-14.,22.205390285476));
#283 = SURFACE_CURVE('',#284,(#288,#295),.PCURVE_S1.);
#284 = LINE('',#285,#286);
#285 = CARTESIAN_POINT('',(18.,-14.,22.205390285476));
#286 = VECTOR('',#287,1.);
#287 = DIRECTION('',(1.,0.,0.));
#288 = PCURVE('',#72,#289);
#289 = DEFINITIONAL_REPRESENTATION('',(#290),#294);
#290 = LINE('',#291,#292);
#291 = CARTESIAN_POINT('',(0.,12.));
#292 = VECTOR('',#293,1.);
#293 = DIRECTION('',(1.,0.));
#294 = ( GEOMETRIC_REPRESENTATION_CONTEXT(2) 
PARAMETRIC_REPRESENTATION_CONTEXT() REPRESENTATION_CONTEXT('2D SPACE',''
  ) );
#295 = PCURVE('',#296,#301);
#296 = PLANE('',#297);
#297 = AXIS2_PLACEMENT_3D('',#298,#299,#300);
#298 = CARTESIAN_POINT('',(17.4,-14.,21.605390285476));
#299 = DIRECTION('',(0.,1.,0.));
#300 = DIRECTION('',(1.,0.,0.));
#301 = DEFINITIONAL_REPRESENTATION('',(#302),#306);
#302 = LINE('',#303,#304);
#303 = CARTESIAN_POINT('',(0.6,-0.6));
#304 = VECTOR('',#305,1.);
#305 = DIRECTION('',(1.,0.));
#306 = ( GEOMETRIC_REPRESENTATION_CONTEXT(2) 
PARAMETRIC_REPRESENTATION_CONTEXT() REPRESENTATION_CONTEXT('2D SPACE',''
  ) );
#307 = ORIENTED_EDGE('',*,*,#308,.T.);
#308 = EDGE_CURVE('',#281,#57,#309,.T.);
#309 = SURFACE_CURVE('',#310,(#315,#322),.PCURVE_S1.);
#310 = CIRCLE('',#311,6.4);
#311 = AXIS2_PLACEMENT_3D('',#312,#313,#314);
#312 = CARTESIAN_POINT('',(17.4,-20.4,22.205390285476));
#313 = DIRECTION('',(0.,0.,1.));
#314 = DIRECTION('',(1.,0.,0.));
#315 = PCURVE('',#72,#316);
#316 = DEFINITIONAL_REPRESENTATION('',(#317),#321);
#317 = CIRCLE('',#318,6.4);
#318 = AXIS2_PLACEMENT_2D('',#319,#320);
#319 = CARTESIAN_POINT('',(-0.6,5.6));
#320 = DIRECTION('',(1.,0.));
#321 = ( GEOMETRIC_REPRESENTATION_CONTEXT(2) 
PARAMETRIC_REPRESENTATION_CONTEXT() REPRESENTATION_CONTEXT('2D SPACE',''
  ) );
#322 = PCURVE('',#100,#323);
#323 = DEFINITIONAL_REPRESENTATION('',(#324),#328);
#324 = LINE('',#325,#326);
#325 = CARTESIAN_POINT('',(-0.,-0.6));
#326 = VECTOR('',#327,1.);
#327 = DIRECTION('',(-1.,0.));
#328 = ( GEOMETRIC_REPRESENTATION_CONTEXT(2) 
PARAMETRIC_REPRESENTATION_CONTEXT() REPRESENTATION_CONTEXT('2D SPACE',''
  ) );
#329 = FACE_BOUND('',#330,.T.);
#330 = EDGE_LOOP('',(#331,#362,#390,#419,#447,#476,#504,#533));
#331 = ORIENTED_EDGE('',*,*,#332,.F.);
#332 = EDGE_CURVE('',#333,#335,#337,.T.);
#333 = VERTEX_POINT('',#334);
#334 = CARTESIAN_POINT('',(12.,-31.6,22.205390285476));
#335 = VERTEX_POINT('',#336);
#336 = CARTESIAN_POINT('',(17.4,-37.,22.205390285476));
#337 = SURFACE_CURVE('',#338,(#343,#350),.PCURVE_S1.);
#338 = CIRCLE('',#339,5.4);
#339 = AXIS2_PLACEMENT_3D('',#340,#341,#342);
#340 = CARTESIAN_POINT('',(17.4,-31.6,22.205390285476));
#341 = DIRECTION('',(0.,0.,1.));
#342 = DIRECTION('',(1.,0.,0.));
#343 = PCURVE('',#72,#344);
#344 = DEFINITIONAL_REPRESENTATION('',(#345),#349);
#345 = CIRCLE('',#346,5.4);
#346 = AXIS2_PLACEMENT_2D('',#347,#348);
#347 = CARTESIAN_POINT('',(-0.6,-5.6));
#348 = DIRECTION('',(1.,0.));
#349 = ( GEOMETRIC_REPRESENTATION_CONTEXT(2) 
PARAMETRIC_REPRESENTATION_CONTEXT() REPRESENTATION_CONTEXT('2D SPACE',''
  ) );
#350 = PCURVE('',#351,#356);
#351 = CYLINDRICAL_SURFACE('',#352,5.4);
#352 = AXIS2_PLACEMENT_3D('',#353,#354,#355);
#353 = CARTESIAN_POINT('',(17.4,-31.6,22.205390285476));
#354 = DIRECTION('',(-0.,-0.,-1.));
#355 = DIRECTION('',(1.,0.,0.));
#356 = DEFINITIONAL_REPRESENTATION('',(#357),#361);
#357 = LINE('',#358,#359);
#358 = CARTESIAN_POINT('',(-0.,0.));
#359 = VECTOR('',#360,1.);
#360 = DIRECTION('',(-1.,0.));
#361 = ( GEOMETRIC_REPRESENTATION_CONTEXT(2) 
PARAMETRIC_REPRESENTATION_CONTEXT() REPRESENTATION_CONTEXT('2D SPACE',''
  ) );
#362 = ORIENTED_EDGE('',*,*,#363,.T.);
#363 = EDGE_CURVE('',#333,#364,#366,.T.);
#364 = VERTEX_POINT('',#365);
#365 = CARTESIAN_POINT('',(12.,-20.4,22.205390285476));
#366 = SURFACE_CURVE('',#367,(#371,#378),.PCURVE_S1.);
#367 = LINE('',#368,#369);
#368 = CARTESIAN_POINT('',(12.,-26.,22.205390285476));
#369 = VECTOR('',#370,1.);
#370 = DIRECTION('',(0.,1.,0.));
#371 = PCURVE('',#72,#372);
#372 = DEFINITIONAL_REPRESENTATION('',(#373),#377);
#373 = LINE('',#374,#375);
#374 = CARTESIAN_POINT('',(-6.,0.));
#375 = VECTOR('',#376,1.);
#376 = DIRECTION('',(0.,1.));
#377 = ( GEOMETRIC_REPRESENTATION_CONTEXT(2) 
PARAMETRIC_REPRESENTATION_CONTEXT() REPRESENTATION_CONTEXT('2D SPACE',''
  ) );
#378 = PCURVE('',#379,#384);
#379 = PLANE('',#380);
#380 = AXIS2_PLACEMENT_3D('',#381,#382,#383);
#381 = CARTESIAN_POINT('',(12.,-31.6,22.205390285476));
#382 = DIRECTION('',(-1.,0.,0.));
#383 = DIRECTION('',(0.,1.,0.));
#384 = DEFINITIONAL_REPRESENTATION('',(#385),#389);
#385 = LINE('',#386,#387);
#386 = CARTESIAN_POINT('',(5.6,0.));
#387 = VECTOR('',#388,1.);
#388 = DIRECTION('',(1.,0.));
#389 = ( GEOMETRIC_REPRESENTATION_CONTEXT(2) 
PARAMETRIC_REPRESENTATION_CONTEXT() REPRESENTATION_CONTEXT('2D SPACE',''
  ) );
#390 = ORIENTED_EDGE('',*,*,#391,.F.);
#391 = EDGE_CURVE('',#392,#364,#394,.T.);
#392 = VERTEX_POINT('',#393);
#393 = CARTESIAN_POINT('',(17.4,-15.,22.205390285476));
#394 = SURFACE_CURVE('',#395,(#400,#407),.PCURVE_S1.);
#395 = CIRCLE('',#396,5.4);
#396 = AXIS2_PLACEMENT_3D('',#397,#398,#399);
#397 = CARTESIAN_POINT('',(17.4,-20.4,22.205390285476));
#398 = DIRECTION('',(0.,0.,1.));
#399 = DIRECTION('',(1.,0.,0.));
#400 = PCURVE('',#72,#401);
#401 = DEFINITIONAL_REPRESENTATION('',(#402),#406);
#402 = CIRCLE('',#403,5.4);
#403 = AXIS2_PLACEMENT_2D('',#404,#405);
#404 = CARTESIAN_POINT('',(-0.6,5.6));
#405 = DIRECTION('',(1.,0.));
#406 = ( GEOMETRIC_REPRESENTATION_CONTEXT(2) 
PARAMETRIC_REPRESENTATION_CONTEXT() REPRESENTATION_CONTEXT('2D SPACE',''
  ) );
#407 = PCURVE('',#408,#413);
#408 = CYLINDRICAL_SURFACE('',#409,5.4);
#409 = AXIS2_PLACEMENT_3D('',#410,#411,#412);
#410 = CARTESIAN_POINT('',(17.4,-20.4,22.205390285476));
#411 = DIRECTION('',(-0.,-0.,-1.));
#412 = DIRECTION('',(1.,0.,0.));
#413 = DEFINITIONAL_REPRESENTATION('',(#414),#418);
#414 = LINE('',#415,#416);
#415 = CARTESIAN_POINT('',(-0.,0.));
#416 = VECTOR('',#417,1.);
#417 = DIRECTION('',(-1.,0.));
#418 = ( GEOMETRIC_REPRESENTATION_CONTEXT(2) 
PARAMETRIC_REPRESENTATION_CONTEXT() REPRESENTATION_CONTEXT('2D SPACE',''
  ) );
#419 = ORIENTED_EDGE('',*,*,#420,.T.);
#420 = EDGE_CURVE('',#392,#421,#423,.T.);
#421 = VERTEX_POINT('',#422);
#422 = CARTESIAN_POINT('',(18.6,-15.,22.205390285476));
#423 = SURFACE_CURVE('',#424,(#428,#435),.PCURVE_S1.);
#424 = LINE('',#425,#426);
#425 = CARTESIAN_POINT('',(18.,-15.,22.205390285476));
#426 = VECTOR('',#427,1.);
#427 = DIRECTION('',(1.,0.,0.));
#428 = PCURVE('',#72,#429);
#429 = DEFINITIONAL_REPRESENTATION('',(#430),#434);
#430 = LINE('',#431,#432);
#431 = CARTESIAN_POINT('',(0.,11.));
#432 = VECTOR('',#433,1.);
#433 = DIRECTION('',(1.,0.));
#434 = ( GEOMETRIC_REPRESENTATION_CONTEXT(2) 
PARAMETRIC_REPRESENTATION_CONTEXT() REPRESENTATION_CONTEXT('2D SPACE',''
  ) );
#435 = PCURVE('',#436,#441);
#436 = PLANE('',#437);
#437 = AXIS2_PLACEMENT_3D('',#438,#439,#440);
#438 = CARTESIAN_POINT('',(17.4,-15.,22.205390285476));
#439 = DIRECTION('',(0.,1.,0.));
#440 = DIRECTION('',(1.,0.,0.));
#441 = DEFINITIONAL_REPRESENTATION('',(#442),#446);
#442 = LINE('',#443,#444);
#443 = CARTESIAN_POINT('',(0.6,0.));
#444 = VECTOR('',#445,1.);
#445 = DIRECTION('',(1.,0.));
#446 = ( GEOMETRIC_REPRESENTATION_CONTEXT(2) 
PARAMETRIC_REPRESENTATION_CONTEXT() REPRESENTATION_CONTEXT('2D SPACE',''
  ) );
#447 = ORIENTED_EDGE('',*,*,#448,.F.);
#448 = EDGE_CURVE('',#449,#421,#451,.T.);
#449 = VERTEX_POINT('',#450);
#450 = CARTESIAN_POINT('',(24.,-20.4,22.205390285476));
#451 = SURFACE_CURVE('',#452,(#457,#464),.PCURVE_S1.);
#452 = CIRCLE('',#453,5.4);
#453 = AXIS2_PLACEMENT_3D('',#454,#455,#456);
#454 = CARTESIAN_POINT('',(18.6,-20.4,22.205390285476));
#455 = DIRECTION('',(0.,0.,1.));
#456 = DIRECTION('',(1.,0.,0.));
#457 = PCURVE('',#72,#458);
#458 = DEFINITIONAL_REPRESENTATION('',(#459),#463);
#459 = CIRCLE('',#460,5.4);
#460 = AXIS2_PLACEMENT_2D('',#461,#462);
#461 = CARTESIAN_POINT('',(0.6,5.6));
#462 = DIRECTION('',(1.,0.));
#463 = ( GEOMETRIC_REPRESENTATION_CONTEXT(2) 
PARAMETRIC_REPRESENTATION_CONTEXT() REPRESENTATION_CONTEXT('2D SPACE',''
  ) );
#464 = PCURVE('',#465,#470);
#465 = CYLINDRICAL_SURFACE('',#466,5.4);
#466 = AXIS2_PLACEMENT_3D('',#467,#468,#469);
#467 = CARTESIAN_POINT('',(18.6,-20.4,22.205390285476));
#468 = DIRECTION('',(-0.,-0.,-1.));
#469 = DIRECTION('',(1.,0.,0.));
#470 = DEFINITIONAL_REPRESENTATION('',(#471),#475);
#471 = LINE('',#472,#473);
#472 = CARTESIAN_POINT('',(-0.,0.));
#473 = VECTOR('',#474,1.);
#474 = DIRECTION('',(-1.,0.));
#475 = ( GEOMETRIC_REPRESENTATION_CONTEXT(2) 
PARAMETRIC_REPRESENTATION_CONTEXT() REPRESENTATION_CONTEXT('2D SPACE',''
  ) );
#476 = ORIENTED_EDGE('',*,*,#477,.F.);
#477 = EDGE_CURVE('',#478,#449,#480,.T.);
#478 = VERTEX_POINT('',#479);
#479 = CARTESIAN_POINT('',(24.,-31.6,22.205390285476));
#480 = SURFACE_CURVE('',#481,(#485,#492),.PCURVE_S1.);
#481 = LINE('',#482,#483);
#482 = CARTESIAN_POINT('',(24.,-26.,22.205390285476));
#483 = VECTOR('',#484,1.);
#484 = DIRECTION('',(0.,1.,0.));
#485 = PCURVE('',#72,#486);
#486 = DEFINITIONAL_REPRESENTATION('',(#487),#491);
#487 = LINE('',#488,#489);
#488 = CARTESIAN_POINT('',(6.,0.));
#489 = VECTOR('',#490,1.);
#490 = DIRECTION('',(0.,1.));
#491 = ( GEOMETRIC_REPRESENTATION_CONTEXT(2) 
PARAMETRIC_REPRESENTATION_CONTEXT() REPRESENTATION_CONTEXT('2D SPACE',''
  ) );
#492 = PCURVE('',#493,#498);
#493 = PLANE('',#494);
#494 = AXIS2_PLACEMENT_3D('',#495,#496,#497);
#495 = CARTESIAN_POINT('',(24.,-31.6,22.205390285476));
#496 = DIRECTION('',(-1.,0.,0.));
#497 = DIRECTION('',(0.,1.,0.));
#498 = DEFINITIONAL_REPRESENTATION('',(#499),#503);
#499 = LINE('',#500,#501);
#500 = CARTESIAN_POINT('',(5.6,0.));
#501 = VECTOR('',#502,1.);
#502 = DIRECTION('',(1.,0.));
#503 = ( GEOMETRIC_REPRESENTATION_CONTEXT(2) 
PARAMETRIC_REPRESENTATION_CONTEXT() REPRESENTATION_CONTEXT('2D SPACE',''
  ) );
#504 = ORIENTED_EDGE('',*,*,#505,.F.);
#505 = EDGE_CURVE('',#506,#478,#508,.T.);
#506 = VERTEX_POINT('',#507);
#507 = CARTESIAN_POINT('',(18.6,-37.,22.205390285476));
#508 = SURFACE_CURVE('',#509,(#514,#521),.PCURVE_S1.);
#509 = CIRCLE('',#510,5.4);
#510 = AXIS2_PLACEMENT_3D('',#511,#512,#513);
#511 = CARTESIAN_POINT('',(18.6,-31.6,22.205390285476));
#512 = DIRECTION('',(0.,0.,1.));
#513 = DIRECTION('',(1.,0.,0.));
#514 = PCURVE('',#72,#515);
#515 = DEFINITIONAL_REPRESENTATION('',(#516),#520);
#516 = CIRCLE('',#517,5.4);
#517 = AXIS2_PLACEMENT_2D('',#518,#519);
#518 = CARTESIAN_POINT('',(0.6,-5.6));
#519 = DIRECTION('',(1.,0.));
#520 = ( GEOMETRIC_REPRESENTATION_CONTEXT(2) 
PARAMETRIC_REPRESENTATION_CONTEXT() REPRESENTATION_CONTEXT('2D SPACE',''
  ) );
#521 = PCURVE('',#522,#527);
#522 = CYLINDRICAL_SURFACE('',#523,5.4);
#523 = AXIS2_PLACEMENT_3D('',#524,#525,#526);
#524 = CARTESIAN_POINT('',(18.6,-31.6,22.205390285476));
#525 = DIRECTION('',(-0.,-0.,-1.));
#526 = DIRECTION('',(1.,0.,0.));
#527 = DEFINITIONAL_REPRESENTATION('',(#528),#532);
#528 = LINE('',#529,#530);
#529 = CARTESIAN_POINT('',(-0.,0.));
#530 = VECTOR('',#531,1.);
#531 = DIRECTION('',(-1.,0.));
#532 = ( GEOMETRIC_REPRESENTATION_CONTEXT(2) 
PARAMETRIC_REPRESENTATION_CONTEXT() REPRESENTATION_CONTEXT('2D SPACE',''
  ) );
#533 = ORIENTED_EDGE('',*,*,#534,.F.);
#534 = EDGE_CURVE('',#335,#506,#535,.T.);
#535 = SURFACE_CURVE('',#536,(#540,#547),.PCURVE_S1.);
#536 = LINE('',#537,#538);
#537 = CARTESIAN_POINT('',(18.,-37.,22.205390285476));
#538 = VECTOR('',#539,1.);
#539 = DIRECTION('',(1.,0.,0.));
#540 = PCURVE('',#72,#541);
#541 = DEFINITIONAL_REPRESENTATION('',(#542),#546);
#542 = LINE('',#543,#544);
#543 = CARTESIAN_POINT('',(0.,-11.));
#544 = VECTOR('',#545,1.);
#545 = DIRECTION('',(1.,0.));
#546 = ( GEOMETRIC_REPRESENTATION_CONTEXT(2) 
PARAMETRIC_REPRESENTATION_CONTEXT() REPRESENTATION_CONTEXT('2D SPACE',''
  ) );
#547 = PCURVE('',#548,#553);
#548 = PLANE('',#549);
#549 = AXIS2_PLACEMENT_3D('',#550,#551,#552);
#550 = CARTESIAN_POINT('',(17.4,-37.,22.205390285476));
#551 = DIRECTION('',(0.,1.,0.));
#552 = DIRECTION('',(1.,0.,0.));
#553 = DEFINITIONAL_REPRESENTATION('',(#554),#558);
#554 = LINE('',#555,#556);
#555 = CARTESIAN_POINT('',(0.6,0.));
#556 = VECTOR('',#557,1.);
#557 = DIRECTION('',(1.,0.));
#558 = ( GEOMETRIC_REPRESENTATION_CONTEXT(2) 
PARAMETRIC_REPRESENTATION_CONTEXT() REPRESENTATION_CONTEXT('2D SPACE',''
  ) );
#559 = ADVANCED_FACE('',(#560),#379,.T.);
#560 = FACE_BOUND('',#561,.T.);
#561 = EDGE_LOOP('',(#562,#585,#613,#634));
#562 = ORIENTED_EDGE('',*,*,#563,.T.);
#563 = EDGE_CURVE('',#333,#564,#566,.T.);
#564 = VERTEX_POINT('',#565);
#565 = CARTESIAN_POINT('',(12.,-31.6,26.905390285476));
#566 = SURFACE_CURVE('',#567,(#571,#578),.PCURVE_S1.);
#567 = LINE('',#568,#569);
#568 = CARTESIAN_POINT('',(12.,-31.6,22.205390285476));
#569 = VECTOR('',#570,1.);
#570 = DIRECTION('',(0.,0.,1.));
#571 = PCURVE('',#379,#572);
#572 = DEFINITIONAL_REPRESENTATION('',(#573),#577);
#573 = LINE('',#574,#575);
#574 = CARTESIAN_POINT('',(0.,0.));
#575 = VECTOR('',#576,1.);
#576 = DIRECTION('',(0.,-1.));
#577 = ( GEOMETRIC_REPRESENTATION_CONTEXT(2) 
PARAMETRIC_REPRESENTATION_CONTEXT() REPRESENTATION_CONTEXT('2D SPACE',''
  ) );
#578 = PCURVE('',#351,#579);
#579 = DEFINITIONAL_REPRESENTATION('',(#580),#584);
#580 = LINE('',#581,#582);
#581 = CARTESIAN_POINT('',(-3.14159265359,0.));
#582 = VECTOR('',#583,1.);
#583 = DIRECTION('',(-0.,-1.));
#584 = ( GEOMETRIC_REPRESENTATION_CONTEXT(2) 
PARAMETRIC_REPRESENTATION_CONTEXT() REPRESENTATION_CONTEXT('2D SPACE',''
  ) );
#585 = ORIENTED_EDGE('',*,*,#586,.T.);
#586 = EDGE_CURVE('',#564,#587,#589,.T.);
#587 = VERTEX_POINT('',#588);
#588 = CARTESIAN_POINT('',(12.,-20.4,26.905390285476));
#589 = SURFACE_CURVE('',#590,(#594,#601),.PCURVE_S1.);
#590 = LINE('',#591,#592);
#591 = CARTESIAN_POINT('',(12.,-31.6,26.905390285476));
#592 = VECTOR('',#593,1.);
#593 = DIRECTION('',(0.,1.,0.));
#594 = PCURVE('',#379,#595);
#595 = DEFINITIONAL_REPRESENTATION('',(#596),#600);
#596 = LINE('',#597,#598);
#597 = CARTESIAN_POINT('',(0.,-4.7));
#598 = VECTOR('',#599,1.);
#599 = DIRECTION('',(1.,0.));
#600 = ( GEOMETRIC_REPRESENTATION_CONTEXT(2) 
PARAMETRIC_REPRESENTATION_CONTEXT() REPRESENTATION_CONTEXT('2D SPACE',''
  ) );
#601 = PCURVE('',#602,#607);
#602 = CYLINDRICAL_SURFACE('',#603,1.2);
#603 = AXIS2_PLACEMENT_3D('',#604,#605,#606);
#604 = CARTESIAN_POINT('',(13.2,-31.6,26.905390285476));
#605 = DIRECTION('',(0.,1.,0.));
#606 = DIRECTION('',(-1.,0.,0.));
#607 = DEFINITIONAL_REPRESENTATION('',(#608),#612);
#608 = LINE('',#609,#610);
#609 = CARTESIAN_POINT('',(0.,0.));
#610 = VECTOR('',#611,1.);
#611 = DIRECTION('',(0.,1.));
#612 = ( GEOMETRIC_REPRESENTATION_CONTEXT(2) 
PARAMETRIC_REPRESENTATION_CONTEXT() REPRESENTATION_CONTEXT('2D SPACE',''
  ) );
#613 = ORIENTED_EDGE('',*,*,#614,.F.);
#614 = EDGE_CURVE('',#364,#587,#615,.T.);
#615 = SURFACE_CURVE('',#616,(#620,#627),.PCURVE_S1.);
#616 = LINE('',#617,#618);
#617 = CARTESIAN_POINT('',(12.,-20.4,22.205390285476));
#618 = VECTOR('',#619,1.);
#619 = DIRECTION('',(0.,0.,1.));
#620 = PCURVE('',#379,#621);
#621 = DEFINITIONAL_REPRESENTATION('',(#622),#626);
#622 = LINE('',#623,#624);
#623 = CARTESIAN_POINT('',(11.2,0.));
#624 = VECTOR('',#625,1.);
#625 = DIRECTION('',(0.,-1.));
#626 = ( GEOMETRIC_REPRESENTATION_CONTEXT(2) 
PARAMETRIC_REPRESENTATION_CONTEXT() REPRESENTATION_CONTEXT('2D SPACE',''
  ) );
#627 = PCURVE('',#408,#628);
#628 = DEFINITIONAL_REPRESENTATION('',(#629),#633);
#629 = LINE('',#630,#631);
#630 = CARTESIAN_POINT('',(-3.14159265359,0.));
#631 = VECTOR('',#632,1.);
#632 = DIRECTION('',(-0.,-1.));
#633 = ( GEOMETRIC_REPRESENTATION_CONTEXT(2) 
PARAMETRIC_REPRESENTATION_CONTEXT() REPRESENTATION_CONTEXT('2D SPACE',''
  ) );
#634 = ORIENTED_EDGE('',*,*,#363,.F.);
#635 = ADVANCED_FACE('',(#636),#602,.T.);
#636 = FACE_BOUND('',#637,.T.);
#637 = EDGE_LOOP('',(#638,#639,#668,#696,#931,#959));
#638 = ORIENTED_EDGE('',*,*,#586,.F.);
#639 = ORIENTED_EDGE('',*,*,#640,.T.);
#640 = EDGE_CURVE('',#564,#641,#643,.T.);
#641 = VERTEX_POINT('',#642);
#642 = CARTESIAN_POINT('',(13.2,-31.6,28.105390285476));
#643 = SURFACE_CURVE('',#644,(#649,#656),.PCURVE_S1.);
#644 = CIRCLE('',#645,1.2);
#645 = AXIS2_PLACEMENT_3D('',#646,#647,#648);
#646 = CARTESIAN_POINT('',(13.2,-31.6,26.905390285476));
#647 = DIRECTION('',(0.,1.,0.));
#648 = DIRECTION('',(-1.,0.,0.));
#649 = PCURVE('',#602,#650);
#650 = DEFINITIONAL_REPRESENTATION('',(#651),#655);
#651 = LINE('',#652,#653);
#652 = CARTESIAN_POINT('',(0.,0.));
#653 = VECTOR('',#654,1.);
#654 = DIRECTION('',(1.,0.));
#655 = ( GEOMETRIC_REPRESENTATION_CONTEXT(2) 
PARAMETRIC_REPRESENTATION_CONTEXT() REPRESENTATION_CONTEXT('2D SPACE',''
  ) );
#656 = PCURVE('',#657,#662);
#657 = TOROIDAL_SURFACE('',#658,4.2,1.2);
#658 = AXIS2_PLACEMENT_3D('',#659,#660,#661);
#659 = CARTESIAN_POINT('',(17.4,-31.6,26.905390285476));
#660 = DIRECTION('',(0.,0.,1.));
#661 = DIRECTION('',(-1.850371707709E-16,-1.,0.));
#662 = DEFINITIONAL_REPRESENTATION('',(#663),#667);
#663 = LINE('',#664,#665);
#664 = CARTESIAN_POINT('',(-1.570796326795,0.));
#665 = VECTOR('',#666,1.);
#666 = DIRECTION('',(-0.,1.));
#667 = ( GEOMETRIC_REPRESENTATION_CONTEXT(2) 
PARAMETRIC_REPRESENTATION_CONTEXT() REPRESENTATION_CONTEXT('2D SPACE',''
  ) );
#668 = ORIENTED_EDGE('',*,*,#669,.T.);
#669 = EDGE_CURVE('',#641,#670,#672,.T.);
#670 = VERTEX_POINT('',#671);
#671 = CARTESIAN_POINT('',(13.2,-30.08778668719,28.105390285476));
#672 = SURFACE_CURVE('',#673,(#677,#684),.PCURVE_S1.);
#673 = LINE('',#674,#675);
#674 = CARTESIAN_POINT('',(13.2,-31.6,28.105390285476));
#675 = VECTOR('',#676,1.);
#676 = DIRECTION('',(0.,1.,0.));
#677 = PCURVE('',#602,#678);
#678 = DEFINITIONAL_REPRESENTATION('',(#679),#683);
#679 = LINE('',#680,#681);
#680 = CARTESIAN_POINT('',(1.570796326795,0.));
#681 = VECTOR('',#682,1.);
#682 = DIRECTION('',(0.,1.));
#683 = ( GEOMETRIC_REPRESENTATION_CONTEXT(2) 
PARAMETRIC_REPRESENTATION_CONTEXT() REPRESENTATION_CONTEXT('2D SPACE',''
  ) );
#684 = PCURVE('',#685,#690);
#685 = PLANE('',#686);
#686 = AXIS2_PLACEMENT_3D('',#687,#688,#689);
#687 = CARTESIAN_POINT('',(18.,-26.,28.105390285476));
#688 = DIRECTION('',(0.,0.,1.));
#689 = DIRECTION('',(1.,0.,0.));
#690 = DEFINITIONAL_REPRESENTATION('',(#691),#695);
#691 = LINE('',#692,#693);
#692 = CARTESIAN_POINT('',(-4.8,-5.6));
#693 = VECTOR('',#694,1.);
#694 = DIRECTION('',(0.,1.));
#695 = ( GEOMETRIC_REPRESENTATION_CONTEXT(2) 
PARAMETRIC_REPRESENTATION_CONTEXT() REPRESENTATION_CONTEXT('2D SPACE',''
  ) );
#696 = ORIENTED_EDGE('',*,*,#697,.F.);
#697 = EDGE_CURVE('',#698,#670,#700,.T.);
#698 = VERTEX_POINT('',#699);
#699 = CARTESIAN_POINT('',(13.2,-21.9122133128,28.105390285476));
#700 = SURFACE_CURVE('',#701,(#774,#850),.PCURVE_S1.);
#701 = B_SPLINE_CURVE_WITH_KNOTS('',8,(#702,#703,#704,#705,#706,#707,
    #708,#709,#710,#711,#712,#713,#714,#715,#716,#717,#718,#719,#720,
    #721,#722,#723,#724,#725,#726,#727,#728,#729,#730,#731,#732,#733,
    #734,#735,#736,#737,#738,#739,#740,#741,#742,#743,#744,#745,#746,
    #747,#748,#749,#750,#751,#752,#753,#754,#755,#756,#757,#758,#759,
    #760,#761,#762,#763,#764,#765,#766,#767,#768,#769,#770,#771,#772,
    #773),.UNSPECIFIED.,.F.,.F.,(9,7,7,7,7,7,7,7,7,7,9),(0.,
    1.158622124635E-02,2.822086187173E-02,7.981120465322E-02,
    0.212542663721,0.49155308288,0.779661476271,0.871216528854,
    0.950880738913,0.986089510782,1.),.UNSPECIFIED.);
#702 = CARTESIAN_POINT('',(13.2,-21.9122133128,28.105390285476));
#703 = CARTESIAN_POINT('',(13.191930823896,-21.92168837798,
    28.105390285476));
#704 = CARTESIAN_POINT('',(13.184201822021,-21.93140642212,
    28.10532828357));
#705 = CARTESIAN_POINT('',(13.17677382691,-21.94132502144,
    28.105213385897));
#706 = CARTESIAN_POINT('',(13.169616974773,-21.95141140072,
    28.105052577956));
#707 = CARTESIAN_POINT('',(13.162706973231,-21.96164007302,
    28.104851415958));
#708 = CARTESIAN_POINT('',(13.156022639347,-21.97199129802,
    28.104614484834));
#709 = CARTESIAN_POINT('',(13.149544707956,-21.98245035893,
    28.104345622889));
#710 = CARTESIAN_POINT('',(13.134226919154,-22.00816504834,
    28.103620483399));
#711 = CARTESIAN_POINT('',(13.125591284818,-22.02351875613,
    28.103133786316));
#712 = CARTESIAN_POINT('',(13.117300296917,-22.03903462403,
    28.102597221198));
#713 = CARTESIAN_POINT('',(13.109317476755,-22.05468656731,
    28.102017875771));
#714 = CARTESIAN_POINT('',(13.101613894741,-22.07045445988,
    28.101401308526));
#715 = CARTESIAN_POINT('',(13.09416506866,-22.08632274589,
    28.100752069502));
#716 = CARTESIAN_POINT('',(13.086949442757,-22.1022797771,
    28.100073959492));
#717 = CARTESIAN_POINT('',(13.05823570103,-22.1680581158,28.09718686757)
  );
#718 = CARTESIAN_POINT('',(13.038602167773,-22.21854017017,
    28.09475722006));
#719 = CARTESIAN_POINT('',(13.020495945946,-22.26951814565,
    28.092173230133));
#720 = CARTESIAN_POINT('',(13.003658205066,-22.32085743385,
    28.08948010196));
#721 = CARTESIAN_POINT('',(12.987900166569,-22.37246533291,
    28.086710009842));
#722 = CARTESIAN_POINT('',(12.973064910202,-22.4242804204,
    28.083888049083));
#723 = CARTESIAN_POINT('',(12.959048027655,-22.47627956017,
    28.081029373011));
#724 = CARTESIAN_POINT('',(12.911540969163,-22.66271475475,
    28.070730034223));
#725 = CARTESIAN_POINT('',(12.88215739717,-22.79795435594,
    28.063166169273));
#726 = CARTESIAN_POINT('',(12.856079644323,-22.93378952337,
    28.055680713737));
#727 = CARTESIAN_POINT('',(12.832797646335,-23.07003823304,
    28.048354443879));
#728 = CARTESIAN_POINT('',(12.81178630969,-23.20655164063,
    28.041264840743));
#729 = CARTESIAN_POINT('',(12.792787685765,-23.34326747623,
    28.034448726109));
#730 = CARTESIAN_POINT('',(12.77554240869,-23.4801576536,28.027940712322
    ));
#731 = CARTESIAN_POINT('',(12.726933639759,-23.90541904418,
    28.008776815053));
#732 = CARTESIAN_POINT('',(12.700983521797,-24.19419184269,
    27.997263124696));
#733 = CARTESIAN_POINT('',(12.680348846571,-24.48330233842,
    27.987451620076));
#734 = CARTESIAN_POINT('',(12.664362429427,-24.77259993442,
    27.979435096972));
#735 = CARTESIAN_POINT('',(12.652466279314,-25.061979314,27.973286211924
    ));
#736 = CARTESIAN_POINT('',(12.644403000273,-25.35139640803,
    27.969036546275));
#737 = CARTESIAN_POINT('',(12.639994397206,-25.64084338642,
    27.966707616006));
#738 = CARTESIAN_POINT('',(12.638436845465,-26.22930553774,
    27.965884332845));
#739 = CARTESIAN_POINT('',(12.641531872251,-26.52813246684,
    27.967517498784));
#740 = CARTESIAN_POINT('',(12.648468726145,-26.82690694546,
    27.971203722017));
#741 = CARTESIAN_POINT('',(12.659421252917,-27.12564890593,
    27.976921695696));
#742 = CARTESIAN_POINT('',(12.674609164303,-27.42433880749,
    27.984645828358));
#743 = CARTESIAN_POINT('',(12.694605625921,-27.72287454411,
    27.994303332901));
#744 = CARTESIAN_POINT('',(12.720073188733,-28.02109141157,
    28.00580231413));
#745 = CARTESIAN_POINT('',(12.763069835988,-28.41326932498,
    28.023074000191));
#746 = CARTESIAN_POINT('',(12.774161451292,-28.50777731349,
    28.027401205419));
#747 = CARTESIAN_POINT('',(12.786029595617,-28.60221360215,
    28.031883297358));
#748 = CARTESIAN_POINT('',(12.798740910676,-28.69656594719,
    28.036511000658));
#749 = CARTESIAN_POINT('',(12.81237387944,-28.79081692459,28.04127314372
    ));
#750 = CARTESIAN_POINT('',(12.827024947214,-28.88494314497,
    28.046155754378));
#751 = CARTESIAN_POINT('',(12.84282209823,-28.97891341761,28.05114015937
    ));
#752 = CARTESIAN_POINT('',(12.87484570075,-29.15427948028,
    28.060602850517));
#753 = CARTESIAN_POINT('',(12.890743656294,-29.23568566908,
    28.065060687059));
#754 = CARTESIAN_POINT('',(12.907761856003,-29.31691174584,
    28.069558266206));
#755 = CARTESIAN_POINT('',(12.926063981282,-29.39792951276,
    28.074072674915));
#756 = CARTESIAN_POINT('',(12.945828177812,-29.47868355999,
    28.078576902606));
#757 = CARTESIAN_POINT('',(12.967360078554,-29.55906224405,
    28.083022947081));
#758 = CARTESIAN_POINT('',(12.990996959546,-29.63892194961,
    28.087355054221));
#759 = CARTESIAN_POINT('',(13.029318420885,-29.752918979,28.09324929283)
  );
#760 = CARTESIAN_POINT('',(13.041627510404,-29.78767229692,
    28.095006634374));
#761 = CARTESIAN_POINT('',(13.054580825299,-29.82223489626,
    28.096704201482));
#762 = CARTESIAN_POINT('',(13.068263916582,-29.85658118249,
    28.098328952088));
#763 = CARTESIAN_POINT('',(13.082799134152,-29.89064914958,
    28.099859862964));
#764 = CARTESIAN_POINT('',(13.098332444556,-29.92434617001,
    28.101269885994));
#765 = CARTESIAN_POINT('',(13.1150619435,-29.95753865127,28.102521298853
    ));
#766 = CARTESIAN_POINT('',(13.140638019728,-30.00280977682,
    28.103943071098));
#767 = CARTESIAN_POINT('',(13.148127270222,-30.01550680426,
    28.104309175201));
#768 = CARTESIAN_POINT('',(13.1558887371,-30.02806886216,28.104634404413
    ));
#769 = CARTESIAN_POINT('',(13.163952267694,-30.04047534337,
    28.104913039313));
#770 = CARTESIAN_POINT('',(13.172350667045,-30.05269698261,
    28.105138118215));
#771 = CARTESIAN_POINT('',(13.181122081548,-30.06469446202,
    28.105300991037));
#772 = CARTESIAN_POINT('',(13.190315589706,-30.07641496626,
    28.105390285476));
#773 = CARTESIAN_POINT('',(13.2,-30.08778668719,28.105390285476));
#774 = PCURVE('',#602,#775);
#775 = DEFINITIONAL_REPRESENTATION('',(#776),#849);
#776 = B_SPLINE_CURVE_WITH_KNOTS('',8,(#777,#778,#779,#780,#781,#782,
    #783,#784,#785,#786,#787,#788,#789,#790,#791,#792,#793,#794,#795,
    #796,#797,#798,#799,#800,#801,#802,#803,#804,#805,#806,#807,#808,
    #809,#810,#811,#812,#813,#814,#815,#816,#817,#818,#819,#820,#821,
    #822,#823,#824,#825,#826,#827,#828,#829,#830,#831,#832,#833,#834,
    #835,#836,#837,#838,#839,#840,#841,#842,#843,#844,#845,#846,#847,
    #848),.UNSPECIFIED.,.F.,.F.,(9,7,7,7,7,7,7,7,7,7,9),(0.,
    1.158622124635E-02,2.822086187173E-02,7.981120465322E-02,
    0.212542663721,0.49155308288,0.779661476271,0.871216528854,
    0.950880738913,0.986089510782,1.),.UNSPECIFIED.);
#777 = CARTESIAN_POINT('',(1.570796326795,9.687786687194));
#778 = CARTESIAN_POINT('',(1.564072013375,9.678311622015));
#779 = CARTESIAN_POINT('',(1.557631177831,9.668593577878));
#780 = CARTESIAN_POINT('',(1.551440720481,9.658674978559));
#781 = CARTESIAN_POINT('',(1.545475449333,9.648588599277));
#782 = CARTESIAN_POINT('',(1.53971491338,9.638359926971));
#783 = CARTESIAN_POINT('',(1.53414131177,9.628008701972));
#784 = CARTESIAN_POINT('',(1.528738478862,9.617549641061));
#785 = CARTESIAN_POINT('',(1.51595935958,9.591834951654));
#786 = CARTESIAN_POINT('',(1.508751868152,9.576481243866));
#787 = CARTESIAN_POINT('',(1.501828648549,9.560965375965));
#788 = CARTESIAN_POINT('',(1.495159189889,9.545313432681));
#789 = CARTESIAN_POINT('',(1.488719342099,9.529545540118));
#790 = CARTESIAN_POINT('',(1.482488698031,9.513677254111));
#791 = CARTESIAN_POINT('',(1.476449308294,9.497720222892));
#792 = CARTESIAN_POINT('',(1.45240054037,9.431941884192));
#793 = CARTESIAN_POINT('',(1.435918762211,9.381459829828));
#794 = CARTESIAN_POINT('',(1.420681477085,9.330481854343));
#795 = CARTESIAN_POINT('',(1.406475303806,9.279142566146));
#796 = CARTESIAN_POINT('',(1.393145229314,9.227534667082));
#797 = CARTESIAN_POINT('',(1.380562571249,9.175719579599));
#798 = CARTESIAN_POINT('',(1.368642329269,9.123720439821));
#799 = CARTESIAN_POINT('',(1.328133439761,8.937285245248));
#800 = CARTESIAN_POINT('',(1.302867492996,8.802045644055));
#801 = CARTESIAN_POINT('',(1.280270356675,8.666210476622));
#802 = CARTESIAN_POINT('',(1.259943024239,8.529961766957));
#803 = CARTESIAN_POINT('',(1.241469619688,8.393448359367));
#804 = CARTESIAN_POINT('',(1.22465373802,8.256732523761));
#805 = CARTESIAN_POINT('',(1.20929496211,8.119842346398));
#806 = CARTESIAN_POINT('',(1.165753256564,7.694580955816));
#807 = CARTESIAN_POINT('',(1.142116033445,7.405808157301));
#808 = CARTESIAN_POINT('',(1.123081378917,7.116697661574));
#809 = CARTESIAN_POINT('',(1.108183459394,6.827400065573));
#810 = CARTESIAN_POINT('',(1.097023072393,6.538020685992));
#811 = CARTESIAN_POINT('',(1.089428134634,6.248603591962));
#812 = CARTESIAN_POINT('',(1.085273063173,5.959156613571));
#813 = CARTESIAN_POINT('',(1.083804938286,5.370694462256));
#814 = CARTESIAN_POINT('',(1.086721582578,5.071867533152));
#815 = CARTESIAN_POINT('',(1.093266420006,4.773093054538));
#816 = CARTESIAN_POINT('',(1.103564720101,4.474351094065));
#817 = CARTESIAN_POINT('',(1.117758829305,4.1756611925));
#818 = CARTESIAN_POINT('',(1.136259461185,3.87712545589));
#819 = CARTESIAN_POINT('',(1.159524842786,3.578908588424));
#820 = CARTESIAN_POINT('',(1.198138157403,3.186730675016));
#821 = CARTESIAN_POINT('',(1.208059206109,3.09222268651));
#822 = CARTESIAN_POINT('',(1.218629985867,2.997786397846));
#823 = CARTESIAN_POINT('',(1.229901213256,2.903434052805));
#824 = CARTESIAN_POINT('',(1.241932962395,2.809183075403));
#825 = CARTESIAN_POINT('',(1.254799688921,2.71505685503));
#826 = CARTESIAN_POINT('',(1.268601433901,2.621086582388));
#827 = CARTESIAN_POINT('',(1.296428449677,2.445720519712));
#828 = CARTESIAN_POINT('',(1.310186410783,2.36431433092));
#829 = CARTESIAN_POINT('',(1.324852174883,2.283088254152));
#830 = CARTESIAN_POINT('',(1.340556841747,2.202070487239));
#831 = CARTESIAN_POINT('',(1.357442683553,2.121316440004));
#832 = CARTESIAN_POINT('',(1.375757662851,2.040937755949));
#833 = CARTESIAN_POINT('',(1.395774952315,1.961078050382));
#834 = CARTESIAN_POINT('',(1.428085043273,1.847081020994));
#835 = CARTESIAN_POINT('',(1.438446004853,1.81232770308));
#836 = CARTESIAN_POINT('',(1.449331579778,1.777765103735));
#837 = CARTESIAN_POINT('',(1.460812365772,1.743418817506));
#838 = CARTESIAN_POINT('',(1.472989747986,1.709350850415));
#839 = CARTESIAN_POINT('',(1.48598483434,1.675653829981));
#840 = CARTESIAN_POINT('',(1.499962487298,1.642461348721));
#841 = CARTESIAN_POINT('',(1.521308790509,1.597190223176));
#842 = CARTESIAN_POINT('',(1.527557147859,1.584493195732));
#843 = CARTESIAN_POINT('',(1.534030440096,1.571931137833));
#844 = CARTESIAN_POINT('',(1.540753684983,1.559524656628));
#845 = CARTESIAN_POINT('',(1.547754418831,1.54730301739));
#846 = CARTESIAN_POINT('',(1.55506472617,1.535305537978));
#847 = CARTESIAN_POINT('',(1.562725984883,1.523585033732));
#848 = CARTESIAN_POINT('',(1.570796326795,1.512213312806));
#849 = ( GEOMETRIC_REPRESENTATION_CONTEXT(2) 
PARAMETRIC_REPRESENTATION_CONTEXT() REPRESENTATION_CONTEXT('2D SPACE',''
  ) );
#850 = PCURVE('',#851,#856);
#851 = SPHERICAL_SURFACE('',#852,40.);
#852 = AXIS2_PLACEMENT_3D('',#853,#854,#855);
#853 = CARTESIAN_POINT('',(18.,-26.,67.605390285476));
#854 = DIRECTION('',(0.,0.,1.));
#855 = DIRECTION('',(1.,0.,0.));
#856 = DEFINITIONAL_REPRESENTATION('',(#857),#930);
#857 = B_SPLINE_CURVE_WITH_KNOTS('',8,(#858,#859,#860,#861,#862,#863,
    #864,#865,#866,#867,#868,#869,#870,#871,#872,#873,#874,#875,#876,
    #877,#878,#879,#880,#881,#882,#883,#884,#885,#886,#887,#888,#889,
    #890,#891,#892,#893,#894,#895,#896,#897,#898,#899,#900,#901,#902,
    #903,#904,#905,#906,#907,#908,#909,#910,#911,#912,#913,#914,#915,
    #916,#917,#918,#919,#920,#921,#922,#923,#924,#925,#926,#927,#928,
    #929),.UNSPECIFIED.,.F.,.F.,(9,7,7,7,7,7,7,7,7,7,9),(0.,
    1.158622124635E-02,2.822086187173E-02,7.981120465322E-02,
    0.212542663721,0.49155308288,0.779661476271,0.871216528854,
    0.950880738913,0.986089510782,1.),.UNSPECIFIED.);
#858 = CARTESIAN_POINT('',(2.436157556873,-1.41251727687));
#859 = CARTESIAN_POINT('',(2.438131528785,-1.41251727687));
#860 = CARTESIAN_POINT('',(2.440099859258,-1.412527110988));
#861 = CARTESIAN_POINT('',(2.442061949908,-1.412545335014));
#862 = CARTESIAN_POINT('',(2.444017296591,-1.412570844139));
#863 = CARTESIAN_POINT('',(2.445965621702,-1.412602761599));
#864 = CARTESIAN_POINT('',(2.44790696635,-1.412640364986));
#865 = CARTESIAN_POINT('',(2.449841742422,-1.412683050217));
#866 = CARTESIAN_POINT('',(2.454540263244,-1.412798218553));
#867 = CARTESIAN_POINT('',(2.457296770908,-1.412875549943));
#868 = CARTESIAN_POINT('',(2.460041670396,-1.412960850675));
#869 = CARTESIAN_POINT('',(2.462775954298,-1.413053010125));
#870 = CARTESIAN_POINT('',(2.465500472052,-1.413151159074));
#871 = CARTESIAN_POINT('',(2.468216111692,-1.413254586895));
#872 = CARTESIAN_POINT('',(2.470923896178,-1.413362700558));
#873 = CARTESIAN_POINT('',(2.482002126297,-1.413823387639));
#874 = CARTESIAN_POINT('',(2.490308751188,-1.414211955724));
#875 = CARTESIAN_POINT('',(2.498577302266,-1.414626378969));
#876 = CARTESIAN_POINT('',(2.506820852059,-1.415059653262));
#877 = CARTESIAN_POINT('',(2.515049370166,-1.415506774065));
#878 = CARTESIAN_POINT('',(2.523272894703,-1.415963816103));
#879 = CARTESIAN_POINT('',(2.531500393427,-1.416428404407));
#880 = CARTESIAN_POINT('',(2.560949873822,-1.418108108116));
#881 = CARTESIAN_POINT('',(2.582221563432,-1.419352467535));
#882 = CARTESIAN_POINT('',(2.603681565359,-1.420595897387));
#883 = CARTESIAN_POINT('',(2.625363888246,-1.421824611387));
#884 = CARTESIAN_POINT('',(2.647304432001,-1.423024978335));
#885 = CARTESIAN_POINT('',(2.669517753053,-1.424189527038));
#886 = CARTESIAN_POINT('',(2.692020686031,-1.425311042658));
#887 = CARTESIAN_POINT('',(2.762765948909,-1.428640173584));
#888 = CARTESIAN_POINT('',(2.811997725879,-1.430680316921));
#889 = CARTESIAN_POINT('',(2.862564924051,-1.432451360779));
#890 = CARTESIAN_POINT('',(2.91434858997,-1.433920395402));
#891 = CARTESIAN_POINT('',(2.96715013709,-1.435059493247));
#892 = CARTESIAN_POINT('',(3.020677213051,-1.435851240339));
#893 = CARTESIAN_POINT('',(3.074603458744,-1.436285599097));
#894 = CARTESIAN_POINT('',(3.184360614781,-1.436439161627));
#895 = CARTESIAN_POINT('',(3.240160830381,-1.436134572462));
#896 = CARTESIAN_POINT('',(3.295647188948,-1.43544627263));
#897 = CARTESIAN_POINT('',(3.350456862755,-1.434383204559));
#898 = CARTESIAN_POINT('',(3.404251075224,-1.432961851483));
#899 = CARTESIAN_POINT('',(3.456792120873,-1.431211152883));
#900 = CARTESIAN_POINT('',(3.507927315739,-1.429165551233));
#901 = CARTESIAN_POINT('',(3.573486059382,-1.426154851007));
#902 = CARTESIAN_POINT('',(3.58915498382,-1.425404713913));
#903 = CARTESIAN_POINT('',(3.604684462186,-1.424632219849));
#904 = CARTESIAN_POINT('',(3.620076876642,-1.423839429212));
#905 = CARTESIAN_POINT('',(3.635335936643,-1.423028682971));
#906 = CARTESIAN_POINT('',(3.650467283748,-1.422202729857));
#907 = CARTESIAN_POINT('',(3.665479771536,-1.421365004555));
#908 = CARTESIAN_POINT('',(3.693358917627,-1.419784848031));
#909 = CARTESIAN_POINT('',(3.706245121671,-1.41904452185));
#910 = CARTESIAN_POINT('',(3.719060729106,-1.418301740706));
#911 = CARTESIAN_POINT('',(3.731820223591,-1.417560334294));
#912 = CARTESIAN_POINT('',(3.744536394988,-1.416824725825));
#913 = CARTESIAN_POINT('',(3.757229572617,-1.41610256353));
#914 = CARTESIAN_POINT('',(3.769920633413,-1.415402578165));
#915 = CARTESIAN_POINT('',(3.788303506133,-1.414454455555));
#916 = CARTESIAN_POINT('',(3.793944197688,-1.414172390474));
#917 = CARTESIAN_POINT('',(3.799599981601,-1.413900490225));
#918 = CARTESIAN_POINT('',(3.80527738855,-1.413640775152));
#919 = CARTESIAN_POINT('',(3.810982601859,-1.413396520903));
#920 = CARTESIAN_POINT('',(3.816720892759,-1.413171936802));
#921 = CARTESIAN_POINT('',(3.822498672631,-1.41297289589));
#922 = CARTESIAN_POINT('',(3.83063840881,-1.412746972453));
#923 = CARTESIAN_POINT('',(3.832951054432,-1.412688826938));
#924 = CARTESIAN_POINT('',(3.835272764191,-1.412637196396));
#925 = CARTESIAN_POINT('',(3.837604428282,-1.412592979998));
#926 = CARTESIAN_POINT('',(3.839946258057,-1.412557273335));
#927 = CARTESIAN_POINT('',(3.842297898098,-1.412531439821));
#928 = CARTESIAN_POINT('',(3.84465864178,-1.41251727687));
#929 = CARTESIAN_POINT('',(3.847027750306,-1.41251727687));
#930 = ( GEOMETRIC_REPRESENTATION_CONTEXT(2) 
PARAMETRIC_REPRESENTATION_CONTEXT() REPRESENTATION_CONTEXT('2D SPACE',''
  ) );
#931 = ORIENTED_EDGE('',*,*,#932,.T.);
#932 = EDGE_CURVE('',#698,#933,#935,.T.);
#933 = VERTEX_POINT('',#934);
#934 = CARTESIAN_POINT('',(13.2,-20.4,28.105390285476));
#935 = SURFACE_CURVE('',#936,(#940,#947),.PCURVE_S1.);
#936 = LINE('',#937,#938);
#937 = CARTESIAN_POINT('',(13.2,-31.6,28.105390285476));
#938 = VECTOR('',#939,1.);
#939 = DIRECTION('',(0.,1.,0.));
#940 = PCURVE('',#602,#941);
#941 = DEFINITIONAL_REPRESENTATION('',(#942),#946);
#942 = LINE('',#943,#944);
#943 = CARTESIAN_POINT('',(1.570796326795,0.));
#944 = VECTOR('',#945,1.);
#945 = DIRECTION('',(0.,1.));
#946 = ( GEOMETRIC_REPRESENTATION_CONTEXT(2) 
PARAMETRIC_REPRESENTATION_CONTEXT() REPRESENTATION_CONTEXT('2D SPACE',''
  ) );
#947 = PCURVE('',#948,#953);
#948 = PLANE('',#949);
#949 = AXIS2_PLACEMENT_3D('',#950,#951,#952);
#950 = CARTESIAN_POINT('',(18.,-26.,28.105390285476));
#951 = DIRECTION('',(0.,0.,1.));
#952 = DIRECTION('',(1.,0.,0.));
#953 = DEFINITIONAL_REPRESENTATION('',(#954),#958);
#954 = LINE('',#955,#956);
#955 = CARTESIAN_POINT('',(-4.8,-5.6));
#956 = VECTOR('',#957,1.);
#957 = DIRECTION('',(0.,1.));
#958 = ( GEOMETRIC_REPRESENTATION_CONTEXT(2) 
PARAMETRIC_REPRESENTATION_CONTEXT() REPRESENTATION_CONTEXT('2D SPACE',''
  ) );
#959 = ORIENTED_EDGE('',*,*,#960,.F.);
#960 = EDGE_CURVE('',#587,#933,#961,.T.);
#961 = SURFACE_CURVE('',#962,(#967,#974),.PCURVE_S1.);
#962 = CIRCLE('',#963,1.2);
#963 = AXIS2_PLACEMENT_3D('',#964,#965,#966);
#964 = CARTESIAN_POINT('',(13.2,-20.4,26.905390285476));
#965 = DIRECTION('',(0.,1.,0.));
#966 = DIRECTION('',(-1.,0.,0.));
#967 = PCURVE('',#602,#968);
#968 = DEFINITIONAL_REPRESENTATION('',(#969),#973);
#969 = LINE('',#970,#971);
#970 = CARTESIAN_POINT('',(0.,11.2));
#971 = VECTOR('',#972,1.);
#972 = DIRECTION('',(1.,0.));
#973 = ( GEOMETRIC_REPRESENTATION_CONTEXT(2) 
PARAMETRIC_REPRESENTATION_CONTEXT() REPRESENTATION_CONTEXT('2D SPACE',''
  ) );
#974 = PCURVE('',#975,#980);
#975 = TOROIDAL_SURFACE('',#976,4.2,1.2);
#976 = AXIS2_PLACEMENT_3D('',#977,#978,#979);
#977 = CARTESIAN_POINT('',(17.4,-20.4,26.905390285476));
#978 = DIRECTION('',(0.,0.,1.));
#979 = DIRECTION('',(-1.,1.644774851297E-16,0.));
#980 = DEFINITIONAL_REPRESENTATION('',(#981),#985);
#981 = LINE('',#982,#983);
#982 = CARTESIAN_POINT('',(-0.,0.));
#983 = VECTOR('',#984,1.);
#984 = DIRECTION('',(-0.,1.));
#985 = ( GEOMETRIC_REPRESENTATION_CONTEXT(2) 
PARAMETRIC_REPRESENTATION_CONTEXT() REPRESENTATION_CONTEXT('2D SPACE',''
  ) );
#986 = ADVANCED_FACE('',(#987),#657,.T.);
#987 = FACE_BOUND('',#988,.F.);
#988 = EDGE_LOOP('',(#989,#1020,#1042,#1043));
#989 = ORIENTED_EDGE('',*,*,#990,.F.);
#990 = EDGE_CURVE('',#991,#993,#995,.T.);
#991 = VERTEX_POINT('',#992);
#992 = CARTESIAN_POINT('',(17.4,-37.,26.905390285476));
#993 = VERTEX_POINT('',#994);
#994 = CARTESIAN_POINT('',(17.4,-35.8,28.105390285476));
#995 = SURFACE_CURVE('',#996,(#1001,#1008),.PCURVE_S1.);
#996 = CIRCLE('',#997,1.2);
#997 = AXIS2_PLACEMENT_3D('',#998,#999,#1000);
#998 = CARTESIAN_POINT('',(17.4,-35.8,26.905390285476));
#999 = DIRECTION('',(-1.,-0.,0.));
#1000 = DIRECTION('',(0.,-1.,0.));
#1001 = PCURVE('',#657,#1002);
#1002 = DEFINITIONAL_REPRESENTATION('',(#1003),#1007);
#1003 = LINE('',#1004,#1005);
#1004 = CARTESIAN_POINT('',(-0.,0.));
#1005 = VECTOR('',#1006,1.);
#1006 = DIRECTION('',(-0.,1.));
#1007 = ( GEOMETRIC_REPRESENTATION_CONTEXT(2) 
PARAMETRIC_REPRESENTATION_CONTEXT() REPRESENTATION_CONTEXT('2D SPACE',''
  ) );
#1008 = PCURVE('',#1009,#1014);
#1009 = CYLINDRICAL_SURFACE('',#1010,1.2);
#1010 = AXIS2_PLACEMENT_3D('',#1011,#1012,#1013);
#1011 = CARTESIAN_POINT('',(18.6,-35.8,26.905390285476));
#1012 = DIRECTION('',(-1.,-0.,-0.));
#1013 = DIRECTION('',(0.,-1.,0.));
#1014 = DEFINITIONAL_REPRESENTATION('',(#1015),#1019);
#1015 = LINE('',#1016,#1017);
#1016 = CARTESIAN_POINT('',(0.,1.2));
#1017 = VECTOR('',#1018,1.);
#1018 = DIRECTION('',(1.,0.));
#1019 = ( GEOMETRIC_REPRESENTATION_CONTEXT(2) 
PARAMETRIC_REPRESENTATION_CONTEXT() REPRESENTATION_CONTEXT('2D SPACE',''
  ) );
#1020 = ORIENTED_EDGE('',*,*,#1021,.T.);
#1021 = EDGE_CURVE('',#991,#564,#1022,.T.);
#1022 = SURFACE_CURVE('',#1023,(#1028,#1035),.PCURVE_S1.);
#1023 = CIRCLE('',#1024,5.4);
#1024 = AXIS2_PLACEMENT_3D('',#1025,#1026,#1027);
#1025 = CARTESIAN_POINT('',(17.4,-31.6,26.905390285476));
#1026 = DIRECTION('',(-0.,0.,-1.));
#1027 = DIRECTION('',(-1.850371707709E-16,-1.,0.));
#1028 = PCURVE('',#657,#1029);
#1029 = DEFINITIONAL_REPRESENTATION('',(#1030),#1034);
#1030 = LINE('',#1031,#1032);
#1031 = CARTESIAN_POINT('',(-0.,0.));
#1032 = VECTOR('',#1033,1.);
#1033 = DIRECTION('',(-1.,0.));
#1034 = ( GEOMETRIC_REPRESENTATION_CONTEXT(2) 
PARAMETRIC_REPRESENTATION_CONTEXT() REPRESENTATION_CONTEXT('2D SPACE',''
  ) );
#1035 = PCURVE('',#351,#1036);
#1036 = DEFINITIONAL_REPRESENTATION('',(#1037),#1041);
#1037 = LINE('',#1038,#1039);
#1038 = CARTESIAN_POINT('',(-4.712388980385,-4.7));
#1039 = VECTOR('',#1040,1.);
#1040 = DIRECTION('',(1.,-0.));
#1041 = ( GEOMETRIC_REPRESENTATION_CONTEXT(2) 
PARAMETRIC_REPRESENTATION_CONTEXT() REPRESENTATION_CONTEXT('2D SPACE',''
  ) );
#1042 = ORIENTED_EDGE('',*,*,#640,.T.);
#1043 = ORIENTED_EDGE('',*,*,#1044,.F.);
#1044 = EDGE_CURVE('',#993,#641,#1045,.T.);
#1045 = SURFACE_CURVE('',#1046,(#1051,#1058),.PCURVE_S1.);
#1046 = CIRCLE('',#1047,4.2);
#1047 = AXIS2_PLACEMENT_3D('',#1048,#1049,#1050);
#1048 = CARTESIAN_POINT('',(17.4,-31.6,28.105390285476));
#1049 = DIRECTION('',(-0.,0.,-1.));
#1050 = DIRECTION('',(-1.850371707709E-16,-1.,0.));
#1051 = PCURVE('',#657,#1052);
#1052 = DEFINITIONAL_REPRESENTATION('',(#1053),#1057);
#1053 = LINE('',#1054,#1055);
#1054 = CARTESIAN_POINT('',(-0.,1.570796326795));
#1055 = VECTOR('',#1056,1.);
#1056 = DIRECTION('',(-1.,0.));
#1057 = ( GEOMETRIC_REPRESENTATION_CONTEXT(2) 
PARAMETRIC_REPRESENTATION_CONTEXT() REPRESENTATION_CONTEXT('2D SPACE',''
  ) );
#1058 = PCURVE('',#685,#1059);
#1059 = DEFINITIONAL_REPRESENTATION('',(#1060),#1068);
#1060 = ( BOUNDED_CURVE() B_SPLINE_CURVE(2,(#1061,#1062,#1063,#1064,
#1065,#1066,#1067),.UNSPECIFIED.,.T.,.F.) B_SPLINE_CURVE_WITH_KNOTS((1,2
    ,2,2,2,1),(-2.094395102393,0.,2.094395102393,4.188790204786,
6.28318530718,8.377580409573),.UNSPECIFIED.) CURVE() 
GEOMETRIC_REPRESENTATION_ITEM() RATIONAL_B_SPLINE_CURVE((1.,0.5,1.,0.5,
1.,0.5,1.)) REPRESENTATION_ITEM('') );
#1061 = CARTESIAN_POINT('',(-0.6,-9.8));
#1062 = CARTESIAN_POINT('',(-7.874613391789,-9.8));
#1063 = CARTESIAN_POINT('',(-4.237306695895,-3.5));
#1064 = CARTESIAN_POINT('',(-0.6,2.8));
#1065 = CARTESIAN_POINT('',(3.037306695895,-3.5));
#1066 = CARTESIAN_POINT('',(6.674613391789,-9.8));
#1067 = CARTESIAN_POINT('',(-0.6,-9.8));
#1068 = ( GEOMETRIC_REPRESENTATION_CONTEXT(2) 
PARAMETRIC_REPRESENTATION_CONTEXT() REPRESENTATION_CONTEXT('2D SPACE',''
  ) );
#1069 = ADVANCED_FACE('',(#1070),#1009,.T.);
#1070 = FACE_BOUND('',#1071,.T.);
#1071 = EDGE_LOOP('',(#1072,#1103,#1124,#1125));
#1072 = ORIENTED_EDGE('',*,*,#1073,.T.);
#1073 = EDGE_CURVE('',#1074,#1076,#1078,.T.);
#1074 = VERTEX_POINT('',#1075);
#1075 = CARTESIAN_POINT('',(18.6,-37.,26.905390285476));
#1076 = VERTEX_POINT('',#1077);
#1077 = CARTESIAN_POINT('',(18.6,-35.8,28.105390285476));
#1078 = SURFACE_CURVE('',#1079,(#1084,#1091),.PCURVE_S1.);
#1079 = CIRCLE('',#1080,1.2);
#1080 = AXIS2_PLACEMENT_3D('',#1081,#1082,#1083);
#1081 = CARTESIAN_POINT('',(18.6,-35.8,26.905390285476));
#1082 = DIRECTION('',(-1.,1.032451451723E-16,0.));
#1083 = DIRECTION('',(-1.032451451723E-16,-1.,0.));
#1084 = PCURVE('',#1009,#1085);
#1085 = DEFINITIONAL_REPRESENTATION('',(#1086),#1090);
#1086 = LINE('',#1087,#1088);
#1087 = CARTESIAN_POINT('',(0.,0.));
#1088 = VECTOR('',#1089,1.);
#1089 = DIRECTION('',(1.,0.));
#1090 = ( GEOMETRIC_REPRESENTATION_CONTEXT(2) 
PARAMETRIC_REPRESENTATION_CONTEXT() REPRESENTATION_CONTEXT('2D SPACE',''
  ) );
#1091 = PCURVE('',#1092,#1097);
#1092 = TOROIDAL_SURFACE('',#1093,4.2,1.2);
#1093 = AXIS2_PLACEMENT_3D('',#1094,#1095,#1096);
#1094 = CARTESIAN_POINT('',(18.6,-31.6,26.905390285476));
#1095 = DIRECTION('',(0.,0.,1.));
#1096 = DIRECTION('',(1.,-1.644774851297E-16,0.));
#1097 = DEFINITIONAL_REPRESENTATION('',(#1098),#1102);
#1098 = LINE('',#1099,#1100);
#1099 = CARTESIAN_POINT('',(-1.570796326795,0.));
#1100 = VECTOR('',#1101,1.);
#1101 = DIRECTION('',(-0.,1.));
#1102 = ( GEOMETRIC_REPRESENTATION_CONTEXT(2) 
PARAMETRIC_REPRESENTATION_CONTEXT() REPRESENTATION_CONTEXT('2D SPACE',''
  ) );
#1103 = ORIENTED_EDGE('',*,*,#1104,.T.);
#1104 = EDGE_CURVE('',#1076,#993,#1105,.T.);
#1105 = SURFACE_CURVE('',#1106,(#1110,#1117),.PCURVE_S1.);
#1106 = LINE('',#1107,#1108);
#1107 = CARTESIAN_POINT('',(18.6,-35.8,28.105390285476));
#1108 = VECTOR('',#1109,1.);
#1109 = DIRECTION('',(-1.,-0.,-0.));
#1110 = PCURVE('',#1009,#1111);
#1111 = DEFINITIONAL_REPRESENTATION('',(#1112),#1116);
#1112 = LINE('',#1113,#1114);
#1113 = CARTESIAN_POINT('',(1.570796326795,0.));
#1114 = VECTOR('',#1115,1.);
#1115 = DIRECTION('',(0.,1.));
#1116 = ( GEOMETRIC_REPRESENTATION_CONTEXT(2) 
PARAMETRIC_REPRESENTATION_CONTEXT() REPRESENTATION_CONTEXT('2D SPACE',''
  ) );
#1117 = PCURVE('',#685,#1118);
#1118 = DEFINITIONAL_REPRESENTATION('',(#1119),#1123);
#1119 = LINE('',#1120,#1121);
#1120 = CARTESIAN_POINT('',(0.6,-9.8));
#1121 = VECTOR('',#1122,1.);
#1122 = DIRECTION('',(-1.,0.));
#1123 = ( GEOMETRIC_REPRESENTATION_CONTEXT(2) 
PARAMETRIC_REPRESENTATION_CONTEXT() REPRESENTATION_CONTEXT('2D SPACE',''
  ) );
#1124 = ORIENTED_EDGE('',*,*,#990,.F.);
#1125 = ORIENTED_EDGE('',*,*,#1126,.F.);
#1126 = EDGE_CURVE('',#1074,#991,#1127,.T.);
#1127 = SURFACE_CURVE('',#1128,(#1132,#1139),.PCURVE_S1.);
#1128 = LINE('',#1129,#1130);
#1129 = CARTESIAN_POINT('',(18.6,-37.,26.905390285476));
#1130 = VECTOR('',#1131,1.);
#1131 = DIRECTION('',(-1.,-0.,-0.));
#1132 = PCURVE('',#1009,#1133);
#1133 = DEFINITIONAL_REPRESENTATION('',(#1134),#1138);
#1134 = LINE('',#1135,#1136);
#1135 = CARTESIAN_POINT('',(0.,0.));
#1136 = VECTOR('',#1137,1.);
#1137 = DIRECTION('',(0.,1.));
#1138 = ( GEOMETRIC_REPRESENTATION_CONTEXT(2) 
PARAMETRIC_REPRESENTATION_CONTEXT() REPRESENTATION_CONTEXT('2D SPACE',''
  ) );
#1139 = PCURVE('',#548,#1140);
#1140 = DEFINITIONAL_REPRESENTATION('',(#1141),#1145);
#1141 = LINE('',#1142,#1143);
#1142 = CARTESIAN_POINT('',(1.2,-4.7));
#1143 = VECTOR('',#1144,1.);
#1144 = DIRECTION('',(-1.,0.));
#1145 = ( GEOMETRIC_REPRESENTATION_CONTEXT(2) 
PARAMETRIC_REPRESENTATION_CONTEXT() REPRESENTATION_CONTEXT('2D SPACE',''
  ) );
#1146 = ADVANCED_FACE('',(#1147),#1092,.T.);
#1147 = FACE_BOUND('',#1148,.F.);
#1148 = EDGE_LOOP('',(#1149,#1180,#1202,#1203));
#1149 = ORIENTED_EDGE('',*,*,#1150,.F.);
#1150 = EDGE_CURVE('',#1151,#1153,#1155,.T.);
#1151 = VERTEX_POINT('',#1152);
#1152 = CARTESIAN_POINT('',(24.,-31.6,26.905390285476));
#1153 = VERTEX_POINT('',#1154);
#1154 = CARTESIAN_POINT('',(22.8,-31.6,28.105390285476));
#1155 = SURFACE_CURVE('',#1156,(#1161,#1168),.PCURVE_S1.);
#1156 = CIRCLE('',#1157,1.2);
#1157 = AXIS2_PLACEMENT_3D('',#1158,#1159,#1160);
#1158 = CARTESIAN_POINT('',(22.8,-31.6,26.905390285476));
#1159 = DIRECTION('',(-0.,-1.,0.));
#1160 = DIRECTION('',(1.,-0.,0.));
#1161 = PCURVE('',#1092,#1162);
#1162 = DEFINITIONAL_REPRESENTATION('',(#1163),#1167);
#1163 = LINE('',#1164,#1165);
#1164 = CARTESIAN_POINT('',(-0.,0.));
#1165 = VECTOR('',#1166,1.);
#1166 = DIRECTION('',(-0.,1.));
#1167 = ( GEOMETRIC_REPRESENTATION_CONTEXT(2) 
PARAMETRIC_REPRESENTATION_CONTEXT() REPRESENTATION_CONTEXT('2D SPACE',''
  ) );
#1168 = PCURVE('',#1169,#1174);
#1169 = CYLINDRICAL_SURFACE('',#1170,1.2);
#1170 = AXIS2_PLACEMENT_3D('',#1171,#1172,#1173);
#1171 = CARTESIAN_POINT('',(22.8,-20.4,26.905390285476));
#1172 = DIRECTION('',(-0.,-1.,-0.));
#1173 = DIRECTION('',(1.,-0.,0.));
#1174 = DEFINITIONAL_REPRESENTATION('',(#1175),#1179);
#1175 = LINE('',#1176,#1177);
#1176 = CARTESIAN_POINT('',(0.,11.2));
#1177 = VECTOR('',#1178,1.);
#1178 = DIRECTION('',(1.,0.));
#1179 = ( GEOMETRIC_REPRESENTATION_CONTEXT(2) 
PARAMETRIC_REPRESENTATION_CONTEXT() REPRESENTATION_CONTEXT('2D SPACE',''
  ) );
#1180 = ORIENTED_EDGE('',*,*,#1181,.T.);
#1181 = EDGE_CURVE('',#1151,#1074,#1182,.T.);
#1182 = SURFACE_CURVE('',#1183,(#1188,#1195),.PCURVE_S1.);
#1183 = CIRCLE('',#1184,5.4);
#1184 = AXIS2_PLACEMENT_3D('',#1185,#1186,#1187);
#1185 = CARTESIAN_POINT('',(18.6,-31.6,26.905390285476));
#1186 = DIRECTION('',(0.,-0.,-1.));
#1187 = DIRECTION('',(1.,-1.644774851297E-16,0.));
#1188 = PCURVE('',#1092,#1189);
#1189 = DEFINITIONAL_REPRESENTATION('',(#1190),#1194);
#1190 = LINE('',#1191,#1192);
#1191 = CARTESIAN_POINT('',(-0.,0.));
#1192 = VECTOR('',#1193,1.);
#1193 = DIRECTION('',(-1.,0.));
#1194 = ( GEOMETRIC_REPRESENTATION_CONTEXT(2) 
PARAMETRIC_REPRESENTATION_CONTEXT() REPRESENTATION_CONTEXT('2D SPACE',''
  ) );
#1195 = PCURVE('',#522,#1196);
#1196 = DEFINITIONAL_REPRESENTATION('',(#1197),#1201);
#1197 = LINE('',#1198,#1199);
#1198 = CARTESIAN_POINT('',(-6.28318530718,-4.7));
#1199 = VECTOR('',#1200,1.);
#1200 = DIRECTION('',(1.,-0.));
#1201 = ( GEOMETRIC_REPRESENTATION_CONTEXT(2) 
PARAMETRIC_REPRESENTATION_CONTEXT() REPRESENTATION_CONTEXT('2D SPACE',''
  ) );
#1202 = ORIENTED_EDGE('',*,*,#1073,.T.);
#1203 = ORIENTED_EDGE('',*,*,#1204,.F.);
#1204 = EDGE_CURVE('',#1153,#1076,#1205,.T.);
#1205 = SURFACE_CURVE('',#1206,(#1211,#1218),.PCURVE_S1.);
#1206 = CIRCLE('',#1207,4.2);
#1207 = AXIS2_PLACEMENT_3D('',#1208,#1209,#1210);
#1208 = CARTESIAN_POINT('',(18.6,-31.6,28.105390285476));
#1209 = DIRECTION('',(0.,-0.,-1.));
#1210 = DIRECTION('',(1.,-1.644774851297E-16,0.));
#1211 = PCURVE('',#1092,#1212);
#1212 = DEFINITIONAL_REPRESENTATION('',(#1213),#1217);
#1213 = LINE('',#1214,#1215);
#1214 = CARTESIAN_POINT('',(-0.,1.570796326795));
#1215 = VECTOR('',#1216,1.);
#1216 = DIRECTION('',(-1.,0.));
#1217 = ( GEOMETRIC_REPRESENTATION_CONTEXT(2) 
PARAMETRIC_REPRESENTATION_CONTEXT() REPRESENTATION_CONTEXT('2D SPACE',''
  ) );
#1218 = PCURVE('',#685,#1219);
#1219 = DEFINITIONAL_REPRESENTATION('',(#1220),#1228);
#1220 = ( BOUNDED_CURVE() B_SPLINE_CURVE(2,(#1221,#1222,#1223,#1224,
#1225,#1226,#1227),.UNSPECIFIED.,.T.,.F.) B_SPLINE_CURVE_WITH_KNOTS((1,2
    ,2,2,2,1),(-2.094395102393,0.,2.094395102393,4.188790204786,
6.28318530718,8.377580409573),.UNSPECIFIED.) CURVE() 
GEOMETRIC_REPRESENTATION_ITEM() RATIONAL_B_SPLINE_CURVE((1.,0.5,1.,0.5,
1.,0.5,1.)) REPRESENTATION_ITEM('') );
#1221 = CARTESIAN_POINT('',(4.8,-5.6));
#1222 = CARTESIAN_POINT('',(4.8,-12.87461339178));
#1223 = CARTESIAN_POINT('',(-1.5,-9.237306695895));
#1224 = CARTESIAN_POINT('',(-7.8,-5.6));
#1225 = CARTESIAN_POINT('',(-1.5,-1.962693304105));
#1226 = CARTESIAN_POINT('',(4.8,1.674613391789));
#1227 = CARTESIAN_POINT('',(4.8,-5.6));
#1228 = ( GEOMETRIC_REPRESENTATION_CONTEXT(2) 
PARAMETRIC_REPRESENTATION_CONTEXT() REPRESENTATION_CONTEXT('2D SPACE',''
  ) );
#1229 = ADVANCED_FACE('',(#1230),#1169,.T.);
#1230 = FACE_BOUND('',#1231,.T.);
#1231 = EDGE_LOOP('',(#1232,#1255,#1284,#1307,#1432,#1557,#1578));
#1232 = ORIENTED_EDGE('',*,*,#1233,.F.);
#1233 = EDGE_CURVE('',#1234,#1151,#1236,.T.);
#1234 = VERTEX_POINT('',#1235);
#1235 = CARTESIAN_POINT('',(24.,-20.4,26.905390285476));
#1236 = SURFACE_CURVE('',#1237,(#1241,#1248),.PCURVE_S1.);
#1237 = LINE('',#1238,#1239);
#1238 = CARTESIAN_POINT('',(24.,-20.4,26.905390285476));
#1239 = VECTOR('',#1240,1.);
#1240 = DIRECTION('',(-0.,-1.,-0.));
#1241 = PCURVE('',#1169,#1242);
#1242 = DEFINITIONAL_REPRESENTATION('',(#1243),#1247);
#1243 = LINE('',#1244,#1245);
#1244 = CARTESIAN_POINT('',(0.,0.));
#1245 = VECTOR('',#1246,1.);
#1246 = DIRECTION('',(0.,1.));
#1247 = ( GEOMETRIC_REPRESENTATION_CONTEXT(2) 
PARAMETRIC_REPRESENTATION_CONTEXT() REPRESENTATION_CONTEXT('2D SPACE',''
  ) );
#1248 = PCURVE('',#493,#1249);
#1249 = DEFINITIONAL_REPRESENTATION('',(#1250),#1254);
#1250 = LINE('',#1251,#1252);
#1251 = CARTESIAN_POINT('',(11.2,-4.7));
#1252 = VECTOR('',#1253,1.);
#1253 = DIRECTION('',(-1.,0.));
#1254 = ( GEOMETRIC_REPRESENTATION_CONTEXT(2) 
PARAMETRIC_REPRESENTATION_CONTEXT() REPRESENTATION_CONTEXT('2D SPACE',''
  ) );
#1255 = ORIENTED_EDGE('',*,*,#1256,.T.);
#1256 = EDGE_CURVE('',#1234,#1257,#1259,.T.);
#1257 = VERTEX_POINT('',#1258);
#1258 = CARTESIAN_POINT('',(22.8,-20.4,28.105390285476));
#1259 = SURFACE_CURVE('',#1260,(#1265,#1272),.PCURVE_S1.);
#1260 = CIRCLE('',#1261,1.2);
#1261 = AXIS2_PLACEMENT_3D('',#1262,#1263,#1264);
#1262 = CARTESIAN_POINT('',(22.8,-20.4,26.905390285476));
#1263 = DIRECTION('',(-4.467169662522E-19,-1.,0.));
#1264 = DIRECTION('',(1.,-4.467169662522E-19,-0.));
#1265 = PCURVE('',#1169,#1266);
#1266 = DEFINITIONAL_REPRESENTATION('',(#1267),#1271);
#1267 = LINE('',#1268,#1269);
#1268 = CARTESIAN_POINT('',(0.,0.));
#1269 = VECTOR('',#1270,1.);
#1270 = DIRECTION('',(1.,0.));
#1271 = ( GEOMETRIC_REPRESENTATION_CONTEXT(2) 
PARAMETRIC_REPRESENTATION_CONTEXT() REPRESENTATION_CONTEXT('2D SPACE',''
  ) );
#1272 = PCURVE('',#1273,#1278);
#1273 = TOROIDAL_SURFACE('',#1274,4.2,1.2);
#1274 = AXIS2_PLACEMENT_3D('',#1275,#1276,#1277);
#1275 = CARTESIAN_POINT('',(18.6,-20.4,26.905390285476));
#1276 = DIRECTION('',(0.,0.,1.));
#1277 = DIRECTION('',(6.167905692362E-17,1.,-0.));
#1278 = DEFINITIONAL_REPRESENTATION('',(#1279),#1283);
#1279 = LINE('',#1280,#1281);
#1280 = CARTESIAN_POINT('',(-1.570796326795,0.));
#1281 = VECTOR('',#1282,1.);
#1282 = DIRECTION('',(-0.,1.));
#1283 = ( GEOMETRIC_REPRESENTATION_CONTEXT(2) 
PARAMETRIC_REPRESENTATION_CONTEXT() REPRESENTATION_CONTEXT('2D SPACE',''
  ) );
#1284 = ORIENTED_EDGE('',*,*,#1285,.T.);
#1285 = EDGE_CURVE('',#1257,#1286,#1288,.T.);
#1286 = VERTEX_POINT('',#1287);
#1287 = CARTESIAN_POINT('',(22.8,-21.9122133128,28.105390285476));
#1288 = SURFACE_CURVE('',#1289,(#1293,#1300),.PCURVE_S1.);
#1289 = LINE('',#1290,#1291);
#1290 = CARTESIAN_POINT('',(22.8,-20.4,28.105390285476));
#1291 = VECTOR('',#1292,1.);
#1292 = DIRECTION('',(-0.,-1.,-0.));
#1293 = PCURVE('',#1169,#1294);
#1294 = DEFINITIONAL_REPRESENTATION('',(#1295),#1299);
#1295 = LINE('',#1296,#1297);
#1296 = CARTESIAN_POINT('',(1.570796326795,0.));
#1297 = VECTOR('',#1298,1.);
#1298 = DIRECTION('',(0.,1.));
#1299 = ( GEOMETRIC_REPRESENTATION_CONTEXT(2) 
PARAMETRIC_REPRESENTATION_CONTEXT() REPRESENTATION_CONTEXT('2D SPACE',''
  ) );
#1300 = PCURVE('',#948,#1301);
#1301 = DEFINITIONAL_REPRESENTATION('',(#1302),#1306);
#1302 = LINE('',#1303,#1304);
#1303 = CARTESIAN_POINT('',(4.8,5.6));
#1304 = VECTOR('',#1305,1.);
#1305 = DIRECTION('',(0.,-1.));
#1306 = ( GEOMETRIC_REPRESENTATION_CONTEXT(2) 
PARAMETRIC_REPRESENTATION_CONTEXT() REPRESENTATION_CONTEXT('2D SPACE',''
  ) );
#1307 = ORIENTED_EDGE('',*,*,#1308,.F.);
#1308 = EDGE_CURVE('',#1309,#1286,#1311,.T.);
#1309 = VERTEX_POINT('',#1310);
#1310 = CARTESIAN_POINT('',(23.360864047022,-26.,27.966253858589));
#1311 = SURFACE_CURVE('',#1312,(#1350,#1391),.PCURVE_S1.);
#1312 = B_SPLINE_CURVE_WITH_KNOTS('',8,(#1313,#1314,#1315,#1316,#1317,
    #1318,#1319,#1320,#1321,#1322,#1323,#1324,#1325,#1326,#1327,#1328,
    #1329,#1330,#1331,#1332,#1333,#1334,#1335,#1336,#1337,#1338,#1339,
    #1340,#1341,#1342,#1343,#1344,#1345,#1346,#1347,#1348,#1349),
  .UNSPECIFIED.,.F.,.F.,(9,7,7,7,7,9),(0.,0.565289051898,0.74984994143,
    0.904983664372,0.973570316407,1.),.UNSPECIFIED.);
#1313 = CARTESIAN_POINT('',(23.360864047022,-26.,27.966253858589));
#1314 = CARTESIAN_POINT('',(23.360864047022,-25.70668913432,
    27.966253858589));
#1315 = CARTESIAN_POINT('',(23.357124631898,-25.41350180074,
    27.968228522718));
#1316 = CARTESIAN_POINT('',(23.349669135431,-25.12036120434,
    27.972177500432));
#1317 = CARTESIAN_POINT('',(23.338308996032,-24.8272656405,
    27.978077320739));
#1318 = CARTESIAN_POINT('',(23.322823470003,-24.53422731858,
    27.985902357682));
#1319 = CARTESIAN_POINT('',(23.302644671122,-24.24135112886,
    27.995579416872));
#1320 = CARTESIAN_POINT('',(23.277116463879,-23.94878296075,
    28.007018996133));
#1321 = CARTESIAN_POINT('',(23.233976883286,-23.56151995369,
    28.024226620182));
#1322 = CARTESIAN_POINT('',(23.222613353021,-23.46627125591,
    28.028625181566));
#1323 = CARTESIAN_POINT('',(23.21044783557,-23.37109800849,
    28.033179299781));
#1324 = CARTESIAN_POINT('',(23.19740943992,-23.27601322139,28.0378791026
    ));
#1325 = CARTESIAN_POINT('',(23.183414655281,-23.18103561798,
    28.042712681798));
#1326 = CARTESIAN_POINT('',(23.168360543828,-23.08619052234,
    28.047665085269));
#1327 = CARTESIAN_POINT('',(23.152109275451,-22.99151199361,
    28.052716149654));
#1328 = CARTESIAN_POINT('',(23.119632170007,-22.81764244412,
    28.062141679677));
#1329 = CARTESIAN_POINT('',(23.10382179436,-22.73842641059,
    28.066493509021));
#1330 = CARTESIAN_POINT('',(23.086912608531,-22.65939108608,
    28.070877566785));
#1331 = CARTESIAN_POINT('',(23.068743704719,-22.58056474082,
    28.075271275109));
#1332 = CARTESIAN_POINT('',(23.049139829832,-22.50200274708,
    28.07964796804));
#1333 = CARTESIAN_POINT('',(23.027801142513,-22.42381637418,
    28.08396036753));
#1334 = CARTESIAN_POINT('',(23.004396296299,-22.34614880813,
    28.088153487157));
#1335 = CARTESIAN_POINT('',(22.966485714842,-22.23529954901,
    28.093843325728));
#1336 = CARTESIAN_POINT('',(22.954310309921,-22.20150243911,
    28.095537808898));
#1337 = CARTESIAN_POINT('',(22.941502672191,-22.16789570897,
    28.097172072086));
#1338 = CARTESIAN_POINT('',(22.927978776583,-22.13450512738,
    28.098733245138));
#1339 = CARTESIAN_POINT('',(22.913619173291,-22.10139227976,
    28.100200693938));
#1340 = CARTESIAN_POINT('',(22.898281370513,-22.0686490391,
    28.101547863032));
#1341 = CARTESIAN_POINT('',(22.881772169458,-22.03640777578,
    28.102737749572));
#1342 = CARTESIAN_POINT('',(22.85673168264,-21.99276231455,
    28.104068794466));
#1343 = CARTESIAN_POINT('',(22.849537507404,-21.98073796301,
    28.104404785826));
#1344 = CARTESIAN_POINT('',(22.842091129552,-21.96884058946,
    28.10470257036));
#1345 = CARTESIAN_POINT('',(22.834366122197,-21.95708900666,
    28.104957025346));
#1346 = CARTESIAN_POINT('',(22.826333414912,-21.94550948091,
    28.105161946176));
#1347 = CARTESIAN_POINT('',(22.81795932353,-21.93413689766,
    28.105309676816));
#1348 = CARTESIAN_POINT('',(22.809201099668,-21.9230175161,
    28.105390285476));
#1349 = CARTESIAN_POINT('',(22.8,-21.9122133128,28.105390285476));
#1350 = PCURVE('',#1169,#1351);
#1351 = DEFINITIONAL_REPRESENTATION('',(#1352),#1390);
#1352 = B_SPLINE_CURVE_WITH_KNOTS('',8,(#1353,#1354,#1355,#1356,#1357,
    #1358,#1359,#1360,#1361,#1362,#1363,#1364,#1365,#1366,#1367,#1368,
    #1369,#1370,#1371,#1372,#1373,#1374,#1375,#1376,#1377,#1378,#1379,
    #1380,#1381,#1382,#1383,#1384,#1385,#1386,#1387,#1388,#1389),
  .UNSPECIFIED.,.F.,.F.,(9,7,7,7,7,9),(0.,0.565289051898,0.74984994143,
    0.904983664372,0.973570316407,1.),.UNSPECIFIED.);
#1353 = CARTESIAN_POINT('',(1.084463904537,5.6));
#1354 = CARTESIAN_POINT('',(1.084463904537,5.306689134326));
#1355 = CARTESIAN_POINT('',(1.087988374661,5.013501800751));
#1356 = CARTESIAN_POINT('',(1.095017436473,4.72036120434));
#1357 = CARTESIAN_POINT('',(1.10568700905,4.427265640508));
#1358 = CARTESIAN_POINT('',(1.12014006377,4.134227318576));
#1359 = CARTESIAN_POINT('',(1.138784344265,3.84135112887));
#1360 = CARTESIAN_POINT('',(1.16207586661,3.548782960756));
#1361 = CARTESIAN_POINT('',(1.200779923057,3.16151995369));
#1362 = CARTESIAN_POINT('',(1.210933688681,3.066271255918));
#1363 = CARTESIAN_POINT('',(1.22175746275,2.97109800849));
#1364 = CARTESIAN_POINT('',(1.233305301491,2.876013221396));
#1365 = CARTESIAN_POINT('',(1.245641238938,2.781035617981));
#1366 = CARTESIAN_POINT('',(1.258844876606,2.68619052234));
#1367 = CARTESIAN_POINT('',(1.273024152324,2.591511993612));
#1368 = CARTESIAN_POINT('',(1.301205152058,2.417642444124));
#1369 = CARTESIAN_POINT('',(1.314869167418,2.338426410593));
#1370 = CARTESIAN_POINT('',(1.329423154296,2.259391086082));
#1371 = CARTESIAN_POINT('',(1.344996200829,2.180564740821));
#1372 = CARTESIAN_POINT('',(1.36172851447,2.102002747083));
#1373 = CARTESIAN_POINT('',(1.379863640702,2.023816374186));
#1374 = CARTESIAN_POINT('',(1.399670296812,1.946148808135));
#1375 = CARTESIAN_POINT('',(1.43161628475,1.835299549011));
#1376 = CARTESIAN_POINT('',(1.441859641877,1.801502439118));
#1377 = CARTESIAN_POINT('',(1.452618092558,1.76789570897));
#1378 = CARTESIAN_POINT('',(1.463961022587,1.734505127389));
#1379 = CARTESIAN_POINT('',(1.475987465732,1.701392279763));
#1380 = CARTESIAN_POINT('',(1.488815711524,1.668649039106));
#1381 = CARTESIAN_POINT('',(1.502606629093,1.636407775781));
#1382 = CARTESIAN_POINT('',(1.523503160912,1.592762314559));
#1383 = CARTESIAN_POINT('',(1.529504719206,1.580737963012));
#1384 = CARTESIAN_POINT('',(1.535714753068,1.568840589463));
#1385 = CARTESIAN_POINT('',(1.542155420198,1.557089006664));
#1386 = CARTESIAN_POINT('',(1.548851130223,1.545509480917));
#1387 = CARTESIAN_POINT('',(1.555830222436,1.534136897667));
#1388 = CARTESIAN_POINT('',(1.563128743738,1.523017516104));
#1389 = CARTESIAN_POINT('',(1.570796326795,1.512213312806));
#1390 = ( GEOMETRIC_REPRESENTATION_CONTEXT(2) 
PARAMETRIC_REPRESENTATION_CONTEXT() REPRESENTATION_CONTEXT('2D SPACE',''
  ) );
#1391 = PCURVE('',#851,#1392);
#1392 = DEFINITIONAL_REPRESENTATION('',(#1393),#1431);
#1393 = B_SPLINE_CURVE_WITH_KNOTS('',8,(#1394,#1395,#1396,#1397,#1398,
    #1399,#1400,#1401,#1402,#1403,#1404,#1405,#1406,#1407,#1408,#1409,
    #1410,#1411,#1412,#1413,#1414,#1415,#1416,#1417,#1418,#1419,#1420,
    #1421,#1422,#1423,#1424,#1425,#1426,#1427,#1428,#1429,#1430),
  .UNSPECIFIED.,.F.,.F.,(9,7,7,7,7,9),(0.,0.565289051898,0.74984994143,
    0.904983664372,0.973570316407,1.),.UNSPECIFIED.);
#1394 = CARTESIAN_POINT('',(0.,-1.436370236305));
#1395 = CARTESIAN_POINT('',(5.471335648533E-02,-1.436370236305));
#1396 = CARTESIAN_POINT('',(0.109404083729,-1.436001869242));
#1397 = CARTESIAN_POINT('',(0.163737711859,-1.435265299415));
#1398 = CARTESIAN_POINT('',(0.217374360278,-1.434170284225));
#1399 = CARTESIAN_POINT('',(0.270003347974,-1.43273319697));
#1400 = CARTESIAN_POINT('',(0.321409212066,-1.430982308851));
#1401 = CARTESIAN_POINT('',(0.371457278316,-1.428950650806));
#1402 = CARTESIAN_POINT('',(0.436074460342,-1.425955014884));
#1403 = CARTESIAN_POINT('',(0.451836072422,-1.425193560156));
#1404 = CARTESIAN_POINT('',(0.467456374089,-1.424409799266));
#1405 = CARTESIAN_POINT('',(0.482938165116,-1.423605897646));
#1406 = CARTESIAN_POINT('',(0.498285604052,-1.422784321181));
#1407 = CARTESIAN_POINT('',(0.513504881948,-1.421947978565));
#1408 = CARTESIAN_POINT('',(0.528605678416,-1.421100539601));
#1409 = CARTESIAN_POINT('',(0.556209821615,-1.419529422464));
#1410 = CARTESIAN_POINT('',(0.568737546181,-1.418807905437));
#1411 = CARTESIAN_POINT('',(0.581201111126,-1.418084972994));
#1412 = CARTESIAN_POINT('',(0.59361476131,-1.417364373257));
#1413 = CARTESIAN_POINT('',(0.605991031661,-1.416650448573));
#1414 = CARTESIAN_POINT('',(0.618349695336,-1.415950711281));
#1415 = CARTESIAN_POINT('',(0.630711023655,-1.415273755559));
#1416 = CARTESIAN_POINT('',(0.648624632262,-1.414359125375));
#1417 = CARTESIAN_POINT('',(0.654123448918,-1.414087311415));
#1418 = CARTESIAN_POINT('',(0.659637808938,-1.413825686744));
#1419 = CARTESIAN_POINT('',(0.665174048716,-1.413576245288));
#1420 = CARTESIAN_POINT('',(0.67073808354,-1.413342202567));
#1421 = CARTESIAN_POINT('',(0.67633489152,-1.413127692594));
#1422 = CARTESIAN_POINT('',(0.681970481967,-1.412938479196));
#1423 = CARTESIAN_POINT('',(0.689854031949,-1.41272700593));
#1424 = CARTESIAN_POINT('',(0.692053905455,-1.41267364927));
#1425 = CARTESIAN_POINT('',(0.694262076528,-1.412626379452));
#1426 = CARTESIAN_POINT('',(0.696479268173,-1.412586002079));
#1427 = CARTESIAN_POINT('',(0.698705630135,-1.412553493939));
#1428 = CARTESIAN_POINT('',(0.700940829524,-1.412530062184));
#1429 = CARTESIAN_POINT('',(0.70318422103,-1.41251727687));
#1430 = CARTESIAN_POINT('',(0.705435096717,-1.41251727687));
#1431 = ( GEOMETRIC_REPRESENTATION_CONTEXT(2) 
PARAMETRIC_REPRESENTATION_CONTEXT() REPRESENTATION_CONTEXT('2D SPACE',''
  ) );
#1432 = ORIENTED_EDGE('',*,*,#1433,.F.);
#1433 = EDGE_CURVE('',#1434,#1309,#1436,.T.);
#1434 = VERTEX_POINT('',#1435);
#1435 = CARTESIAN_POINT('',(22.8,-30.08778668719,28.105390285476));
#1436 = SURFACE_CURVE('',#1437,(#1475,#1516),.PCURVE_S1.);
#1437 = B_SPLINE_CURVE_WITH_KNOTS('',8,(#1438,#1439,#1440,#1441,#1442,
    #1443,#1444,#1445,#1446,#1447,#1448,#1449,#1450,#1451,#1452,#1453,
    #1454,#1455,#1456,#1457,#1458,#1459,#1460,#1461,#1462,#1463,#1464,
    #1465,#1466,#1467,#1468,#1469,#1470,#1471,#1472,#1473,#1474),
  .UNSPECIFIED.,.F.,.F.,(9,7,7,7,7,9),(0.,2.317507017912E-02,
    5.64481240694E-02,0.159640510024,0.425133530895,1.),.UNSPECIFIED.);
#1438 = CARTESIAN_POINT('',(22.8,-30.08778668719,28.105390285476));
#1439 = CARTESIAN_POINT('',(22.808069176104,-30.07831162201,
    28.105390285476));
#1440 = CARTESIAN_POINT('',(22.815798177979,-30.06859357787,
    28.10532828357));
#1441 = CARTESIAN_POINT('',(22.82322617309,-30.05867497855,
    28.105213385897));
#1442 = CARTESIAN_POINT('',(22.830383025227,-30.04858859927,
    28.105052577956));
#1443 = CARTESIAN_POINT('',(22.837293026769,-30.03835992697,
    28.104851415958));
#1444 = CARTESIAN_POINT('',(22.843977360653,-30.02800870197,
    28.104614484834));
#1445 = CARTESIAN_POINT('',(22.850455292044,-30.01754964106,
    28.104345622889));
#1446 = CARTESIAN_POINT('',(22.865773080846,-29.99183495165,
    28.103620483399));
#1447 = CARTESIAN_POINT('',(22.874408715182,-29.97648124386,
    28.103133786316));
#1448 = CARTESIAN_POINT('',(22.882699703083,-29.96096537596,
    28.102597221198));
#1449 = CARTESIAN_POINT('',(22.890682523245,-29.94531343268,
    28.102017875771));
#1450 = CARTESIAN_POINT('',(22.898386105259,-29.92954554011,
    28.101401308526));
#1451 = CARTESIAN_POINT('',(22.905834931339,-29.91367725411,
    28.100752069502));
#1452 = CARTESIAN_POINT('',(22.913050557244,-29.89772022289,
    28.100073959492));
#1453 = CARTESIAN_POINT('',(22.94176429897,-29.83194188419,
    28.09718686757));
#1454 = CARTESIAN_POINT('',(22.961397832227,-29.78145982982,
    28.09475722006));
#1455 = CARTESIAN_POINT('',(22.979504054054,-29.73048185434,
    28.092173230133));
#1456 = CARTESIAN_POINT('',(22.996341794933,-29.67914256614,
    28.08948010196));
#1457 = CARTESIAN_POINT('',(23.012099833432,-29.62753466708,
    28.086710009842));
#1458 = CARTESIAN_POINT('',(23.026935089798,-29.57571957959,
    28.083888049083));
#1459 = CARTESIAN_POINT('',(23.040951972345,-29.52372043982,
    28.081029373011));
#1460 = CARTESIAN_POINT('',(23.088459030838,-29.33728524524,
    28.070730034223));
#1461 = CARTESIAN_POINT('',(23.117842602827,-29.20204564407,
    28.063166169274));
#1462 = CARTESIAN_POINT('',(23.143920355682,-29.06621047659,
    28.055680713736));
#1463 = CARTESIAN_POINT('',(23.167202353661,-28.92996176698,
    28.04835444388));
#1464 = CARTESIAN_POINT('',(23.188213690312,-28.79344835934,
    28.041264840742));
#1465 = CARTESIAN_POINT('',(23.207212314234,-28.65673252376,
    28.034448726109));
#1466 = CARTESIAN_POINT('',(23.224457591311,-28.51984234639,
    28.027940712322));
#1467 = CARTESIAN_POINT('',(23.274056880101,-28.08591523845,
    28.008386304837));
#1468 = CARTESIAN_POINT('',(23.300571032669,-27.78843954742,
    27.996571983213));
#1469 = CARTESIAN_POINT('',(23.321497995587,-27.49061336886,
    27.986570991139));
#1470 = CARTESIAN_POINT('',(23.337536489926,-27.19259743682,
    27.97848057861));
#1471 = CARTESIAN_POINT('',(23.349284725613,-26.89450413522,
    27.972378330743));
#1472 = CARTESIAN_POINT('',(23.357000878003,-26.596377362,27.96829558892
    ));
#1473 = CARTESIAN_POINT('',(23.360864047022,-26.29822275663,
    27.966253858589));
#1474 = CARTESIAN_POINT('',(23.360864047022,-26.,27.966253858589));
#1475 = PCURVE('',#1169,#1476);
#1476 = DEFINITIONAL_REPRESENTATION('',(#1477),#1515);
#1477 = B_SPLINE_CURVE_WITH_KNOTS('',8,(#1478,#1479,#1480,#1481,#1482,
    #1483,#1484,#1485,#1486,#1487,#1488,#1489,#1490,#1491,#1492,#1493,
    #1494,#1495,#1496,#1497,#1498,#1499,#1500,#1501,#1502,#1503,#1504,
    #1505,#1506,#1507,#1508,#1509,#1510,#1511,#1512,#1513,#1514),
  .UNSPECIFIED.,.F.,.F.,(9,7,7,7,7,9),(0.,2.317507017912E-02,
    5.64481240694E-02,0.159640510024,0.425133530895,1.),.UNSPECIFIED.);
#1478 = CARTESIAN_POINT('',(1.570796326795,9.687786687194));
#1479 = CARTESIAN_POINT('',(1.564072013375,9.678311622015));
#1480 = CARTESIAN_POINT('',(1.557631177831,9.668593577878));
#1481 = CARTESIAN_POINT('',(1.551440720481,9.658674978559));
#1482 = CARTESIAN_POINT('',(1.545475449333,9.648588599277));
#1483 = CARTESIAN_POINT('',(1.53971491338,9.638359926971));
#1484 = CARTESIAN_POINT('',(1.53414131177,9.628008701972));
#1485 = CARTESIAN_POINT('',(1.528738478862,9.61754964106));
#1486 = CARTESIAN_POINT('',(1.51595935958,9.591834951653));
#1487 = CARTESIAN_POINT('',(1.508751868153,9.576481243867));
#1488 = CARTESIAN_POINT('',(1.50182864855,9.560965375965));
#1489 = CARTESIAN_POINT('',(1.495159189888,9.54531343268));
#1490 = CARTESIAN_POINT('',(1.488719342099,9.529545540118));
#1491 = CARTESIAN_POINT('',(1.482488698031,9.513677254111));
#1492 = CARTESIAN_POINT('',(1.476449308294,9.497720222892));
#1493 = CARTESIAN_POINT('',(1.45240054037,9.431941884192));
#1494 = CARTESIAN_POINT('',(1.43591876221,9.381459829828));
#1495 = CARTESIAN_POINT('',(1.420681477085,9.330481854343));
#1496 = CARTESIAN_POINT('',(1.406475303806,9.279142566146));
#1497 = CARTESIAN_POINT('',(1.393145229314,9.227534667082));
#1498 = CARTESIAN_POINT('',(1.380562571249,9.175719579598));
#1499 = CARTESIAN_POINT('',(1.368642329269,9.123720439821));
#1500 = CARTESIAN_POINT('',(1.328133439761,8.937285245244));
#1501 = CARTESIAN_POINT('',(1.302867492998,8.802045644069));
#1502 = CARTESIAN_POINT('',(1.28027035667,8.666210476596));
#1503 = CARTESIAN_POINT('',(1.259943024244,8.529961766985));
#1504 = CARTESIAN_POINT('',(1.241469619685,8.393448359349));
#1505 = CARTESIAN_POINT('',(1.224653738021,8.256732523768));
#1506 = CARTESIAN_POINT('',(1.20929496211,8.119842346397));
#1507 = CARTESIAN_POINT('',(1.164865990233,7.685915238455));
#1508 = CARTESIAN_POINT('',(1.140699593971,7.388439547422));
#1509 = CARTESIAN_POINT('',(1.121376890536,7.090613368858));
#1510 = CARTESIAN_POINT('',(1.106412891944,6.792597436834));
#1511 = CARTESIAN_POINT('',(1.09537937478,6.494504135225));
#1512 = CARTESIAN_POINT('',(1.088105316004,6.196377362001));
#1513 = CARTESIAN_POINT('',(1.084463904538,5.898222756635));
#1514 = CARTESIAN_POINT('',(1.084463904538,5.6));
#1515 = ( GEOMETRIC_REPRESENTATION_CONTEXT(2) 
PARAMETRIC_REPRESENTATION_CONTEXT() REPRESENTATION_CONTEXT('2D SPACE',''
  ) );
#1516 = PCURVE('',#851,#1517);
#1517 = DEFINITIONAL_REPRESENTATION('',(#1518),#1556);
#1518 = B_SPLINE_CURVE_WITH_KNOTS('',8,(#1519,#1520,#1521,#1522,#1523,
    #1524,#1525,#1526,#1527,#1528,#1529,#1530,#1531,#1532,#1533,#1534,
    #1535,#1536,#1537,#1538,#1539,#1540,#1541,#1542,#1543,#1544,#1545,
    #1546,#1547,#1548,#1549,#1550,#1551,#1552,#1553,#1554,#1555),
  .UNSPECIFIED.,.F.,.F.,(9,7,7,7,7,9),(0.,2.317507017912E-02,
    5.64481240694E-02,0.159640510024,0.425133530895,1.),.UNSPECIFIED.);
#1519 = CARTESIAN_POINT('',(5.577750210463,-1.41251727687));
#1520 = CARTESIAN_POINT('',(5.579724182375,-1.41251727687));
#1521 = CARTESIAN_POINT('',(5.581692512848,-1.412527110988));
#1522 = CARTESIAN_POINT('',(5.583654603498,-1.412545335014));
#1523 = CARTESIAN_POINT('',(5.585609950181,-1.412570844139));
#1524 = CARTESIAN_POINT('',(5.587558275292,-1.412602761599));
#1525 = CARTESIAN_POINT('',(5.58949961994,-1.412640364986));
#1526 = CARTESIAN_POINT('',(5.591434396012,-1.412683050217));
#1527 = CARTESIAN_POINT('',(5.596132916834,-1.412798218553));
#1528 = CARTESIAN_POINT('',(5.598889424498,-1.412875549943));
#1529 = CARTESIAN_POINT('',(5.601634323986,-1.412960850675));
#1530 = CARTESIAN_POINT('',(5.604368607888,-1.413053010125));
#1531 = CARTESIAN_POINT('',(5.607093125642,-1.413151159074));
#1532 = CARTESIAN_POINT('',(5.609808765281,-1.413254586895));
#1533 = CARTESIAN_POINT('',(5.612516549768,-1.413362700558));
#1534 = CARTESIAN_POINT('',(5.623594779887,-1.413823387639));
#1535 = CARTESIAN_POINT('',(5.631901404778,-1.414211955724));
#1536 = CARTESIAN_POINT('',(5.640169955856,-1.414626378969));
#1537 = CARTESIAN_POINT('',(5.648413505649,-1.415059653262));
#1538 = CARTESIAN_POINT('',(5.656642023756,-1.415506774065));
#1539 = CARTESIAN_POINT('',(5.664865548293,-1.415963816103));
#1540 = CARTESIAN_POINT('',(5.673093047016,-1.416428404407));
#1541 = CARTESIAN_POINT('',(5.702542527412,-1.418108108116));
#1542 = CARTESIAN_POINT('',(5.72381421702,-1.419352467535));
#1543 = CARTESIAN_POINT('',(5.745274218952,-1.420595897387));
#1544 = CARTESIAN_POINT('',(5.766956541832,-1.421824611386));
#1545 = CARTESIAN_POINT('',(5.788897085594,-1.423024978335));
#1546 = CARTESIAN_POINT('',(5.811110406642,-1.424189527038));
#1547 = CARTESIAN_POINT('',(5.833613339621,-1.425311042658));
#1548 = CARTESIAN_POINT('',(5.905800206336,-1.428708012584));
#1549 = CARTESIAN_POINT('',(5.956552573966,-1.430802823391));
#1550 = CARTESIAN_POINT('',(6.008723288285,-1.432610421337));
#1551 = CARTESIAN_POINT('',(6.062177341013,-1.434095460188));
#1552 = CARTESIAN_POINT('',(6.116691929316,-1.435227816768));
#1553 = CARTESIAN_POINT('',(6.171938688262,-1.43598937241));
#1554 = CARTESIAN_POINT('',(6.227555700829,-1.436370236305));
#1555 = CARTESIAN_POINT('',(6.28318530718,-1.436370236305));
#1556 = ( GEOMETRIC_REPRESENTATION_CONTEXT(2) 
PARAMETRIC_REPRESENTATION_CONTEXT() REPRESENTATION_CONTEXT('2D SPACE',''
  ) );
#1557 = ORIENTED_EDGE('',*,*,#1558,.T.);
#1558 = EDGE_CURVE('',#1434,#1153,#1559,.T.);
#1559 = SURFACE_CURVE('',#1560,(#1564,#1571),.PCURVE_S1.);
#1560 = LINE('',#1561,#1562);
#1561 = CARTESIAN_POINT('',(22.8,-20.4,28.105390285476));
#1562 = VECTOR('',#1563,1.);
#1563 = DIRECTION('',(-0.,-1.,-0.));
#1564 = PCURVE('',#1169,#1565);
#1565 = DEFINITIONAL_REPRESENTATION('',(#1566),#1570);
#1566 = LINE('',#1567,#1568);
#1567 = CARTESIAN_POINT('',(1.570796326795,0.));
#1568 = VECTOR('',#1569,1.);
#1569 = DIRECTION('',(0.,1.));
#1570 = ( GEOMETRIC_REPRESENTATION_CONTEXT(2) 
PARAMETRIC_REPRESENTATION_CONTEXT() REPRESENTATION_CONTEXT('2D SPACE',''
  ) );
#1571 = PCURVE('',#685,#1572);
#1572 = DEFINITIONAL_REPRESENTATION('',(#1573),#1577);
#1573 = LINE('',#1574,#1575);
#1574 = CARTESIAN_POINT('',(4.8,5.6));
#1575 = VECTOR('',#1576,1.);
#1576 = DIRECTION('',(0.,-1.));
#1577 = ( GEOMETRIC_REPRESENTATION_CONTEXT(2) 
PARAMETRIC_REPRESENTATION_CONTEXT() REPRESENTATION_CONTEXT('2D SPACE',''
  ) );
#1578 = ORIENTED_EDGE('',*,*,#1150,.F.);
#1579 = ADVANCED_FACE('',(#1580),#1273,.T.);
#1580 = FACE_BOUND('',#1581,.F.);
#1581 = EDGE_LOOP('',(#1582,#1613,#1635,#1636));
#1582 = ORIENTED_EDGE('',*,*,#1583,.F.);
#1583 = EDGE_CURVE('',#1584,#1586,#1588,.T.);
#1584 = VERTEX_POINT('',#1585);
#1585 = CARTESIAN_POINT('',(18.6,-15.,26.905390285476));
#1586 = VERTEX_POINT('',#1587);
#1587 = CARTESIAN_POINT('',(18.6,-16.2,28.105390285476));
#1588 = SURFACE_CURVE('',#1589,(#1594,#1601),.PCURVE_S1.);
#1589 = CIRCLE('',#1590,1.2);
#1590 = AXIS2_PLACEMENT_3D('',#1591,#1592,#1593);
#1591 = CARTESIAN_POINT('',(18.6,-16.2,26.905390285476));
#1592 = DIRECTION('',(1.,0.,0.));
#1593 = DIRECTION('',(-0.,1.,0.));
#1594 = PCURVE('',#1273,#1595);
#1595 = DEFINITIONAL_REPRESENTATION('',(#1596),#1600);
#1596 = LINE('',#1597,#1598);
#1597 = CARTESIAN_POINT('',(-0.,0.));
#1598 = VECTOR('',#1599,1.);
#1599 = DIRECTION('',(-0.,1.));
#1600 = ( GEOMETRIC_REPRESENTATION_CONTEXT(2) 
PARAMETRIC_REPRESENTATION_CONTEXT() REPRESENTATION_CONTEXT('2D SPACE',''
  ) );
#1601 = PCURVE('',#1602,#1607);
#1602 = CYLINDRICAL_SURFACE('',#1603,1.2);
#1603 = AXIS2_PLACEMENT_3D('',#1604,#1605,#1606);
#1604 = CARTESIAN_POINT('',(17.4,-16.2,26.905390285476));
#1605 = DIRECTION('',(1.,0.,0.));
#1606 = DIRECTION('',(-0.,1.,0.));
#1607 = DEFINITIONAL_REPRESENTATION('',(#1608),#1612);
#1608 = LINE('',#1609,#1610);
#1609 = CARTESIAN_POINT('',(0.,1.2));
#1610 = VECTOR('',#1611,1.);
#1611 = DIRECTION('',(1.,0.));
#1612 = ( GEOMETRIC_REPRESENTATION_CONTEXT(2) 
PARAMETRIC_REPRESENTATION_CONTEXT() REPRESENTATION_CONTEXT('2D SPACE',''
  ) );
#1613 = ORIENTED_EDGE('',*,*,#1614,.T.);
#1614 = EDGE_CURVE('',#1584,#1234,#1615,.T.);
#1615 = SURFACE_CURVE('',#1616,(#1621,#1628),.PCURVE_S1.);
#1616 = CIRCLE('',#1617,5.4);
#1617 = AXIS2_PLACEMENT_3D('',#1618,#1619,#1620);
#1618 = CARTESIAN_POINT('',(18.6,-20.4,26.905390285476));
#1619 = DIRECTION('',(0.,-0.,-1.));
#1620 = DIRECTION('',(6.167905692362E-17,1.,-0.));
#1621 = PCURVE('',#1273,#1622);
#1622 = DEFINITIONAL_REPRESENTATION('',(#1623),#1627);
#1623 = LINE('',#1624,#1625);
#1624 = CARTESIAN_POINT('',(-0.,0.));
#1625 = VECTOR('',#1626,1.);
#1626 = DIRECTION('',(-1.,0.));
#1627 = ( GEOMETRIC_REPRESENTATION_CONTEXT(2) 
PARAMETRIC_REPRESENTATION_CONTEXT() REPRESENTATION_CONTEXT('2D SPACE',''
  ) );
#1628 = PCURVE('',#465,#1629);
#1629 = DEFINITIONAL_REPRESENTATION('',(#1630),#1634);
#1630 = LINE('',#1631,#1632);
#1631 = CARTESIAN_POINT('',(-1.570796326795,-4.7));
#1632 = VECTOR('',#1633,1.);
#1633 = DIRECTION('',(1.,-0.));
#1634 = ( GEOMETRIC_REPRESENTATION_CONTEXT(2) 
PARAMETRIC_REPRESENTATION_CONTEXT() REPRESENTATION_CONTEXT('2D SPACE',''
  ) );
#1635 = ORIENTED_EDGE('',*,*,#1256,.T.);
#1636 = ORIENTED_EDGE('',*,*,#1637,.F.);
#1637 = EDGE_CURVE('',#1586,#1257,#1638,.T.);
#1638 = SURFACE_CURVE('',#1639,(#1644,#1651),.PCURVE_S1.);
#1639 = CIRCLE('',#1640,4.2);
#1640 = AXIS2_PLACEMENT_3D('',#1641,#1642,#1643);
#1641 = CARTESIAN_POINT('',(18.6,-20.4,28.105390285476));
#1642 = DIRECTION('',(0.,-0.,-1.));
#1643 = DIRECTION('',(6.167905692362E-17,1.,-0.));
#1644 = PCURVE('',#1273,#1645);
#1645 = DEFINITIONAL_REPRESENTATION('',(#1646),#1650);
#1646 = LINE('',#1647,#1648);
#1647 = CARTESIAN_POINT('',(-0.,1.570796326795));
#1648 = VECTOR('',#1649,1.);
#1649 = DIRECTION('',(-1.,0.));
#1650 = ( GEOMETRIC_REPRESENTATION_CONTEXT(2) 
PARAMETRIC_REPRESENTATION_CONTEXT() REPRESENTATION_CONTEXT('2D SPACE',''
  ) );
#1651 = PCURVE('',#948,#1652);
#1652 = DEFINITIONAL_REPRESENTATION('',(#1653),#1661);
#1653 = ( BOUNDED_CURVE() B_SPLINE_CURVE(2,(#1654,#1655,#1656,#1657,
#1658,#1659,#1660),.UNSPECIFIED.,.T.,.F.) B_SPLINE_CURVE_WITH_KNOTS((1,2
    ,2,2,2,1),(-2.094395102393,0.,2.094395102393,4.188790204786,
6.28318530718,8.377580409573),.UNSPECIFIED.) CURVE() 
GEOMETRIC_REPRESENTATION_ITEM() RATIONAL_B_SPLINE_CURVE((1.,0.5,1.,0.5,
1.,0.5,1.)) REPRESENTATION_ITEM('') );
#1654 = CARTESIAN_POINT('',(0.6,9.8));
#1655 = CARTESIAN_POINT('',(7.874613391789,9.8));
#1656 = CARTESIAN_POINT('',(4.237306695895,3.5));
#1657 = CARTESIAN_POINT('',(0.6,-2.8));
#1658 = CARTESIAN_POINT('',(-3.037306695895,3.5));
#1659 = CARTESIAN_POINT('',(-6.674613391789,9.8));
#1660 = CARTESIAN_POINT('',(0.6,9.8));
#1661 = ( GEOMETRIC_REPRESENTATION_CONTEXT(2) 
PARAMETRIC_REPRESENTATION_CONTEXT() REPRESENTATION_CONTEXT('2D SPACE',''
  ) );
#1662 = ADVANCED_FACE('',(#1663),#1602,.T.);
#1663 = FACE_BOUND('',#1664,.T.);
#1664 = EDGE_LOOP('',(#1665,#1691,#1712,#1713));
#1665 = ORIENTED_EDGE('',*,*,#1666,.T.);
#1666 = EDGE_CURVE('',#1667,#1669,#1671,.T.);
#1667 = VERTEX_POINT('',#1668);
#1668 = CARTESIAN_POINT('',(17.4,-15.,26.905390285476));
#1669 = VERTEX_POINT('',#1670);
#1670 = CARTESIAN_POINT('',(17.4,-16.2,28.105390285476));
#1671 = SURFACE_CURVE('',#1672,(#1677,#1684),.PCURVE_S1.);
#1672 = CIRCLE('',#1673,1.2);
#1673 = AXIS2_PLACEMENT_3D('',#1674,#1675,#1676);
#1674 = CARTESIAN_POINT('',(17.4,-16.2,26.905390285476));
#1675 = DIRECTION('',(1.,-1.032451451723E-16,0.));
#1676 = DIRECTION('',(1.032451451723E-16,1.,0.));
#1677 = PCURVE('',#1602,#1678);
#1678 = DEFINITIONAL_REPRESENTATION('',(#1679),#1683);
#1679 = LINE('',#1680,#1681);
#1680 = CARTESIAN_POINT('',(0.,0.));
#1681 = VECTOR('',#1682,1.);
#1682 = DIRECTION('',(1.,0.));
#1683 = ( GEOMETRIC_REPRESENTATION_CONTEXT(2) 
PARAMETRIC_REPRESENTATION_CONTEXT() REPRESENTATION_CONTEXT('2D SPACE',''
  ) );
#1684 = PCURVE('',#975,#1685);
#1685 = DEFINITIONAL_REPRESENTATION('',(#1686),#1690);
#1686 = LINE('',#1687,#1688);
#1687 = CARTESIAN_POINT('',(-1.570796326795,0.));
#1688 = VECTOR('',#1689,1.);
#1689 = DIRECTION('',(-0.,1.));
#1690 = ( GEOMETRIC_REPRESENTATION_CONTEXT(2) 
PARAMETRIC_REPRESENTATION_CONTEXT() REPRESENTATION_CONTEXT('2D SPACE',''
  ) );
#1691 = ORIENTED_EDGE('',*,*,#1692,.T.);
#1692 = EDGE_CURVE('',#1669,#1586,#1693,.T.);
#1693 = SURFACE_CURVE('',#1694,(#1698,#1705),.PCURVE_S1.);
#1694 = LINE('',#1695,#1696);
#1695 = CARTESIAN_POINT('',(17.4,-16.2,28.105390285476));
#1696 = VECTOR('',#1697,1.);
#1697 = DIRECTION('',(1.,0.,0.));
#1698 = PCURVE('',#1602,#1699);
#1699 = DEFINITIONAL_REPRESENTATION('',(#1700),#1704);
#1700 = LINE('',#1701,#1702);
#1701 = CARTESIAN_POINT('',(1.570796326795,0.));
#1702 = VECTOR('',#1703,1.);
#1703 = DIRECTION('',(0.,1.));
#1704 = ( GEOMETRIC_REPRESENTATION_CONTEXT(2) 
PARAMETRIC_REPRESENTATION_CONTEXT() REPRESENTATION_CONTEXT('2D SPACE',''
  ) );
#1705 = PCURVE('',#948,#1706);
#1706 = DEFINITIONAL_REPRESENTATION('',(#1707),#1711);
#1707 = LINE('',#1708,#1709);
#1708 = CARTESIAN_POINT('',(-0.6,9.8));
#1709 = VECTOR('',#1710,1.);
#1710 = DIRECTION('',(1.,0.));
#1711 = ( GEOMETRIC_REPRESENTATION_CONTEXT(2) 
PARAMETRIC_REPRESENTATION_CONTEXT() REPRESENTATION_CONTEXT('2D SPACE',''
  ) );
#1712 = ORIENTED_EDGE('',*,*,#1583,.F.);
#1713 = ORIENTED_EDGE('',*,*,#1714,.F.);
#1714 = EDGE_CURVE('',#1667,#1584,#1715,.T.);
#1715 = SURFACE_CURVE('',#1716,(#1720,#1727),.PCURVE_S1.);
#1716 = LINE('',#1717,#1718);
#1717 = CARTESIAN_POINT('',(17.4,-15.,26.905390285476));
#1718 = VECTOR('',#1719,1.);
#1719 = DIRECTION('',(1.,0.,0.));
#1720 = PCURVE('',#1602,#1721);
#1721 = DEFINITIONAL_REPRESENTATION('',(#1722),#1726);
#1722 = LINE('',#1723,#1724);
#1723 = CARTESIAN_POINT('',(0.,0.));
#1724 = VECTOR('',#1725,1.);
#1725 = DIRECTION('',(0.,1.));
#1726 = ( GEOMETRIC_REPRESENTATION_CONTEXT(2) 
PARAMETRIC_REPRESENTATION_CONTEXT() REPRESENTATION_CONTEXT('2D SPACE',''
  ) );
#1727 = PCURVE('',#436,#1728);
#1728 = DEFINITIONAL_REPRESENTATION('',(#1729),#1733);
#1729 = LINE('',#1730,#1731);
#1730 = CARTESIAN_POINT('',(0.,-4.7));
#1731 = VECTOR('',#1732,1.);
#1732 = DIRECTION('',(1.,0.));
#1733 = ( GEOMETRIC_REPRESENTATION_CONTEXT(2) 
PARAMETRIC_REPRESENTATION_CONTEXT() REPRESENTATION_CONTEXT('2D SPACE',''
  ) );
#1734 = ADVANCED_FACE('',(#1735),#685,.T.);
#1735 = FACE_BOUND('',#1736,.T.);
#1736 = EDGE_LOOP('',(#1737,#1738,#1739,#1740,#1741,#1742));
#1737 = ORIENTED_EDGE('',*,*,#669,.F.);
#1738 = ORIENTED_EDGE('',*,*,#1044,.F.);
#1739 = ORIENTED_EDGE('',*,*,#1104,.F.);
#1740 = ORIENTED_EDGE('',*,*,#1204,.F.);
#1741 = ORIENTED_EDGE('',*,*,#1558,.F.);
#1742 = ORIENTED_EDGE('',*,*,#1743,.F.);
#1743 = EDGE_CURVE('',#670,#1434,#1744,.T.);
#1744 = SURFACE_CURVE('',#1745,(#1750,#1757),.PCURVE_S1.);
#1745 = CIRCLE('',#1746,6.304760106459);
#1746 = AXIS2_PLACEMENT_3D('',#1747,#1748,#1749);
#1747 = CARTESIAN_POINT('',(18.,-26.,28.105390285476));
#1748 = DIRECTION('',(0.,0.,1.));
#1749 = DIRECTION('',(1.,0.,-0.));
#1750 = PCURVE('',#685,#1751);
#1751 = DEFINITIONAL_REPRESENTATION('',(#1752),#1756);
#1752 = CIRCLE('',#1753,6.304760106459);
#1753 = AXIS2_PLACEMENT_2D('',#1754,#1755);
#1754 = CARTESIAN_POINT('',(0.,0.));
#1755 = DIRECTION('',(1.,0.));
#1756 = ( GEOMETRIC_REPRESENTATION_CONTEXT(2) 
PARAMETRIC_REPRESENTATION_CONTEXT() REPRESENTATION_CONTEXT('2D SPACE',''
  ) );
#1757 = PCURVE('',#851,#1758);
#1758 = DEFINITIONAL_REPRESENTATION('',(#1759),#1763);
#1759 = LINE('',#1760,#1761);
#1760 = CARTESIAN_POINT('',(0.,-1.41251727687));
#1761 = VECTOR('',#1762,1.);
#1762 = DIRECTION('',(1.,0.));
#1763 = ( GEOMETRIC_REPRESENTATION_CONTEXT(2) 
PARAMETRIC_REPRESENTATION_CONTEXT() REPRESENTATION_CONTEXT('2D SPACE',''
  ) );
#1764 = ADVANCED_FACE('',(#1765),#851,.F.);
#1765 = FACE_BOUND('',#1766,.F.);
#1766 = EDGE_LOOP('',(#1767,#1768,#1792,#1793,#1794,#1795,#1796));
#1767 = ORIENTED_EDGE('',*,*,#1308,.F.);
#1768 = ORIENTED_EDGE('',*,*,#1769,.F.);
#1769 = EDGE_CURVE('',#1770,#1309,#1772,.T.);
#1770 = VERTEX_POINT('',#1771);
#1771 = CARTESIAN_POINT('',(18.,-26.,27.605390285476));
#1772 = SEAM_CURVE('',#1773,(#1778,#1785),.PCURVE_S1.);
#1773 = CIRCLE('',#1774,40.);
#1774 = AXIS2_PLACEMENT_3D('',#1775,#1776,#1777);
#1775 = CARTESIAN_POINT('',(18.,-26.,67.605390285476));
#1776 = DIRECTION('',(-2.449293598295E-16,-1.,0.));
#1777 = DIRECTION('',(1.,-2.449293598295E-16,0.));
#1778 = PCURVE('',#851,#1779);
#1779 = DEFINITIONAL_REPRESENTATION('',(#1780),#1784);
#1780 = LINE('',#1781,#1782);
#1781 = CARTESIAN_POINT('',(6.28318530718,-6.28318530718));
#1782 = VECTOR('',#1783,1.);
#1783 = DIRECTION('',(0.,1.));
#1784 = ( GEOMETRIC_REPRESENTATION_CONTEXT(2) 
PARAMETRIC_REPRESENTATION_CONTEXT() REPRESENTATION_CONTEXT('2D SPACE',''
  ) );
#1785 = PCURVE('',#851,#1786);
#1786 = DEFINITIONAL_REPRESENTATION('',(#1787),#1791);
#1787 = LINE('',#1788,#1789);
#1788 = CARTESIAN_POINT('',(0.,-6.28318530718));
#1789 = VECTOR('',#1790,1.);
#1790 = DIRECTION('',(0.,1.));
#1791 = ( GEOMETRIC_REPRESENTATION_CONTEXT(2) 
PARAMETRIC_REPRESENTATION_CONTEXT() REPRESENTATION_CONTEXT('2D SPACE',''
  ) );
#1792 = ORIENTED_EDGE('',*,*,#1769,.T.);
#1793 = ORIENTED_EDGE('',*,*,#1433,.F.);
#1794 = ORIENTED_EDGE('',*,*,#1743,.F.);
#1795 = ORIENTED_EDGE('',*,*,#697,.F.);
#1796 = ORIENTED_EDGE('',*,*,#1797,.F.);
#1797 = EDGE_CURVE('',#1286,#698,#1798,.T.);
#1798 = SURFACE_CURVE('',#1799,(#1804,#1811),.PCURVE_S1.);
#1799 = CIRCLE('',#1800,6.304760106459);
#1800 = AXIS2_PLACEMENT_3D('',#1801,#1802,#1803);
#1801 = CARTESIAN_POINT('',(18.,-26.,28.105390285476));
#1802 = DIRECTION('',(0.,0.,1.));
#1803 = DIRECTION('',(1.,0.,-0.));
#1804 = PCURVE('',#851,#1805);
#1805 = DEFINITIONAL_REPRESENTATION('',(#1806),#1810);
#1806 = LINE('',#1807,#1808);
#1807 = CARTESIAN_POINT('',(0.,-1.41251727687));
#1808 = VECTOR('',#1809,1.);
#1809 = DIRECTION('',(1.,0.));
#1810 = ( GEOMETRIC_REPRESENTATION_CONTEXT(2) 
PARAMETRIC_REPRESENTATION_CONTEXT() REPRESENTATION_CONTEXT('2D SPACE',''
  ) );
#1811 = PCURVE('',#948,#1812);
#1812 = DEFINITIONAL_REPRESENTATION('',(#1813),#1817);
#1813 = CIRCLE('',#1814,6.304760106459);
#1814 = AXIS2_PLACEMENT_2D('',#1815,#1816);
#1815 = CARTESIAN_POINT('',(0.,0.));
#1816 = DIRECTION('',(1.,0.));
#1817 = ( GEOMETRIC_REPRESENTATION_CONTEXT(2) 
PARAMETRIC_REPRESENTATION_CONTEXT() REPRESENTATION_CONTEXT('2D SPACE',''
  ) );
#1818 = ADVANCED_FACE('',(#1819),#948,.T.);
#1819 = FACE_BOUND('',#1820,.T.);
#1820 = EDGE_LOOP('',(#1821,#1822,#1823,#1824,#1825,#1826));
#1821 = ORIENTED_EDGE('',*,*,#932,.F.);
#1822 = ORIENTED_EDGE('',*,*,#1797,.F.);
#1823 = ORIENTED_EDGE('',*,*,#1285,.F.);
#1824 = ORIENTED_EDGE('',*,*,#1637,.F.);
#1825 = ORIENTED_EDGE('',*,*,#1692,.F.);
#1826 = ORIENTED_EDGE('',*,*,#1827,.F.);
#1827 = EDGE_CURVE('',#933,#1669,#1828,.T.);
#1828 = SURFACE_CURVE('',#1829,(#1834,#1845),.PCURVE_S1.);
#1829 = CIRCLE('',#1830,4.2);
#1830 = AXIS2_PLACEMENT_3D('',#1831,#1832,#1833);
#1831 = CARTESIAN_POINT('',(17.4,-20.4,28.105390285476));
#1832 = DIRECTION('',(-0.,0.,-1.));
#1833 = DIRECTION('',(-1.,1.644774851297E-16,0.));
#1834 = PCURVE('',#948,#1835);
#1835 = DEFINITIONAL_REPRESENTATION('',(#1836),#1844);
#1836 = ( BOUNDED_CURVE() B_SPLINE_CURVE(2,(#1837,#1838,#1839,#1840,
#1841,#1842,#1843),.UNSPECIFIED.,.T.,.F.) B_SPLINE_CURVE_WITH_KNOTS((1,2
    ,2,2,2,1),(-2.094395102393,0.,2.094395102393,4.188790204786,
6.28318530718,8.377580409573),.UNSPECIFIED.) CURVE() 
GEOMETRIC_REPRESENTATION_ITEM() RATIONAL_B_SPLINE_CURVE((1.,0.5,1.,0.5,
1.,0.5,1.)) REPRESENTATION_ITEM('') );
#1837 = CARTESIAN_POINT('',(-4.8,5.6));
#1838 = CARTESIAN_POINT('',(-4.8,12.874613391789));
#1839 = CARTESIAN_POINT('',(1.5,9.237306695895));
#1840 = CARTESIAN_POINT('',(7.8,5.6));
#1841 = CARTESIAN_POINT('',(1.5,1.962693304105));
#1842 = CARTESIAN_POINT('',(-4.8,-1.674613391789));
#1843 = CARTESIAN_POINT('',(-4.8,5.6));
#1844 = ( GEOMETRIC_REPRESENTATION_CONTEXT(2) 
PARAMETRIC_REPRESENTATION_CONTEXT() REPRESENTATION_CONTEXT('2D SPACE',''
  ) );
#1845 = PCURVE('',#975,#1846);
#1846 = DEFINITIONAL_REPRESENTATION('',(#1847),#1851);
#1847 = LINE('',#1848,#1849);
#1848 = CARTESIAN_POINT('',(-0.,1.570796326795));
#1849 = VECTOR('',#1850,1.);
#1850 = DIRECTION('',(-1.,0.));
#1851 = ( GEOMETRIC_REPRESENTATION_CONTEXT(2) 
PARAMETRIC_REPRESENTATION_CONTEXT() REPRESENTATION_CONTEXT('2D SPACE',''
  ) );
#1852 = ADVANCED_FACE('',(#1853),#975,.T.);
#1853 = FACE_BOUND('',#1854,.F.);
#1854 = EDGE_LOOP('',(#1855,#1856,#1878,#1879));
#1855 = ORIENTED_EDGE('',*,*,#960,.F.);
#1856 = ORIENTED_EDGE('',*,*,#1857,.T.);
#1857 = EDGE_CURVE('',#587,#1667,#1858,.T.);
#1858 = SURFACE_CURVE('',#1859,(#1864,#1871),.PCURVE_S1.);
#1859 = CIRCLE('',#1860,5.4);
#1860 = AXIS2_PLACEMENT_3D('',#1861,#1862,#1863);
#1861 = CARTESIAN_POINT('',(17.4,-20.4,26.905390285476));
#1862 = DIRECTION('',(-0.,0.,-1.));
#1863 = DIRECTION('',(-1.,1.644774851297E-16,0.));
#1864 = PCURVE('',#975,#1865);
#1865 = DEFINITIONAL_REPRESENTATION('',(#1866),#1870);
#1866 = LINE('',#1867,#1868);
#1867 = CARTESIAN_POINT('',(-0.,0.));
#1868 = VECTOR('',#1869,1.);
#1869 = DIRECTION('',(-1.,0.));
#1870 = ( GEOMETRIC_REPRESENTATION_CONTEXT(2) 
PARAMETRIC_REPRESENTATION_CONTEXT() REPRESENTATION_CONTEXT('2D SPACE',''
  ) );
#1871 = PCURVE('',#408,#1872);
#1872 = DEFINITIONAL_REPRESENTATION('',(#1873),#1877);
#1873 = LINE('',#1874,#1875);
#1874 = CARTESIAN_POINT('',(-3.14159265359,-4.7));
#1875 = VECTOR('',#1876,1.);
#1876 = DIRECTION('',(1.,-0.));
#1877 = ( GEOMETRIC_REPRESENTATION_CONTEXT(2) 
PARAMETRIC_REPRESENTATION_CONTEXT() REPRESENTATION_CONTEXT('2D SPACE',''
  ) );
#1878 = ORIENTED_EDGE('',*,*,#1666,.T.);
#1879 = ORIENTED_EDGE('',*,*,#1827,.F.);
#1880 = ADVANCED_FACE('',(#1881),#408,.T.);
#1881 = FACE_BOUND('',#1882,.F.);
#1882 = EDGE_LOOP('',(#1883,#1904,#1905,#1906));
#1883 = ORIENTED_EDGE('',*,*,#1884,.T.);
#1884 = EDGE_CURVE('',#392,#1667,#1885,.T.);
#1885 = SURFACE_CURVE('',#1886,(#1890,#1897),.PCURVE_S1.);
#1886 = LINE('',#1887,#1888);
#1887 = CARTESIAN_POINT('',(17.4,-15.,22.205390285476));
#1888 = VECTOR('',#1889,1.);
#1889 = DIRECTION('',(0.,0.,1.));
#1890 = PCURVE('',#408,#1891);
#1891 = DEFINITIONAL_REPRESENTATION('',(#1892),#1896);
#1892 = LINE('',#1893,#1894);
#1893 = CARTESIAN_POINT('',(-1.570796326795,0.));
#1894 = VECTOR('',#1895,1.);
#1895 = DIRECTION('',(-0.,-1.));
#1896 = ( GEOMETRIC_REPRESENTATION_CONTEXT(2) 
PARAMETRIC_REPRESENTATION_CONTEXT() REPRESENTATION_CONTEXT('2D SPACE',''
  ) );
#1897 = PCURVE('',#436,#1898);
#1898 = DEFINITIONAL_REPRESENTATION('',(#1899),#1903);
#1899 = LINE('',#1900,#1901);
#1900 = CARTESIAN_POINT('',(0.,0.));
#1901 = VECTOR('',#1902,1.);
#1902 = DIRECTION('',(0.,-1.));
#1903 = ( GEOMETRIC_REPRESENTATION_CONTEXT(2) 
PARAMETRIC_REPRESENTATION_CONTEXT() REPRESENTATION_CONTEXT('2D SPACE',''
  ) );
#1904 = ORIENTED_EDGE('',*,*,#1857,.F.);
#1905 = ORIENTED_EDGE('',*,*,#614,.F.);
#1906 = ORIENTED_EDGE('',*,*,#391,.F.);
#1907 = ADVANCED_FACE('',(#1908),#436,.T.);
#1908 = FACE_BOUND('',#1909,.T.);
#1909 = EDGE_LOOP('',(#1910,#1911,#1912,#1933));
#1910 = ORIENTED_EDGE('',*,*,#1884,.T.);
#1911 = ORIENTED_EDGE('',*,*,#1714,.T.);
#1912 = ORIENTED_EDGE('',*,*,#1913,.F.);
#1913 = EDGE_CURVE('',#421,#1584,#1914,.T.);
#1914 = SURFACE_CURVE('',#1915,(#1919,#1926),.PCURVE_S1.);
#1915 = LINE('',#1916,#1917);
#1916 = CARTESIAN_POINT('',(18.6,-15.,22.205390285476));
#1917 = VECTOR('',#1918,1.);
#1918 = DIRECTION('',(0.,0.,1.));
#1919 = PCURVE('',#436,#1920);
#1920 = DEFINITIONAL_REPRESENTATION('',(#1921),#1925);
#1921 = LINE('',#1922,#1923);
#1922 = CARTESIAN_POINT('',(1.2,0.));
#1923 = VECTOR('',#1924,1.);
#1924 = DIRECTION('',(0.,-1.));
#1925 = ( GEOMETRIC_REPRESENTATION_CONTEXT(2) 
PARAMETRIC_REPRESENTATION_CONTEXT() REPRESENTATION_CONTEXT('2D SPACE',''
  ) );
#1926 = PCURVE('',#465,#1927);
#1927 = DEFINITIONAL_REPRESENTATION('',(#1928),#1932);
#1928 = LINE('',#1929,#1930);
#1929 = CARTESIAN_POINT('',(-1.570796326795,0.));
#1930 = VECTOR('',#1931,1.);
#1931 = DIRECTION('',(-0.,-1.));
#1932 = ( GEOMETRIC_REPRESENTATION_CONTEXT(2) 
PARAMETRIC_REPRESENTATION_CONTEXT() REPRESENTATION_CONTEXT('2D SPACE',''
  ) );
#1933 = ORIENTED_EDGE('',*,*,#420,.F.);
#1934 = ADVANCED_FACE('',(#1935),#465,.T.);
#1935 = FACE_BOUND('',#1936,.F.);
#1936 = EDGE_LOOP('',(#1937,#1958,#1959,#1960));
#1937 = ORIENTED_EDGE('',*,*,#1938,.T.);
#1938 = EDGE_CURVE('',#449,#1234,#1939,.T.);
#1939 = SURFACE_CURVE('',#1940,(#1944,#1951),.PCURVE_S1.);
#1940 = LINE('',#1941,#1942);
#1941 = CARTESIAN_POINT('',(24.,-20.4,22.205390285476));
#1942 = VECTOR('',#1943,1.);
#1943 = DIRECTION('',(0.,0.,1.));
#1944 = PCURVE('',#465,#1945);
#1945 = DEFINITIONAL_REPRESENTATION('',(#1946),#1950);
#1946 = LINE('',#1947,#1948);
#1947 = CARTESIAN_POINT('',(-0.,0.));
#1948 = VECTOR('',#1949,1.);
#1949 = DIRECTION('',(-0.,-1.));
#1950 = ( GEOMETRIC_REPRESENTATION_CONTEXT(2) 
PARAMETRIC_REPRESENTATION_CONTEXT() REPRESENTATION_CONTEXT('2D SPACE',''
  ) );
#1951 = PCURVE('',#493,#1952);
#1952 = DEFINITIONAL_REPRESENTATION('',(#1953),#1957);
#1953 = LINE('',#1954,#1955);
#1954 = CARTESIAN_POINT('',(11.2,0.));
#1955 = VECTOR('',#1956,1.);
#1956 = DIRECTION('',(0.,-1.));
#1957 = ( GEOMETRIC_REPRESENTATION_CONTEXT(2) 
PARAMETRIC_REPRESENTATION_CONTEXT() REPRESENTATION_CONTEXT('2D SPACE',''
  ) );
#1958 = ORIENTED_EDGE('',*,*,#1614,.F.);
#1959 = ORIENTED_EDGE('',*,*,#1913,.F.);
#1960 = ORIENTED_EDGE('',*,*,#448,.F.);
#1961 = ADVANCED_FACE('',(#1962),#493,.F.);
#1962 = FACE_BOUND('',#1963,.F.);
#1963 = EDGE_LOOP('',(#1964,#1985,#1986,#1987));
#1964 = ORIENTED_EDGE('',*,*,#1965,.T.);
#1965 = EDGE_CURVE('',#478,#1151,#1966,.T.);
#1966 = SURFACE_CURVE('',#1967,(#1971,#1978),.PCURVE_S1.);
#1967 = LINE('',#1968,#1969);
#1968 = CARTESIAN_POINT('',(24.,-31.6,22.205390285476));
#1969 = VECTOR('',#1970,1.);
#1970 = DIRECTION('',(0.,0.,1.));
#1971 = PCURVE('',#493,#1972);
#1972 = DEFINITIONAL_REPRESENTATION('',(#1973),#1977);
#1973 = LINE('',#1974,#1975);
#1974 = CARTESIAN_POINT('',(0.,0.));
#1975 = VECTOR('',#1976,1.);
#1976 = DIRECTION('',(0.,-1.));
#1977 = ( GEOMETRIC_REPRESENTATION_CONTEXT(2) 
PARAMETRIC_REPRESENTATION_CONTEXT() REPRESENTATION_CONTEXT('2D SPACE',''
  ) );
#1978 = PCURVE('',#522,#1979);
#1979 = DEFINITIONAL_REPRESENTATION('',(#1980),#1984);
#1980 = LINE('',#1981,#1982);
#1981 = CARTESIAN_POINT('',(-6.28318530718,0.));
#1982 = VECTOR('',#1983,1.);
#1983 = DIRECTION('',(-0.,-1.));
#1984 = ( GEOMETRIC_REPRESENTATION_CONTEXT(2) 
PARAMETRIC_REPRESENTATION_CONTEXT() REPRESENTATION_CONTEXT('2D SPACE',''
  ) );
#1985 = ORIENTED_EDGE('',*,*,#1233,.F.);
#1986 = ORIENTED_EDGE('',*,*,#1938,.F.);
#1987 = ORIENTED_EDGE('',*,*,#477,.F.);
#1988 = ADVANCED_FACE('',(#1989),#522,.T.);
#1989 = FACE_BOUND('',#1990,.F.);
#1990 = EDGE_LOOP('',(#1991,#2012,#2013,#2014));
#1991 = ORIENTED_EDGE('',*,*,#1992,.T.);
#1992 = EDGE_CURVE('',#506,#1074,#1993,.T.);
#1993 = SURFACE_CURVE('',#1994,(#1998,#2005),.PCURVE_S1.);
#1994 = LINE('',#1995,#1996);
#1995 = CARTESIAN_POINT('',(18.6,-37.,22.205390285476));
#1996 = VECTOR('',#1997,1.);
#1997 = DIRECTION('',(0.,0.,1.));
#1998 = PCURVE('',#522,#1999);
#1999 = DEFINITIONAL_REPRESENTATION('',(#2000),#2004);
#2000 = LINE('',#2001,#2002);
#2001 = CARTESIAN_POINT('',(-4.712388980385,0.));
#2002 = VECTOR('',#2003,1.);
#2003 = DIRECTION('',(-0.,-1.));
#2004 = ( GEOMETRIC_REPRESENTATION_CONTEXT(2) 
PARAMETRIC_REPRESENTATION_CONTEXT() REPRESENTATION_CONTEXT('2D SPACE',''
  ) );
#2005 = PCURVE('',#548,#2006);
#2006 = DEFINITIONAL_REPRESENTATION('',(#2007),#2011);
#2007 = LINE('',#2008,#2009);
#2008 = CARTESIAN_POINT('',(1.2,0.));
#2009 = VECTOR('',#2010,1.);
#2010 = DIRECTION('',(0.,-1.));
#2011 = ( GEOMETRIC_REPRESENTATION_CONTEXT(2) 
PARAMETRIC_REPRESENTATION_CONTEXT() REPRESENTATION_CONTEXT('2D SPACE',''
  ) );
#2012 = ORIENTED_EDGE('',*,*,#1181,.F.);
#2013 = ORIENTED_EDGE('',*,*,#1965,.F.);
#2014 = ORIENTED_EDGE('',*,*,#505,.F.);
#2015 = ADVANCED_FACE('',(#2016),#548,.F.);
#2016 = FACE_BOUND('',#2017,.F.);
#2017 = EDGE_LOOP('',(#2018,#2039,#2040,#2041));
#2018 = ORIENTED_EDGE('',*,*,#2019,.T.);
#2019 = EDGE_CURVE('',#335,#991,#2020,.T.);
#2020 = SURFACE_CURVE('',#2021,(#2025,#2032),.PCURVE_S1.);
#2021 = LINE('',#2022,#2023);
#2022 = CARTESIAN_POINT('',(17.4,-37.,22.205390285476));
#2023 = VECTOR('',#2024,1.);
#2024 = DIRECTION('',(0.,0.,1.));
#2025 = PCURVE('',#548,#2026);
#2026 = DEFINITIONAL_REPRESENTATION('',(#2027),#2031);
#2027 = LINE('',#2028,#2029);
#2028 = CARTESIAN_POINT('',(0.,0.));
#2029 = VECTOR('',#2030,1.);
#2030 = DIRECTION('',(0.,-1.));
#2031 = ( GEOMETRIC_REPRESENTATION_CONTEXT(2) 
PARAMETRIC_REPRESENTATION_CONTEXT() REPRESENTATION_CONTEXT('2D SPACE',''
  ) );
#2032 = PCURVE('',#351,#2033);
#2033 = DEFINITIONAL_REPRESENTATION('',(#2034),#2038);
#2034 = LINE('',#2035,#2036);
#2035 = CARTESIAN_POINT('',(-4.712388980385,0.));
#2036 = VECTOR('',#2037,1.);
#2037 = DIRECTION('',(-0.,-1.));
#2038 = ( GEOMETRIC_REPRESENTATION_CONTEXT(2) 
PARAMETRIC_REPRESENTATION_CONTEXT() REPRESENTATION_CONTEXT('2D SPACE',''
  ) );
#2039 = ORIENTED_EDGE('',*,*,#1126,.F.);
#2040 = ORIENTED_EDGE('',*,*,#1992,.F.);
#2041 = ORIENTED_EDGE('',*,*,#534,.F.);
#2042 = ADVANCED_FACE('',(#2043),#351,.T.);
#2043 = FACE_BOUND('',#2044,.F.);
#2044 = EDGE_LOOP('',(#2045,#2046,#2047,#2048));
#2045 = ORIENTED_EDGE('',*,*,#563,.T.);
#2046 = ORIENTED_EDGE('',*,*,#1021,.F.);
#2047 = ORIENTED_EDGE('',*,*,#2019,.F.);
#2048 = ORIENTED_EDGE('',*,*,#332,.F.);
#2049 = ADVANCED_FACE('',(#2050),#239,.F.);
#2050 = FACE_BOUND('',#2051,.F.);
#2051 = EDGE_LOOP('',(#2052,#2075,#2076,#2099));
#2052 = ORIENTED_EDGE('',*,*,#2053,.T.);
#2053 = EDGE_CURVE('',#2054,#195,#2056,.T.);
#2054 = VERTEX_POINT('',#2055);
#2055 = CARTESIAN_POINT('',(25.,-31.6,21.605390285476));
#2056 = SURFACE_CURVE('',#2057,(#2061,#2068),.PCURVE_S1.);
#2057 = LINE('',#2058,#2059);
#2058 = CARTESIAN_POINT('',(25.,-31.6,21.605390285476));
#2059 = VECTOR('',#2060,1.);
#2060 = DIRECTION('',(0.,0.,1.));
#2061 = PCURVE('',#239,#2062);
#2062 = DEFINITIONAL_REPRESENTATION('',(#2063),#2067);
#2063 = LINE('',#2064,#2065);
#2064 = CARTESIAN_POINT('',(0.,0.));
#2065 = VECTOR('',#2066,1.);
#2066 = DIRECTION('',(0.,-1.));
#2067 = ( GEOMETRIC_REPRESENTATION_CONTEXT(2) 
PARAMETRIC_REPRESENTATION_CONTEXT() REPRESENTATION_CONTEXT('2D SPACE',''
  ) );
#2068 = PCURVE('',#211,#2069);
#2069 = DEFINITIONAL_REPRESENTATION('',(#2070),#2074);
#2070 = LINE('',#2071,#2072);
#2071 = CARTESIAN_POINT('',(-6.28318530718,0.));
#2072 = VECTOR('',#2073,1.);
#2073 = DIRECTION('',(-0.,-1.));
#2074 = ( GEOMETRIC_REPRESENTATION_CONTEXT(2) 
PARAMETRIC_REPRESENTATION_CONTEXT() REPRESENTATION_CONTEXT('2D SPACE',''
  ) );
#2075 = ORIENTED_EDGE('',*,*,#223,.T.);
#2076 = ORIENTED_EDGE('',*,*,#2077,.F.);
#2077 = EDGE_CURVE('',#2078,#224,#2080,.T.);
#2078 = VERTEX_POINT('',#2079);
#2079 = CARTESIAN_POINT('',(25.,-20.4,21.605390285476));
#2080 = SURFACE_CURVE('',#2081,(#2085,#2092),.PCURVE_S1.);
#2081 = LINE('',#2082,#2083);
#2082 = CARTESIAN_POINT('',(25.,-20.4,21.605390285476));
#2083 = VECTOR('',#2084,1.);
#2084 = DIRECTION('',(0.,0.,1.));
#2085 = PCURVE('',#239,#2086);
#2086 = DEFINITIONAL_REPRESENTATION('',(#2087),#2091);
#2087 = LINE('',#2088,#2089);
#2088 = CARTESIAN_POINT('',(11.2,0.));
#2089 = VECTOR('',#2090,1.);
#2090 = DIRECTION('',(0.,-1.));
#2091 = ( GEOMETRIC_REPRESENTATION_CONTEXT(2) 
PARAMETRIC_REPRESENTATION_CONTEXT() REPRESENTATION_CONTEXT('2D SPACE',''
  ) );
#2092 = PCURVE('',#268,#2093);
#2093 = DEFINITIONAL_REPRESENTATION('',(#2094),#2098);
#2094 = LINE('',#2095,#2096);
#2095 = CARTESIAN_POINT('',(-0.,0.));
#2096 = VECTOR('',#2097,1.);
#2097 = DIRECTION('',(-0.,-1.));
#2098 = ( GEOMETRIC_REPRESENTATION_CONTEXT(2) 
PARAMETRIC_REPRESENTATION_CONTEXT() REPRESENTATION_CONTEXT('2D SPACE',''
  ) );
#2099 = ORIENTED_EDGE('',*,*,#2100,.F.);
#2100 = EDGE_CURVE('',#2054,#2078,#2101,.T.);
#2101 = SURFACE_CURVE('',#2102,(#2106,#2113),.PCURVE_S1.);
#2102 = LINE('',#2103,#2104);
#2103 = CARTESIAN_POINT('',(25.,-26.,21.605390285476));
#2104 = VECTOR('',#2105,1.);
#2105 = DIRECTION('',(0.,1.,0.));
#2106 = PCURVE('',#239,#2107);
#2107 = DEFINITIONAL_REPRESENTATION('',(#2108),#2112);
#2108 = LINE('',#2109,#2110);
#2109 = CARTESIAN_POINT('',(5.6,0.));
#2110 = VECTOR('',#2111,1.);
#2111 = DIRECTION('',(1.,0.));
#2112 = ( GEOMETRIC_REPRESENTATION_CONTEXT(2) 
PARAMETRIC_REPRESENTATION_CONTEXT() REPRESENTATION_CONTEXT('2D SPACE',''
  ) );
#2113 = PCURVE('',#2114,#2119);
#2114 = PLANE('',#2115);
#2115 = AXIS2_PLACEMENT_3D('',#2116,#2117,#2118);
#2116 = CARTESIAN_POINT('',(25.,-26.,21.605390285476));
#2117 = DIRECTION('',(-0.707106781187,8.659560562355E-17,0.707106781187)
  );
#2118 = DIRECTION('',(-0.707106781187,-8.659560562355E-17,
    -0.707106781187));
#2119 = DEFINITIONAL_REPRESENTATION('',(#2120),#2124);
#2120 = LINE('',#2121,#2122);
#2121 = CARTESIAN_POINT('',(-0.,0.));
#2122 = VECTOR('',#2123,1.);
#2123 = DIRECTION('',(-8.659560562355E-17,-1.));
#2124 = ( GEOMETRIC_REPRESENTATION_CONTEXT(2) 
PARAMETRIC_REPRESENTATION_CONTEXT() REPRESENTATION_CONTEXT('2D SPACE',''
  ) );
#2125 = ADVANCED_FACE('',(#2126),#2114,.F.);
#2126 = FACE_BOUND('',#2127,.F.);
#2127 = EDGE_LOOP('',(#2128,#2129,#2157,#2185));
#2128 = ORIENTED_EDGE('',*,*,#2100,.T.);
#2129 = ORIENTED_EDGE('',*,*,#2130,.T.);
#2130 = EDGE_CURVE('',#2078,#2131,#2133,.T.);
#2131 = VERTEX_POINT('',#2132);
#2132 = CARTESIAN_POINT('',(22.144609714524,-20.4,18.75));
#2133 = SURFACE_CURVE('',#2134,(#2138,#2145),.PCURVE_S1.);
#2134 = LINE('',#2135,#2136);
#2135 = CARTESIAN_POINT('',(25.,-20.4,21.605390285476));
#2136 = VECTOR('',#2137,1.);
#2137 = DIRECTION('',(-0.707106781187,2.199478602515E-16,-0.707106781187
    ));
#2138 = PCURVE('',#2114,#2139);
#2139 = DEFINITIONAL_REPRESENTATION('',(#2140),#2144);
#2140 = LINE('',#2141,#2142);
#2141 = CARTESIAN_POINT('',(-4.849353914919E-16,-5.6));
#2142 = VECTOR('',#2143,1.);
#2143 = DIRECTION('',(1.,-3.065434658751E-16));
#2144 = ( GEOMETRIC_REPRESENTATION_CONTEXT(2) 
PARAMETRIC_REPRESENTATION_CONTEXT() REPRESENTATION_CONTEXT('2D SPACE',''
  ) );
#2145 = PCURVE('',#2146,#2151);
#2146 = CONICAL_SURFACE('',#2147,6.4,0.785398163397);
#2147 = AXIS2_PLACEMENT_3D('',#2148,#2149,#2150);
#2148 = CARTESIAN_POINT('',(18.6,-20.4,21.605390285476));
#2149 = DIRECTION('',(-0.,1.224646799147E-16,1.));
#2150 = DIRECTION('',(1.,0.,0.));
#2151 = DEFINITIONAL_REPRESENTATION('',(#2152),#2156);
#2152 = LINE('',#2153,#2154);
#2153 = CARTESIAN_POINT('',(-6.28318530718,-0.));
#2154 = VECTOR('',#2155,1.);
#2155 = DIRECTION('',(-0.,-1.));
#2156 = ( GEOMETRIC_REPRESENTATION_CONTEXT(2) 
PARAMETRIC_REPRESENTATION_CONTEXT() REPRESENTATION_CONTEXT('2D SPACE',''
  ) );
#2157 = ORIENTED_EDGE('',*,*,#2158,.T.);
#2158 = EDGE_CURVE('',#2131,#2159,#2161,.T.);
#2159 = VERTEX_POINT('',#2160);
#2160 = CARTESIAN_POINT('',(22.144609714524,-31.6,18.75));
#2161 = SURFACE_CURVE('',#2162,(#2166,#2173),.PCURVE_S1.);
#2162 = LINE('',#2163,#2164);
#2163 = CARTESIAN_POINT('',(22.144609714524,-26.,18.75));
#2164 = VECTOR('',#2165,1.);
#2165 = DIRECTION('',(0.,-1.,1.224646799147E-16));
#2166 = PCURVE('',#2114,#2167);
#2167 = DEFINITIONAL_REPRESENTATION('',(#2168),#2172);
#2168 = LINE('',#2169,#2170);
#2169 = CARTESIAN_POINT('',(4.038131667589,-3.496844573425E-16));
#2170 = VECTOR('',#2171,1.);
#2171 = DIRECTION('',(0.,1.));
#2172 = ( GEOMETRIC_REPRESENTATION_CONTEXT(2) 
PARAMETRIC_REPRESENTATION_CONTEXT() REPRESENTATION_CONTEXT('2D SPACE',''
  ) );
#2173 = PCURVE('',#2174,#2179);
#2174 = PLANE('',#2175);
#2175 = AXIS2_PLACEMENT_3D('',#2176,#2177,#2178);
#2176 = CARTESIAN_POINT('',(18.,-26.,18.75));
#2177 = DIRECTION('',(0.,-1.224646799147E-16,-1.));
#2178 = DIRECTION('',(1.,0.,0.));
#2179 = DEFINITIONAL_REPRESENTATION('',(#2180),#2184);
#2180 = LINE('',#2181,#2182);
#2181 = CARTESIAN_POINT('',(4.144609714524,0.));
#2182 = VECTOR('',#2183,1.);
#2183 = DIRECTION('',(0.,1.));
#2184 = ( GEOMETRIC_REPRESENTATION_CONTEXT(2) 
PARAMETRIC_REPRESENTATION_CONTEXT() REPRESENTATION_CONTEXT('2D SPACE',''
  ) );
#2185 = ORIENTED_EDGE('',*,*,#2186,.T.);
#2186 = EDGE_CURVE('',#2159,#2054,#2187,.T.);
#2187 = SURFACE_CURVE('',#2188,(#2192,#2199),.PCURVE_S1.);
#2188 = LINE('',#2189,#2190);
#2189 = CARTESIAN_POINT('',(22.144609714524,-31.6,18.75));
#2190 = VECTOR('',#2191,1.);
#2191 = DIRECTION('',(0.707106781187,2.199478602515E-16,0.707106781187)
  );
#2192 = PCURVE('',#2114,#2193);
#2193 = DEFINITIONAL_REPRESENTATION('',(#2194),#2198);
#2194 = LINE('',#2195,#2196);
#2195 = CARTESIAN_POINT('',(4.038131667589,5.6));
#2196 = VECTOR('',#2197,1.);
#2197 = DIRECTION('',(-1.,-1.33352254628E-16));
#2198 = ( GEOMETRIC_REPRESENTATION_CONTEXT(2) 
PARAMETRIC_REPRESENTATION_CONTEXT() REPRESENTATION_CONTEXT('2D SPACE',''
  ) );
#2199 = PCURVE('',#2200,#2205);
#2200 = CONICAL_SURFACE('',#2201,6.4,0.785398163397);
#2201 = AXIS2_PLACEMENT_3D('',#2202,#2203,#2204);
#2202 = CARTESIAN_POINT('',(18.6,-31.6,21.605390285476));
#2203 = DIRECTION('',(-0.,1.224646799147E-16,1.));
#2204 = DIRECTION('',(1.,0.,0.));
#2205 = DEFINITIONAL_REPRESENTATION('',(#2206),#2232);
#2206 = B_SPLINE_CURVE_WITH_KNOTS('',3,(#2207,#2208,#2209,#2210,#2211,
    #2212,#2213,#2214,#2215,#2216,#2217,#2218,#2219,#2220,#2221,#2222,
    #2223,#2224,#2225,#2226,#2227,#2228,#2229,#2230,#2231),
  .UNSPECIFIED.,.F.,.F.,(4,1,1,1,1,1,1,1,1,1,1,1,1,1,1,1,1,1,1,1,1,1,4),
  (0.,0.183551439436,0.367102878872,0.550654318308,0.734205757743,
    0.917757197179,1.101308636615,1.284860076051,1.468411515487,
    1.651962954923,1.835514394359,2.019065833794,2.20261727323,
    2.386168712666,2.569720152102,2.753271591538,2.936823030974,
    3.12037447041,3.303925909845,3.487477349281,3.671028788717,
    3.854580228153,4.038131667589),.QUASI_UNIFORM_KNOTS.);
#2207 = CARTESIAN_POINT('',(0.,-2.855390285476));
#2208 = CARTESIAN_POINT('',(0.,-2.812126796302));
#2209 = CARTESIAN_POINT('',(0.,-2.725599817955));
#2210 = CARTESIAN_POINT('',(0.,-2.595809350433));
#2211 = CARTESIAN_POINT('',(0.,-2.466018882911));
#2212 = CARTESIAN_POINT('',(0.,-2.33622841539));
#2213 = CARTESIAN_POINT('',(0.,-2.206437947868));
#2214 = CARTESIAN_POINT('',(0.,-2.076647480346));
#2215 = CARTESIAN_POINT('',(0.,-1.946857012825));
#2216 = CARTESIAN_POINT('',(0.,-1.817066545303));
#2217 = CARTESIAN_POINT('',(0.,-1.687276077781));
#2218 = CARTESIAN_POINT('',(0.,-1.55748561026));
#2219 = CARTESIAN_POINT('',(0.,-1.427695142738));
#2220 = CARTESIAN_POINT('',(0.,-1.297904675216));
#2221 = CARTESIAN_POINT('',(0.,-1.168114207695));
#2222 = CARTESIAN_POINT('',(0.,-1.038323740173));
#2223 = CARTESIAN_POINT('',(0.,-0.908533272652));
#2224 = CARTESIAN_POINT('',(0.,-0.77874280513));
#2225 = CARTESIAN_POINT('',(0.,-0.648952337608));
#2226 = CARTESIAN_POINT('',(0.,-0.519161870087));
#2227 = CARTESIAN_POINT('',(0.,-0.389371402565));
#2228 = CARTESIAN_POINT('',(0.,-0.259580935043));
#2229 = CARTESIAN_POINT('',(0.,-0.129790467522));
#2230 = CARTESIAN_POINT('',(0.,-4.326348917388E-02));
#2231 = CARTESIAN_POINT('',(0.,5.438524293788E-32));
#2232 = ( GEOMETRIC_REPRESENTATION_CONTEXT(2) 
PARAMETRIC_REPRESENTATION_CONTEXT() REPRESENTATION_CONTEXT('2D SPACE',''
  ) );
#2233 = ADVANCED_FACE('',(#2234),#2200,.T.);
#2234 = FACE_BOUND('',#2235,.T.);
#2235 = EDGE_LOOP('',(#2236,#2260,#2288,#2310));
#2236 = ORIENTED_EDGE('',*,*,#2237,.F.);
#2237 = EDGE_CURVE('',#2238,#2054,#2240,.T.);
#2238 = VERTEX_POINT('',#2239);
#2239 = CARTESIAN_POINT('',(18.6,-38.,21.605390285476));
#2240 = SURFACE_CURVE('',#2241,(#2246,#2253),.PCURVE_S1.);
#2241 = CIRCLE('',#2242,6.4);
#2242 = AXIS2_PLACEMENT_3D('',#2243,#2244,#2245);
#2243 = CARTESIAN_POINT('',(18.6,-31.6,21.605390285476));
#2244 = DIRECTION('',(0.,0.,1.));
#2245 = DIRECTION('',(1.,0.,0.));
#2246 = PCURVE('',#2200,#2247);
#2247 = DEFINITIONAL_REPRESENTATION('',(#2248),#2252);
#2248 = LINE('',#2249,#2250);
#2249 = CARTESIAN_POINT('',(-6.28318530718,-0.));
#2250 = VECTOR('',#2251,1.);
#2251 = DIRECTION('',(1.,-0.));
#2252 = ( GEOMETRIC_REPRESENTATION_CONTEXT(2) 
PARAMETRIC_REPRESENTATION_CONTEXT() REPRESENTATION_CONTEXT('2D SPACE',''
  ) );
#2253 = PCURVE('',#211,#2254);
#2254 = DEFINITIONAL_REPRESENTATION('',(#2255),#2259);
#2255 = LINE('',#2256,#2257);
#2256 = CARTESIAN_POINT('',(-0.,0.));
#2257 = VECTOR('',#2258,1.);
#2258 = DIRECTION('',(-1.,0.));
#2259 = ( GEOMETRIC_REPRESENTATION_CONTEXT(2) 
PARAMETRIC_REPRESENTATION_CONTEXT() REPRESENTATION_CONTEXT('2D SPACE',''
  ) );
#2260 = ORIENTED_EDGE('',*,*,#2261,.F.);
#2261 = EDGE_CURVE('',#2262,#2238,#2264,.T.);
#2262 = VERTEX_POINT('',#2263);
#2263 = CARTESIAN_POINT('',(18.6,-35.14460971452,18.75));
#2264 = SURFACE_CURVE('',#2265,(#2269,#2276),.PCURVE_S1.);
#2265 = LINE('',#2266,#2267);
#2266 = CARTESIAN_POINT('',(18.6,-35.14460971452,18.75));
#2267 = VECTOR('',#2268,1.);
#2268 = DIRECTION('',(-5.498696506288E-17,-0.707106781187,0.707106781187
    ));
#2269 = PCURVE('',#2200,#2270);
#2270 = DEFINITIONAL_REPRESENTATION('',(#2271),#2275);
#2271 = LINE('',#2272,#2273);
#2272 = CARTESIAN_POINT('',(-1.570796326795,-2.855390285476));
#2273 = VECTOR('',#2274,1.);
#2274 = DIRECTION('',(0.,1.));
#2275 = ( GEOMETRIC_REPRESENTATION_CONTEXT(2) 
PARAMETRIC_REPRESENTATION_CONTEXT() REPRESENTATION_CONTEXT('2D SPACE',''
  ) );
#2276 = PCURVE('',#2277,#2282);
#2277 = PLANE('',#2278);
#2278 = AXIS2_PLACEMENT_3D('',#2279,#2280,#2281);
#2279 = CARTESIAN_POINT('',(18.,-38.,21.605390285476));
#2280 = DIRECTION('',(0.,0.707106781187,0.707106781187));
#2281 = DIRECTION('',(0.,0.707106781187,-0.707106781187));
#2282 = DEFINITIONAL_REPRESENTATION('',(#2283),#2287);
#2283 = LINE('',#2284,#2285);
#2284 = CARTESIAN_POINT('',(4.038131667589,-0.6));
#2285 = VECTOR('',#2286,1.);
#2286 = DIRECTION('',(-1.,5.498696506288E-17));
#2287 = ( GEOMETRIC_REPRESENTATION_CONTEXT(2) 
PARAMETRIC_REPRESENTATION_CONTEXT() REPRESENTATION_CONTEXT('2D SPACE',''
  ) );
#2288 = ORIENTED_EDGE('',*,*,#2289,.F.);
#2289 = EDGE_CURVE('',#2159,#2262,#2290,.T.);
#2290 = SURFACE_CURVE('',#2291,(#2296,#2303),.PCURVE_S1.);
#2291 = CIRCLE('',#2292,3.544609714524);
#2292 = AXIS2_PLACEMENT_3D('',#2293,#2294,#2295);
#2293 = CARTESIAN_POINT('',(18.6,-31.6,18.75));
#2294 = DIRECTION('',(0.,-1.224646799147E-16,-1.));
#2295 = DIRECTION('',(1.,0.,0.));
#2296 = PCURVE('',#2200,#2297);
#2297 = DEFINITIONAL_REPRESENTATION('',(#2298),#2302);
#2298 = LINE('',#2299,#2300);
#2299 = CARTESIAN_POINT('',(-0.,-2.562497066663));
#2300 = VECTOR('',#2301,1.);
#2301 = DIRECTION('',(-1.,-0.));
#2302 = ( GEOMETRIC_REPRESENTATION_CONTEXT(2) 
PARAMETRIC_REPRESENTATION_CONTEXT() REPRESENTATION_CONTEXT('2D SPACE',''
  ) );
#2303 = PCURVE('',#2174,#2304);
#2304 = DEFINITIONAL_REPRESENTATION('',(#2305),#2309);
#2305 = CIRCLE('',#2306,3.544609714524);
#2306 = AXIS2_PLACEMENT_2D('',#2307,#2308);
#2307 = CARTESIAN_POINT('',(0.6,5.6));
#2308 = DIRECTION('',(1.,0.));
#2309 = ( GEOMETRIC_REPRESENTATION_CONTEXT(2) 
PARAMETRIC_REPRESENTATION_CONTEXT() REPRESENTATION_CONTEXT('2D SPACE',''
  ) );
#2310 = ORIENTED_EDGE('',*,*,#2186,.T.);
#2311 = ADVANCED_FACE('',(#2312),#2277,.F.);
#2312 = FACE_BOUND('',#2313,.F.);
#2313 = EDGE_LOOP('',(#2314,#2315,#2338,#2366));
#2314 = ORIENTED_EDGE('',*,*,#2261,.F.);
#2315 = ORIENTED_EDGE('',*,*,#2316,.T.);
#2316 = EDGE_CURVE('',#2262,#2317,#2319,.T.);
#2317 = VERTEX_POINT('',#2318);
#2318 = CARTESIAN_POINT('',(17.4,-35.14460971452,18.75));
#2319 = SURFACE_CURVE('',#2320,(#2324,#2331),.PCURVE_S1.);
#2320 = LINE('',#2321,#2322);
#2321 = CARTESIAN_POINT('',(18.,-35.14460971452,18.75));
#2322 = VECTOR('',#2323,1.);
#2323 = DIRECTION('',(-1.,0.,0.));
#2324 = PCURVE('',#2277,#2325);
#2325 = DEFINITIONAL_REPRESENTATION('',(#2326),#2330);
#2326 = LINE('',#2327,#2328);
#2327 = CARTESIAN_POINT('',(4.038131667589,0.));
#2328 = VECTOR('',#2329,1.);
#2329 = DIRECTION('',(0.,1.));
#2330 = ( GEOMETRIC_REPRESENTATION_CONTEXT(2) 
PARAMETRIC_REPRESENTATION_CONTEXT() REPRESENTATION_CONTEXT('2D SPACE',''
  ) );
#2331 = PCURVE('',#2174,#2332);
#2332 = DEFINITIONAL_REPRESENTATION('',(#2333),#2337);
#2333 = LINE('',#2334,#2335);
#2334 = CARTESIAN_POINT('',(0.,9.144609714524));
#2335 = VECTOR('',#2336,1.);
#2336 = DIRECTION('',(-1.,0.));
#2337 = ( GEOMETRIC_REPRESENTATION_CONTEXT(2) 
PARAMETRIC_REPRESENTATION_CONTEXT() REPRESENTATION_CONTEXT('2D SPACE',''
  ) );
#2338 = ORIENTED_EDGE('',*,*,#2339,.T.);
#2339 = EDGE_CURVE('',#2317,#2340,#2342,.T.);
#2340 = VERTEX_POINT('',#2341);
#2341 = CARTESIAN_POINT('',(17.4,-38.,21.605390285476));
#2342 = SURFACE_CURVE('',#2343,(#2347,#2354),.PCURVE_S1.);
#2343 = LINE('',#2344,#2345);
#2344 = CARTESIAN_POINT('',(17.4,-35.14460971452,18.75));
#2345 = VECTOR('',#2346,1.);
#2346 = DIRECTION('',(0.,-0.707106781187,0.707106781187));
#2347 = PCURVE('',#2277,#2348);
#2348 = DEFINITIONAL_REPRESENTATION('',(#2349),#2353);
#2349 = LINE('',#2350,#2351);
#2350 = CARTESIAN_POINT('',(4.038131667589,0.6));
#2351 = VECTOR('',#2352,1.);
#2352 = DIRECTION('',(-1.,0.));
#2353 = ( GEOMETRIC_REPRESENTATION_CONTEXT(2) 
PARAMETRIC_REPRESENTATION_CONTEXT() REPRESENTATION_CONTEXT('2D SPACE',''
  ) );
#2354 = PCURVE('',#2355,#2360);
#2355 = CONICAL_SURFACE('',#2356,6.4,0.785398163397);
#2356 = AXIS2_PLACEMENT_3D('',#2357,#2358,#2359);
#2357 = CARTESIAN_POINT('',(17.4,-31.6,21.605390285476));
#2358 = DIRECTION('',(-0.,1.224646799147E-16,1.));
#2359 = DIRECTION('',(1.,0.,0.));
#2360 = DEFINITIONAL_REPRESENTATION('',(#2361),#2365);
#2361 = LINE('',#2362,#2363);
#2362 = CARTESIAN_POINT('',(-1.570796326795,-2.855390285476));
#2363 = VECTOR('',#2364,1.);
#2364 = DIRECTION('',(0.,1.));
#2365 = ( GEOMETRIC_REPRESENTATION_CONTEXT(2) 
PARAMETRIC_REPRESENTATION_CONTEXT() REPRESENTATION_CONTEXT('2D SPACE',''
  ) );
#2366 = ORIENTED_EDGE('',*,*,#2367,.T.);
#2367 = EDGE_CURVE('',#2340,#2238,#2368,.T.);
#2368 = SURFACE_CURVE('',#2369,(#2373,#2380),.PCURVE_S1.);
#2369 = LINE('',#2370,#2371);
#2370 = CARTESIAN_POINT('',(18.,-38.,21.605390285476));
#2371 = VECTOR('',#2372,1.);
#2372 = DIRECTION('',(1.,0.,0.));
#2373 = PCURVE('',#2277,#2374);
#2374 = DEFINITIONAL_REPRESENTATION('',(#2375),#2379);
#2375 = LINE('',#2376,#2377);
#2376 = CARTESIAN_POINT('',(0.,0.));
#2377 = VECTOR('',#2378,1.);
#2378 = DIRECTION('',(0.,-1.));
#2379 = ( GEOMETRIC_REPRESENTATION_CONTEXT(2) 
PARAMETRIC_REPRESENTATION_CONTEXT() REPRESENTATION_CONTEXT('2D SPACE',''
  ) );
#2380 = PCURVE('',#182,#2381);
#2381 = DEFINITIONAL_REPRESENTATION('',(#2382),#2386);
#2382 = LINE('',#2383,#2384);
#2383 = CARTESIAN_POINT('',(0.6,0.));
#2384 = VECTOR('',#2385,1.);
#2385 = DIRECTION('',(1.,0.));
#2386 = ( GEOMETRIC_REPRESENTATION_CONTEXT(2) 
PARAMETRIC_REPRESENTATION_CONTEXT() REPRESENTATION_CONTEXT('2D SPACE',''
  ) );
#2387 = ADVANCED_FACE('',(#2388),#2355,.T.);
#2388 = FACE_BOUND('',#2389,.T.);
#2389 = EDGE_LOOP('',(#2390,#2412,#2435,#2457));
#2390 = ORIENTED_EDGE('',*,*,#2391,.F.);
#2391 = EDGE_CURVE('',#22,#2340,#2392,.T.);
#2392 = SURFACE_CURVE('',#2393,(#2398,#2405),.PCURVE_S1.);
#2393 = CIRCLE('',#2394,6.4);
#2394 = AXIS2_PLACEMENT_3D('',#2395,#2396,#2397);
#2395 = CARTESIAN_POINT('',(17.4,-31.6,21.605390285476));
#2396 = DIRECTION('',(0.,0.,1.));
#2397 = DIRECTION('',(1.,0.,0.));
#2398 = PCURVE('',#2355,#2399);
#2399 = DEFINITIONAL_REPRESENTATION('',(#2400),#2404);
#2400 = LINE('',#2401,#2402);
#2401 = CARTESIAN_POINT('',(-6.28318530718,-0.));
#2402 = VECTOR('',#2403,1.);
#2403 = DIRECTION('',(1.,-0.));
#2404 = ( GEOMETRIC_REPRESENTATION_CONTEXT(2) 
PARAMETRIC_REPRESENTATION_CONTEXT() REPRESENTATION_CONTEXT('2D SPACE',''
  ) );
#2405 = PCURVE('',#44,#2406);
#2406 = DEFINITIONAL_REPRESENTATION('',(#2407),#2411);
#2407 = LINE('',#2408,#2409);
#2408 = CARTESIAN_POINT('',(-0.,0.));
#2409 = VECTOR('',#2410,1.);
#2410 = DIRECTION('',(-1.,0.));
#2411 = ( GEOMETRIC_REPRESENTATION_CONTEXT(2) 
PARAMETRIC_REPRESENTATION_CONTEXT() REPRESENTATION_CONTEXT('2D SPACE',''
  ) );
#2412 = ORIENTED_EDGE('',*,*,#2413,.F.);
#2413 = EDGE_CURVE('',#2414,#22,#2416,.T.);
#2414 = VERTEX_POINT('',#2415);
#2415 = CARTESIAN_POINT('',(13.855390285476,-31.6,18.75));
#2416 = SURFACE_CURVE('',#2417,(#2421,#2428),.PCURVE_S1.);
#2417 = LINE('',#2418,#2419);
#2418 = CARTESIAN_POINT('',(13.855390285476,-31.6,18.75));
#2419 = VECTOR('',#2420,1.);
#2420 = DIRECTION('',(-0.707106781187,4.398957205031E-16,0.707106781187)
  );
#2421 = PCURVE('',#2355,#2422);
#2422 = DEFINITIONAL_REPRESENTATION('',(#2423),#2427);
#2423 = LINE('',#2424,#2425);
#2424 = CARTESIAN_POINT('',(-3.14159265359,-2.855390285476));
#2425 = VECTOR('',#2426,1.);
#2426 = DIRECTION('',(0.,1.));
#2427 = ( GEOMETRIC_REPRESENTATION_CONTEXT(2) 
PARAMETRIC_REPRESENTATION_CONTEXT() REPRESENTATION_CONTEXT('2D SPACE',''
  ) );
#2428 = PCURVE('',#126,#2429);
#2429 = DEFINITIONAL_REPRESENTATION('',(#2430),#2434);
#2430 = LINE('',#2431,#2432);
#2431 = CARTESIAN_POINT('',(4.038131667589,-5.6));
#2432 = VECTOR('',#2433,1.);
#2433 = DIRECTION('',(-1.,3.533001148795E-16));
#2434 = ( GEOMETRIC_REPRESENTATION_CONTEXT(2) 
PARAMETRIC_REPRESENTATION_CONTEXT() REPRESENTATION_CONTEXT('2D SPACE',''
  ) );
#2435 = ORIENTED_EDGE('',*,*,#2436,.F.);
#2436 = EDGE_CURVE('',#2317,#2414,#2437,.T.);
#2437 = SURFACE_CURVE('',#2438,(#2443,#2450),.PCURVE_S1.);
#2438 = CIRCLE('',#2439,3.544609714524);
#2439 = AXIS2_PLACEMENT_3D('',#2440,#2441,#2442);
#2440 = CARTESIAN_POINT('',(17.4,-31.6,18.75));
#2441 = DIRECTION('',(0.,-1.224646799147E-16,-1.));
#2442 = DIRECTION('',(1.,0.,0.));
#2443 = PCURVE('',#2355,#2444);
#2444 = DEFINITIONAL_REPRESENTATION('',(#2445),#2449);
#2445 = LINE('',#2446,#2447);
#2446 = CARTESIAN_POINT('',(-0.,-2.562497066663));
#2447 = VECTOR('',#2448,1.);
#2448 = DIRECTION('',(-1.,-0.));
#2449 = ( GEOMETRIC_REPRESENTATION_CONTEXT(2) 
PARAMETRIC_REPRESENTATION_CONTEXT() REPRESENTATION_CONTEXT('2D SPACE',''
  ) );
#2450 = PCURVE('',#2174,#2451);
#2451 = DEFINITIONAL_REPRESENTATION('',(#2452),#2456);
#2452 = CIRCLE('',#2453,3.544609714524);
#2453 = AXIS2_PLACEMENT_2D('',#2454,#2455);
#2454 = CARTESIAN_POINT('',(-0.6,5.6));
#2455 = DIRECTION('',(1.,0.));
#2456 = ( GEOMETRIC_REPRESENTATION_CONTEXT(2) 
PARAMETRIC_REPRESENTATION_CONTEXT() REPRESENTATION_CONTEXT('2D SPACE',''
  ) );
#2457 = ORIENTED_EDGE('',*,*,#2339,.T.);
#2458 = ADVANCED_FACE('',(#2459),#2174,.T.);
#2459 = FACE_BOUND('',#2460,.T.);
#2460 = EDGE_LOOP('',(#2461,#2484,#2513,#2541,#2563,#2564,#2565,#2566));
#2461 = ORIENTED_EDGE('',*,*,#2462,.T.);
#2462 = EDGE_CURVE('',#2414,#2463,#2465,.T.);
#2463 = VERTEX_POINT('',#2464);
#2464 = CARTESIAN_POINT('',(13.855390285476,-20.4,18.75));
#2465 = SURFACE_CURVE('',#2466,(#2470,#2477),.PCURVE_S1.);
#2466 = LINE('',#2467,#2468);
#2467 = CARTESIAN_POINT('',(13.855390285476,-26.,18.75));
#2468 = VECTOR('',#2469,1.);
#2469 = DIRECTION('',(0.,1.,-1.224646799147E-16));
#2470 = PCURVE('',#2174,#2471);
#2471 = DEFINITIONAL_REPRESENTATION('',(#2472),#2476);
#2472 = LINE('',#2473,#2474);
#2473 = CARTESIAN_POINT('',(-4.144609714524,0.));
#2474 = VECTOR('',#2475,1.);
#2475 = DIRECTION('',(0.,-1.));
#2476 = ( GEOMETRIC_REPRESENTATION_CONTEXT(2) 
PARAMETRIC_REPRESENTATION_CONTEXT() REPRESENTATION_CONTEXT('2D SPACE',''
  ) );
#2477 = PCURVE('',#126,#2478);
#2478 = DEFINITIONAL_REPRESENTATION('',(#2479),#2483);
#2479 = LINE('',#2480,#2481);
#2480 = CARTESIAN_POINT('',(4.038131667589,3.496844573425E-16));
#2481 = VECTOR('',#2482,1.);
#2482 = DIRECTION('',(0.,1.));
#2483 = ( GEOMETRIC_REPRESENTATION_CONTEXT(2) 
PARAMETRIC_REPRESENTATION_CONTEXT() REPRESENTATION_CONTEXT('2D SPACE',''
  ) );
#2484 = ORIENTED_EDGE('',*,*,#2485,.T.);
#2485 = EDGE_CURVE('',#2463,#2486,#2488,.T.);
#2486 = VERTEX_POINT('',#2487);
#2487 = CARTESIAN_POINT('',(17.4,-16.85539028547,18.75));
#2488 = SURFACE_CURVE('',#2489,(#2494,#2501),.PCURVE_S1.);
#2489 = CIRCLE('',#2490,3.544609714524);
#2490 = AXIS2_PLACEMENT_3D('',#2491,#2492,#2493);
#2491 = CARTESIAN_POINT('',(17.4,-20.4,18.75));
#2492 = DIRECTION('',(0.,-1.224646799147E-16,-1.));
#2493 = DIRECTION('',(1.,0.,0.));
#2494 = PCURVE('',#2174,#2495);
#2495 = DEFINITIONAL_REPRESENTATION('',(#2496),#2500);
#2496 = CIRCLE('',#2497,3.544609714524);
#2497 = AXIS2_PLACEMENT_2D('',#2498,#2499);
#2498 = CARTESIAN_POINT('',(-0.6,-5.6));
#2499 = DIRECTION('',(1.,0.));
#2500 = ( GEOMETRIC_REPRESENTATION_CONTEXT(2) 
PARAMETRIC_REPRESENTATION_CONTEXT() REPRESENTATION_CONTEXT('2D SPACE',''
  ) );
#2501 = PCURVE('',#2502,#2507);
#2502 = CONICAL_SURFACE('',#2503,6.4,0.785398163397);
#2503 = AXIS2_PLACEMENT_3D('',#2504,#2505,#2506);
#2504 = CARTESIAN_POINT('',(17.4,-20.4,21.605390285476));
#2505 = DIRECTION('',(-0.,1.224646799147E-16,1.));
#2506 = DIRECTION('',(1.,0.,0.));
#2507 = DEFINITIONAL_REPRESENTATION('',(#2508),#2512);
#2508 = LINE('',#2509,#2510);
#2509 = CARTESIAN_POINT('',(-0.,-2.562497066663));
#2510 = VECTOR('',#2511,1.);
#2511 = DIRECTION('',(-1.,-0.));
#2512 = ( GEOMETRIC_REPRESENTATION_CONTEXT(2) 
PARAMETRIC_REPRESENTATION_CONTEXT() REPRESENTATION_CONTEXT('2D SPACE',''
  ) );
#2513 = ORIENTED_EDGE('',*,*,#2514,.T.);
#2514 = EDGE_CURVE('',#2486,#2515,#2517,.T.);
#2515 = VERTEX_POINT('',#2516);
#2516 = CARTESIAN_POINT('',(18.6,-16.85539028547,18.75));
#2517 = SURFACE_CURVE('',#2518,(#2522,#2529),.PCURVE_S1.);
#2518 = LINE('',#2519,#2520);
#2519 = CARTESIAN_POINT('',(18.,-16.85539028547,18.75));
#2520 = VECTOR('',#2521,1.);
#2521 = DIRECTION('',(1.,0.,0.));
#2522 = PCURVE('',#2174,#2523);
#2523 = DEFINITIONAL_REPRESENTATION('',(#2524),#2528);
#2524 = LINE('',#2525,#2526);
#2525 = CARTESIAN_POINT('',(0.,-9.144609714524));
#2526 = VECTOR('',#2527,1.);
#2527 = DIRECTION('',(1.,0.));
#2528 = ( GEOMETRIC_REPRESENTATION_CONTEXT(2) 
PARAMETRIC_REPRESENTATION_CONTEXT() REPRESENTATION_CONTEXT('2D SPACE',''
  ) );
#2529 = PCURVE('',#2530,#2535);
#2530 = PLANE('',#2531);
#2531 = AXIS2_PLACEMENT_3D('',#2532,#2533,#2534);
#2532 = CARTESIAN_POINT('',(18.,-14.,21.605390285476));
#2533 = DIRECTION('',(0.,-0.707106781187,0.707106781187));
#2534 = DIRECTION('',(0.,-0.707106781187,-0.707106781187));
#2535 = DEFINITIONAL_REPRESENTATION('',(#2536),#2540);
#2536 = LINE('',#2537,#2538);
#2537 = CARTESIAN_POINT('',(4.038131667589,0.));
#2538 = VECTOR('',#2539,1.);
#2539 = DIRECTION('',(0.,1.));
#2540 = ( GEOMETRIC_REPRESENTATION_CONTEXT(2) 
PARAMETRIC_REPRESENTATION_CONTEXT() REPRESENTATION_CONTEXT('2D SPACE',''
  ) );
#2541 = ORIENTED_EDGE('',*,*,#2542,.T.);
#2542 = EDGE_CURVE('',#2515,#2131,#2543,.T.);
#2543 = SURFACE_CURVE('',#2544,(#2549,#2556),.PCURVE_S1.);
#2544 = CIRCLE('',#2545,3.544609714524);
#2545 = AXIS2_PLACEMENT_3D('',#2546,#2547,#2548);
#2546 = CARTESIAN_POINT('',(18.6,-20.4,18.75));
#2547 = DIRECTION('',(0.,-1.224646799147E-16,-1.));
#2548 = DIRECTION('',(1.,0.,0.));
#2549 = PCURVE('',#2174,#2550);
#2550 = DEFINITIONAL_REPRESENTATION('',(#2551),#2555);
#2551 = CIRCLE('',#2552,3.544609714524);
#2552 = AXIS2_PLACEMENT_2D('',#2553,#2554);
#2553 = CARTESIAN_POINT('',(0.6,-5.6));
#2554 = DIRECTION('',(1.,0.));
#2555 = ( GEOMETRIC_REPRESENTATION_CONTEXT(2) 
PARAMETRIC_REPRESENTATION_CONTEXT() REPRESENTATION_CONTEXT('2D SPACE',''
  ) );
#2556 = PCURVE('',#2146,#2557);
#2557 = DEFINITIONAL_REPRESENTATION('',(#2558),#2562);
#2558 = LINE('',#2559,#2560);
#2559 = CARTESIAN_POINT('',(-0.,-2.562497066663));
#2560 = VECTOR('',#2561,1.);
#2561 = DIRECTION('',(-1.,-0.));
#2562 = ( GEOMETRIC_REPRESENTATION_CONTEXT(2) 
PARAMETRIC_REPRESENTATION_CONTEXT() REPRESENTATION_CONTEXT('2D SPACE',''
  ) );
#2563 = ORIENTED_EDGE('',*,*,#2158,.T.);
#2564 = ORIENTED_EDGE('',*,*,#2289,.T.);
#2565 = ORIENTED_EDGE('',*,*,#2316,.T.);
#2566 = ORIENTED_EDGE('',*,*,#2436,.T.);
#2567 = ADVANCED_FACE('',(#2568),#2502,.T.);
#2568 = FACE_BOUND('',#2569,.T.);
#2569 = EDGE_LOOP('',(#2570,#2591,#2615,#2636));
#2570 = ORIENTED_EDGE('',*,*,#2571,.F.);
#2571 = EDGE_CURVE('',#85,#2463,#2572,.T.);
#2572 = SURFACE_CURVE('',#2573,(#2577,#2584),.PCURVE_S1.);
#2573 = LINE('',#2574,#2575);
#2574 = CARTESIAN_POINT('',(11.,-20.4,21.605390285476));
#2575 = VECTOR('',#2576,1.);
#2576 = DIRECTION('',(0.707106781187,2.199478602515E-16,-0.707106781187)
  );
#2577 = PCURVE('',#2502,#2578);
#2578 = DEFINITIONAL_REPRESENTATION('',(#2579),#2583);
#2579 = LINE('',#2580,#2581);
#2580 = CARTESIAN_POINT('',(-3.14159265359,-0.));
#2581 = VECTOR('',#2582,1.);
#2582 = DIRECTION('',(-0.,-1.));
#2583 = ( GEOMETRIC_REPRESENTATION_CONTEXT(2) 
PARAMETRIC_REPRESENTATION_CONTEXT() REPRESENTATION_CONTEXT('2D SPACE',''
  ) );
#2584 = PCURVE('',#126,#2585);
#2585 = DEFINITIONAL_REPRESENTATION('',(#2586),#2590);
#2586 = LINE('',#2587,#2588);
#2587 = CARTESIAN_POINT('',(-4.849353914919E-16,5.6));
#2588 = VECTOR('',#2589,1.);
#2589 = DIRECTION('',(1.,3.065434658751E-16));
#2590 = ( GEOMETRIC_REPRESENTATION_CONTEXT(2) 
PARAMETRIC_REPRESENTATION_CONTEXT() REPRESENTATION_CONTEXT('2D SPACE',''
  ) );
#2591 = ORIENTED_EDGE('',*,*,#2592,.F.);
#2592 = EDGE_CURVE('',#2593,#85,#2595,.T.);
#2593 = VERTEX_POINT('',#2594);
#2594 = CARTESIAN_POINT('',(17.4,-14.,21.605390285476));
#2595 = SURFACE_CURVE('',#2596,(#2601,#2608),.PCURVE_S1.);
#2596 = CIRCLE('',#2597,6.4);
#2597 = AXIS2_PLACEMENT_3D('',#2598,#2599,#2600);
#2598 = CARTESIAN_POINT('',(17.4,-20.4,21.605390285476));
#2599 = DIRECTION('',(0.,0.,1.));
#2600 = DIRECTION('',(1.,0.,0.));
#2601 = PCURVE('',#2502,#2602);
#2602 = DEFINITIONAL_REPRESENTATION('',(#2603),#2607);
#2603 = LINE('',#2604,#2605);
#2604 = CARTESIAN_POINT('',(-6.28318530718,-0.));
#2605 = VECTOR('',#2606,1.);
#2606 = DIRECTION('',(1.,-0.));
#2607 = ( GEOMETRIC_REPRESENTATION_CONTEXT(2) 
PARAMETRIC_REPRESENTATION_CONTEXT() REPRESENTATION_CONTEXT('2D SPACE',''
  ) );
#2608 = PCURVE('',#100,#2609);
#2609 = DEFINITIONAL_REPRESENTATION('',(#2610),#2614);
#2610 = LINE('',#2611,#2612);
#2611 = CARTESIAN_POINT('',(-0.,0.));
#2612 = VECTOR('',#2613,1.);
#2613 = DIRECTION('',(-1.,0.));
#2614 = ( GEOMETRIC_REPRESENTATION_CONTEXT(2) 
PARAMETRIC_REPRESENTATION_CONTEXT() REPRESENTATION_CONTEXT('2D SPACE',''
  ) );
#2615 = ORIENTED_EDGE('',*,*,#2616,.T.);
#2616 = EDGE_CURVE('',#2593,#2486,#2617,.T.);
#2617 = SURFACE_CURVE('',#2618,(#2622,#2629),.PCURVE_S1.);
#2618 = LINE('',#2619,#2620);
#2619 = CARTESIAN_POINT('',(17.4,-14.,21.605390285476));
#2620 = VECTOR('',#2621,1.);
#2621 = DIRECTION('',(-1.649608951887E-16,-0.707106781187,
    -0.707106781187));
#2622 = PCURVE('',#2502,#2623);
#2623 = DEFINITIONAL_REPRESENTATION('',(#2624),#2628);
#2624 = LINE('',#2625,#2626);
#2625 = CARTESIAN_POINT('',(-4.712388980385,4.440892098501E-16));
#2626 = VECTOR('',#2627,1.);
#2627 = DIRECTION('',(-0.,-1.));
#2628 = ( GEOMETRIC_REPRESENTATION_CONTEXT(2) 
PARAMETRIC_REPRESENTATION_CONTEXT() REPRESENTATION_CONTEXT('2D SPACE',''
  ) );
#2629 = PCURVE('',#2530,#2630);
#2630 = DEFINITIONAL_REPRESENTATION('',(#2631),#2635);
#2631 = LINE('',#2632,#2633);
#2632 = CARTESIAN_POINT('',(-0.,-0.6));
#2633 = VECTOR('',#2634,1.);
#2634 = DIRECTION('',(1.,-1.649608951887E-16));
#2635 = ( GEOMETRIC_REPRESENTATION_CONTEXT(2) 
PARAMETRIC_REPRESENTATION_CONTEXT() REPRESENTATION_CONTEXT('2D SPACE',''
  ) );
#2636 = ORIENTED_EDGE('',*,*,#2485,.F.);
#2637 = ADVANCED_FACE('',(#2638),#2530,.F.);
#2638 = FACE_BOUND('',#2639,.F.);
#2639 = EDGE_LOOP('',(#2640,#2641,#2642,#2665));
#2640 = ORIENTED_EDGE('',*,*,#2616,.T.);
#2641 = ORIENTED_EDGE('',*,*,#2514,.T.);
#2642 = ORIENTED_EDGE('',*,*,#2643,.F.);
#2643 = EDGE_CURVE('',#2644,#2515,#2646,.T.);
#2644 = VERTEX_POINT('',#2645);
#2645 = CARTESIAN_POINT('',(18.6,-14.,21.605390285476));
#2646 = SURFACE_CURVE('',#2647,(#2651,#2658),.PCURVE_S1.);
#2647 = LINE('',#2648,#2649);
#2648 = CARTESIAN_POINT('',(18.6,-14.,21.605390285476));
#2649 = VECTOR('',#2650,1.);
#2650 = DIRECTION('',(0.,-0.707106781187,-0.707106781187));
#2651 = PCURVE('',#2530,#2652);
#2652 = DEFINITIONAL_REPRESENTATION('',(#2653),#2657);
#2653 = LINE('',#2654,#2655);
#2654 = CARTESIAN_POINT('',(0.,0.6));
#2655 = VECTOR('',#2656,1.);
#2656 = DIRECTION('',(1.,0.));
#2657 = ( GEOMETRIC_REPRESENTATION_CONTEXT(2) 
PARAMETRIC_REPRESENTATION_CONTEXT() REPRESENTATION_CONTEXT('2D SPACE',''
  ) );
#2658 = PCURVE('',#2146,#2659);
#2659 = DEFINITIONAL_REPRESENTATION('',(#2660),#2664);
#2660 = LINE('',#2661,#2662);
#2661 = CARTESIAN_POINT('',(-4.712388980385,4.440892098501E-16));
#2662 = VECTOR('',#2663,1.);
#2663 = DIRECTION('',(-0.,-1.));
#2664 = ( GEOMETRIC_REPRESENTATION_CONTEXT(2) 
PARAMETRIC_REPRESENTATION_CONTEXT() REPRESENTATION_CONTEXT('2D SPACE',''
  ) );
#2665 = ORIENTED_EDGE('',*,*,#2666,.F.);
#2666 = EDGE_CURVE('',#2593,#2644,#2667,.T.);
#2667 = SURFACE_CURVE('',#2668,(#2672,#2679),.PCURVE_S1.);
#2668 = LINE('',#2669,#2670);
#2669 = CARTESIAN_POINT('',(18.,-14.,21.605390285476));
#2670 = VECTOR('',#2671,1.);
#2671 = DIRECTION('',(1.,0.,0.));
#2672 = PCURVE('',#2530,#2673);
#2673 = DEFINITIONAL_REPRESENTATION('',(#2674),#2678);
#2674 = LINE('',#2675,#2676);
#2675 = CARTESIAN_POINT('',(0.,0.));
#2676 = VECTOR('',#2677,1.);
#2677 = DIRECTION('',(0.,1.));
#2678 = ( GEOMETRIC_REPRESENTATION_CONTEXT(2) 
PARAMETRIC_REPRESENTATION_CONTEXT() REPRESENTATION_CONTEXT('2D SPACE',''
  ) );
#2679 = PCURVE('',#296,#2680);
#2680 = DEFINITIONAL_REPRESENTATION('',(#2681),#2685);
#2681 = LINE('',#2682,#2683);
#2682 = CARTESIAN_POINT('',(0.6,0.));
#2683 = VECTOR('',#2684,1.);
#2684 = DIRECTION('',(1.,0.));
#2685 = ( GEOMETRIC_REPRESENTATION_CONTEXT(2) 
PARAMETRIC_REPRESENTATION_CONTEXT() REPRESENTATION_CONTEXT('2D SPACE',''
  ) );
#2686 = ADVANCED_FACE('',(#2687),#2146,.T.);
#2687 = FACE_BOUND('',#2688,.T.);
#2688 = EDGE_LOOP('',(#2689,#2690,#2712,#2713));
#2689 = ORIENTED_EDGE('',*,*,#2643,.F.);
#2690 = ORIENTED_EDGE('',*,*,#2691,.F.);
#2691 = EDGE_CURVE('',#2078,#2644,#2692,.T.);
#2692 = SURFACE_CURVE('',#2693,(#2698,#2705),.PCURVE_S1.);
#2693 = CIRCLE('',#2694,6.4);
#2694 = AXIS2_PLACEMENT_3D('',#2695,#2696,#2697);
#2695 = CARTESIAN_POINT('',(18.6,-20.4,21.605390285476));
#2696 = DIRECTION('',(0.,0.,1.));
#2697 = DIRECTION('',(1.,0.,0.));
#2698 = PCURVE('',#2146,#2699);
#2699 = DEFINITIONAL_REPRESENTATION('',(#2700),#2704);
#2700 = LINE('',#2701,#2702);
#2701 = CARTESIAN_POINT('',(-6.28318530718,-0.));
#2702 = VECTOR('',#2703,1.);
#2703 = DIRECTION('',(1.,-0.));
#2704 = ( GEOMETRIC_REPRESENTATION_CONTEXT(2) 
PARAMETRIC_REPRESENTATION_CONTEXT() REPRESENTATION_CONTEXT('2D SPACE',''
  ) );
#2705 = PCURVE('',#268,#2706);
#2706 = DEFINITIONAL_REPRESENTATION('',(#2707),#2711);
#2707 = LINE('',#2708,#2709);
#2708 = CARTESIAN_POINT('',(-0.,0.));
#2709 = VECTOR('',#2710,1.);
#2710 = DIRECTION('',(-1.,0.));
#2711 = ( GEOMETRIC_REPRESENTATION_CONTEXT(2) 
PARAMETRIC_REPRESENTATION_CONTEXT() REPRESENTATION_CONTEXT('2D SPACE',''
  ) );
#2712 = ORIENTED_EDGE('',*,*,#2130,.T.);
#2713 = ORIENTED_EDGE('',*,*,#2542,.F.);
#2714 = ADVANCED_FACE('',(#2715),#268,.T.);
#2715 = FACE_BOUND('',#2716,.F.);
#2716 = EDGE_LOOP('',(#2717,#2718,#2719,#2740));
#2717 = ORIENTED_EDGE('',*,*,#2077,.T.);
#2718 = ORIENTED_EDGE('',*,*,#251,.T.);
#2719 = ORIENTED_EDGE('',*,*,#2720,.F.);
#2720 = EDGE_CURVE('',#2644,#252,#2721,.T.);
#2721 = SURFACE_CURVE('',#2722,(#2726,#2733),.PCURVE_S1.);
#2722 = LINE('',#2723,#2724);
#2723 = CARTESIAN_POINT('',(18.6,-14.,21.605390285476));
#2724 = VECTOR('',#2725,1.);
#2725 = DIRECTION('',(0.,0.,1.));
#2726 = PCURVE('',#268,#2727);
#2727 = DEFINITIONAL_REPRESENTATION('',(#2728),#2732);
#2728 = LINE('',#2729,#2730);
#2729 = CARTESIAN_POINT('',(-1.570796326795,0.));
#2730 = VECTOR('',#2731,1.);
#2731 = DIRECTION('',(-0.,-1.));
#2732 = ( GEOMETRIC_REPRESENTATION_CONTEXT(2) 
PARAMETRIC_REPRESENTATION_CONTEXT() REPRESENTATION_CONTEXT('2D SPACE',''
  ) );
#2733 = PCURVE('',#296,#2734);
#2734 = DEFINITIONAL_REPRESENTATION('',(#2735),#2739);
#2735 = LINE('',#2736,#2737);
#2736 = CARTESIAN_POINT('',(1.2,0.));
#2737 = VECTOR('',#2738,1.);
#2738 = DIRECTION('',(0.,-1.));
#2739 = ( GEOMETRIC_REPRESENTATION_CONTEXT(2) 
PARAMETRIC_REPRESENTATION_CONTEXT() REPRESENTATION_CONTEXT('2D SPACE',''
  ) );
#2740 = ORIENTED_EDGE('',*,*,#2691,.F.);
#2741 = ADVANCED_FACE('',(#2742),#211,.T.);
#2742 = FACE_BOUND('',#2743,.F.);
#2743 = EDGE_LOOP('',(#2744,#2765,#2766,#2767));
#2744 = ORIENTED_EDGE('',*,*,#2745,.T.);
#2745 = EDGE_CURVE('',#2238,#167,#2746,.T.);
#2746 = SURFACE_CURVE('',#2747,(#2751,#2758),.PCURVE_S1.);
#2747 = LINE('',#2748,#2749);
#2748 = CARTESIAN_POINT('',(18.6,-38.,21.605390285476));
#2749 = VECTOR('',#2750,1.);
#2750 = DIRECTION('',(0.,0.,1.));
#2751 = PCURVE('',#211,#2752);
#2752 = DEFINITIONAL_REPRESENTATION('',(#2753),#2757);
#2753 = LINE('',#2754,#2755);
#2754 = CARTESIAN_POINT('',(-4.712388980385,0.));
#2755 = VECTOR('',#2756,1.);
#2756 = DIRECTION('',(-0.,-1.));
#2757 = ( GEOMETRIC_REPRESENTATION_CONTEXT(2) 
PARAMETRIC_REPRESENTATION_CONTEXT() REPRESENTATION_CONTEXT('2D SPACE',''
  ) );
#2758 = PCURVE('',#182,#2759);
#2759 = DEFINITIONAL_REPRESENTATION('',(#2760),#2764);
#2760 = LINE('',#2761,#2762);
#2761 = CARTESIAN_POINT('',(1.2,0.));
#2762 = VECTOR('',#2763,1.);
#2763 = DIRECTION('',(0.,-1.));
#2764 = ( GEOMETRIC_REPRESENTATION_CONTEXT(2) 
PARAMETRIC_REPRESENTATION_CONTEXT() REPRESENTATION_CONTEXT('2D SPACE',''
  ) );
#2765 = ORIENTED_EDGE('',*,*,#194,.T.);
#2766 = ORIENTED_EDGE('',*,*,#2053,.F.);
#2767 = ORIENTED_EDGE('',*,*,#2237,.F.);
#2768 = ADVANCED_FACE('',(#2769),#296,.T.);
#2769 = FACE_BOUND('',#2770,.T.);
#2770 = EDGE_LOOP('',(#2771,#2792,#2793,#2794));
#2771 = ORIENTED_EDGE('',*,*,#2772,.T.);
#2772 = EDGE_CURVE('',#2593,#281,#2773,.T.);
#2773 = SURFACE_CURVE('',#2774,(#2778,#2785),.PCURVE_S1.);
#2774 = LINE('',#2775,#2776);
#2775 = CARTESIAN_POINT('',(17.4,-14.,21.605390285476));
#2776 = VECTOR('',#2777,1.);
#2777 = DIRECTION('',(0.,0.,1.));
#2778 = PCURVE('',#296,#2779);
#2779 = DEFINITIONAL_REPRESENTATION('',(#2780),#2784);
#2780 = LINE('',#2781,#2782);
#2781 = CARTESIAN_POINT('',(0.,0.));
#2782 = VECTOR('',#2783,1.);
#2783 = DIRECTION('',(0.,-1.));
#2784 = ( GEOMETRIC_REPRESENTATION_CONTEXT(2) 
PARAMETRIC_REPRESENTATION_CONTEXT() REPRESENTATION_CONTEXT('2D SPACE',''
  ) );
#2785 = PCURVE('',#100,#2786);
#2786 = DEFINITIONAL_REPRESENTATION('',(#2787),#2791);
#2787 = LINE('',#2788,#2789);
#2788 = CARTESIAN_POINT('',(-1.570796326795,0.));
#2789 = VECTOR('',#2790,1.);
#2790 = DIRECTION('',(-0.,-1.));
#2791 = ( GEOMETRIC_REPRESENTATION_CONTEXT(2) 
PARAMETRIC_REPRESENTATION_CONTEXT() REPRESENTATION_CONTEXT('2D SPACE',''
  ) );
#2792 = ORIENTED_EDGE('',*,*,#280,.T.);
#2793 = ORIENTED_EDGE('',*,*,#2720,.F.);
#2794 = ORIENTED_EDGE('',*,*,#2666,.F.);
#2795 = ADVANCED_FACE('',(#2796),#182,.F.);
#2796 = FACE_BOUND('',#2797,.F.);
#2797 = EDGE_LOOP('',(#2798,#2819,#2820,#2821));
#2798 = ORIENTED_EDGE('',*,*,#2799,.T.);
#2799 = EDGE_CURVE('',#2340,#143,#2800,.T.);
#2800 = SURFACE_CURVE('',#2801,(#2805,#2812),.PCURVE_S1.);
#2801 = LINE('',#2802,#2803);
#2802 = CARTESIAN_POINT('',(17.4,-38.,21.605390285476));
#2803 = VECTOR('',#2804,1.);
#2804 = DIRECTION('',(0.,0.,1.));
#2805 = PCURVE('',#182,#2806);
#2806 = DEFINITIONAL_REPRESENTATION('',(#2807),#2811);
#2807 = LINE('',#2808,#2809);
#2808 = CARTESIAN_POINT('',(0.,0.));
#2809 = VECTOR('',#2810,1.);
#2810 = DIRECTION('',(0.,-1.));
#2811 = ( GEOMETRIC_REPRESENTATION_CONTEXT(2) 
PARAMETRIC_REPRESENTATION_CONTEXT() REPRESENTATION_CONTEXT('2D SPACE',''
  ) );
#2812 = PCURVE('',#44,#2813);
#2813 = DEFINITIONAL_REPRESENTATION('',(#2814),#2818);
#2814 = LINE('',#2815,#2816);
#2815 = CARTESIAN_POINT('',(-4.712388980385,0.));
#2816 = VECTOR('',#2817,1.);
#2817 = DIRECTION('',(-0.,-1.));
#2818 = ( GEOMETRIC_REPRESENTATION_CONTEXT(2) 
PARAMETRIC_REPRESENTATION_CONTEXT() REPRESENTATION_CONTEXT('2D SPACE',''
  ) );
#2819 = ORIENTED_EDGE('',*,*,#166,.T.);
#2820 = ORIENTED_EDGE('',*,*,#2745,.F.);
#2821 = ORIENTED_EDGE('',*,*,#2367,.F.);
#2822 = ADVANCED_FACE('',(#2823),#126,.F.);
#2823 = FACE_BOUND('',#2824,.F.);
#2824 = EDGE_LOOP('',(#2825,#2826,#2827,#2828));
#2825 = ORIENTED_EDGE('',*,*,#2413,.F.);
#2826 = ORIENTED_EDGE('',*,*,#2462,.T.);
#2827 = ORIENTED_EDGE('',*,*,#2571,.F.);
#2828 = ORIENTED_EDGE('',*,*,#112,.F.);
#2829 = ADVANCED_FACE('',(#2830),#100,.T.);
#2830 = FACE_BOUND('',#2831,.F.);
#2831 = EDGE_LOOP('',(#2832,#2833,#2834,#2835));
#2832 = ORIENTED_EDGE('',*,*,#2772,.T.);
#2833 = ORIENTED_EDGE('',*,*,#308,.T.);
#2834 = ORIENTED_EDGE('',*,*,#84,.F.);
#2835 = ORIENTED_EDGE('',*,*,#2592,.F.);
#2836 = ADVANCED_FACE('',(#2837),#44,.T.);
#2837 = FACE_BOUND('',#2838,.F.);
#2838 = EDGE_LOOP('',(#2839,#2840,#2841,#2842));
#2839 = ORIENTED_EDGE('',*,*,#21,.T.);
#2840 = ORIENTED_EDGE('',*,*,#142,.T.);
#2841 = ORIENTED_EDGE('',*,*,#2799,.F.);
#2842 = ORIENTED_EDGE('',*,*,#2391,.F.);
#2843 = ( GEOMETRIC_REPRESENTATION_CONTEXT(3) 
GLOBAL_UNCERTAINTY_ASSIGNED_CONTEXT((#2847)) 
GLOBAL_UNIT_ASSIGNED_CONTEXT((#2844,#2845,#2846)) REPRESENTATION_CONTEXT
('Context #1','3D Context with UNIT and UNCERTAINTY') );
#2844 = ( LENGTH_UNIT() NAMED_UNIT(*) SI_UNIT(.MILLI.,.METRE.) );
#2845 = ( NAMED_UNIT(*) PLANE_ANGLE_UNIT() SI_UNIT($,.RADIAN.) );
#2846 = ( NAMED_UNIT(*) SI_UNIT($,.STERADIAN.) SOLID_ANGLE_UNIT() );
#2847 = UNCERTAINTY_MEASURE_WITH_UNIT(LENGTH_MEASURE(5.E-02),#2844,
  'distance_accuracy_value','confusion accuracy');
#2848 = PRODUCT_RELATED_PRODUCT_CATEGORY('part',$,(#7));
ENDSEC;
END-ISO-10303-21;
