ISO-10303-21;
HEADER;
FILE_DESCRIPTION(('Open CASCADE Model'),'2;1');
FILE_NAME('Open CASCADE Shape Model','2026-10-08T00:19:43',('Author'),(
    'Open CASCADE'),'Open CASCADE STEP processor 7.9','Open CASCADE 7.9'
  ,'Unknown');
FILE_SCHEMA(('AUTOMOTIVE_DESIGN { 1 0 10303 214 1 1 1 1 }'));
ENDSEC;
DATA;
#1 = APPLICATION_PROTOCOL_DEFINITION('international standard',
  'automotive_design',2000,#2);
#2 = APPLICATION_CONTEXT(
  'core data for automotive mechanical design processes');
#3 = SHAPE_DEFINITION_REPRESENTATION(#4,#10);
#4 = PRODUCT_DEFINITION_SHAPE('','',#5);
#5 = PRODUCT_DEFINITION('design','',#6,#9);
#6 = PRODUCT_DEFINITION_FORMATION('','',#7);
#7 = PRODUCT('Open CASCADE STEP translator 7.9 5',
  'Open CASCADE STEP translator 7.9 5','',(#8));
#8 = PRODUCT_CONTEXT('',#2,'mechanical');
#9 = PRODUCT_DEFINITION_CONTEXT('part definition',#2,'design');
#10 = ADVANCED_BREP_SHAPE_REPRESENTATION('',(#11,#15),#13145);
#11 = AXIS2_PLACEMENT_3D('',#12,#13,#14);
#12 = CARTESIAN_POINT('',(0.,0.,0.));
#13 = DIRECTION('',(0.,0.,1.));
#14 = DIRECTION('',(1.,0.,-0.));
#15 = MANIFOLD_SOLID_BREP('',#16);
#16 = CLOSED_SHELL('',(#17,#139,#224,#386,#493,#571,#2555,#4510,#4649,
    #4788,#4873,#5001,#5129,#5268,#5407,#5461,#5515,#5643,#5771,#5910,
    #6049,#6103,#6157,#6285,#6413,#6552,#6691,#6745,#6799,#6927,#7055,
    #7194,#7333,#7387,#7441,#7569,#7697,#7836,#7975,#8029,#8083,#8211,
    #8339,#8473,#8612,#8640,#8694,#8822,#8961,#9015,#9143,#9282,#9336,
    #9390,#9518,#9646,#9785,#9924,#9978,#10032,#10160,#10288,#10427,
    #10566,#10620,#10674,#10802,#10930,#11069,#11208,#11262,#11316,
    #11444,#11572,#11711,#11845,#11873,#11928,#11956,#11984,#12012,
    #12040,#12068,#12096,#12124,#12152,#12180,#12208,#12236,#12264,
    #12292,#12320,#12348,#12376,#12404,#12432,#12460,#12488,#12516,
    #12544,#12572,#12648,#12697,#12746,#12795,#12844,#12893,#12942,
    #12969,#12976,#12983,#12990,#12997,#13004,#13011,#13018,#13025,
    #13032,#13039,#13046,#13053,#13060,#13067,#13074,#13081,#13088,
    #13095,#13102,#13109,#13116,#13123,#13130,#13134));
#17 = ADVANCED_FACE('',(#18),#33,.T.);
#18 = FACE_BOUND('',#19,.F.);
#19 = EDGE_LOOP('',(#20,#56,#84,#113));
#20 = ORIENTED_EDGE('',*,*,#21,.F.);
#21 = EDGE_CURVE('',#22,#24,#26,.T.);
#22 = VERTEX_POINT('',#23);
#23 = CARTESIAN_POINT('',(-32.9,6.820447995441,8.328080141983));
#24 = VERTEX_POINT('',#25);
#25 = CARTESIAN_POINT('',(-32.9,8.306068957773,8.523665852142));
#26 = SURFACE_CURVE('',#27,(#32,#44),.PCURVE_S1.);
#27 = CIRCLE('',#28,12.);
#28 = AXIS2_PLACEMENT_3D('',#29,#30,#31);
#29 = CARTESIAN_POINT('',(-32.9,6.,20.3));
#30 = DIRECTION('',(1.,-0.,1.110223024625E-16));
#31 = DIRECTION('',(1.110223024625E-16,0.,-1.));
#32 = PCURVE('',#33,#38);
#33 = CYLINDRICAL_SURFACE('',#34,12.);
#34 = AXIS2_PLACEMENT_3D('',#35,#36,#37);
#35 = CARTESIAN_POINT('',(-33.5,6.,20.3));
#36 = DIRECTION('',(-1.,-0.,-1.110223024625E-16));
#37 = DIRECTION('',(1.110223024625E-16,0.,-1.));
#38 = DEFINITIONAL_REPRESENTATION('',(#39),#43);
#39 = LINE('',#40,#41);
#40 = CARTESIAN_POINT('',(-0.,-0.6));
#41 = VECTOR('',#42,1.);
#42 = DIRECTION('',(-1.,0.));
#43 = ( GEOMETRIC_REPRESENTATION_CONTEXT(2) 
PARAMETRIC_REPRESENTATION_CONTEXT() REPRESENTATION_CONTEXT('2D SPACE',''
  ) );
#44 = PCURVE('',#45,#50);
#45 = CONICAL_SURFACE('',#46,12.,0.785398163397);
#46 = AXIS2_PLACEMENT_3D('',#47,#48,#49);
#47 = CARTESIAN_POINT('',(-32.9,6.,20.3));
#48 = DIRECTION('',(1.,0.,1.110223024625E-16));
#49 = DIRECTION('',(1.110223024625E-16,0.,-1.));
#50 = DEFINITIONAL_REPRESENTATION('',(#51),#55);
#51 = LINE('',#52,#53);
#52 = CARTESIAN_POINT('',(0.,-0.));
#53 = VECTOR('',#54,1.);
#54 = DIRECTION('',(1.,-0.));
#55 = ( GEOMETRIC_REPRESENTATION_CONTEXT(2) 
PARAMETRIC_REPRESENTATION_CONTEXT() REPRESENTATION_CONTEXT('2D SPACE',''
  ) );
#56 = ORIENTED_EDGE('',*,*,#57,.F.);
#57 = EDGE_CURVE('',#58,#22,#60,.T.);
#58 = VERTEX_POINT('',#59);
#59 = CARTESIAN_POINT('',(-26.3,6.820447995441,8.328080141983));
#60 = SURFACE_CURVE('',#61,(#65,#72),.PCURVE_S1.);
#61 = LINE('',#62,#63);
#62 = CARTESIAN_POINT('',(-33.5,6.820447995441,8.328080141983));
#63 = VECTOR('',#64,1.);
#64 = DIRECTION('',(-1.,-0.,-1.110223024625E-16));
#65 = PCURVE('',#33,#66);
#66 = DEFINITIONAL_REPRESENTATION('',(#67),#71);
#67 = LINE('',#68,#69);
#68 = CARTESIAN_POINT('',(-6.842404564275E-02,0.));
#69 = VECTOR('',#70,1.);
#70 = DIRECTION('',(-0.,1.));
#71 = ( GEOMETRIC_REPRESENTATION_CONTEXT(2) 
PARAMETRIC_REPRESENTATION_CONTEXT() REPRESENTATION_CONTEXT('2D SPACE',''
  ) );
#72 = PCURVE('',#73,#78);
#73 = PLANE('',#74);
#74 = AXIS2_PLACEMENT_3D('',#75,#76,#77);
#75 = CARTESIAN_POINT('',(-34.5,6.848528137424,8.3));
#76 = DIRECTION('',(7.850462293419E-17,-0.707106781187,-0.707106781187)
  );
#77 = DIRECTION('',(-7.850462293419E-17,-0.707106781187,0.707106781187)
  );
#78 = DEFINITIONAL_REPRESENTATION('',(#79),#83);
#79 = LINE('',#80,#81);
#80 = CARTESIAN_POINT('',(3.971131762598E-02,-1.));
#81 = VECTOR('',#82,1.);
#82 = DIRECTION('',(0.,1.));
#83 = ( GEOMETRIC_REPRESENTATION_CONTEXT(2) 
PARAMETRIC_REPRESENTATION_CONTEXT() REPRESENTATION_CONTEXT('2D SPACE',''
  ) );
#84 = ORIENTED_EDGE('',*,*,#85,.T.);
#85 = EDGE_CURVE('',#58,#86,#88,.T.);
#86 = VERTEX_POINT('',#87);
#87 = CARTESIAN_POINT('',(-26.3,8.306068957773,8.523665852142));
#88 = SURFACE_CURVE('',#89,(#94,#101),.PCURVE_S1.);
#89 = CIRCLE('',#90,12.);
#90 = AXIS2_PLACEMENT_3D('',#91,#92,#93);
#91 = CARTESIAN_POINT('',(-26.3,6.,20.3));
#92 = DIRECTION('',(1.,-0.,1.110223024625E-16));
#93 = DIRECTION('',(1.110223024625E-16,0.,-1.));
#94 = PCURVE('',#33,#95);
#95 = DEFINITIONAL_REPRESENTATION('',(#96),#100);
#96 = LINE('',#97,#98);
#97 = CARTESIAN_POINT('',(-0.,-7.2));
#98 = VECTOR('',#99,1.);
#99 = DIRECTION('',(-1.,0.));
#100 = ( GEOMETRIC_REPRESENTATION_CONTEXT(2) 
PARAMETRIC_REPRESENTATION_CONTEXT() REPRESENTATION_CONTEXT('2D SPACE',''
  ) );
#101 = PCURVE('',#102,#107);
#102 = TOROIDAL_SURFACE('',#103,11.2,0.8);
#103 = AXIS2_PLACEMENT_3D('',#104,#105,#106);
#104 = CARTESIAN_POINT('',(-26.3,6.,20.3));
#105 = DIRECTION('',(1.,0.,1.110223024625E-16));
#106 = DIRECTION('',(1.110223024625E-16,0.,-1.));
#107 = DEFINITIONAL_REPRESENTATION('',(#108),#112);
#108 = LINE('',#109,#110);
#109 = CARTESIAN_POINT('',(0.,0.));
#110 = VECTOR('',#111,1.);
#111 = DIRECTION('',(1.,0.));
#112 = ( GEOMETRIC_REPRESENTATION_CONTEXT(2) 
PARAMETRIC_REPRESENTATION_CONTEXT() REPRESENTATION_CONTEXT('2D SPACE',''
  ) );
#113 = ORIENTED_EDGE('',*,*,#114,.T.);
#114 = EDGE_CURVE('',#86,#24,#115,.T.);
#115 = SURFACE_CURVE('',#116,(#120,#127),.PCURVE_S1.);
#116 = LINE('',#117,#118);
#117 = CARTESIAN_POINT('',(-33.5,8.306068957773,8.523665852142));
#118 = VECTOR('',#119,1.);
#119 = DIRECTION('',(-1.,-0.,-1.110223024625E-16));
#120 = PCURVE('',#33,#121);
#121 = DEFINITIONAL_REPRESENTATION('',(#122),#126);
#122 = LINE('',#123,#124);
#123 = CARTESIAN_POINT('',(-0.193375342156,0.));
#124 = VECTOR('',#125,1.);
#125 = DIRECTION('',(-0.,1.));
#126 = ( GEOMETRIC_REPRESENTATION_CONTEXT(2) 
PARAMETRIC_REPRESENTATION_CONTEXT() REPRESENTATION_CONTEXT('2D SPACE',''
  ) );
#127 = PCURVE('',#128,#133);
#128 = PLANE('',#129);
#129 = AXIS2_PLACEMENT_3D('',#130,#131,#132);
#130 = CARTESIAN_POINT('',(-34.5,8.88621329896,9.528505326802));
#131 = DIRECTION('',(5.551115123126E-17,0.866025403784,-0.5));
#132 = DIRECTION('',(9.614813431918E-17,-0.5,-0.866025403784));
#133 = DEFINITIONAL_REPRESENTATION('',(#134),#138);
#134 = LINE('',#135,#136);
#135 = CARTESIAN_POINT('',(1.160288682374,-1.));
#136 = VECTOR('',#137,1.);
#137 = DIRECTION('',(0.,1.));
#138 = ( GEOMETRIC_REPRESENTATION_CONTEXT(2) 
PARAMETRIC_REPRESENTATION_CONTEXT() REPRESENTATION_CONTEXT('2D SPACE',''
  ) );
#139 = ADVANCED_FACE('',(#140),#45,.T.);
#140 = FACE_BOUND('',#141,.F.);
#141 = EDGE_LOOP('',(#142,#169,#170,#197));
#142 = ORIENTED_EDGE('',*,*,#143,.F.);
#143 = EDGE_CURVE('',#22,#144,#146,.T.);
#144 = VERTEX_POINT('',#145);
#145 = CARTESIAN_POINT('',(-33.5,6.24587628738,8.902651850044));
#146 = SURFACE_CURVE('',#147,(#152,#162),.PCURVE_S1.);
#147 = HYPERBOLA('',#148,7.885281374239,7.885281374239);
#148 = AXIS2_PLACEMENT_3D('',#149,#150,#151);
#149 = CARTESIAN_POINT('',(-44.9,0.424264068712,14.724264068712));
#150 = DIRECTION('',(7.850462293419E-17,-0.707106781187,-0.707106781187)
  );
#151 = DIRECTION('',(1.,0.,1.110223024625E-16));
#152 = PCURVE('',#45,#153);
#153 = DEFINITIONAL_REPRESENTATION('',(#154),#161);
#154 = B_SPLINE_CURVE_WITH_KNOTS('',5,(#155,#156,#157,#158,#159,#160),
  .UNSPECIFIED.,.F.,.F.,(6,6),(-0.981692184838,-0.912214069878),
  .PIECEWISE_BEZIER_KNOTS.);
#155 = CARTESIAN_POINT('',(6.842404564275E-02,-1.942890293094E-15));
#156 = CARTESIAN_POINT('',(5.929313754588E-02,-0.125693831255));
#157 = CARTESIAN_POINT('',(5.004267748574E-02,-0.248491337474));
#158 = CARTESIAN_POINT('',(4.067216439605E-02,-0.368443080922));
#159 = CARTESIAN_POINT('',(3.118125012584E-02,-0.485597294852));
#160 = CARTESIAN_POINT('',(2.156976791861E-02,-0.6));
#161 = ( GEOMETRIC_REPRESENTATION_CONTEXT(2) 
PARAMETRIC_REPRESENTATION_CONTEXT() REPRESENTATION_CONTEXT('2D SPACE',''
  ) );
#162 = PCURVE('',#73,#163);
#163 = DEFINITIONAL_REPRESENTATION('',(#164),#168);
#164 = HYPERBOLA('',#165,7.885281374239,7.885281374239);
#165 = AXIS2_PLACEMENT_2D('',#166,#167);
#166 = CARTESIAN_POINT('',(9.085281374239,10.4));
#167 = DIRECTION('',(0.,-1.));
#168 = ( GEOMETRIC_REPRESENTATION_CONTEXT(2) 
PARAMETRIC_REPRESENTATION_CONTEXT() REPRESENTATION_CONTEXT('2D SPACE',''
  ) );
#169 = ORIENTED_EDGE('',*,*,#21,.T.);
#170 = ORIENTED_EDGE('',*,*,#171,.F.);
#171 = EDGE_CURVE('',#172,#24,#174,.T.);
#172 = VERTEX_POINT('',#173);
#173 = CARTESIAN_POINT('',(-33.5,8.71235250882,9.227369604837));
#174 = SURFACE_CURVE('',#175,(#180,#190),.PCURVE_S1.);
#175 = HYPERBOLA('',#176,7.885281374239,7.885281374239);
#176 = AXIS2_PLACEMENT_3D('',#177,#178,#179);
#177 = CARTESIAN_POINT('',(-44.9,12.828853986079,16.357359312881));
#178 = DIRECTION('',(5.551115123126E-17,0.866025403784,-0.5));
#179 = DIRECTION('',(1.,0.,1.110223024625E-16));
#180 = PCURVE('',#45,#181);
#181 = DEFINITIONAL_REPRESENTATION('',(#182),#189);
#182 = B_SPLINE_CURVE_WITH_KNOTS('',5,(#183,#184,#185,#186,#187,#188),
  .UNSPECIFIED.,.F.,.F.,(6,6),(0.912214069878,0.981692184838),
  .PIECEWISE_BEZIER_KNOTS.);
#183 = CARTESIAN_POINT('',(0.240229619881,-0.6));
#184 = CARTESIAN_POINT('',(0.230618137673,-0.485597294852));
#185 = CARTESIAN_POINT('',(0.221127223403,-0.368443080922));
#186 = CARTESIAN_POINT('',(0.211756710313,-0.248491337474));
#187 = CARTESIAN_POINT('',(0.202506250253,-0.125693831255));
#188 = CARTESIAN_POINT('',(0.193375342156,-1.942890293094E-15));
#189 = ( GEOMETRIC_REPRESENTATION_CONTEXT(2) 
PARAMETRIC_REPRESENTATION_CONTEXT() REPRESENTATION_CONTEXT('2D SPACE',''
  ) );
#190 = PCURVE('',#128,#191);
#191 = DEFINITIONAL_REPRESENTATION('',(#192),#196);
#192 = HYPERBOLA('',#193,7.885281374239,7.885281374239);
#193 = AXIS2_PLACEMENT_2D('',#194,#195);
#194 = CARTESIAN_POINT('',(-7.885281374239,10.4));
#195 = DIRECTION('',(0.,-1.));
#196 = ( GEOMETRIC_REPRESENTATION_CONTEXT(2) 
PARAMETRIC_REPRESENTATION_CONTEXT() REPRESENTATION_CONTEXT('2D SPACE',''
  ) );
#197 = ORIENTED_EDGE('',*,*,#198,.F.);
#198 = EDGE_CURVE('',#144,#172,#199,.T.);
#199 = SURFACE_CURVE('',#200,(#205,#212),.PCURVE_S1.);
#200 = CIRCLE('',#201,11.4);
#201 = AXIS2_PLACEMENT_3D('',#202,#203,#204);
#202 = CARTESIAN_POINT('',(-33.5,6.,20.3));
#203 = DIRECTION('',(1.,-0.,1.110223024625E-16));
#204 = DIRECTION('',(1.110223024625E-16,0.,-1.));
#205 = PCURVE('',#45,#206);
#206 = DEFINITIONAL_REPRESENTATION('',(#207),#211);
#207 = LINE('',#208,#209);
#208 = CARTESIAN_POINT('',(0.,-0.6));
#209 = VECTOR('',#210,1.);
#210 = DIRECTION('',(1.,-0.));
#211 = ( GEOMETRIC_REPRESENTATION_CONTEXT(2) 
PARAMETRIC_REPRESENTATION_CONTEXT() REPRESENTATION_CONTEXT('2D SPACE',''
  ) );
#212 = PCURVE('',#213,#218);
#213 = PLANE('',#214);
#214 = AXIS2_PLACEMENT_3D('',#215,#216,#217);
#215 = CARTESIAN_POINT('',(-33.5,6.,20.3));
#216 = DIRECTION('',(1.,0.,1.110223024625E-16));
#217 = DIRECTION('',(1.110223024625E-16,0.,-1.));
#218 = DEFINITIONAL_REPRESENTATION('',(#219),#223);
#219 = CIRCLE('',#220,11.4);
#220 = AXIS2_PLACEMENT_2D('',#221,#222);
#221 = CARTESIAN_POINT('',(0.,0.));
#222 = DIRECTION('',(1.,0.));
#223 = ( GEOMETRIC_REPRESENTATION_CONTEXT(2) 
PARAMETRIC_REPRESENTATION_CONTEXT() REPRESENTATION_CONTEXT('2D SPACE',''
  ) );
#224 = ADVANCED_FACE('',(#225),#128,.T.);
#225 = FACE_BOUND('',#226,.T.);
#226 = EDGE_LOOP('',(#227,#250,#278,#306,#384,#385));
#227 = ORIENTED_EDGE('',*,*,#228,.T.);
#228 = EDGE_CURVE('',#172,#229,#231,.T.);
#229 = VERTEX_POINT('',#230);
#230 = CARTESIAN_POINT('',(-33.5,8.88621329896,9.528505326802));
#231 = SURFACE_CURVE('',#232,(#236,#243),.PCURVE_S1.);
#232 = LINE('',#233,#234);
#233 = CARTESIAN_POINT('',(-33.5,10.857533642519,12.942932319841));
#234 = VECTOR('',#235,1.);
#235 = DIRECTION('',(-9.614813431918E-17,0.5,0.866025403784));
#236 = PCURVE('',#128,#237);
#237 = DEFINITIONAL_REPRESENTATION('',(#238),#242);
#238 = LINE('',#239,#240);
#239 = CARTESIAN_POINT('',(-3.942640687119,-1.));
#240 = VECTOR('',#241,1.);
#241 = DIRECTION('',(-1.,0.));
#242 = ( GEOMETRIC_REPRESENTATION_CONTEXT(2) 
PARAMETRIC_REPRESENTATION_CONTEXT() REPRESENTATION_CONTEXT('2D SPACE',''
  ) );
#243 = PCURVE('',#213,#244);
#244 = DEFINITIONAL_REPRESENTATION('',(#245),#249);
#245 = LINE('',#246,#247);
#246 = CARTESIAN_POINT('',(7.357067680159,4.857533642519));
#247 = VECTOR('',#248,1.);
#248 = DIRECTION('',(-0.866025403784,0.5));
#249 = ( GEOMETRIC_REPRESENTATION_CONTEXT(2) 
PARAMETRIC_REPRESENTATION_CONTEXT() REPRESENTATION_CONTEXT('2D SPACE',''
  ) );
#250 = ORIENTED_EDGE('',*,*,#251,.T.);
#251 = EDGE_CURVE('',#229,#252,#254,.T.);
#252 = VERTEX_POINT('',#253);
#253 = CARTESIAN_POINT('',(-25.5,8.88621329896,9.528505326802));
#254 = SURFACE_CURVE('',#255,(#259,#266),.PCURVE_S1.);
#255 = LINE('',#256,#257);
#256 = CARTESIAN_POINT('',(-34.5,8.88621329896,9.528505326802));
#257 = VECTOR('',#258,1.);
#258 = DIRECTION('',(1.,0.,1.110223024625E-16));
#259 = PCURVE('',#128,#260);
#260 = DEFINITIONAL_REPRESENTATION('',(#261),#265);
#261 = LINE('',#262,#263);
#262 = CARTESIAN_POINT('',(0.,0.));
#263 = VECTOR('',#264,1.);
#264 = DIRECTION('',(0.,-1.));
#265 = ( GEOMETRIC_REPRESENTATION_CONTEXT(2) 
PARAMETRIC_REPRESENTATION_CONTEXT() REPRESENTATION_CONTEXT('2D SPACE',''
  ) );
#266 = PCURVE('',#267,#272);
#267 = PLANE('',#268);
#268 = AXIS2_PLACEMENT_3D('',#269,#270,#271);
#269 = CARTESIAN_POINT('',(-34.5,9.925443783501,8.928505326802));
#270 = DIRECTION('',(9.614813431918E-17,-0.5,-0.866025403784));
#271 = DIRECTION('',(-5.551115123126E-17,-0.866025403784,0.5));
#272 = DEFINITIONAL_REPRESENTATION('',(#273),#277);
#273 = LINE('',#274,#275);
#274 = CARTESIAN_POINT('',(1.2,-6.661338147751E-17));
#275 = VECTOR('',#276,1.);
#276 = DIRECTION('',(0.,-1.));
#277 = ( GEOMETRIC_REPRESENTATION_CONTEXT(2) 
PARAMETRIC_REPRESENTATION_CONTEXT() REPRESENTATION_CONTEXT('2D SPACE',''
  ) );
#278 = ORIENTED_EDGE('',*,*,#279,.F.);
#279 = EDGE_CURVE('',#280,#252,#282,.T.);
#280 = VERTEX_POINT('',#281);
#281 = CARTESIAN_POINT('',(-25.5,8.851972744167,9.469198946222));
#282 = SURFACE_CURVE('',#283,(#287,#294),.PCURVE_S1.);
#283 = LINE('',#284,#285);
#284 = CARTESIAN_POINT('',(-25.5,10.857533642519,12.942932319841));
#285 = VECTOR('',#286,1.);
#286 = DIRECTION('',(-9.614813431918E-17,0.5,0.866025403784));
#287 = PCURVE('',#128,#288);
#288 = DEFINITIONAL_REPRESENTATION('',(#289),#293);
#289 = LINE('',#290,#291);
#290 = CARTESIAN_POINT('',(-3.942640687119,-9.));
#291 = VECTOR('',#292,1.);
#292 = DIRECTION('',(-1.,0.));
#293 = ( GEOMETRIC_REPRESENTATION_CONTEXT(2) 
PARAMETRIC_REPRESENTATION_CONTEXT() REPRESENTATION_CONTEXT('2D SPACE',''
  ) );
#294 = PCURVE('',#295,#300);
#295 = PLANE('',#296);
#296 = AXIS2_PLACEMENT_3D('',#297,#298,#299);
#297 = CARTESIAN_POINT('',(-25.5,6.,20.3));
#298 = DIRECTION('',(1.,0.,1.110223024625E-16));
#299 = DIRECTION('',(1.110223024625E-16,0.,-1.));
#300 = DEFINITIONAL_REPRESENTATION('',(#301),#305);
#301 = LINE('',#302,#303);
#302 = CARTESIAN_POINT('',(7.357067680159,4.857533642519));
#303 = VECTOR('',#304,1.);
#304 = DIRECTION('',(-0.866025403784,0.5));
#305 = ( GEOMETRIC_REPRESENTATION_CONTEXT(2) 
PARAMETRIC_REPRESENTATION_CONTEXT() REPRESENTATION_CONTEXT('2D SPACE',''
  ) );
#306 = ORIENTED_EDGE('',*,*,#307,.F.);
#307 = EDGE_CURVE('',#86,#280,#308,.T.);
#308 = SURFACE_CURVE('',#309,(#332,#358),.PCURVE_S1.);
#309 = B_SPLINE_CURVE_WITH_KNOTS('',6,(#310,#311,#312,#313,#314,#315,
    #316,#317,#318,#319,#320,#321,#322,#323,#324,#325,#326,#327,#328,
    #329,#330,#331),.UNSPECIFIED.,.F.,.F.,(7,5,5,5,7),(0.,0.303886728015
    ,0.475760167284,0.732155496904,1.),.UNSPECIFIED.);
#310 = CARTESIAN_POINT('',(-26.3,8.306068957773,8.523665852142));
#311 = CARTESIAN_POINT('',(-26.23117225271,8.306068957773,8.523665852142
    ));
#312 = CARTESIAN_POINT('',(-26.16232012151,8.310782410647,8.531829792001
    ));
#313 = CARTESIAN_POINT('',(-26.09470230167,8.320215142307,8.54816776249)
  );
#314 = CARTESIAN_POINT('',(-26.02944852343,8.334130394137,8.572269685659
    ));
#315 = CARTESIAN_POINT('',(-25.96748114705,8.352150977751,8.603482252061
    ));
#316 = CARTESIAN_POINT('',(-25.87671410466,8.38604474718,8.662187982771)
  );
#317 = CARTESIAN_POINT('',(-25.84519031381,8.3994537242,8.685413012247)
  );
#318 = CARTESIAN_POINT('',(-25.81505209884,8.413945893885,8.710514186455
    ));
#319 = CARTESIAN_POINT('',(-25.78639077033,8.429435558747,8.737343072988
    ));
#320 = CARTESIAN_POINT('',(-25.75927438434,8.445836425133,8.765750206857
    ));
#321 = CARTESIAN_POINT('',(-25.69567847145,8.488767052194,8.840108234126
    ));
#322 = CARTESIAN_POINT('',(-25.66115442197,8.516310165714,8.887814306141
    ));
#323 = CARTESIAN_POINT('',(-25.63033615533,8.545420966239,8.938235691699
    ));
#324 = CARTESIAN_POINT('',(-25.60329647099,8.57583965787,8.990922411104)
  );
#325 = CARTESIAN_POINT('',(-25.58005229441,8.607327919814,9.045461680634
    ));
#326 = CARTESIAN_POINT('',(-25.54026338561,8.673469374928,9.160022041378
    ));
#327 = CARTESIAN_POINT('',(-25.52406601955,8.708197753278,9.220173357145
    ));
#328 = CARTESIAN_POINT('',(-25.51198505447,8.743623029599,9.281531735604
    ));
#329 = CARTESIAN_POINT('',(-25.50397991889,8.779526434416,9.343718256913
    ));
#330 = CARTESIAN_POINT('',(-25.5,8.815705852481,9.406382847189));
#331 = CARTESIAN_POINT('',(-25.5,8.851972744167,9.469198946222));
#332 = PCURVE('',#128,#333);
#333 = DEFINITIONAL_REPRESENTATION('',(#334),#357);
#334 = B_SPLINE_CURVE_WITH_KNOTS('',6,(#335,#336,#337,#338,#339,#340,
    #341,#342,#343,#344,#345,#346,#347,#348,#349,#350,#351,#352,#353,
    #354,#355,#356),.UNSPECIFIED.,.F.,.F.,(7,5,5,5,7),(0.,0.303886728015
    ,0.475760167284,0.732155496904,1.),.UNSPECIFIED.);
#335 = CARTESIAN_POINT('',(1.160288682374,-8.2));
#336 = CARTESIAN_POINT('',(1.160288682374,-8.268827747283));
#337 = CARTESIAN_POINT('',(1.150861776624,-8.33767987849));
#338 = CARTESIAN_POINT('',(1.131996313305,-8.405297698321));
#339 = CARTESIAN_POINT('',(1.104165809645,-8.470551476561));
#340 = CARTESIAN_POINT('',(1.068124642416,-8.532518852944));
#341 = CARTESIAN_POINT('',(1.00033710356,-8.623285895334));
#342 = CARTESIAN_POINT('',(0.97351914952,-8.654809686188));
#343 = CARTESIAN_POINT('',(0.944534810148,-8.684947901159));
#344 = CARTESIAN_POINT('',(0.913555480424,-8.713609229664));
#345 = CARTESIAN_POINT('',(0.880753747652,-8.740725615656));
#346 = CARTESIAN_POINT('',(0.794892493531,-8.804321528544));
#347 = CARTESIAN_POINT('',(0.739806266492,-8.838845578029));
#348 = CARTESIAN_POINT('',(0.681584665442,-8.869663844669));
#349 = CARTESIAN_POINT('',(0.620747282179,-8.896703529005));
#350 = CARTESIAN_POINT('',(0.55777075829,-8.919947705586));
#351 = CARTESIAN_POINT('',(0.425487848063,-8.959736614386));
#352 = CARTESIAN_POINT('',(0.356031091363,-8.975933980449));
#353 = CARTESIAN_POINT('',(0.285180538722,-8.988014945529));
#354 = CARTESIAN_POINT('',(0.213373729086,-8.996020081104));
#355 = CARTESIAN_POINT('',(0.141014892957,-9.));
#356 = CARTESIAN_POINT('',(6.848110958544E-02,-9.));
#357 = ( GEOMETRIC_REPRESENTATION_CONTEXT(2) 
PARAMETRIC_REPRESENTATION_CONTEXT() REPRESENTATION_CONTEXT('2D SPACE',''
  ) );
#358 = PCURVE('',#102,#359);
#359 = DEFINITIONAL_REPRESENTATION('',(#360),#383);
#360 = B_SPLINE_CURVE_WITH_KNOTS('',6,(#361,#362,#363,#364,#365,#366,
    #367,#368,#369,#370,#371,#372,#373,#374,#375,#376,#377,#378,#379,
    #380,#381,#382),.UNSPECIFIED.,.F.,.F.,(7,5,5,5,7),(0.,0.303886728015
    ,0.475760167284,0.732155496904,1.),.UNSPECIFIED.);
#361 = CARTESIAN_POINT('',(0.193375342156,0.));
#362 = CARTESIAN_POINT('',(0.193375342156,8.603468410331E-02));
#363 = CARTESIAN_POINT('',(0.193891555013,0.172099615986));
#364 = CARTESIAN_POINT('',(0.194924577527,0.257769349857));
#365 = CARTESIAN_POINT('',(0.196453213913,0.342776102796));
#366 = CARTESIAN_POINT('',(0.198444928946,0.426898953199));
#367 = CARTESIAN_POINT('',(0.202220676549,0.556896425443));
#368 = CARTESIAN_POINT('',(0.203719473925,0.603525236457));
#369 = CARTESIAN_POINT('',(0.205345813724,0.649796983366));
#370 = CARTESIAN_POINT('',(0.207092051336,0.69569976405));
#371 = CARTESIAN_POINT('',(0.208950432721,0.74123057205));
#372 = CARTESIAN_POINT('',(0.213841701549,0.853765356423));
#373 = CARTESIAN_POINT('',(0.21700258382,0.920314178496));
#374 = CARTESIAN_POINT('',(0.220371272145,0.986064060197));
#375 = CARTESIAN_POINT('',(0.223923722623,1.051061490366));
#376 = CARTESIAN_POINT('',(0.227637243014,1.115374411064));
#377 = CARTESIAN_POINT('',(0.235517068699,1.245654003665));
#378 = CARTESIAN_POINT('',(0.239695796675,1.311560066222));
#379 = CARTESIAN_POINT('',(0.244003746217,1.376915395781));
#380 = CARTESIAN_POINT('',(0.248418084341,1.441826199521));
#381 = CARTESIAN_POINT('',(0.252916306655,1.506408326238));
#382 = CARTESIAN_POINT('',(0.257475851385,1.570796326795));
#383 = ( GEOMETRIC_REPRESENTATION_CONTEXT(2) 
PARAMETRIC_REPRESENTATION_CONTEXT() REPRESENTATION_CONTEXT('2D SPACE',''
  ) );
#384 = ORIENTED_EDGE('',*,*,#114,.T.);
#385 = ORIENTED_EDGE('',*,*,#171,.F.);
#386 = ADVANCED_FACE('',(#387),#102,.T.);
#387 = FACE_BOUND('',#388,.T.);
#388 = EDGE_LOOP('',(#389,#469,#470,#471));
#389 = ORIENTED_EDGE('',*,*,#390,.F.);
#390 = EDGE_CURVE('',#58,#391,#393,.T.);
#391 = VERTEX_POINT('',#392);
#392 = CARTESIAN_POINT('',(-25.5,6.048423456971,9.100104680453));
#393 = SURFACE_CURVE('',#394,(#417,#443),.PCURVE_S1.);
#394 = B_SPLINE_CURVE_WITH_KNOTS('',6,(#395,#396,#397,#398,#399,#400,
    #401,#402,#403,#404,#405,#406,#407,#408,#409,#410,#411,#412,#413,
    #414,#415,#416),.UNSPECIFIED.,.F.,.F.,(7,5,5,5,7),(0.,0.303886728018
    ,0.475760167287,0.732155496907,1.),.UNSPECIFIED.);
#395 = CARTESIAN_POINT('',(-26.3,6.820447995441,8.328080141983));
#396 = CARTESIAN_POINT('',(-26.23117225271,6.820447995441,8.328080141983
    ));
#397 = CARTESIAN_POINT('',(-26.1623201215,6.813782166459,8.334745970964)
  );
#398 = CARTESIAN_POINT('',(-26.09470230167,6.800442269416,8.348085868008
    ));
#399 = CARTESIAN_POINT('',(-26.02944852343,6.780763131554,8.36776500587)
  );
#400 = CARTESIAN_POINT('',(-25.96748114705,6.755278177804,8.39324995962)
  );
#401 = CARTESIAN_POINT('',(-25.87671410466,6.707345149398,8.441182988026
    ));
#402 = CARTESIAN_POINT('',(-25.8451903138,6.688381992238,8.460146145185)
  );
#403 = CARTESIAN_POINT('',(-25.81505209883,6.667886969321,8.480641168103
    ));
#404 = CARTESIAN_POINT('',(-25.78639077033,6.645981275196,8.502546862228
    ));
#405 = CARTESIAN_POINT('',(-25.75927438434,6.622786947518,8.525741189906
    ));
#406 = CARTESIAN_POINT('',(-25.69567847145,6.562073872487,8.586454264936
    ));
#407 = CARTESIAN_POINT('',(-25.66115442196,6.523122027798,8.625406109626
    ));
#408 = CARTESIAN_POINT('',(-25.63033615532,6.481953138884,8.66657499854)
  );
#409 = CARTESIAN_POINT('',(-25.60329647099,6.438934612629,8.709593524795
    ));
#410 = CARTESIAN_POINT('',(-25.58005229441,6.394403485532,8.754124651892
    ));
#411 = CARTESIAN_POINT('',(-25.54026338561,6.300865342675,8.847662794749
    ));
#412 = CARTESIAN_POINT('',(-25.52406601955,6.251751999013,8.89677613841)
  );
#413 = CARTESIAN_POINT('',(-25.51198505447,6.201653092791,8.946875044633
    ));
#414 = CARTESIAN_POINT('',(-25.50397991889,6.150878010763,8.997650126661
    ));
#415 = CARTESIAN_POINT('',(-25.5,6.099712587058,9.048815550366));
#416 = CARTESIAN_POINT('',(-25.5,6.048423456971,9.100104680453));
#417 = PCURVE('',#102,#418);
#418 = DEFINITIONAL_REPRESENTATION('',(#419),#442);
#419 = B_SPLINE_CURVE_WITH_KNOTS('',6,(#420,#421,#422,#423,#424,#425,
    #426,#427,#428,#429,#430,#431,#432,#433,#434,#435,#436,#437,#438,
    #439,#440,#441),.UNSPECIFIED.,.F.,.F.,(7,5,5,5,7),(0.,0.303886728018
    ,0.475760167287,0.732155496907,1.),.UNSPECIFIED.);
#420 = CARTESIAN_POINT('',(6.842404564275E-02,0.));
#421 = CARTESIAN_POINT('',(6.842404564275E-02,8.603468410408E-02));
#422 = CARTESIAN_POINT('',(6.7907832786E-02,0.172099615988));
#423 = CARTESIAN_POINT('',(6.687481027164E-02,0.257769349859));
#424 = CARTESIAN_POINT('',(6.534617388568E-02,0.342776102799));
#425 = CARTESIAN_POINT('',(6.335445885335E-02,0.426898953202));
#426 = CARTESIAN_POINT('',(5.957871125026E-02,0.556896425447));
#427 = CARTESIAN_POINT('',(5.807991387447E-02,0.603525236461));
#428 = CARTESIAN_POINT('',(5.64535740748E-02,0.649796983371));
#429 = CARTESIAN_POINT('',(5.47073364631E-02,0.695699764055));
#430 = CARTESIAN_POINT('',(5.284895507846E-02,0.741230572054));
#431 = CARTESIAN_POINT('',(4.795768624957E-02,0.853765356428));
#432 = CARTESIAN_POINT('',(4.479680397886E-02,0.9203141785));
#433 = CARTESIAN_POINT('',(4.142811565429E-02,0.986064060201));
#434 = CARTESIAN_POINT('',(3.787566517541E-02,1.051061490371));
#435 = CARTESIAN_POINT('',(3.416214478479E-02,1.115374411069));
#436 = CARTESIAN_POINT('',(2.628231910006E-02,1.245654003669));
#437 = CARTESIAN_POINT('',(2.210359112425E-02,1.311560066225));
#438 = CARTESIAN_POINT('',(1.779564158161E-02,1.376915395783));
#439 = CARTESIAN_POINT('',(1.338130345799E-02,1.441826199522));
#440 = CARTESIAN_POINT('',(8.883081144457E-03,1.506408326239));
#441 = CARTESIAN_POINT('',(4.323536413785E-03,1.570796326795));
#442 = ( GEOMETRIC_REPRESENTATION_CONTEXT(2) 
PARAMETRIC_REPRESENTATION_CONTEXT() REPRESENTATION_CONTEXT('2D SPACE',''
  ) );
#443 = PCURVE('',#73,#444);
#444 = DEFINITIONAL_REPRESENTATION('',(#445),#468);
#445 = B_SPLINE_CURVE_WITH_KNOTS('',6,(#446,#447,#448,#449,#450,#451,
    #452,#453,#454,#455,#456,#457,#458,#459,#460,#461,#462,#463,#464,
    #465,#466,#467),.UNSPECIFIED.,.F.,.F.,(7,5,5,5,7),(0.,0.303886728018
    ,0.475760167287,0.732155496907,1.),.UNSPECIFIED.);
#446 = CARTESIAN_POINT('',(3.971131762598E-02,-8.2));
#447 = CARTESIAN_POINT('',(3.971131762598E-02,-8.268827747283));
#448 = CARTESIAN_POINT('',(4.913822337578E-02,-8.337679878491));
#449 = CARTESIAN_POINT('',(6.800368669581E-02,-8.405297698322));
#450 = CARTESIAN_POINT('',(9.583419035603E-02,-8.470551476563));
#451 = CARTESIAN_POINT('',(0.131875357585,-8.532518852947));
#452 = CARTESIAN_POINT('',(0.199662896443,-8.623285895337));
#453 = CARTESIAN_POINT('',(0.226480850483,-8.654809686191));
#454 = CARTESIAN_POINT('',(0.255465189855,-8.684947901162));
#455 = CARTESIAN_POINT('',(0.286444519579,-8.713609229667));
#456 = CARTESIAN_POINT('',(0.319246252351,-8.740725615658));
#457 = CARTESIAN_POINT('',(0.405107506473,-8.804321528546));
#458 = CARTESIAN_POINT('',(0.460193733512,-8.838845578031));
#459 = CARTESIAN_POINT('',(0.518415334562,-8.869663844671));
#460 = CARTESIAN_POINT('',(0.579252717825,-8.896703529007));
#461 = CARTESIAN_POINT('',(0.642229241714,-8.919947705587));
#462 = CARTESIAN_POINT('',(0.774512151941,-8.959736614387));
#463 = CARTESIAN_POINT('',(0.843968908641,-8.975933980449));
#464 = CARTESIAN_POINT('',(0.914819461281,-8.98801494553));
#465 = CARTESIAN_POINT('',(0.986626270915,-8.996020081104));
#466 = CARTESIAN_POINT('',(1.058985107044,-9.));
#467 = CARTESIAN_POINT('',(1.131518890415,-9.));
#468 = ( GEOMETRIC_REPRESENTATION_CONTEXT(2) 
PARAMETRIC_REPRESENTATION_CONTEXT() REPRESENTATION_CONTEXT('2D SPACE',''
  ) );
#469 = ORIENTED_EDGE('',*,*,#85,.T.);
#470 = ORIENTED_EDGE('',*,*,#307,.T.);
#471 = ORIENTED_EDGE('',*,*,#472,.F.);
#472 = EDGE_CURVE('',#391,#280,#473,.T.);
#473 = SURFACE_CURVE('',#474,(#479,#486),.PCURVE_S1.);
#474 = CIRCLE('',#475,11.2);
#475 = AXIS2_PLACEMENT_3D('',#476,#477,#478);
#476 = CARTESIAN_POINT('',(-25.5,6.,20.3));
#477 = DIRECTION('',(1.,-0.,1.110223024625E-16));
#478 = DIRECTION('',(1.110223024625E-16,0.,-1.));
#479 = PCURVE('',#102,#480);
#480 = DEFINITIONAL_REPRESENTATION('',(#481),#485);
#481 = LINE('',#482,#483);
#482 = CARTESIAN_POINT('',(0.,1.570796326795));
#483 = VECTOR('',#484,1.);
#484 = DIRECTION('',(1.,0.));
#485 = ( GEOMETRIC_REPRESENTATION_CONTEXT(2) 
PARAMETRIC_REPRESENTATION_CONTEXT() REPRESENTATION_CONTEXT('2D SPACE',''
  ) );
#486 = PCURVE('',#295,#487);
#487 = DEFINITIONAL_REPRESENTATION('',(#488),#492);
#488 = CIRCLE('',#489,11.2);
#489 = AXIS2_PLACEMENT_2D('',#490,#491);
#490 = CARTESIAN_POINT('',(0.,0.));
#491 = DIRECTION('',(1.,0.));
#492 = ( GEOMETRIC_REPRESENTATION_CONTEXT(2) 
PARAMETRIC_REPRESENTATION_CONTEXT() REPRESENTATION_CONTEXT('2D SPACE',''
  ) );
#493 = ADVANCED_FACE('',(#494),#73,.T.);
#494 = FACE_BOUND('',#495,.T.);
#495 = EDGE_LOOP('',(#496,#526,#547,#548,#549,#550));
#496 = ORIENTED_EDGE('',*,*,#497,.F.);
#497 = EDGE_CURVE('',#498,#500,#502,.T.);
#498 = VERTEX_POINT('',#499);
#499 = CARTESIAN_POINT('',(-33.5,6.,9.148528137424));
#500 = VERTEX_POINT('',#501);
#501 = CARTESIAN_POINT('',(-25.5,6.,9.148528137424));
#502 = SURFACE_CURVE('',#503,(#507,#514),.PCURVE_S1.);
#503 = LINE('',#504,#505);
#504 = CARTESIAN_POINT('',(-34.5,6.,9.148528137424));
#505 = VECTOR('',#506,1.);
#506 = DIRECTION('',(1.,0.,1.110223024625E-16));
#507 = PCURVE('',#73,#508);
#508 = DEFINITIONAL_REPRESENTATION('',(#509),#513);
#509 = LINE('',#510,#511);
#510 = CARTESIAN_POINT('',(1.2,-9.420554752103E-17));
#511 = VECTOR('',#512,1.);
#512 = DIRECTION('',(0.,-1.));
#513 = ( GEOMETRIC_REPRESENTATION_CONTEXT(2) 
PARAMETRIC_REPRESENTATION_CONTEXT() REPRESENTATION_CONTEXT('2D SPACE',''
  ) );
#514 = PCURVE('',#515,#520);
#515 = PLANE('',#516);
#516 = AXIS2_PLACEMENT_3D('',#517,#518,#519);
#517 = CARTESIAN_POINT('',(-34.5,6.,9.148528137424));
#518 = DIRECTION('',(7.850462293419E-17,0.707106781187,-0.707106781187)
  );
#519 = DIRECTION('',(7.850462293419E-17,-0.707106781187,-0.707106781187)
  );
#520 = DEFINITIONAL_REPRESENTATION('',(#521),#525);
#521 = LINE('',#522,#523);
#522 = CARTESIAN_POINT('',(0.,0.));
#523 = VECTOR('',#524,1.);
#524 = DIRECTION('',(0.,-1.));
#525 = ( GEOMETRIC_REPRESENTATION_CONTEXT(2) 
PARAMETRIC_REPRESENTATION_CONTEXT() REPRESENTATION_CONTEXT('2D SPACE',''
  ) );
#526 = ORIENTED_EDGE('',*,*,#527,.T.);
#527 = EDGE_CURVE('',#498,#144,#528,.T.);
#528 = SURFACE_CURVE('',#529,(#533,#540),.PCURVE_S1.);
#529 = LINE('',#530,#531);
#530 = CARTESIAN_POINT('',(-33.5,3.636396103068,11.512132034356));
#531 = VECTOR('',#532,1.);
#532 = DIRECTION('',(7.850462293419E-17,0.707106781187,-0.707106781187)
  );
#533 = PCURVE('',#73,#534);
#534 = DEFINITIONAL_REPRESENTATION('',(#535),#539);
#535 = LINE('',#536,#537);
#536 = CARTESIAN_POINT('',(4.542640687119,-1.));
#537 = VECTOR('',#538,1.);
#538 = DIRECTION('',(-1.,0.));
#539 = ( GEOMETRIC_REPRESENTATION_CONTEXT(2) 
PARAMETRIC_REPRESENTATION_CONTEXT() REPRESENTATION_CONTEXT('2D SPACE',''
  ) );
#540 = PCURVE('',#213,#541);
#541 = DEFINITIONAL_REPRESENTATION('',(#542),#546);
#542 = LINE('',#543,#544);
#543 = CARTESIAN_POINT('',(8.787867965644,-2.363603896932));
#544 = VECTOR('',#545,1.);
#545 = DIRECTION('',(0.707106781187,0.707106781187));
#546 = ( GEOMETRIC_REPRESENTATION_CONTEXT(2) 
PARAMETRIC_REPRESENTATION_CONTEXT() REPRESENTATION_CONTEXT('2D SPACE',''
  ) );
#547 = ORIENTED_EDGE('',*,*,#143,.F.);
#548 = ORIENTED_EDGE('',*,*,#57,.F.);
#549 = ORIENTED_EDGE('',*,*,#390,.T.);
#550 = ORIENTED_EDGE('',*,*,#551,.F.);
#551 = EDGE_CURVE('',#500,#391,#552,.T.);
#552 = SURFACE_CURVE('',#553,(#557,#564),.PCURVE_S1.);
#553 = LINE('',#554,#555);
#554 = CARTESIAN_POINT('',(-25.5,3.636396103068,11.512132034356));
#555 = VECTOR('',#556,1.);
#556 = DIRECTION('',(7.850462293419E-17,0.707106781187,-0.707106781187)
  );
#557 = PCURVE('',#73,#558);
#558 = DEFINITIONAL_REPRESENTATION('',(#559),#563);
#559 = LINE('',#560,#561);
#560 = CARTESIAN_POINT('',(4.542640687119,-9.));
#561 = VECTOR('',#562,1.);
#562 = DIRECTION('',(-1.,0.));
#563 = ( GEOMETRIC_REPRESENTATION_CONTEXT(2) 
PARAMETRIC_REPRESENTATION_CONTEXT() REPRESENTATION_CONTEXT('2D SPACE',''
  ) );
#564 = PCURVE('',#295,#565);
#565 = DEFINITIONAL_REPRESENTATION('',(#566),#570);
#566 = LINE('',#567,#568);
#567 = CARTESIAN_POINT('',(8.787867965644,-2.363603896932));
#568 = VECTOR('',#569,1.);
#569 = DIRECTION('',(0.707106781187,0.707106781187));
#570 = ( GEOMETRIC_REPRESENTATION_CONTEXT(2) 
PARAMETRIC_REPRESENTATION_CONTEXT() REPRESENTATION_CONTEXT('2D SPACE',''
  ) );
#571 = ADVANCED_FACE('',(#572,#2520),#213,.F.);
#572 = FACE_BOUND('',#573,.F.);
#573 = EDGE_LOOP('',(#574,#605,#633,#661,#690,#718,#746,#775,#803,#831,
    #860,#888,#916,#945,#973,#1001,#1030,#1058,#1086,#1115,#1143,#1171,
    #1200,#1228,#1256,#1285,#1313,#1341,#1370,#1398,#1426,#1455,#1483,
    #1511,#1540,#1568,#1596,#1625,#1653,#1681,#1710,#1738,#1766,#1795,
    #1823,#1851,#1880,#1908,#1936,#1965,#1986,#1987,#1988,#1989,#2012,
    #2041,#2069,#2097,#2126,#2154,#2182,#2211,#2239,#2267,#2296,#2324,
    #2352,#2381,#2409,#2437,#2466,#2494));
#574 = ORIENTED_EDGE('',*,*,#575,.T.);
#575 = EDGE_CURVE('',#576,#578,#580,.T.);
#576 = VERTEX_POINT('',#577);
#577 = CARTESIAN_POINT('',(-33.5,16.945355463337,23.487349020925));
#578 = VERTEX_POINT('',#579);
#579 = CARTESIAN_POINT('',(-33.5,15.993331177327,25.785738963919));
#580 = SURFACE_CURVE('',#581,(#586,#593),.PCURVE_S1.);
#581 = CIRCLE('',#582,11.4);
#582 = AXIS2_PLACEMENT_3D('',#583,#584,#585);
#583 = CARTESIAN_POINT('',(-33.5,6.,20.3));
#584 = DIRECTION('',(1.,-0.,1.110223024625E-16));
#585 = DIRECTION('',(1.110223024625E-16,0.,-1.));
#586 = PCURVE('',#213,#587);
#587 = DEFINITIONAL_REPRESENTATION('',(#588),#592);
#588 = CIRCLE('',#589,11.4);
#589 = AXIS2_PLACEMENT_2D('',#590,#591);
#590 = CARTESIAN_POINT('',(0.,0.));
#591 = DIRECTION('',(1.,0.));
#592 = ( GEOMETRIC_REPRESENTATION_CONTEXT(2) 
PARAMETRIC_REPRESENTATION_CONTEXT() REPRESENTATION_CONTEXT('2D SPACE',''
  ) );
#593 = PCURVE('',#594,#599);
#594 = CONICAL_SURFACE('',#595,12.,0.785398163397);
#595 = AXIS2_PLACEMENT_3D('',#596,#597,#598);
#596 = CARTESIAN_POINT('',(-32.9,6.,20.3));
#597 = DIRECTION('',(1.,0.,1.110223024625E-16));
#598 = DIRECTION('',(1.110223024625E-16,0.,-1.));
#599 = DEFINITIONAL_REPRESENTATION('',(#600),#604);
#600 = LINE('',#601,#602);
#601 = CARTESIAN_POINT('',(0.,-0.6));
#602 = VECTOR('',#603,1.);
#603 = DIRECTION('',(1.,-0.));
#604 = ( GEOMETRIC_REPRESENTATION_CONTEXT(2) 
PARAMETRIC_REPRESENTATION_CONTEXT() REPRESENTATION_CONTEXT('2D SPACE',''
  ) );
#605 = ORIENTED_EDGE('',*,*,#606,.T.);
#606 = EDGE_CURVE('',#578,#607,#609,.T.);
#607 = VERTEX_POINT('',#608);
#608 = CARTESIAN_POINT('',(-33.5,15.657457922578,25.875735931288));
#609 = SURFACE_CURVE('',#610,(#614,#621),.PCURVE_S1.);
#610 = LINE('',#611,#612);
#611 = CARTESIAN_POINT('',(-33.5,11.849159459112,26.896166429111));
#612 = VECTOR('',#613,1.);
#613 = DIRECTION('',(-2.873468630843E-17,-0.965925826289,0.258819045103)
  );
#614 = PCURVE('',#213,#615);
#615 = DEFINITIONAL_REPRESENTATION('',(#616),#620);
#616 = LINE('',#617,#618);
#617 = CARTESIAN_POINT('',(-6.596166429111,5.849159459112));
#618 = VECTOR('',#619,1.);
#619 = DIRECTION('',(-0.258819045103,-0.965925826289));
#620 = ( GEOMETRIC_REPRESENTATION_CONTEXT(2) 
PARAMETRIC_REPRESENTATION_CONTEXT() REPRESENTATION_CONTEXT('2D SPACE',''
  ) );
#621 = PCURVE('',#622,#627);
#622 = PLANE('',#623);
#623 = AXIS2_PLACEMENT_3D('',#624,#625,#626);
#624 = CARTESIAN_POINT('',(-34.5,15.657457922578,25.875735931288));
#625 = DIRECTION('',(-1.072393092426E-16,0.258819045103,0.965925826289)
  );
#626 = DIRECTION('',(2.873468630843E-17,0.965925826289,-0.258819045103)
  );
#627 = DEFINITIONAL_REPRESENTATION('',(#628),#632);
#628 = LINE('',#629,#630);
#629 = CARTESIAN_POINT('',(-3.942640687119,-1.));
#630 = VECTOR('',#631,1.);
#631 = DIRECTION('',(-1.,0.));
#632 = ( GEOMETRIC_REPRESENTATION_CONTEXT(2) 
PARAMETRIC_REPRESENTATION_CONTEXT() REPRESENTATION_CONTEXT('2D SPACE',''
  ) );
#633 = ORIENTED_EDGE('',*,*,#634,.T.);
#634 = EDGE_CURVE('',#607,#635,#637,.T.);
#635 = VERTEX_POINT('',#636);
#636 = CARTESIAN_POINT('',(-33.5,15.747454889948,26.211609186037));
#637 = SURFACE_CURVE('',#638,(#642,#649),.PCURVE_S1.);
#638 = LINE('',#639,#640);
#639 = CARTESIAN_POINT('',(-33.5,14.792318851817,22.646992963595));
#640 = VECTOR('',#641,1.);
#641 = DIRECTION('',(-1.072393092426E-16,0.258819045103,0.965925826289)
  );
#642 = PCURVE('',#213,#643);
#643 = DEFINITIONAL_REPRESENTATION('',(#644),#648);
#644 = LINE('',#645,#646);
#645 = CARTESIAN_POINT('',(-2.346992963595,8.792318851817));
#646 = VECTOR('',#647,1.);
#647 = DIRECTION('',(-0.965925826289,0.258819045103));
#648 = ( GEOMETRIC_REPRESENTATION_CONTEXT(2) 
PARAMETRIC_REPRESENTATION_CONTEXT() REPRESENTATION_CONTEXT('2D SPACE',''
  ) );
#649 = PCURVE('',#650,#655);
#650 = PLANE('',#651);
#651 = AXIS2_PLACEMENT_3D('',#652,#653,#654);
#652 = CARTESIAN_POINT('',(-34.5,15.968040776701,27.034846922835));
#653 = DIRECTION('',(2.873468630843E-17,0.965925826289,-0.258819045103)
  );
#654 = DIRECTION('',(1.072393092426E-16,-0.258819045103,-0.965925826289)
  );
#655 = DEFINITIONAL_REPRESENTATION('',(#656),#660);
#656 = LINE('',#657,#658);
#657 = CARTESIAN_POINT('',(4.542640687119,-1.));
#658 = VECTOR('',#659,1.);
#659 = DIRECTION('',(-1.,0.));
#660 = ( GEOMETRIC_REPRESENTATION_CONTEXT(2) 
PARAMETRIC_REPRESENTATION_CONTEXT() REPRESENTATION_CONTEXT('2D SPACE',''
  ) );
#661 = ORIENTED_EDGE('',*,*,#662,.T.);
#662 = EDGE_CURVE('',#635,#663,#665,.T.);
#663 = VERTEX_POINT('',#664);
#664 = CARTESIAN_POINT('',(-33.5,14.233002954517,28.185281374239));
#665 = SURFACE_CURVE('',#666,(#671,#678),.PCURVE_S1.);
#666 = CIRCLE('',#667,11.4);
#667 = AXIS2_PLACEMENT_3D('',#668,#669,#670);
#668 = CARTESIAN_POINT('',(-33.5,6.,20.3));
#669 = DIRECTION('',(1.,-0.,1.110223024625E-16));
#670 = DIRECTION('',(1.110223024625E-16,0.,-1.));
#671 = PCURVE('',#213,#672);
#672 = DEFINITIONAL_REPRESENTATION('',(#673),#677);
#673 = CIRCLE('',#674,11.4);
#674 = AXIS2_PLACEMENT_2D('',#675,#676);
#675 = CARTESIAN_POINT('',(0.,0.));
#676 = DIRECTION('',(1.,0.));
#677 = ( GEOMETRIC_REPRESENTATION_CONTEXT(2) 
PARAMETRIC_REPRESENTATION_CONTEXT() REPRESENTATION_CONTEXT('2D SPACE',''
  ) );
#678 = PCURVE('',#679,#684);
#679 = CONICAL_SURFACE('',#680,12.,0.785398163397);
#680 = AXIS2_PLACEMENT_3D('',#681,#682,#683);
#681 = CARTESIAN_POINT('',(-32.9,6.,20.3));
#682 = DIRECTION('',(1.,0.,1.110223024625E-16));
#683 = DIRECTION('',(1.110223024625E-16,0.,-1.));
#684 = DEFINITIONAL_REPRESENTATION('',(#685),#689);
#685 = LINE('',#686,#687);
#686 = CARTESIAN_POINT('',(0.,-0.6));
#687 = VECTOR('',#688,1.);
#688 = DIRECTION('',(1.,-0.));
#689 = ( GEOMETRIC_REPRESENTATION_CONTEXT(2) 
PARAMETRIC_REPRESENTATION_CONTEXT() REPRESENTATION_CONTEXT('2D SPACE',''
  ) );
#690 = ORIENTED_EDGE('',*,*,#691,.T.);
#691 = EDGE_CURVE('',#663,#692,#694,.T.);
#692 = VERTEX_POINT('',#693);
#693 = CARTESIAN_POINT('',(-33.5,13.885281374239,28.185281374239));
#694 = SURFACE_CURVE('',#695,(#699,#706),.PCURVE_S1.);
#695 = LINE('',#696,#697);
#696 = CARTESIAN_POINT('',(-33.5,9.942640687119,28.185281374239));
#697 = VECTOR('',#698,1.);
#698 = DIRECTION('',(-2.465190328816E-32,-1.,2.22044604925E-16));
#699 = PCURVE('',#213,#700);
#700 = DEFINITIONAL_REPRESENTATION('',(#701),#705);
#701 = LINE('',#702,#703);
#702 = CARTESIAN_POINT('',(-7.885281374239,3.942640687119));
#703 = VECTOR('',#704,1.);
#704 = DIRECTION('',(-2.22044604925E-16,-1.));
#705 = ( GEOMETRIC_REPRESENTATION_CONTEXT(2) 
PARAMETRIC_REPRESENTATION_CONTEXT() REPRESENTATION_CONTEXT('2D SPACE',''
  ) );
#706 = PCURVE('',#707,#712);
#707 = PLANE('',#708);
#708 = AXIS2_PLACEMENT_3D('',#709,#710,#711);
#709 = CARTESIAN_POINT('',(-34.5,13.885281374239,28.185281374239));
#710 = DIRECTION('',(-1.110223024625E-16,2.22044604925E-16,1.));
#711 = DIRECTION('',(2.465190328816E-32,1.,-2.22044604925E-16));
#712 = DEFINITIONAL_REPRESENTATION('',(#713),#717);
#713 = LINE('',#714,#715);
#714 = CARTESIAN_POINT('',(-3.942640687119,-1.));
#715 = VECTOR('',#716,1.);
#716 = DIRECTION('',(-1.,0.));
#717 = ( GEOMETRIC_REPRESENTATION_CONTEXT(2) 
PARAMETRIC_REPRESENTATION_CONTEXT() REPRESENTATION_CONTEXT('2D SPACE',''
  ) );
#718 = ORIENTED_EDGE('',*,*,#719,.T.);
#719 = EDGE_CURVE('',#692,#720,#722,.T.);
#720 = VERTEX_POINT('',#721);
#721 = CARTESIAN_POINT('',(-33.5,13.885281374239,28.533002954517));
#722 = SURFACE_CURVE('',#723,(#727,#734),.PCURVE_S1.);
#723 = LINE('',#724,#725);
#724 = CARTESIAN_POINT('',(-33.5,13.885281374239,24.842640687119));
#725 = VECTOR('',#726,1.);
#726 = DIRECTION('',(-1.110223024625E-16,2.22044604925E-16,1.));
#727 = PCURVE('',#213,#728);
#728 = DEFINITIONAL_REPRESENTATION('',(#729),#733);
#729 = LINE('',#730,#731);
#730 = CARTESIAN_POINT('',(-4.542640687119,7.885281374239));
#731 = VECTOR('',#732,1.);
#732 = DIRECTION('',(-1.,2.22044604925E-16));
#733 = ( GEOMETRIC_REPRESENTATION_CONTEXT(2) 
PARAMETRIC_REPRESENTATION_CONTEXT() REPRESENTATION_CONTEXT('2D SPACE',''
  ) );
#734 = PCURVE('',#735,#740);
#735 = PLANE('',#736);
#736 = AXIS2_PLACEMENT_3D('',#737,#738,#739);
#737 = CARTESIAN_POINT('',(-34.5,13.885281374239,29.385281374239));
#738 = DIRECTION('',(2.465190328816E-32,1.,-2.22044604925E-16));
#739 = DIRECTION('',(1.110223024625E-16,-2.22044604925E-16,-1.));
#740 = DEFINITIONAL_REPRESENTATION('',(#741),#745);
#741 = LINE('',#742,#743);
#742 = CARTESIAN_POINT('',(4.542640687119,-1.));
#743 = VECTOR('',#744,1.);
#744 = DIRECTION('',(-1.,0.));
#745 = ( GEOMETRIC_REPRESENTATION_CONTEXT(2) 
PARAMETRIC_REPRESENTATION_CONTEXT() REPRESENTATION_CONTEXT('2D SPACE',''
  ) );
#746 = ORIENTED_EDGE('',*,*,#747,.T.);
#747 = EDGE_CURVE('',#720,#748,#750,.T.);
#748 = VERTEX_POINT('',#749);
#749 = CARTESIAN_POINT('',(-33.5,11.911609186037,30.047454889948));
#750 = SURFACE_CURVE('',#751,(#756,#763),.PCURVE_S1.);
#751 = CIRCLE('',#752,11.4);
#752 = AXIS2_PLACEMENT_3D('',#753,#754,#755);
#753 = CARTESIAN_POINT('',(-33.5,6.,20.3));
#754 = DIRECTION('',(1.,-0.,1.110223024625E-16));
#755 = DIRECTION('',(1.110223024625E-16,0.,-1.));
#756 = PCURVE('',#213,#757);
#757 = DEFINITIONAL_REPRESENTATION('',(#758),#762);
#758 = CIRCLE('',#759,11.4);
#759 = AXIS2_PLACEMENT_2D('',#760,#761);
#760 = CARTESIAN_POINT('',(0.,0.));
#761 = DIRECTION('',(1.,0.));
#762 = ( GEOMETRIC_REPRESENTATION_CONTEXT(2) 
PARAMETRIC_REPRESENTATION_CONTEXT() REPRESENTATION_CONTEXT('2D SPACE',''
  ) );
#763 = PCURVE('',#764,#769);
#764 = CONICAL_SURFACE('',#765,12.,0.785398163397);
#765 = AXIS2_PLACEMENT_3D('',#766,#767,#768);
#766 = CARTESIAN_POINT('',(-32.9,6.,20.3));
#767 = DIRECTION('',(1.,0.,1.110223024625E-16));
#768 = DIRECTION('',(1.110223024625E-16,0.,-1.));
#769 = DEFINITIONAL_REPRESENTATION('',(#770),#774);
#770 = LINE('',#771,#772);
#771 = CARTESIAN_POINT('',(0.,-0.6));
#772 = VECTOR('',#773,1.);
#773 = DIRECTION('',(1.,-0.));
#774 = ( GEOMETRIC_REPRESENTATION_CONTEXT(2) 
PARAMETRIC_REPRESENTATION_CONTEXT() REPRESENTATION_CONTEXT('2D SPACE',''
  ) );
#775 = ORIENTED_EDGE('',*,*,#776,.T.);
#776 = EDGE_CURVE('',#748,#777,#779,.T.);
#777 = VERTEX_POINT('',#778);
#778 = CARTESIAN_POINT('',(-33.5,11.575735931288,29.957457922578));
#779 = SURFACE_CURVE('',#780,(#784,#791),.PCURVE_S1.);
#780 = LINE('',#781,#782);
#781 = CARTESIAN_POINT('',(-33.5,7.767437467821,28.937027424756));
#782 = VECTOR('',#783,1.);
#783 = DIRECTION('',(2.873468630843E-17,-0.965925826289,-0.258819045103)
  );
#784 = PCURVE('',#213,#785);
#785 = DEFINITIONAL_REPRESENTATION('',(#786),#790);
#786 = LINE('',#787,#788);
#787 = CARTESIAN_POINT('',(-8.637027424756,1.767437467821));
#788 = VECTOR('',#789,1.);
#789 = DIRECTION('',(0.258819045103,-0.965925826289));
#790 = ( GEOMETRIC_REPRESENTATION_CONTEXT(2) 
PARAMETRIC_REPRESENTATION_CONTEXT() REPRESENTATION_CONTEXT('2D SPACE',''
  ) );
#791 = PCURVE('',#792,#797);
#792 = PLANE('',#793);
#793 = AXIS2_PLACEMENT_3D('',#794,#795,#796);
#794 = CARTESIAN_POINT('',(-34.5,11.575735931288,29.957457922578));
#795 = DIRECTION('',(-1.072393092426E-16,-0.258819045103,0.965925826289)
  );
#796 = DIRECTION('',(-2.873468630843E-17,0.965925826289,0.258819045103)
  );
#797 = DEFINITIONAL_REPRESENTATION('',(#798),#802);
#798 = LINE('',#799,#800);
#799 = CARTESIAN_POINT('',(-3.942640687119,-1.));
#800 = VECTOR('',#801,1.);
#801 = DIRECTION('',(-1.,0.));
#802 = ( GEOMETRIC_REPRESENTATION_CONTEXT(2) 
PARAMETRIC_REPRESENTATION_CONTEXT() REPRESENTATION_CONTEXT('2D SPACE',''
  ) );
#803 = ORIENTED_EDGE('',*,*,#804,.T.);
#804 = EDGE_CURVE('',#777,#805,#807,.T.);
#805 = VERTEX_POINT('',#806);
#806 = CARTESIAN_POINT('',(-33.5,11.485738963919,30.293331177327));
#807 = SURFACE_CURVE('',#808,(#812,#819),.PCURVE_S1.);
#808 = LINE('',#809,#810);
#809 = CARTESIAN_POINT('',(-33.5,12.440875002049,26.728714954885));
#810 = VECTOR('',#811,1.);
#811 = DIRECTION('',(-1.072393092426E-16,-0.258819045103,0.965925826289)
  );
#812 = PCURVE('',#213,#813);
#813 = DEFINITIONAL_REPRESENTATION('',(#814),#818);
#814 = LINE('',#815,#816);
#815 = CARTESIAN_POINT('',(-6.428714954885,6.440875002049));
#816 = VECTOR('',#817,1.);
#817 = DIRECTION('',(-0.965925826289,-0.258819045103));
#818 = ( GEOMETRIC_REPRESENTATION_CONTEXT(2) 
PARAMETRIC_REPRESENTATION_CONTEXT() REPRESENTATION_CONTEXT('2D SPACE',''
  ) );
#819 = PCURVE('',#820,#825);
#820 = PLANE('',#821);
#821 = AXIS2_PLACEMENT_3D('',#822,#823,#824);
#822 = CARTESIAN_POINT('',(-34.5,11.265153077165,31.116568914125));
#823 = DIRECTION('',(-2.873468630843E-17,0.965925826289,0.258819045103)
  );
#824 = DIRECTION('',(1.072393092426E-16,0.258819045103,-0.965925826289)
  );
#825 = DEFINITIONAL_REPRESENTATION('',(#826),#830);
#826 = LINE('',#827,#828);
#827 = CARTESIAN_POINT('',(4.542640687119,-1.));
#828 = VECTOR('',#829,1.);
#829 = DIRECTION('',(-1.,0.));
#830 = ( GEOMETRIC_REPRESENTATION_CONTEXT(2) 
PARAMETRIC_REPRESENTATION_CONTEXT() REPRESENTATION_CONTEXT('2D SPACE',''
  ) );
#831 = ORIENTED_EDGE('',*,*,#832,.T.);
#832 = EDGE_CURVE('',#805,#833,#835,.T.);
#833 = VERTEX_POINT('',#834);
#834 = CARTESIAN_POINT('',(-33.5,9.187349020925,31.245355463337));
#835 = SURFACE_CURVE('',#836,(#841,#848),.PCURVE_S1.);
#836 = CIRCLE('',#837,11.4);
#837 = AXIS2_PLACEMENT_3D('',#838,#839,#840);
#838 = CARTESIAN_POINT('',(-33.5,6.,20.3));
#839 = DIRECTION('',(1.,-0.,1.110223024625E-16));
#840 = DIRECTION('',(1.110223024625E-16,0.,-1.));
#841 = PCURVE('',#213,#842);
#842 = DEFINITIONAL_REPRESENTATION('',(#843),#847);
#843 = CIRCLE('',#844,11.4);
#844 = AXIS2_PLACEMENT_2D('',#845,#846);
#845 = CARTESIAN_POINT('',(0.,0.));
#846 = DIRECTION('',(1.,0.));
#847 = ( GEOMETRIC_REPRESENTATION_CONTEXT(2) 
PARAMETRIC_REPRESENTATION_CONTEXT() REPRESENTATION_CONTEXT('2D SPACE',''
  ) );
#848 = PCURVE('',#849,#854);
#849 = CONICAL_SURFACE('',#850,12.,0.785398163397);
#850 = AXIS2_PLACEMENT_3D('',#851,#852,#853);
#851 = CARTESIAN_POINT('',(-32.9,6.,20.3));
#852 = DIRECTION('',(1.,0.,1.110223024625E-16));
#853 = DIRECTION('',(1.110223024625E-16,0.,-1.));
#854 = DEFINITIONAL_REPRESENTATION('',(#855),#859);
#855 = LINE('',#856,#857);
#856 = CARTESIAN_POINT('',(0.,-0.6));
#857 = VECTOR('',#858,1.);
#858 = DIRECTION('',(1.,-0.));
#859 = ( GEOMETRIC_REPRESENTATION_CONTEXT(2) 
PARAMETRIC_REPRESENTATION_CONTEXT() REPRESENTATION_CONTEXT('2D SPACE',''
  ) );
#860 = ORIENTED_EDGE('',*,*,#861,.T.);
#861 = EDGE_CURVE('',#833,#862,#864,.T.);
#862 = VERTEX_POINT('',#863);
#863 = CARTESIAN_POINT('',(-33.5,8.88621329896,31.071494673198));
#864 = SURFACE_CURVE('',#865,(#869,#876),.PCURVE_S1.);
#865 = LINE('',#866,#867);
#866 = CARTESIAN_POINT('',(-33.5,5.47178630592,29.100174329639));
#867 = VECTOR('',#868,1.);
#868 = DIRECTION('',(5.551115123126E-17,-0.866025403784,-0.5));
#869 = PCURVE('',#213,#870);
#870 = DEFINITIONAL_REPRESENTATION('',(#871),#875);
#871 = LINE('',#872,#873);
#872 = CARTESIAN_POINT('',(-8.800174329639,-0.52821369408));
#873 = VECTOR('',#874,1.);
#874 = DIRECTION('',(0.5,-0.866025403784));
#875 = ( GEOMETRIC_REPRESENTATION_CONTEXT(2) 
PARAMETRIC_REPRESENTATION_CONTEXT() REPRESENTATION_CONTEXT('2D SPACE',''
  ) );
#876 = PCURVE('',#877,#882);
#877 = PLANE('',#878);
#878 = AXIS2_PLACEMENT_3D('',#879,#880,#881);
#879 = CARTESIAN_POINT('',(-34.5,8.88621329896,31.071494673198));
#880 = DIRECTION('',(-9.614813431918E-17,-0.5,0.866025403784));
#881 = DIRECTION('',(-5.551115123126E-17,0.866025403784,0.5));
#882 = DEFINITIONAL_REPRESENTATION('',(#883),#887);
#883 = LINE('',#884,#885);
#884 = CARTESIAN_POINT('',(-3.942640687119,-1.));
#885 = VECTOR('',#886,1.);
#886 = DIRECTION('',(-1.,0.));
#887 = ( GEOMETRIC_REPRESENTATION_CONTEXT(2) 
PARAMETRIC_REPRESENTATION_CONTEXT() REPRESENTATION_CONTEXT('2D SPACE',''
  ) );
#888 = ORIENTED_EDGE('',*,*,#889,.T.);
#889 = EDGE_CURVE('',#862,#890,#892,.T.);
#890 = VERTEX_POINT('',#891);
#891 = CARTESIAN_POINT('',(-33.5,8.71235250882,31.372630395163));
#892 = SURFACE_CURVE('',#893,(#897,#904),.PCURVE_S1.);
#893 = LINE('',#894,#895);
#894 = CARTESIAN_POINT('',(-33.5,10.557533642519,28.176682922429));
#895 = VECTOR('',#896,1.);
#896 = DIRECTION('',(-9.614813431918E-17,-0.5,0.866025403784));
#897 = PCURVE('',#213,#898);
#898 = DEFINITIONAL_REPRESENTATION('',(#899),#903);
#899 = LINE('',#900,#901);
#900 = CARTESIAN_POINT('',(-7.876682922429,4.557533642519));
#901 = VECTOR('',#902,1.);
#902 = DIRECTION('',(-0.866025403784,-0.5));
#903 = ( GEOMETRIC_REPRESENTATION_CONTEXT(2) 
PARAMETRIC_REPRESENTATION_CONTEXT() REPRESENTATION_CONTEXT('2D SPACE',''
  ) );
#904 = PCURVE('',#905,#910);
#905 = PLANE('',#906);
#906 = AXIS2_PLACEMENT_3D('',#907,#908,#909);
#907 = CARTESIAN_POINT('',(-34.5,8.28621329896,32.110725157739));
#908 = DIRECTION('',(-5.551115123126E-17,0.866025403784,0.5));
#909 = DIRECTION('',(9.614813431918E-17,0.5,-0.866025403784));
#910 = DEFINITIONAL_REPRESENTATION('',(#911),#915);
#911 = LINE('',#912,#913);
#912 = CARTESIAN_POINT('',(4.542640687119,-1.));
#913 = VECTOR('',#914,1.);
#914 = DIRECTION('',(-1.,0.));
#915 = ( GEOMETRIC_REPRESENTATION_CONTEXT(2) 
PARAMETRIC_REPRESENTATION_CONTEXT() REPRESENTATION_CONTEXT('2D SPACE',''
  ) );
#916 = ORIENTED_EDGE('',*,*,#917,.T.);
#917 = EDGE_CURVE('',#890,#918,#920,.T.);
#918 = VERTEX_POINT('',#919);
#919 = CARTESIAN_POINT('',(-33.5,6.24587628738,31.697348149956));
#920 = SURFACE_CURVE('',#921,(#926,#933),.PCURVE_S1.);
#921 = CIRCLE('',#922,11.4);
#922 = AXIS2_PLACEMENT_3D('',#923,#924,#925);
#923 = CARTESIAN_POINT('',(-33.5,6.,20.3));
#924 = DIRECTION('',(1.,-0.,1.110223024625E-16));
#925 = DIRECTION('',(1.110223024625E-16,0.,-1.));
#926 = PCURVE('',#213,#927);
#927 = DEFINITIONAL_REPRESENTATION('',(#928),#932);
#928 = CIRCLE('',#929,11.4);
#929 = AXIS2_PLACEMENT_2D('',#930,#931);
#930 = CARTESIAN_POINT('',(0.,0.));
#931 = DIRECTION('',(1.,0.));
#932 = ( GEOMETRIC_REPRESENTATION_CONTEXT(2) 
PARAMETRIC_REPRESENTATION_CONTEXT() REPRESENTATION_CONTEXT('2D SPACE',''
  ) );
#933 = PCURVE('',#934,#939);
#934 = CONICAL_SURFACE('',#935,12.,0.785398163397);
#935 = AXIS2_PLACEMENT_3D('',#936,#937,#938);
#936 = CARTESIAN_POINT('',(-32.9,6.,20.3));
#937 = DIRECTION('',(1.,0.,1.110223024625E-16));
#938 = DIRECTION('',(1.110223024625E-16,0.,-1.));
#939 = DEFINITIONAL_REPRESENTATION('',(#940),#944);
#940 = LINE('',#941,#942);
#941 = CARTESIAN_POINT('',(0.,-0.6));
#942 = VECTOR('',#943,1.);
#943 = DIRECTION('',(1.,-0.));
#944 = ( GEOMETRIC_REPRESENTATION_CONTEXT(2) 
PARAMETRIC_REPRESENTATION_CONTEXT() REPRESENTATION_CONTEXT('2D SPACE',''
  ) );
#945 = ORIENTED_EDGE('',*,*,#946,.T.);
#946 = EDGE_CURVE('',#918,#947,#949,.T.);
#947 = VERTEX_POINT('',#948);
#948 = CARTESIAN_POINT('',(-33.5,6.,31.451471862576));
#949 = SURFACE_CURVE('',#950,(#954,#961),.PCURVE_S1.);
#950 = LINE('',#951,#952);
#951 = CARTESIAN_POINT('',(-33.5,3.212132034356,28.663603896932));
#952 = VECTOR('',#953,1.);
#953 = DIRECTION('',(7.850462293419E-17,-0.707106781187,-0.707106781187)
  );
#954 = PCURVE('',#213,#955);
#955 = DEFINITIONAL_REPRESENTATION('',(#956),#960);
#956 = LINE('',#957,#958);
#957 = CARTESIAN_POINT('',(-8.363603896932,-2.787867965644));
#958 = VECTOR('',#959,1.);
#959 = DIRECTION('',(0.707106781187,-0.707106781187));
#960 = ( GEOMETRIC_REPRESENTATION_CONTEXT(2) 
PARAMETRIC_REPRESENTATION_CONTEXT() REPRESENTATION_CONTEXT('2D SPACE',''
  ) );
#961 = PCURVE('',#962,#967);
#962 = PLANE('',#963);
#963 = AXIS2_PLACEMENT_3D('',#964,#965,#966);
#964 = CARTESIAN_POINT('',(-34.5,6.,31.451471862576));
#965 = DIRECTION('',(-7.850462293419E-17,-0.707106781187,0.707106781187)
  );
#966 = DIRECTION('',(-7.850462293419E-17,0.707106781187,0.707106781187)
  );
#967 = DEFINITIONAL_REPRESENTATION('',(#968),#972);
#968 = LINE('',#969,#970);
#969 = CARTESIAN_POINT('',(-3.942640687119,-1.));
#970 = VECTOR('',#971,1.);
#971 = DIRECTION('',(-1.,0.));
#972 = ( GEOMETRIC_REPRESENTATION_CONTEXT(2) 
PARAMETRIC_REPRESENTATION_CONTEXT() REPRESENTATION_CONTEXT('2D SPACE',''
  ) );
#973 = ORIENTED_EDGE('',*,*,#974,.T.);
#974 = EDGE_CURVE('',#947,#975,#977,.T.);
#975 = VERTEX_POINT('',#976);
#976 = CARTESIAN_POINT('',(-33.5,5.75412371262,31.697348149956));
#977 = SURFACE_CURVE('',#978,(#982,#989),.PCURVE_S1.);
#978 = LINE('',#979,#980);
#979 = CARTESIAN_POINT('',(-33.5,8.363603896932,29.087867965644));
#980 = VECTOR('',#981,1.);
#981 = DIRECTION('',(-7.850462293419E-17,-0.707106781187,0.707106781187)
  );
#982 = PCURVE('',#213,#983);
#983 = DEFINITIONAL_REPRESENTATION('',(#984),#988);
#984 = LINE('',#985,#986);
#985 = CARTESIAN_POINT('',(-8.787867965644,2.363603896932));
#986 = VECTOR('',#987,1.);
#987 = DIRECTION('',(-0.707106781187,-0.707106781187));
#988 = ( GEOMETRIC_REPRESENTATION_CONTEXT(2) 
PARAMETRIC_REPRESENTATION_CONTEXT() REPRESENTATION_CONTEXT('2D SPACE',''
  ) );
#989 = PCURVE('',#990,#995);
#990 = PLANE('',#991);
#991 = AXIS2_PLACEMENT_3D('',#992,#993,#994);
#992 = CARTESIAN_POINT('',(-34.5,5.151471862576,32.3));
#993 = DIRECTION('',(-7.850462293419E-17,0.707106781187,0.707106781187)
  );
#994 = DIRECTION('',(7.850462293419E-17,0.707106781187,-0.707106781187)
  );
#995 = DEFINITIONAL_REPRESENTATION('',(#996),#1000);
#996 = LINE('',#997,#998);
#997 = CARTESIAN_POINT('',(4.542640687119,-1.));
#998 = VECTOR('',#999,1.);
#999 = DIRECTION('',(-1.,0.));
#1000 = ( GEOMETRIC_REPRESENTATION_CONTEXT(2) 
PARAMETRIC_REPRESENTATION_CONTEXT() REPRESENTATION_CONTEXT('2D SPACE',''
  ) );
#1001 = ORIENTED_EDGE('',*,*,#1002,.T.);
#1002 = EDGE_CURVE('',#975,#1003,#1005,.T.);
#1003 = VERTEX_POINT('',#1004);
#1004 = CARTESIAN_POINT('',(-33.5,3.28764749118,31.372630395163));
#1005 = SURFACE_CURVE('',#1006,(#1011,#1018),.PCURVE_S1.);
#1006 = CIRCLE('',#1007,11.4);
#1007 = AXIS2_PLACEMENT_3D('',#1008,#1009,#1010);
#1008 = CARTESIAN_POINT('',(-33.5,6.,20.3));
#1009 = DIRECTION('',(1.,-0.,1.110223024625E-16));
#1010 = DIRECTION('',(1.110223024625E-16,0.,-1.));
#1011 = PCURVE('',#213,#1012);
#1012 = DEFINITIONAL_REPRESENTATION('',(#1013),#1017);
#1013 = CIRCLE('',#1014,11.4);
#1014 = AXIS2_PLACEMENT_2D('',#1015,#1016);
#1015 = CARTESIAN_POINT('',(0.,0.));
#1016 = DIRECTION('',(1.,0.));
#1017 = ( GEOMETRIC_REPRESENTATION_CONTEXT(2) 
PARAMETRIC_REPRESENTATION_CONTEXT() REPRESENTATION_CONTEXT('2D SPACE',''
  ) );
#1018 = PCURVE('',#1019,#1024);
#1019 = CONICAL_SURFACE('',#1020,12.,0.785398163397);
#1020 = AXIS2_PLACEMENT_3D('',#1021,#1022,#1023);
#1021 = CARTESIAN_POINT('',(-32.9,6.,20.3));
#1022 = DIRECTION('',(1.,0.,1.110223024625E-16));
#1023 = DIRECTION('',(1.110223024625E-16,0.,-1.));
#1024 = DEFINITIONAL_REPRESENTATION('',(#1025),#1029);
#1025 = LINE('',#1026,#1027);
#1026 = CARTESIAN_POINT('',(0.,-0.6));
#1027 = VECTOR('',#1028,1.);
#1028 = DIRECTION('',(1.,-0.));
#1029 = ( GEOMETRIC_REPRESENTATION_CONTEXT(2) 
PARAMETRIC_REPRESENTATION_CONTEXT() REPRESENTATION_CONTEXT('2D SPACE',''
  ) );
#1030 = ORIENTED_EDGE('',*,*,#1031,.T.);
#1031 = EDGE_CURVE('',#1003,#1032,#1034,.T.);
#1032 = VERTEX_POINT('',#1033);
#1033 = CARTESIAN_POINT('',(-33.5,3.11378670104,31.071494673198));
#1034 = SURFACE_CURVE('',#1035,(#1039,#1046),.PCURVE_S1.);
#1035 = LINE('',#1036,#1037);
#1036 = CARTESIAN_POINT('',(-33.5,1.142466357481,27.657067680159));
#1037 = VECTOR('',#1038,1.);
#1038 = DIRECTION('',(9.614813431918E-17,-0.5,-0.866025403784));
#1039 = PCURVE('',#213,#1040);
#1040 = DEFINITIONAL_REPRESENTATION('',(#1041),#1045);
#1041 = LINE('',#1042,#1043);
#1042 = CARTESIAN_POINT('',(-7.357067680159,-4.857533642519));
#1043 = VECTOR('',#1044,1.);
#1044 = DIRECTION('',(0.866025403784,-0.5));
#1045 = ( GEOMETRIC_REPRESENTATION_CONTEXT(2) 
PARAMETRIC_REPRESENTATION_CONTEXT() REPRESENTATION_CONTEXT('2D SPACE',''
  ) );
#1046 = PCURVE('',#1047,#1052);
#1047 = PLANE('',#1048);
#1048 = AXIS2_PLACEMENT_3D('',#1049,#1050,#1051);
#1049 = CARTESIAN_POINT('',(-34.5,3.11378670104,31.071494673198));
#1050 = DIRECTION('',(-5.551115123126E-17,-0.866025403784,0.5));
#1051 = DIRECTION('',(-9.614813431918E-17,0.5,0.866025403784));
#1052 = DEFINITIONAL_REPRESENTATION('',(#1053),#1057);
#1053 = LINE('',#1054,#1055);
#1054 = CARTESIAN_POINT('',(-3.942640687119,-1.));
#1055 = VECTOR('',#1056,1.);
#1056 = DIRECTION('',(-1.,0.));
#1057 = ( GEOMETRIC_REPRESENTATION_CONTEXT(2) 
PARAMETRIC_REPRESENTATION_CONTEXT() REPRESENTATION_CONTEXT('2D SPACE',''
  ) );
#1058 = ORIENTED_EDGE('',*,*,#1059,.T.);
#1059 = EDGE_CURVE('',#1032,#1060,#1062,.T.);
#1060 = VERTEX_POINT('',#1061);
#1061 = CARTESIAN_POINT('',(-33.5,2.812650979075,31.245355463337));
#1062 = SURFACE_CURVE('',#1063,(#1067,#1074),.PCURVE_S1.);
#1063 = LINE('',#1064,#1065);
#1064 = CARTESIAN_POINT('',(-33.5,6.008598451809,29.400174329639));
#1065 = VECTOR('',#1066,1.);
#1066 = DIRECTION('',(-5.551115123126E-17,-0.866025403784,0.5));
#1067 = PCURVE('',#213,#1068);
#1068 = DEFINITIONAL_REPRESENTATION('',(#1069),#1073);
#1069 = LINE('',#1070,#1071);
#1070 = CARTESIAN_POINT('',(-9.100174329639,8.598451809187E-03));
#1071 = VECTOR('',#1072,1.);
#1072 = DIRECTION('',(-0.5,-0.866025403784));
#1073 = ( GEOMETRIC_REPRESENTATION_CONTEXT(2) 
PARAMETRIC_REPRESENTATION_CONTEXT() REPRESENTATION_CONTEXT('2D SPACE',''
  ) );
#1074 = PCURVE('',#1075,#1080);
#1075 = PLANE('',#1076);
#1076 = AXIS2_PLACEMENT_3D('',#1077,#1078,#1079);
#1077 = CARTESIAN_POINT('',(-34.5,2.074556216499,31.671494673198));
#1078 = DIRECTION('',(-9.614813431918E-17,0.5,0.866025403784));
#1079 = DIRECTION('',(5.551115123126E-17,0.866025403784,-0.5));
#1080 = DEFINITIONAL_REPRESENTATION('',(#1081),#1085);
#1081 = LINE('',#1082,#1083);
#1082 = CARTESIAN_POINT('',(4.542640687119,-1.));
#1083 = VECTOR('',#1084,1.);
#1084 = DIRECTION('',(-1.,0.));
#1085 = ( GEOMETRIC_REPRESENTATION_CONTEXT(2) 
PARAMETRIC_REPRESENTATION_CONTEXT() REPRESENTATION_CONTEXT('2D SPACE',''
  ) );
#1086 = ORIENTED_EDGE('',*,*,#1087,.T.);
#1087 = EDGE_CURVE('',#1060,#1088,#1090,.T.);
#1088 = VERTEX_POINT('',#1089);
#1089 = CARTESIAN_POINT('',(-33.5,0.514261036081,30.293331177327));
#1090 = SURFACE_CURVE('',#1091,(#1096,#1103),.PCURVE_S1.);
#1091 = CIRCLE('',#1092,11.4);
#1092 = AXIS2_PLACEMENT_3D('',#1093,#1094,#1095);
#1093 = CARTESIAN_POINT('',(-33.5,6.,20.3));
#1094 = DIRECTION('',(1.,-0.,1.110223024625E-16));
#1095 = DIRECTION('',(1.110223024625E-16,0.,-1.));
#1096 = PCURVE('',#213,#1097);
#1097 = DEFINITIONAL_REPRESENTATION('',(#1098),#1102);
#1098 = CIRCLE('',#1099,11.4);
#1099 = AXIS2_PLACEMENT_2D('',#1100,#1101);
#1100 = CARTESIAN_POINT('',(0.,0.));
#1101 = DIRECTION('',(1.,0.));
#1102 = ( GEOMETRIC_REPRESENTATION_CONTEXT(2) 
PARAMETRIC_REPRESENTATION_CONTEXT() REPRESENTATION_CONTEXT('2D SPACE',''
  ) );
#1103 = PCURVE('',#1104,#1109);
#1104 = CONICAL_SURFACE('',#1105,12.,0.785398163397);
#1105 = AXIS2_PLACEMENT_3D('',#1106,#1107,#1108);
#1106 = CARTESIAN_POINT('',(-32.9,6.,20.3));
#1107 = DIRECTION('',(1.,0.,1.110223024625E-16));
#1108 = DIRECTION('',(1.110223024625E-16,0.,-1.));
#1109 = DEFINITIONAL_REPRESENTATION('',(#1110),#1114);
#1110 = LINE('',#1111,#1112);
#1111 = CARTESIAN_POINT('',(0.,-0.6));
#1112 = VECTOR('',#1113,1.);
#1113 = DIRECTION('',(1.,-0.));
#1114 = ( GEOMETRIC_REPRESENTATION_CONTEXT(2) 
PARAMETRIC_REPRESENTATION_CONTEXT() REPRESENTATION_CONTEXT('2D SPACE',''
  ) );
#1115 = ORIENTED_EDGE('',*,*,#1116,.T.);
#1116 = EDGE_CURVE('',#1088,#1117,#1119,.T.);
#1117 = VERTEX_POINT('',#1118);
#1118 = CARTESIAN_POINT('',(-33.5,0.424264068712,29.957457922578));
#1119 = SURFACE_CURVE('',#1120,(#1124,#1131),.PCURVE_S1.);
#1120 = LINE('',#1121,#1122);
#1121 = CARTESIAN_POINT('',(-33.5,-0.596166429111,26.149159459112));
#1122 = VECTOR('',#1123,1.);
#1123 = DIRECTION('',(1.072393092426E-16,-0.258819045103,-0.965925826289
    ));
#1124 = PCURVE('',#213,#1125);
#1125 = DEFINITIONAL_REPRESENTATION('',(#1126),#1130);
#1126 = LINE('',#1127,#1128);
#1127 = CARTESIAN_POINT('',(-5.849159459112,-6.596166429111));
#1128 = VECTOR('',#1129,1.);
#1129 = DIRECTION('',(0.965925826289,-0.258819045103));
#1130 = ( GEOMETRIC_REPRESENTATION_CONTEXT(2) 
PARAMETRIC_REPRESENTATION_CONTEXT() REPRESENTATION_CONTEXT('2D SPACE',''
  ) );
#1131 = PCURVE('',#1132,#1137);
#1132 = PLANE('',#1133);
#1133 = AXIS2_PLACEMENT_3D('',#1134,#1135,#1136);
#1134 = CARTESIAN_POINT('',(-34.5,0.424264068712,29.957457922578));
#1135 = DIRECTION('',(-2.873468630843E-17,-0.965925826289,0.258819045103
    ));
#1136 = DIRECTION('',(-1.072393092426E-16,0.258819045103,0.965925826289)
  );
#1137 = DEFINITIONAL_REPRESENTATION('',(#1138),#1142);
#1138 = LINE('',#1139,#1140);
#1139 = CARTESIAN_POINT('',(-3.942640687119,-1.));
#1140 = VECTOR('',#1141,1.);
#1141 = DIRECTION('',(-1.,0.));
#1142 = ( GEOMETRIC_REPRESENTATION_CONTEXT(2) 
PARAMETRIC_REPRESENTATION_CONTEXT() REPRESENTATION_CONTEXT('2D SPACE',''
  ) );
#1143 = ORIENTED_EDGE('',*,*,#1144,.T.);
#1144 = EDGE_CURVE('',#1117,#1145,#1147,.T.);
#1145 = VERTEX_POINT('',#1146);
#1146 = CARTESIAN_POINT('',(-33.5,8.839081396291E-02,30.047454889948));
#1147 = SURFACE_CURVE('',#1148,(#1152,#1159),.PCURVE_S1.);
#1148 = LINE('',#1149,#1150);
#1149 = CARTESIAN_POINT('',(-33.5,3.653007036405,29.092318851817));
#1150 = VECTOR('',#1151,1.);
#1151 = DIRECTION('',(-2.873468630843E-17,-0.965925826289,0.258819045103
    ));
#1152 = PCURVE('',#213,#1153);
#1153 = DEFINITIONAL_REPRESENTATION('',(#1154),#1158);
#1154 = LINE('',#1155,#1156);
#1155 = CARTESIAN_POINT('',(-8.792318851817,-2.346992963595));
#1156 = VECTOR('',#1157,1.);
#1157 = DIRECTION('',(-0.258819045103,-0.965925826289));
#1158 = ( GEOMETRIC_REPRESENTATION_CONTEXT(2) 
PARAMETRIC_REPRESENTATION_CONTEXT() REPRESENTATION_CONTEXT('2D SPACE',''
  ) );
#1159 = PCURVE('',#1160,#1165);
#1160 = PLANE('',#1161);
#1161 = AXIS2_PLACEMENT_3D('',#1162,#1163,#1164);
#1162 = CARTESIAN_POINT('',(-34.5,-0.734846922835,30.268040776701));
#1163 = DIRECTION('',(-1.072393092426E-16,0.258819045103,0.965925826289)
  );
#1164 = DIRECTION('',(2.873468630843E-17,0.965925826289,-0.258819045103)
  );
#1165 = DEFINITIONAL_REPRESENTATION('',(#1166),#1170);
#1166 = LINE('',#1167,#1168);
#1167 = CARTESIAN_POINT('',(4.542640687119,-1.));
#1168 = VECTOR('',#1169,1.);
#1169 = DIRECTION('',(-1.,0.));
#1170 = ( GEOMETRIC_REPRESENTATION_CONTEXT(2) 
PARAMETRIC_REPRESENTATION_CONTEXT() REPRESENTATION_CONTEXT('2D SPACE',''
  ) );
#1171 = ORIENTED_EDGE('',*,*,#1172,.T.);
#1172 = EDGE_CURVE('',#1145,#1173,#1175,.T.);
#1173 = VERTEX_POINT('',#1174);
#1174 = CARTESIAN_POINT('',(-33.5,-1.885281374239,28.533002954517));
#1175 = SURFACE_CURVE('',#1176,(#1181,#1188),.PCURVE_S1.);
#1176 = CIRCLE('',#1177,11.4);
#1177 = AXIS2_PLACEMENT_3D('',#1178,#1179,#1180);
#1178 = CARTESIAN_POINT('',(-33.5,6.,20.3));
#1179 = DIRECTION('',(1.,-0.,1.110223024625E-16));
#1180 = DIRECTION('',(1.110223024625E-16,0.,-1.));
#1181 = PCURVE('',#213,#1182);
#1182 = DEFINITIONAL_REPRESENTATION('',(#1183),#1187);
#1183 = CIRCLE('',#1184,11.4);
#1184 = AXIS2_PLACEMENT_2D('',#1185,#1186);
#1185 = CARTESIAN_POINT('',(0.,0.));
#1186 = DIRECTION('',(1.,0.));
#1187 = ( GEOMETRIC_REPRESENTATION_CONTEXT(2) 
PARAMETRIC_REPRESENTATION_CONTEXT() REPRESENTATION_CONTEXT('2D SPACE',''
  ) );
#1188 = PCURVE('',#1189,#1194);
#1189 = CONICAL_SURFACE('',#1190,12.,0.785398163397);
#1190 = AXIS2_PLACEMENT_3D('',#1191,#1192,#1193);
#1191 = CARTESIAN_POINT('',(-32.9,6.,20.3));
#1192 = DIRECTION('',(1.,0.,1.110223024625E-16));
#1193 = DIRECTION('',(1.110223024625E-16,0.,-1.));
#1194 = DEFINITIONAL_REPRESENTATION('',(#1195),#1199);
#1195 = LINE('',#1196,#1197);
#1196 = CARTESIAN_POINT('',(0.,-0.6));
#1197 = VECTOR('',#1198,1.);
#1198 = DIRECTION('',(1.,-0.));
#1199 = ( GEOMETRIC_REPRESENTATION_CONTEXT(2) 
PARAMETRIC_REPRESENTATION_CONTEXT() REPRESENTATION_CONTEXT('2D SPACE',''
  ) );
#1200 = ORIENTED_EDGE('',*,*,#1201,.T.);
#1201 = EDGE_CURVE('',#1173,#1202,#1204,.T.);
#1202 = VERTEX_POINT('',#1203);
#1203 = CARTESIAN_POINT('',(-33.5,-1.885281374239,28.185281374239));
#1204 = SURFACE_CURVE('',#1205,(#1209,#1216),.PCURVE_S1.);
#1205 = LINE('',#1206,#1207);
#1206 = CARTESIAN_POINT('',(-33.5,-1.885281374239,24.242640687119));
#1207 = VECTOR('',#1208,1.);
#1208 = DIRECTION('',(1.110223024625E-16,-2.22044604925E-16,-1.));
#1209 = PCURVE('',#213,#1210);
#1210 = DEFINITIONAL_REPRESENTATION('',(#1211),#1215);
#1211 = LINE('',#1212,#1213);
#1212 = CARTESIAN_POINT('',(-3.942640687119,-7.885281374239));
#1213 = VECTOR('',#1214,1.);
#1214 = DIRECTION('',(1.,-2.22044604925E-16));
#1215 = ( GEOMETRIC_REPRESENTATION_CONTEXT(2) 
PARAMETRIC_REPRESENTATION_CONTEXT() REPRESENTATION_CONTEXT('2D SPACE',''
  ) );
#1216 = PCURVE('',#1217,#1222);
#1217 = PLANE('',#1218);
#1218 = AXIS2_PLACEMENT_3D('',#1219,#1220,#1221);
#1219 = CARTESIAN_POINT('',(-34.5,-1.885281374239,28.185281374239));
#1220 = DIRECTION('',(-2.465190328816E-32,-1.,2.22044604925E-16));
#1221 = DIRECTION('',(-1.110223024625E-16,2.22044604925E-16,1.));
#1222 = DEFINITIONAL_REPRESENTATION('',(#1223),#1227);
#1223 = LINE('',#1224,#1225);
#1224 = CARTESIAN_POINT('',(-3.942640687119,-1.));
#1225 = VECTOR('',#1226,1.);
#1226 = DIRECTION('',(-1.,0.));
#1227 = ( GEOMETRIC_REPRESENTATION_CONTEXT(2) 
PARAMETRIC_REPRESENTATION_CONTEXT() REPRESENTATION_CONTEXT('2D SPACE',''
  ) );
#1228 = ORIENTED_EDGE('',*,*,#1229,.T.);
#1229 = EDGE_CURVE('',#1202,#1230,#1232,.T.);
#1230 = VERTEX_POINT('',#1231);
#1231 = CARTESIAN_POINT('',(-33.5,-2.233002954517,28.185281374239));
#1232 = SURFACE_CURVE('',#1233,(#1237,#1244),.PCURVE_S1.);
#1233 = LINE('',#1234,#1235);
#1234 = CARTESIAN_POINT('',(-33.5,1.457359312881,28.185281374239));
#1235 = VECTOR('',#1236,1.);
#1236 = DIRECTION('',(-2.465190328816E-32,-1.,2.22044604925E-16));
#1237 = PCURVE('',#213,#1238);
#1238 = DEFINITIONAL_REPRESENTATION('',(#1239),#1243);
#1239 = LINE('',#1240,#1241);
#1240 = CARTESIAN_POINT('',(-7.885281374239,-4.542640687119));
#1241 = VECTOR('',#1242,1.);
#1242 = DIRECTION('',(-2.22044604925E-16,-1.));
#1243 = ( GEOMETRIC_REPRESENTATION_CONTEXT(2) 
PARAMETRIC_REPRESENTATION_CONTEXT() REPRESENTATION_CONTEXT('2D SPACE',''
  ) );
#1244 = PCURVE('',#1245,#1250);
#1245 = PLANE('',#1246);
#1246 = AXIS2_PLACEMENT_3D('',#1247,#1248,#1249);
#1247 = CARTESIAN_POINT('',(-34.5,-3.085281374239,28.185281374239));
#1248 = DIRECTION('',(-1.110223024625E-16,2.22044604925E-16,1.));
#1249 = DIRECTION('',(2.465190328816E-32,1.,-2.22044604925E-16));
#1250 = DEFINITIONAL_REPRESENTATION('',(#1251),#1255);
#1251 = LINE('',#1252,#1253);
#1252 = CARTESIAN_POINT('',(4.542640687119,-1.));
#1253 = VECTOR('',#1254,1.);
#1254 = DIRECTION('',(-1.,0.));
#1255 = ( GEOMETRIC_REPRESENTATION_CONTEXT(2) 
PARAMETRIC_REPRESENTATION_CONTEXT() REPRESENTATION_CONTEXT('2D SPACE',''
  ) );
#1256 = ORIENTED_EDGE('',*,*,#1257,.T.);
#1257 = EDGE_CURVE('',#1230,#1258,#1260,.T.);
#1258 = VERTEX_POINT('',#1259);
#1259 = CARTESIAN_POINT('',(-33.5,-3.747454889948,26.211609186037));
#1260 = SURFACE_CURVE('',#1261,(#1266,#1273),.PCURVE_S1.);
#1261 = CIRCLE('',#1262,11.4);
#1262 = AXIS2_PLACEMENT_3D('',#1263,#1264,#1265);
#1263 = CARTESIAN_POINT('',(-33.5,6.,20.3));
#1264 = DIRECTION('',(1.,-0.,1.110223024625E-16));
#1265 = DIRECTION('',(1.110223024625E-16,0.,-1.));
#1266 = PCURVE('',#213,#1267);
#1267 = DEFINITIONAL_REPRESENTATION('',(#1268),#1272);
#1268 = CIRCLE('',#1269,11.4);
#1269 = AXIS2_PLACEMENT_2D('',#1270,#1271);
#1270 = CARTESIAN_POINT('',(0.,0.));
#1271 = DIRECTION('',(1.,0.));
#1272 = ( GEOMETRIC_REPRESENTATION_CONTEXT(2) 
PARAMETRIC_REPRESENTATION_CONTEXT() REPRESENTATION_CONTEXT('2D SPACE',''
  ) );
#1273 = PCURVE('',#1274,#1279);
#1274 = CONICAL_SURFACE('',#1275,12.,0.785398163397);
#1275 = AXIS2_PLACEMENT_3D('',#1276,#1277,#1278);
#1276 = CARTESIAN_POINT('',(-32.9,6.,20.3));
#1277 = DIRECTION('',(1.,0.,1.110223024625E-16));
#1278 = DIRECTION('',(1.110223024625E-16,0.,-1.));
#1279 = DEFINITIONAL_REPRESENTATION('',(#1280),#1284);
#1280 = LINE('',#1281,#1282);
#1281 = CARTESIAN_POINT('',(0.,-0.6));
#1282 = VECTOR('',#1283,1.);
#1283 = DIRECTION('',(1.,-0.));
#1284 = ( GEOMETRIC_REPRESENTATION_CONTEXT(2) 
PARAMETRIC_REPRESENTATION_CONTEXT() REPRESENTATION_CONTEXT('2D SPACE',''
  ) );
#1285 = ORIENTED_EDGE('',*,*,#1286,.T.);
#1286 = EDGE_CURVE('',#1258,#1287,#1289,.T.);
#1287 = VERTEX_POINT('',#1288);
#1288 = CARTESIAN_POINT('',(-33.5,-3.657457922578,25.875735931288));
#1289 = SURFACE_CURVE('',#1290,(#1294,#1301),.PCURVE_S1.);
#1290 = LINE('',#1291,#1292);
#1291 = CARTESIAN_POINT('',(-33.5,-2.637027424756,22.067437467821));
#1292 = VECTOR('',#1293,1.);
#1293 = DIRECTION('',(1.072393092426E-16,0.258819045103,-0.965925826289)
  );
#1294 = PCURVE('',#213,#1295);
#1295 = DEFINITIONAL_REPRESENTATION('',(#1296),#1300);
#1296 = LINE('',#1297,#1298);
#1297 = CARTESIAN_POINT('',(-1.767437467821,-8.637027424756));
#1298 = VECTOR('',#1299,1.);
#1299 = DIRECTION('',(0.965925826289,0.258819045103));
#1300 = ( GEOMETRIC_REPRESENTATION_CONTEXT(2) 
PARAMETRIC_REPRESENTATION_CONTEXT() REPRESENTATION_CONTEXT('2D SPACE',''
  ) );
#1301 = PCURVE('',#1302,#1307);
#1302 = PLANE('',#1303);
#1303 = AXIS2_PLACEMENT_3D('',#1304,#1305,#1306);
#1304 = CARTESIAN_POINT('',(-34.5,-3.657457922578,25.875735931288));
#1305 = DIRECTION('',(2.873468630843E-17,-0.965925826289,-0.258819045103
    ));
#1306 = DIRECTION('',(-1.072393092426E-16,-0.258819045103,0.965925826289
    ));
#1307 = DEFINITIONAL_REPRESENTATION('',(#1308),#1312);
#1308 = LINE('',#1309,#1310);
#1309 = CARTESIAN_POINT('',(-3.942640687119,-1.));
#1310 = VECTOR('',#1311,1.);
#1311 = DIRECTION('',(-1.,0.));
#1312 = ( GEOMETRIC_REPRESENTATION_CONTEXT(2) 
PARAMETRIC_REPRESENTATION_CONTEXT() REPRESENTATION_CONTEXT('2D SPACE',''
  ) );
#1313 = ORIENTED_EDGE('',*,*,#1314,.T.);
#1314 = EDGE_CURVE('',#1287,#1315,#1317,.T.);
#1315 = VERTEX_POINT('',#1316);
#1316 = CARTESIAN_POINT('',(-33.5,-3.993331177327,25.785738963919));
#1317 = SURFACE_CURVE('',#1318,(#1322,#1329),.PCURVE_S1.);
#1318 = LINE('',#1319,#1320);
#1319 = CARTESIAN_POINT('',(-33.5,-0.428714954885,26.740875002049));
#1320 = VECTOR('',#1321,1.);
#1321 = DIRECTION('',(2.873468630843E-17,-0.965925826289,-0.258819045103
    ));
#1322 = PCURVE('',#213,#1323);
#1323 = DEFINITIONAL_REPRESENTATION('',(#1324),#1328);
#1324 = LINE('',#1325,#1326);
#1325 = CARTESIAN_POINT('',(-6.440875002049,-6.428714954885));
#1326 = VECTOR('',#1327,1.);
#1327 = DIRECTION('',(0.258819045103,-0.965925826289));
#1328 = ( GEOMETRIC_REPRESENTATION_CONTEXT(2) 
PARAMETRIC_REPRESENTATION_CONTEXT() REPRESENTATION_CONTEXT('2D SPACE',''
  ) );
#1329 = PCURVE('',#1330,#1335);
#1330 = PLANE('',#1331);
#1331 = AXIS2_PLACEMENT_3D('',#1332,#1333,#1334);
#1332 = CARTESIAN_POINT('',(-34.5,-4.816568914125,25.565153077165));
#1333 = DIRECTION('',(-1.072393092426E-16,-0.258819045103,0.965925826289
    ));
#1334 = DIRECTION('',(-2.873468630843E-17,0.965925826289,0.258819045103)
  );
#1335 = DEFINITIONAL_REPRESENTATION('',(#1336),#1340);
#1336 = LINE('',#1337,#1338);
#1337 = CARTESIAN_POINT('',(4.542640687119,-1.));
#1338 = VECTOR('',#1339,1.);
#1339 = DIRECTION('',(-1.,0.));
#1340 = ( GEOMETRIC_REPRESENTATION_CONTEXT(2) 
PARAMETRIC_REPRESENTATION_CONTEXT() REPRESENTATION_CONTEXT('2D SPACE',''
  ) );
#1341 = ORIENTED_EDGE('',*,*,#1342,.T.);
#1342 = EDGE_CURVE('',#1315,#1343,#1345,.T.);
#1343 = VERTEX_POINT('',#1344);
#1344 = CARTESIAN_POINT('',(-33.5,-4.945355463337,23.487349020925));
#1345 = SURFACE_CURVE('',#1346,(#1351,#1358),.PCURVE_S1.);
#1346 = CIRCLE('',#1347,11.4);
#1347 = AXIS2_PLACEMENT_3D('',#1348,#1349,#1350);
#1348 = CARTESIAN_POINT('',(-33.5,6.,20.3));
#1349 = DIRECTION('',(1.,-0.,1.110223024625E-16));
#1350 = DIRECTION('',(1.110223024625E-16,0.,-1.));
#1351 = PCURVE('',#213,#1352);
#1352 = DEFINITIONAL_REPRESENTATION('',(#1353),#1357);
#1353 = CIRCLE('',#1354,11.4);
#1354 = AXIS2_PLACEMENT_2D('',#1355,#1356);
#1355 = CARTESIAN_POINT('',(0.,0.));
#1356 = DIRECTION('',(1.,0.));
#1357 = ( GEOMETRIC_REPRESENTATION_CONTEXT(2) 
PARAMETRIC_REPRESENTATION_CONTEXT() REPRESENTATION_CONTEXT('2D SPACE',''
  ) );
#1358 = PCURVE('',#1359,#1364);
#1359 = CONICAL_SURFACE('',#1360,12.,0.785398163397);
#1360 = AXIS2_PLACEMENT_3D('',#1361,#1362,#1363);
#1361 = CARTESIAN_POINT('',(-32.9,6.,20.3));
#1362 = DIRECTION('',(1.,0.,1.110223024625E-16));
#1363 = DIRECTION('',(1.110223024625E-16,0.,-1.));
#1364 = DEFINITIONAL_REPRESENTATION('',(#1365),#1369);
#1365 = LINE('',#1366,#1367);
#1366 = CARTESIAN_POINT('',(0.,-0.6));
#1367 = VECTOR('',#1368,1.);
#1368 = DIRECTION('',(1.,-0.));
#1369 = ( GEOMETRIC_REPRESENTATION_CONTEXT(2) 
PARAMETRIC_REPRESENTATION_CONTEXT() REPRESENTATION_CONTEXT('2D SPACE',''
  ) );
#1370 = ORIENTED_EDGE('',*,*,#1371,.T.);
#1371 = EDGE_CURVE('',#1343,#1372,#1374,.T.);
#1372 = VERTEX_POINT('',#1373);
#1373 = CARTESIAN_POINT('',(-33.5,-4.771494673198,23.18621329896));
#1374 = SURFACE_CURVE('',#1375,(#1379,#1386),.PCURVE_S1.);
#1375 = LINE('',#1376,#1377);
#1376 = CARTESIAN_POINT('',(-33.5,-2.800174329639,19.77178630592));
#1377 = VECTOR('',#1378,1.);
#1378 = DIRECTION('',(9.614813431918E-17,0.5,-0.866025403784));
#1379 = PCURVE('',#213,#1380);
#1380 = DEFINITIONAL_REPRESENTATION('',(#1381),#1385);
#1381 = LINE('',#1382,#1383);
#1382 = CARTESIAN_POINT('',(0.52821369408,-8.800174329639));
#1383 = VECTOR('',#1384,1.);
#1384 = DIRECTION('',(0.866025403784,0.5));
#1385 = ( GEOMETRIC_REPRESENTATION_CONTEXT(2) 
PARAMETRIC_REPRESENTATION_CONTEXT() REPRESENTATION_CONTEXT('2D SPACE',''
  ) );
#1386 = PCURVE('',#1387,#1392);
#1387 = PLANE('',#1388);
#1388 = AXIS2_PLACEMENT_3D('',#1389,#1390,#1391);
#1389 = CARTESIAN_POINT('',(-34.5,-4.771494673198,23.18621329896));
#1390 = DIRECTION('',(5.551115123126E-17,-0.866025403784,-0.5));
#1391 = DIRECTION('',(-9.614813431918E-17,-0.5,0.866025403784));
#1392 = DEFINITIONAL_REPRESENTATION('',(#1393),#1397);
#1393 = LINE('',#1394,#1395);
#1394 = CARTESIAN_POINT('',(-3.942640687119,-1.));
#1395 = VECTOR('',#1396,1.);
#1396 = DIRECTION('',(-1.,0.));
#1397 = ( GEOMETRIC_REPRESENTATION_CONTEXT(2) 
PARAMETRIC_REPRESENTATION_CONTEXT() REPRESENTATION_CONTEXT('2D SPACE',''
  ) );
#1398 = ORIENTED_EDGE('',*,*,#1399,.T.);
#1399 = EDGE_CURVE('',#1372,#1400,#1402,.T.);
#1400 = VERTEX_POINT('',#1401);
#1401 = CARTESIAN_POINT('',(-33.5,-5.072630395163,23.01235250882));
#1402 = SURFACE_CURVE('',#1403,(#1407,#1414),.PCURVE_S1.);
#1403 = LINE('',#1404,#1405);
#1404 = CARTESIAN_POINT('',(-33.5,-1.876682922429,24.857533642519));
#1405 = VECTOR('',#1406,1.);
#1406 = DIRECTION('',(5.551115123126E-17,-0.866025403784,-0.5));
#1407 = PCURVE('',#213,#1408);
#1408 = DEFINITIONAL_REPRESENTATION('',(#1409),#1413);
#1409 = LINE('',#1410,#1411);
#1410 = CARTESIAN_POINT('',(-4.557533642519,-7.876682922429));
#1411 = VECTOR('',#1412,1.);
#1412 = DIRECTION('',(0.5,-0.866025403784));
#1413 = ( GEOMETRIC_REPRESENTATION_CONTEXT(2) 
PARAMETRIC_REPRESENTATION_CONTEXT() REPRESENTATION_CONTEXT('2D SPACE',''
  ) );
#1414 = PCURVE('',#1415,#1420);
#1415 = PLANE('',#1416);
#1416 = AXIS2_PLACEMENT_3D('',#1417,#1418,#1419);
#1417 = CARTESIAN_POINT('',(-34.5,-5.810725157739,22.58621329896));
#1418 = DIRECTION('',(-9.614813431918E-17,-0.5,0.866025403784));
#1419 = DIRECTION('',(-5.551115123126E-17,0.866025403784,0.5));
#1420 = DEFINITIONAL_REPRESENTATION('',(#1421),#1425);
#1421 = LINE('',#1422,#1423);
#1422 = CARTESIAN_POINT('',(4.542640687119,-1.));
#1423 = VECTOR('',#1424,1.);
#1424 = DIRECTION('',(-1.,0.));
#1425 = ( GEOMETRIC_REPRESENTATION_CONTEXT(2) 
PARAMETRIC_REPRESENTATION_CONTEXT() REPRESENTATION_CONTEXT('2D SPACE',''
  ) );
#1426 = ORIENTED_EDGE('',*,*,#1427,.T.);
#1427 = EDGE_CURVE('',#1400,#1428,#1430,.T.);
#1428 = VERTEX_POINT('',#1429);
#1429 = CARTESIAN_POINT('',(-33.5,-5.397348149956,20.54587628738));
#1430 = SURFACE_CURVE('',#1431,(#1436,#1443),.PCURVE_S1.);
#1431 = CIRCLE('',#1432,11.4);
#1432 = AXIS2_PLACEMENT_3D('',#1433,#1434,#1435);
#1433 = CARTESIAN_POINT('',(-33.5,6.,20.3));
#1434 = DIRECTION('',(1.,-0.,1.110223024625E-16));
#1435 = DIRECTION('',(1.110223024625E-16,0.,-1.));
#1436 = PCURVE('',#213,#1437);
#1437 = DEFINITIONAL_REPRESENTATION('',(#1438),#1442);
#1438 = CIRCLE('',#1439,11.4);
#1439 = AXIS2_PLACEMENT_2D('',#1440,#1441);
#1440 = CARTESIAN_POINT('',(0.,0.));
#1441 = DIRECTION('',(1.,0.));
#1442 = ( GEOMETRIC_REPRESENTATION_CONTEXT(2) 
PARAMETRIC_REPRESENTATION_CONTEXT() REPRESENTATION_CONTEXT('2D SPACE',''
  ) );
#1443 = PCURVE('',#1444,#1449);
#1444 = CONICAL_SURFACE('',#1445,12.,0.785398163397);
#1445 = AXIS2_PLACEMENT_3D('',#1446,#1447,#1448);
#1446 = CARTESIAN_POINT('',(-32.9,6.,20.3));
#1447 = DIRECTION('',(1.,0.,1.110223024625E-16));
#1448 = DIRECTION('',(1.110223024625E-16,0.,-1.));
#1449 = DEFINITIONAL_REPRESENTATION('',(#1450),#1454);
#1450 = LINE('',#1451,#1452);
#1451 = CARTESIAN_POINT('',(0.,-0.6));
#1452 = VECTOR('',#1453,1.);
#1453 = DIRECTION('',(1.,-0.));
#1454 = ( GEOMETRIC_REPRESENTATION_CONTEXT(2) 
PARAMETRIC_REPRESENTATION_CONTEXT() REPRESENTATION_CONTEXT('2D SPACE',''
  ) );
#1455 = ORIENTED_EDGE('',*,*,#1456,.T.);
#1456 = EDGE_CURVE('',#1428,#1457,#1459,.T.);
#1457 = VERTEX_POINT('',#1458);
#1458 = CARTESIAN_POINT('',(-33.5,-5.151471862576,20.3));
#1459 = SURFACE_CURVE('',#1460,(#1464,#1471),.PCURVE_S1.);
#1460 = LINE('',#1461,#1462);
#1461 = CARTESIAN_POINT('',(-33.5,-2.363603896932,17.512132034356));
#1462 = VECTOR('',#1463,1.);
#1463 = DIRECTION('',(7.850462293419E-17,0.707106781187,-0.707106781187)
  );
#1464 = PCURVE('',#213,#1465);
#1465 = DEFINITIONAL_REPRESENTATION('',(#1466),#1470);
#1466 = LINE('',#1467,#1468);
#1467 = CARTESIAN_POINT('',(2.787867965644,-8.363603896932));
#1468 = VECTOR('',#1469,1.);
#1469 = DIRECTION('',(0.707106781187,0.707106781187));
#1470 = ( GEOMETRIC_REPRESENTATION_CONTEXT(2) 
PARAMETRIC_REPRESENTATION_CONTEXT() REPRESENTATION_CONTEXT('2D SPACE',''
  ) );
#1471 = PCURVE('',#1472,#1477);
#1472 = PLANE('',#1473);
#1473 = AXIS2_PLACEMENT_3D('',#1474,#1475,#1476);
#1474 = CARTESIAN_POINT('',(-34.5,-5.151471862576,20.3));
#1475 = DIRECTION('',(7.850462293419E-17,-0.707106781187,-0.707106781187
    ));
#1476 = DIRECTION('',(-7.850462293419E-17,-0.707106781187,0.707106781187
    ));
#1477 = DEFINITIONAL_REPRESENTATION('',(#1478),#1482);
#1478 = LINE('',#1479,#1480);
#1479 = CARTESIAN_POINT('',(-3.942640687119,-1.));
#1480 = VECTOR('',#1481,1.);
#1481 = DIRECTION('',(-1.,0.));
#1482 = ( GEOMETRIC_REPRESENTATION_CONTEXT(2) 
PARAMETRIC_REPRESENTATION_CONTEXT() REPRESENTATION_CONTEXT('2D SPACE',''
  ) );
#1483 = ORIENTED_EDGE('',*,*,#1484,.T.);
#1484 = EDGE_CURVE('',#1457,#1485,#1487,.T.);
#1485 = VERTEX_POINT('',#1486);
#1486 = CARTESIAN_POINT('',(-33.5,-5.397348149956,20.05412371262));
#1487 = SURFACE_CURVE('',#1488,(#1492,#1499),.PCURVE_S1.);
#1488 = LINE('',#1489,#1490);
#1489 = CARTESIAN_POINT('',(-33.5,-2.787867965644,22.663603896932));
#1490 = VECTOR('',#1491,1.);
#1491 = DIRECTION('',(7.850462293419E-17,-0.707106781187,-0.707106781187
    ));
#1492 = PCURVE('',#213,#1493);
#1493 = DEFINITIONAL_REPRESENTATION('',(#1494),#1498);
#1494 = LINE('',#1495,#1496);
#1495 = CARTESIAN_POINT('',(-2.363603896932,-8.787867965644));
#1496 = VECTOR('',#1497,1.);
#1497 = DIRECTION('',(0.707106781187,-0.707106781187));
#1498 = ( GEOMETRIC_REPRESENTATION_CONTEXT(2) 
PARAMETRIC_REPRESENTATION_CONTEXT() REPRESENTATION_CONTEXT('2D SPACE',''
  ) );
#1499 = PCURVE('',#1500,#1505);
#1500 = PLANE('',#1501);
#1501 = AXIS2_PLACEMENT_3D('',#1502,#1503,#1504);
#1502 = CARTESIAN_POINT('',(-34.5,-6.,19.451471862576));
#1503 = DIRECTION('',(-7.850462293419E-17,-0.707106781187,0.707106781187
    ));
#1504 = DIRECTION('',(-7.850462293419E-17,0.707106781187,0.707106781187)
  );
#1505 = DEFINITIONAL_REPRESENTATION('',(#1506),#1510);
#1506 = LINE('',#1507,#1508);
#1507 = CARTESIAN_POINT('',(4.542640687119,-1.));
#1508 = VECTOR('',#1509,1.);
#1509 = DIRECTION('',(-1.,0.));
#1510 = ( GEOMETRIC_REPRESENTATION_CONTEXT(2) 
PARAMETRIC_REPRESENTATION_CONTEXT() REPRESENTATION_CONTEXT('2D SPACE',''
  ) );
#1511 = ORIENTED_EDGE('',*,*,#1512,.T.);
#1512 = EDGE_CURVE('',#1485,#1513,#1515,.T.);
#1513 = VERTEX_POINT('',#1514);
#1514 = CARTESIAN_POINT('',(-33.5,-5.072630395163,17.58764749118));
#1515 = SURFACE_CURVE('',#1516,(#1521,#1528),.PCURVE_S1.);
#1516 = CIRCLE('',#1517,11.4);
#1517 = AXIS2_PLACEMENT_3D('',#1518,#1519,#1520);
#1518 = CARTESIAN_POINT('',(-33.5,6.,20.3));
#1519 = DIRECTION('',(1.,-0.,1.110223024625E-16));
#1520 = DIRECTION('',(1.110223024625E-16,0.,-1.));
#1521 = PCURVE('',#213,#1522);
#1522 = DEFINITIONAL_REPRESENTATION('',(#1523),#1527);
#1523 = CIRCLE('',#1524,11.4);
#1524 = AXIS2_PLACEMENT_2D('',#1525,#1526);
#1525 = CARTESIAN_POINT('',(0.,0.));
#1526 = DIRECTION('',(1.,0.));
#1527 = ( GEOMETRIC_REPRESENTATION_CONTEXT(2) 
PARAMETRIC_REPRESENTATION_CONTEXT() REPRESENTATION_CONTEXT('2D SPACE',''
  ) );
#1528 = PCURVE('',#1529,#1534);
#1529 = CONICAL_SURFACE('',#1530,12.,0.785398163397);
#1530 = AXIS2_PLACEMENT_3D('',#1531,#1532,#1533);
#1531 = CARTESIAN_POINT('',(-32.9,6.,20.3));
#1532 = DIRECTION('',(1.,0.,1.110223024625E-16));
#1533 = DIRECTION('',(1.110223024625E-16,0.,-1.));
#1534 = DEFINITIONAL_REPRESENTATION('',(#1535),#1539);
#1535 = LINE('',#1536,#1537);
#1536 = CARTESIAN_POINT('',(0.,-0.6));
#1537 = VECTOR('',#1538,1.);
#1538 = DIRECTION('',(1.,-0.));
#1539 = ( GEOMETRIC_REPRESENTATION_CONTEXT(2) 
PARAMETRIC_REPRESENTATION_CONTEXT() REPRESENTATION_CONTEXT('2D SPACE',''
  ) );
#1540 = ORIENTED_EDGE('',*,*,#1541,.T.);
#1541 = EDGE_CURVE('',#1513,#1542,#1544,.T.);
#1542 = VERTEX_POINT('',#1543);
#1543 = CARTESIAN_POINT('',(-33.5,-4.771494673198,17.41378670104));
#1544 = SURFACE_CURVE('',#1545,(#1549,#1556),.PCURVE_S1.);
#1545 = LINE('',#1546,#1547);
#1546 = CARTESIAN_POINT('',(-33.5,-1.357067680159,15.442466357481));
#1547 = VECTOR('',#1548,1.);
#1548 = DIRECTION('',(5.551115123126E-17,0.866025403784,-0.5));
#1549 = PCURVE('',#213,#1550);
#1550 = DEFINITIONAL_REPRESENTATION('',(#1551),#1555);
#1551 = LINE('',#1552,#1553);
#1552 = CARTESIAN_POINT('',(4.857533642519,-7.357067680159));
#1553 = VECTOR('',#1554,1.);
#1554 = DIRECTION('',(0.5,0.866025403784));
#1555 = ( GEOMETRIC_REPRESENTATION_CONTEXT(2) 
PARAMETRIC_REPRESENTATION_CONTEXT() REPRESENTATION_CONTEXT('2D SPACE',''
  ) );
#1556 = PCURVE('',#1557,#1562);
#1557 = PLANE('',#1558);
#1558 = AXIS2_PLACEMENT_3D('',#1559,#1560,#1561);
#1559 = CARTESIAN_POINT('',(-34.5,-4.771494673198,17.41378670104));
#1560 = DIRECTION('',(9.614813431918E-17,-0.5,-0.866025403784));
#1561 = DIRECTION('',(-5.551115123126E-17,-0.866025403784,0.5));
#1562 = DEFINITIONAL_REPRESENTATION('',(#1563),#1567);
#1563 = LINE('',#1564,#1565);
#1564 = CARTESIAN_POINT('',(-3.942640687119,-1.));
#1565 = VECTOR('',#1566,1.);
#1566 = DIRECTION('',(-1.,0.));
#1567 = ( GEOMETRIC_REPRESENTATION_CONTEXT(2) 
PARAMETRIC_REPRESENTATION_CONTEXT() REPRESENTATION_CONTEXT('2D SPACE',''
  ) );
#1568 = ORIENTED_EDGE('',*,*,#1569,.T.);
#1569 = EDGE_CURVE('',#1542,#1570,#1572,.T.);
#1570 = VERTEX_POINT('',#1571);
#1571 = CARTESIAN_POINT('',(-33.5,-4.945355463337,17.112650979075));
#1572 = SURFACE_CURVE('',#1573,(#1577,#1584),.PCURVE_S1.);
#1573 = LINE('',#1574,#1575);
#1574 = CARTESIAN_POINT('',(-33.5,-3.100174329639,20.308598451809));
#1575 = VECTOR('',#1576,1.);
#1576 = DIRECTION('',(9.614813431918E-17,-0.5,-0.866025403784));
#1577 = PCURVE('',#213,#1578);
#1578 = DEFINITIONAL_REPRESENTATION('',(#1579),#1583);
#1579 = LINE('',#1580,#1581);
#1580 = CARTESIAN_POINT('',(-8.598451809192E-03,-9.100174329639));
#1581 = VECTOR('',#1582,1.);
#1582 = DIRECTION('',(0.866025403784,-0.5));
#1583 = ( GEOMETRIC_REPRESENTATION_CONTEXT(2) 
PARAMETRIC_REPRESENTATION_CONTEXT() REPRESENTATION_CONTEXT('2D SPACE',''
  ) );
#1584 = PCURVE('',#1585,#1590);
#1585 = PLANE('',#1586);
#1586 = AXIS2_PLACEMENT_3D('',#1587,#1588,#1589);
#1587 = CARTESIAN_POINT('',(-34.5,-5.371494673198,16.374556216499));
#1588 = DIRECTION('',(-5.551115123126E-17,-0.866025403784,0.5));
#1589 = DIRECTION('',(-9.614813431918E-17,0.5,0.866025403784));
#1590 = DEFINITIONAL_REPRESENTATION('',(#1591),#1595);
#1591 = LINE('',#1592,#1593);
#1592 = CARTESIAN_POINT('',(4.542640687119,-1.));
#1593 = VECTOR('',#1594,1.);
#1594 = DIRECTION('',(-1.,0.));
#1595 = ( GEOMETRIC_REPRESENTATION_CONTEXT(2) 
PARAMETRIC_REPRESENTATION_CONTEXT() REPRESENTATION_CONTEXT('2D SPACE',''
  ) );
#1596 = ORIENTED_EDGE('',*,*,#1597,.T.);
#1597 = EDGE_CURVE('',#1570,#1598,#1600,.T.);
#1598 = VERTEX_POINT('',#1599);
#1599 = CARTESIAN_POINT('',(-33.5,-3.993331177327,14.814261036081));
#1600 = SURFACE_CURVE('',#1601,(#1606,#1613),.PCURVE_S1.);
#1601 = CIRCLE('',#1602,11.4);
#1602 = AXIS2_PLACEMENT_3D('',#1603,#1604,#1605);
#1603 = CARTESIAN_POINT('',(-33.5,6.,20.3));
#1604 = DIRECTION('',(1.,-0.,1.110223024625E-16));
#1605 = DIRECTION('',(1.110223024625E-16,0.,-1.));
#1606 = PCURVE('',#213,#1607);
#1607 = DEFINITIONAL_REPRESENTATION('',(#1608),#1612);
#1608 = CIRCLE('',#1609,11.4);
#1609 = AXIS2_PLACEMENT_2D('',#1610,#1611);
#1610 = CARTESIAN_POINT('',(0.,0.));
#1611 = DIRECTION('',(1.,0.));
#1612 = ( GEOMETRIC_REPRESENTATION_CONTEXT(2) 
PARAMETRIC_REPRESENTATION_CONTEXT() REPRESENTATION_CONTEXT('2D SPACE',''
  ) );
#1613 = PCURVE('',#1614,#1619);
#1614 = CONICAL_SURFACE('',#1615,12.,0.785398163397);
#1615 = AXIS2_PLACEMENT_3D('',#1616,#1617,#1618);
#1616 = CARTESIAN_POINT('',(-32.9,6.,20.3));
#1617 = DIRECTION('',(1.,0.,1.110223024625E-16));
#1618 = DIRECTION('',(1.110223024625E-16,0.,-1.));
#1619 = DEFINITIONAL_REPRESENTATION('',(#1620),#1624);
#1620 = LINE('',#1621,#1622);
#1621 = CARTESIAN_POINT('',(0.,-0.6));
#1622 = VECTOR('',#1623,1.);
#1623 = DIRECTION('',(1.,-0.));
#1624 = ( GEOMETRIC_REPRESENTATION_CONTEXT(2) 
PARAMETRIC_REPRESENTATION_CONTEXT() REPRESENTATION_CONTEXT('2D SPACE',''
  ) );
#1625 = ORIENTED_EDGE('',*,*,#1626,.T.);
#1626 = EDGE_CURVE('',#1598,#1627,#1629,.T.);
#1627 = VERTEX_POINT('',#1628);
#1628 = CARTESIAN_POINT('',(-33.5,-3.657457922578,14.724264068712));
#1629 = SURFACE_CURVE('',#1630,(#1634,#1641),.PCURVE_S1.);
#1630 = LINE('',#1631,#1632);
#1631 = CARTESIAN_POINT('',(-33.5,0.150840540888,13.703833570889));
#1632 = VECTOR('',#1633,1.);
#1633 = DIRECTION('',(2.873468630843E-17,0.965925826289,-0.258819045103)
  );
#1634 = PCURVE('',#213,#1635);
#1635 = DEFINITIONAL_REPRESENTATION('',(#1636),#1640);
#1636 = LINE('',#1637,#1638);
#1637 = CARTESIAN_POINT('',(6.596166429111,-5.849159459112));
#1638 = VECTOR('',#1639,1.);
#1639 = DIRECTION('',(0.258819045103,0.965925826289));
#1640 = ( GEOMETRIC_REPRESENTATION_CONTEXT(2) 
PARAMETRIC_REPRESENTATION_CONTEXT() REPRESENTATION_CONTEXT('2D SPACE',''
  ) );
#1641 = PCURVE('',#1642,#1647);
#1642 = PLANE('',#1643);
#1643 = AXIS2_PLACEMENT_3D('',#1644,#1645,#1646);
#1644 = CARTESIAN_POINT('',(-34.5,-3.657457922578,14.724264068712));
#1645 = DIRECTION('',(1.072393092426E-16,-0.258819045103,-0.965925826289
    ));
#1646 = DIRECTION('',(-2.873468630843E-17,-0.965925826289,0.258819045103
    ));
#1647 = DEFINITIONAL_REPRESENTATION('',(#1648),#1652);
#1648 = LINE('',#1649,#1650);
#1649 = CARTESIAN_POINT('',(-3.942640687119,-1.));
#1650 = VECTOR('',#1651,1.);
#1651 = DIRECTION('',(-1.,0.));
#1652 = ( GEOMETRIC_REPRESENTATION_CONTEXT(2) 
PARAMETRIC_REPRESENTATION_CONTEXT() REPRESENTATION_CONTEXT('2D SPACE',''
  ) );
#1653 = ORIENTED_EDGE('',*,*,#1654,.T.);
#1654 = EDGE_CURVE('',#1627,#1655,#1657,.T.);
#1655 = VERTEX_POINT('',#1656);
#1656 = CARTESIAN_POINT('',(-33.5,-3.747454889948,14.388390813963));
#1657 = SURFACE_CURVE('',#1658,(#1662,#1669),.PCURVE_S1.);
#1658 = LINE('',#1659,#1660);
#1659 = CARTESIAN_POINT('',(-33.5,-2.792318851817,17.953007036405));
#1660 = VECTOR('',#1661,1.);
#1661 = DIRECTION('',(1.072393092426E-16,-0.258819045103,-0.965925826289
    ));
#1662 = PCURVE('',#213,#1663);
#1663 = DEFINITIONAL_REPRESENTATION('',(#1664),#1668);
#1664 = LINE('',#1665,#1666);
#1665 = CARTESIAN_POINT('',(2.346992963595,-8.792318851817));
#1666 = VECTOR('',#1667,1.);
#1667 = DIRECTION('',(0.965925826289,-0.258819045103));
#1668 = ( GEOMETRIC_REPRESENTATION_CONTEXT(2) 
PARAMETRIC_REPRESENTATION_CONTEXT() REPRESENTATION_CONTEXT('2D SPACE',''
  ) );
#1669 = PCURVE('',#1670,#1675);
#1670 = PLANE('',#1671);
#1671 = AXIS2_PLACEMENT_3D('',#1672,#1673,#1674);
#1672 = CARTESIAN_POINT('',(-34.5,-3.968040776701,13.565153077165));
#1673 = DIRECTION('',(-2.873468630843E-17,-0.965925826289,0.258819045103
    ));
#1674 = DIRECTION('',(-1.072393092426E-16,0.258819045103,0.965925826289)
  );
#1675 = DEFINITIONAL_REPRESENTATION('',(#1676),#1680);
#1676 = LINE('',#1677,#1678);
#1677 = CARTESIAN_POINT('',(4.542640687119,-1.));
#1678 = VECTOR('',#1679,1.);
#1679 = DIRECTION('',(-1.,0.));
#1680 = ( GEOMETRIC_REPRESENTATION_CONTEXT(2) 
PARAMETRIC_REPRESENTATION_CONTEXT() REPRESENTATION_CONTEXT('2D SPACE',''
  ) );
#1681 = ORIENTED_EDGE('',*,*,#1682,.T.);
#1682 = EDGE_CURVE('',#1655,#1683,#1685,.T.);
#1683 = VERTEX_POINT('',#1684);
#1684 = CARTESIAN_POINT('',(-33.5,-2.233002954517,12.414718625761));
#1685 = SURFACE_CURVE('',#1686,(#1691,#1698),.PCURVE_S1.);
#1686 = CIRCLE('',#1687,11.4);
#1687 = AXIS2_PLACEMENT_3D('',#1688,#1689,#1690);
#1688 = CARTESIAN_POINT('',(-33.5,6.,20.3));
#1689 = DIRECTION('',(1.,-0.,1.110223024625E-16));
#1690 = DIRECTION('',(1.110223024625E-16,0.,-1.));
#1691 = PCURVE('',#213,#1692);
#1692 = DEFINITIONAL_REPRESENTATION('',(#1693),#1697);
#1693 = CIRCLE('',#1694,11.4);
#1694 = AXIS2_PLACEMENT_2D('',#1695,#1696);
#1695 = CARTESIAN_POINT('',(0.,0.));
#1696 = DIRECTION('',(1.,0.));
#1697 = ( GEOMETRIC_REPRESENTATION_CONTEXT(2) 
PARAMETRIC_REPRESENTATION_CONTEXT() REPRESENTATION_CONTEXT('2D SPACE',''
  ) );
#1698 = PCURVE('',#1699,#1704);
#1699 = CONICAL_SURFACE('',#1700,12.,0.785398163397);
#1700 = AXIS2_PLACEMENT_3D('',#1701,#1702,#1703);
#1701 = CARTESIAN_POINT('',(-32.9,6.,20.3));
#1702 = DIRECTION('',(1.,0.,1.110223024625E-16));
#1703 = DIRECTION('',(1.110223024625E-16,0.,-1.));
#1704 = DEFINITIONAL_REPRESENTATION('',(#1705),#1709);
#1705 = LINE('',#1706,#1707);
#1706 = CARTESIAN_POINT('',(0.,-0.6));
#1707 = VECTOR('',#1708,1.);
#1708 = DIRECTION('',(1.,-0.));
#1709 = ( GEOMETRIC_REPRESENTATION_CONTEXT(2) 
PARAMETRIC_REPRESENTATION_CONTEXT() REPRESENTATION_CONTEXT('2D SPACE',''
  ) );
#1710 = ORIENTED_EDGE('',*,*,#1711,.T.);
#1711 = EDGE_CURVE('',#1683,#1712,#1714,.T.);
#1712 = VERTEX_POINT('',#1713);
#1713 = CARTESIAN_POINT('',(-33.5,-1.885281374239,12.414718625761));
#1714 = SURFACE_CURVE('',#1715,(#1719,#1726),.PCURVE_S1.);
#1715 = LINE('',#1716,#1717);
#1716 = CARTESIAN_POINT('',(-33.5,2.057359312881,12.414718625761));
#1717 = VECTOR('',#1718,1.);
#1718 = DIRECTION('',(3.08148791102E-32,1.,-2.775557561563E-16));
#1719 = PCURVE('',#213,#1720);
#1720 = DEFINITIONAL_REPRESENTATION('',(#1721),#1725);
#1721 = LINE('',#1722,#1723);
#1722 = CARTESIAN_POINT('',(7.885281374239,-3.942640687119));
#1723 = VECTOR('',#1724,1.);
#1724 = DIRECTION('',(2.775557561563E-16,1.));
#1725 = ( GEOMETRIC_REPRESENTATION_CONTEXT(2) 
PARAMETRIC_REPRESENTATION_CONTEXT() REPRESENTATION_CONTEXT('2D SPACE',''
  ) );
#1726 = PCURVE('',#1727,#1732);
#1727 = PLANE('',#1728);
#1728 = AXIS2_PLACEMENT_3D('',#1729,#1730,#1731);
#1729 = CARTESIAN_POINT('',(-34.5,-1.885281374239,12.414718625761));
#1730 = DIRECTION('',(1.110223024625E-16,-2.775557561563E-16,-1.));
#1731 = DIRECTION('',(-3.08148791102E-32,-1.,2.775557561563E-16));
#1732 = DEFINITIONAL_REPRESENTATION('',(#1733),#1737);
#1733 = LINE('',#1734,#1735);
#1734 = CARTESIAN_POINT('',(-3.942640687119,-1.));
#1735 = VECTOR('',#1736,1.);
#1736 = DIRECTION('',(-1.,0.));
#1737 = ( GEOMETRIC_REPRESENTATION_CONTEXT(2) 
PARAMETRIC_REPRESENTATION_CONTEXT() REPRESENTATION_CONTEXT('2D SPACE',''
  ) );
#1738 = ORIENTED_EDGE('',*,*,#1739,.T.);
#1739 = EDGE_CURVE('',#1712,#1740,#1742,.T.);
#1740 = VERTEX_POINT('',#1741);
#1741 = CARTESIAN_POINT('',(-33.5,-1.885281374239,12.066997045483));
#1742 = SURFACE_CURVE('',#1743,(#1747,#1754),.PCURVE_S1.);
#1743 = LINE('',#1744,#1745);
#1744 = CARTESIAN_POINT('',(-33.5,-1.885281374239,15.757359312881));
#1745 = VECTOR('',#1746,1.);
#1746 = DIRECTION('',(1.110223024625E-16,-2.775557561563E-16,-1.));
#1747 = PCURVE('',#213,#1748);
#1748 = DEFINITIONAL_REPRESENTATION('',(#1749),#1753);
#1749 = LINE('',#1750,#1751);
#1750 = CARTESIAN_POINT('',(4.542640687119,-7.885281374239));
#1751 = VECTOR('',#1752,1.);
#1752 = DIRECTION('',(1.,-2.775557561563E-16));
#1753 = ( GEOMETRIC_REPRESENTATION_CONTEXT(2) 
PARAMETRIC_REPRESENTATION_CONTEXT() REPRESENTATION_CONTEXT('2D SPACE',''
  ) );
#1754 = PCURVE('',#1755,#1760);
#1755 = PLANE('',#1756);
#1756 = AXIS2_PLACEMENT_3D('',#1757,#1758,#1759);
#1757 = CARTESIAN_POINT('',(-34.5,-1.885281374239,11.214718625761));
#1758 = DIRECTION('',(-3.08148791102E-32,-1.,2.775557561563E-16));
#1759 = DIRECTION('',(-1.110223024625E-16,2.775557561563E-16,1.));
#1760 = DEFINITIONAL_REPRESENTATION('',(#1761),#1765);
#1761 = LINE('',#1762,#1763);
#1762 = CARTESIAN_POINT('',(4.542640687119,-1.));
#1763 = VECTOR('',#1764,1.);
#1764 = DIRECTION('',(-1.,0.));
#1765 = ( GEOMETRIC_REPRESENTATION_CONTEXT(2) 
PARAMETRIC_REPRESENTATION_CONTEXT() REPRESENTATION_CONTEXT('2D SPACE',''
  ) );
#1766 = ORIENTED_EDGE('',*,*,#1767,.T.);
#1767 = EDGE_CURVE('',#1740,#1768,#1770,.T.);
#1768 = VERTEX_POINT('',#1769);
#1769 = CARTESIAN_POINT('',(-33.5,8.839081396289E-02,10.552545110052));
#1770 = SURFACE_CURVE('',#1771,(#1776,#1783),.PCURVE_S1.);
#1771 = CIRCLE('',#1772,11.4);
#1772 = AXIS2_PLACEMENT_3D('',#1773,#1774,#1775);
#1773 = CARTESIAN_POINT('',(-33.5,6.,20.3));
#1774 = DIRECTION('',(1.,-0.,1.110223024625E-16));
#1775 = DIRECTION('',(1.110223024625E-16,0.,-1.));
#1776 = PCURVE('',#213,#1777);
#1777 = DEFINITIONAL_REPRESENTATION('',(#1778),#1782);
#1778 = CIRCLE('',#1779,11.4);
#1779 = AXIS2_PLACEMENT_2D('',#1780,#1781);
#1780 = CARTESIAN_POINT('',(0.,0.));
#1781 = DIRECTION('',(1.,0.));
#1782 = ( GEOMETRIC_REPRESENTATION_CONTEXT(2) 
PARAMETRIC_REPRESENTATION_CONTEXT() REPRESENTATION_CONTEXT('2D SPACE',''
  ) );
#1783 = PCURVE('',#1784,#1789);
#1784 = CONICAL_SURFACE('',#1785,12.,0.785398163397);
#1785 = AXIS2_PLACEMENT_3D('',#1786,#1787,#1788);
#1786 = CARTESIAN_POINT('',(-32.9,6.,20.3));
#1787 = DIRECTION('',(1.,0.,1.110223024625E-16));
#1788 = DIRECTION('',(1.110223024625E-16,0.,-1.));
#1789 = DEFINITIONAL_REPRESENTATION('',(#1790),#1794);
#1790 = LINE('',#1791,#1792);
#1791 = CARTESIAN_POINT('',(0.,-0.6));
#1792 = VECTOR('',#1793,1.);
#1793 = DIRECTION('',(1.,-0.));
#1794 = ( GEOMETRIC_REPRESENTATION_CONTEXT(2) 
PARAMETRIC_REPRESENTATION_CONTEXT() REPRESENTATION_CONTEXT('2D SPACE',''
  ) );
#1795 = ORIENTED_EDGE('',*,*,#1796,.T.);
#1796 = EDGE_CURVE('',#1768,#1797,#1799,.T.);
#1797 = VERTEX_POINT('',#1798);
#1798 = CARTESIAN_POINT('',(-33.5,0.424264068712,10.642542077422));
#1799 = SURFACE_CURVE('',#1800,(#1804,#1811),.PCURVE_S1.);
#1800 = LINE('',#1801,#1802);
#1801 = CARTESIAN_POINT('',(-33.5,4.232562532179,11.662972575244));
#1802 = VECTOR('',#1803,1.);
#1803 = DIRECTION('',(-2.873468630843E-17,0.965925826289,0.258819045103)
  );
#1804 = PCURVE('',#213,#1805);
#1805 = DEFINITIONAL_REPRESENTATION('',(#1806),#1810);
#1806 = LINE('',#1807,#1808);
#1807 = CARTESIAN_POINT('',(8.637027424756,-1.767437467821));
#1808 = VECTOR('',#1809,1.);
#1809 = DIRECTION('',(-0.258819045103,0.965925826289));
#1810 = ( GEOMETRIC_REPRESENTATION_CONTEXT(2) 
PARAMETRIC_REPRESENTATION_CONTEXT() REPRESENTATION_CONTEXT('2D SPACE',''
  ) );
#1811 = PCURVE('',#1812,#1817);
#1812 = PLANE('',#1813);
#1813 = AXIS2_PLACEMENT_3D('',#1814,#1815,#1816);
#1814 = CARTESIAN_POINT('',(-34.5,0.424264068712,10.642542077422));
#1815 = DIRECTION('',(1.072393092426E-16,0.258819045103,-0.965925826289)
  );
#1816 = DIRECTION('',(2.873468630843E-17,-0.965925826289,-0.258819045103
    ));
#1817 = DEFINITIONAL_REPRESENTATION('',(#1818),#1822);
#1818 = LINE('',#1819,#1820);
#1819 = CARTESIAN_POINT('',(-3.942640687119,-1.));
#1820 = VECTOR('',#1821,1.);
#1821 = DIRECTION('',(-1.,0.));
#1822 = ( GEOMETRIC_REPRESENTATION_CONTEXT(2) 
PARAMETRIC_REPRESENTATION_CONTEXT() REPRESENTATION_CONTEXT('2D SPACE',''
  ) );
#1823 = ORIENTED_EDGE('',*,*,#1824,.T.);
#1824 = EDGE_CURVE('',#1797,#1825,#1827,.T.);
#1825 = VERTEX_POINT('',#1826);
#1826 = CARTESIAN_POINT('',(-33.5,0.514261036081,10.306668822673));
#1827 = SURFACE_CURVE('',#1828,(#1832,#1839),.PCURVE_S1.);
#1828 = LINE('',#1829,#1830);
#1829 = CARTESIAN_POINT('',(-33.5,-0.440875002049,13.871285045115));
#1830 = VECTOR('',#1831,1.);
#1831 = DIRECTION('',(1.072393092426E-16,0.258819045103,-0.965925826289)
  );
#1832 = PCURVE('',#213,#1833);
#1833 = DEFINITIONAL_REPRESENTATION('',(#1834),#1838);
#1834 = LINE('',#1835,#1836);
#1835 = CARTESIAN_POINT('',(6.428714954885,-6.440875002049));
#1836 = VECTOR('',#1837,1.);
#1837 = DIRECTION('',(0.965925826289,0.258819045103));
#1838 = ( GEOMETRIC_REPRESENTATION_CONTEXT(2) 
PARAMETRIC_REPRESENTATION_CONTEXT() REPRESENTATION_CONTEXT('2D SPACE',''
  ) );
#1839 = PCURVE('',#1840,#1845);
#1840 = PLANE('',#1841);
#1841 = AXIS2_PLACEMENT_3D('',#1842,#1843,#1844);
#1842 = CARTESIAN_POINT('',(-34.5,0.734846922835,9.483431085875));
#1843 = DIRECTION('',(2.873468630843E-17,-0.965925826289,-0.258819045103
    ));
#1844 = DIRECTION('',(-1.072393092426E-16,-0.258819045103,0.965925826289
    ));
#1845 = DEFINITIONAL_REPRESENTATION('',(#1846),#1850);
#1846 = LINE('',#1847,#1848);
#1847 = CARTESIAN_POINT('',(4.542640687119,-1.));
#1848 = VECTOR('',#1849,1.);
#1849 = DIRECTION('',(-1.,0.));
#1850 = ( GEOMETRIC_REPRESENTATION_CONTEXT(2) 
PARAMETRIC_REPRESENTATION_CONTEXT() REPRESENTATION_CONTEXT('2D SPACE',''
  ) );
#1851 = ORIENTED_EDGE('',*,*,#1852,.T.);
#1852 = EDGE_CURVE('',#1825,#1853,#1855,.T.);
#1853 = VERTEX_POINT('',#1854);
#1854 = CARTESIAN_POINT('',(-33.5,2.812650979075,9.354644536663));
#1855 = SURFACE_CURVE('',#1856,(#1861,#1868),.PCURVE_S1.);
#1856 = CIRCLE('',#1857,11.4);
#1857 = AXIS2_PLACEMENT_3D('',#1858,#1859,#1860);
#1858 = CARTESIAN_POINT('',(-33.5,6.,20.3));
#1859 = DIRECTION('',(1.,-0.,1.110223024625E-16));
#1860 = DIRECTION('',(1.110223024625E-16,0.,-1.));
#1861 = PCURVE('',#213,#1862);
#1862 = DEFINITIONAL_REPRESENTATION('',(#1863),#1867);
#1863 = CIRCLE('',#1864,11.4);
#1864 = AXIS2_PLACEMENT_2D('',#1865,#1866);
#1865 = CARTESIAN_POINT('',(0.,0.));
#1866 = DIRECTION('',(1.,0.));
#1867 = ( GEOMETRIC_REPRESENTATION_CONTEXT(2) 
PARAMETRIC_REPRESENTATION_CONTEXT() REPRESENTATION_CONTEXT('2D SPACE',''
  ) );
#1868 = PCURVE('',#1869,#1874);
#1869 = CONICAL_SURFACE('',#1870,12.,0.785398163397);
#1870 = AXIS2_PLACEMENT_3D('',#1871,#1872,#1873);
#1871 = CARTESIAN_POINT('',(-32.9,6.,20.3));
#1872 = DIRECTION('',(1.,0.,1.110223024625E-16));
#1873 = DIRECTION('',(1.110223024625E-16,0.,-1.));
#1874 = DEFINITIONAL_REPRESENTATION('',(#1875),#1879);
#1875 = LINE('',#1876,#1877);
#1876 = CARTESIAN_POINT('',(0.,-0.6));
#1877 = VECTOR('',#1878,1.);
#1878 = DIRECTION('',(1.,-0.));
#1879 = ( GEOMETRIC_REPRESENTATION_CONTEXT(2) 
PARAMETRIC_REPRESENTATION_CONTEXT() REPRESENTATION_CONTEXT('2D SPACE',''
  ) );
#1880 = ORIENTED_EDGE('',*,*,#1881,.T.);
#1881 = EDGE_CURVE('',#1853,#1882,#1884,.T.);
#1882 = VERTEX_POINT('',#1883);
#1883 = CARTESIAN_POINT('',(-33.5,3.11378670104,9.528505326802));
#1884 = SURFACE_CURVE('',#1885,(#1889,#1896),.PCURVE_S1.);
#1885 = LINE('',#1886,#1887);
#1886 = CARTESIAN_POINT('',(-33.5,6.52821369408,11.499825670361));
#1887 = VECTOR('',#1888,1.);
#1888 = DIRECTION('',(-5.551115123126E-17,0.866025403784,0.5));
#1889 = PCURVE('',#213,#1890);
#1890 = DEFINITIONAL_REPRESENTATION('',(#1891),#1895);
#1891 = LINE('',#1892,#1893);
#1892 = CARTESIAN_POINT('',(8.800174329639,0.52821369408));
#1893 = VECTOR('',#1894,1.);
#1894 = DIRECTION('',(-0.5,0.866025403784));
#1895 = ( GEOMETRIC_REPRESENTATION_CONTEXT(2) 
PARAMETRIC_REPRESENTATION_CONTEXT() REPRESENTATION_CONTEXT('2D SPACE',''
  ) );
#1896 = PCURVE('',#1897,#1902);
#1897 = PLANE('',#1898);
#1898 = AXIS2_PLACEMENT_3D('',#1899,#1900,#1901);
#1899 = CARTESIAN_POINT('',(-34.5,3.11378670104,9.528505326802));
#1900 = DIRECTION('',(9.614813431918E-17,0.5,-0.866025403784));
#1901 = DIRECTION('',(5.551115123126E-17,-0.866025403784,-0.5));
#1902 = DEFINITIONAL_REPRESENTATION('',(#1903),#1907);
#1903 = LINE('',#1904,#1905);
#1904 = CARTESIAN_POINT('',(-3.942640687119,-1.));
#1905 = VECTOR('',#1906,1.);
#1906 = DIRECTION('',(-1.,0.));
#1907 = ( GEOMETRIC_REPRESENTATION_CONTEXT(2) 
PARAMETRIC_REPRESENTATION_CONTEXT() REPRESENTATION_CONTEXT('2D SPACE',''
  ) );
#1908 = ORIENTED_EDGE('',*,*,#1909,.T.);
#1909 = EDGE_CURVE('',#1882,#1910,#1912,.T.);
#1910 = VERTEX_POINT('',#1911);
#1911 = CARTESIAN_POINT('',(-33.5,3.28764749118,9.227369604837));
#1912 = SURFACE_CURVE('',#1913,(#1917,#1924),.PCURVE_S1.);
#1913 = LINE('',#1914,#1915);
#1914 = CARTESIAN_POINT('',(-33.5,1.442466357481,12.423317077571));
#1915 = VECTOR('',#1916,1.);
#1916 = DIRECTION('',(9.614813431918E-17,0.5,-0.866025403784));
#1917 = PCURVE('',#213,#1918);
#1918 = DEFINITIONAL_REPRESENTATION('',(#1919),#1923);
#1919 = LINE('',#1920,#1921);
#1920 = CARTESIAN_POINT('',(7.876682922429,-4.557533642519));
#1921 = VECTOR('',#1922,1.);
#1922 = DIRECTION('',(0.866025403784,0.5));
#1923 = ( GEOMETRIC_REPRESENTATION_CONTEXT(2) 
PARAMETRIC_REPRESENTATION_CONTEXT() REPRESENTATION_CONTEXT('2D SPACE',''
  ) );
#1924 = PCURVE('',#1925,#1930);
#1925 = PLANE('',#1926);
#1926 = AXIS2_PLACEMENT_3D('',#1927,#1928,#1929);
#1927 = CARTESIAN_POINT('',(-34.5,3.71378670104,8.489274842261));
#1928 = DIRECTION('',(5.551115123126E-17,-0.866025403784,-0.5));
#1929 = DIRECTION('',(-9.614813431918E-17,-0.5,0.866025403784));
#1930 = DEFINITIONAL_REPRESENTATION('',(#1931),#1935);
#1931 = LINE('',#1932,#1933);
#1932 = CARTESIAN_POINT('',(4.542640687119,-1.));
#1933 = VECTOR('',#1934,1.);
#1934 = DIRECTION('',(-1.,0.));
#1935 = ( GEOMETRIC_REPRESENTATION_CONTEXT(2) 
PARAMETRIC_REPRESENTATION_CONTEXT() REPRESENTATION_CONTEXT('2D SPACE',''
  ) );
#1936 = ORIENTED_EDGE('',*,*,#1937,.T.);
#1937 = EDGE_CURVE('',#1910,#1938,#1940,.T.);
#1938 = VERTEX_POINT('',#1939);
#1939 = CARTESIAN_POINT('',(-33.5,5.75412371262,8.902651850044));
#1940 = SURFACE_CURVE('',#1941,(#1946,#1953),.PCURVE_S1.);
#1941 = CIRCLE('',#1942,11.4);
#1942 = AXIS2_PLACEMENT_3D('',#1943,#1944,#1945);
#1943 = CARTESIAN_POINT('',(-33.5,6.,20.3));
#1944 = DIRECTION('',(1.,-0.,1.110223024625E-16));
#1945 = DIRECTION('',(1.110223024625E-16,0.,-1.));
#1946 = PCURVE('',#213,#1947);
#1947 = DEFINITIONAL_REPRESENTATION('',(#1948),#1952);
#1948 = CIRCLE('',#1949,11.4);
#1949 = AXIS2_PLACEMENT_2D('',#1950,#1951);
#1950 = CARTESIAN_POINT('',(0.,0.));
#1951 = DIRECTION('',(1.,0.));
#1952 = ( GEOMETRIC_REPRESENTATION_CONTEXT(2) 
PARAMETRIC_REPRESENTATION_CONTEXT() REPRESENTATION_CONTEXT('2D SPACE',''
  ) );
#1953 = PCURVE('',#1954,#1959);
#1954 = CONICAL_SURFACE('',#1955,12.,0.785398163397);
#1955 = AXIS2_PLACEMENT_3D('',#1956,#1957,#1958);
#1956 = CARTESIAN_POINT('',(-32.9,6.,20.3));
#1957 = DIRECTION('',(1.,0.,1.110223024625E-16));
#1958 = DIRECTION('',(1.110223024625E-16,0.,-1.));
#1959 = DEFINITIONAL_REPRESENTATION('',(#1960),#1964);
#1960 = LINE('',#1961,#1962);
#1961 = CARTESIAN_POINT('',(0.,-0.6));
#1962 = VECTOR('',#1963,1.);
#1963 = DIRECTION('',(1.,-0.));
#1964 = ( GEOMETRIC_REPRESENTATION_CONTEXT(2) 
PARAMETRIC_REPRESENTATION_CONTEXT() REPRESENTATION_CONTEXT('2D SPACE',''
  ) );
#1965 = ORIENTED_EDGE('',*,*,#1966,.T.);
#1966 = EDGE_CURVE('',#1938,#498,#1967,.T.);
#1967 = SURFACE_CURVE('',#1968,(#1972,#1979),.PCURVE_S1.);
#1968 = LINE('',#1969,#1970);
#1969 = CARTESIAN_POINT('',(-33.5,8.787867965644,11.936396103068));
#1970 = VECTOR('',#1971,1.);
#1971 = DIRECTION('',(-7.850462293419E-17,0.707106781187,0.707106781187)
  );
#1972 = PCURVE('',#213,#1973);
#1973 = DEFINITIONAL_REPRESENTATION('',(#1974),#1978);
#1974 = LINE('',#1975,#1976);
#1975 = CARTESIAN_POINT('',(8.363603896932,2.787867965644));
#1976 = VECTOR('',#1977,1.);
#1977 = DIRECTION('',(-0.707106781187,0.707106781187));
#1978 = ( GEOMETRIC_REPRESENTATION_CONTEXT(2) 
PARAMETRIC_REPRESENTATION_CONTEXT() REPRESENTATION_CONTEXT('2D SPACE',''
  ) );
#1979 = PCURVE('',#515,#1980);
#1980 = DEFINITIONAL_REPRESENTATION('',(#1981),#1985);
#1981 = LINE('',#1982,#1983);
#1982 = CARTESIAN_POINT('',(-3.942640687119,-1.));
#1983 = VECTOR('',#1984,1.);
#1984 = DIRECTION('',(-1.,0.));
#1985 = ( GEOMETRIC_REPRESENTATION_CONTEXT(2) 
PARAMETRIC_REPRESENTATION_CONTEXT() REPRESENTATION_CONTEXT('2D SPACE',''
  ) );
#1986 = ORIENTED_EDGE('',*,*,#527,.T.);
#1987 = ORIENTED_EDGE('',*,*,#198,.T.);
#1988 = ORIENTED_EDGE('',*,*,#228,.T.);
#1989 = ORIENTED_EDGE('',*,*,#1990,.T.);
#1990 = EDGE_CURVE('',#229,#1991,#1993,.T.);
#1991 = VERTEX_POINT('',#1992);
#1992 = CARTESIAN_POINT('',(-33.5,9.187349020925,9.354644536663));
#1993 = SURFACE_CURVE('',#1994,(#1998,#2005),.PCURVE_S1.);
#1994 = LINE('',#1995,#1996);
#1995 = CARTESIAN_POINT('',(-33.5,5.991401548191,11.199825670361));
#1996 = VECTOR('',#1997,1.);
#1997 = DIRECTION('',(5.551115123126E-17,0.866025403784,-0.5));
#1998 = PCURVE('',#213,#1999);
#1999 = DEFINITIONAL_REPRESENTATION('',(#2000),#2004);
#2000 = LINE('',#2001,#2002);
#2001 = CARTESIAN_POINT('',(9.100174329639,-8.598451809188E-03));
#2002 = VECTOR('',#2003,1.);
#2003 = DIRECTION('',(0.5,0.866025403784));
#2004 = ( GEOMETRIC_REPRESENTATION_CONTEXT(2) 
PARAMETRIC_REPRESENTATION_CONTEXT() REPRESENTATION_CONTEXT('2D SPACE',''
  ) );
#2005 = PCURVE('',#267,#2006);
#2006 = DEFINITIONAL_REPRESENTATION('',(#2007),#2011);
#2007 = LINE('',#2008,#2009);
#2008 = CARTESIAN_POINT('',(4.542640687119,-1.));
#2009 = VECTOR('',#2010,1.);
#2010 = DIRECTION('',(-1.,0.));
#2011 = ( GEOMETRIC_REPRESENTATION_CONTEXT(2) 
PARAMETRIC_REPRESENTATION_CONTEXT() REPRESENTATION_CONTEXT('2D SPACE',''
  ) );
#2012 = ORIENTED_EDGE('',*,*,#2013,.T.);
#2013 = EDGE_CURVE('',#1991,#2014,#2016,.T.);
#2014 = VERTEX_POINT('',#2015);
#2015 = CARTESIAN_POINT('',(-33.5,11.485738963919,10.306668822673));
#2016 = SURFACE_CURVE('',#2017,(#2022,#2029),.PCURVE_S1.);
#2017 = CIRCLE('',#2018,11.4);
#2018 = AXIS2_PLACEMENT_3D('',#2019,#2020,#2021);
#2019 = CARTESIAN_POINT('',(-33.5,6.,20.3));
#2020 = DIRECTION('',(1.,-0.,1.110223024625E-16));
#2021 = DIRECTION('',(1.110223024625E-16,0.,-1.));
#2022 = PCURVE('',#213,#2023);
#2023 = DEFINITIONAL_REPRESENTATION('',(#2024),#2028);
#2024 = CIRCLE('',#2025,11.4);
#2025 = AXIS2_PLACEMENT_2D('',#2026,#2027);
#2026 = CARTESIAN_POINT('',(0.,0.));
#2027 = DIRECTION('',(1.,0.));
#2028 = ( GEOMETRIC_REPRESENTATION_CONTEXT(2) 
PARAMETRIC_REPRESENTATION_CONTEXT() REPRESENTATION_CONTEXT('2D SPACE',''
  ) );
#2029 = PCURVE('',#2030,#2035);
#2030 = CONICAL_SURFACE('',#2031,12.,0.785398163397);
#2031 = AXIS2_PLACEMENT_3D('',#2032,#2033,#2034);
#2032 = CARTESIAN_POINT('',(-32.9,6.,20.3));
#2033 = DIRECTION('',(1.,0.,1.110223024625E-16));
#2034 = DIRECTION('',(1.110223024625E-16,0.,-1.));
#2035 = DEFINITIONAL_REPRESENTATION('',(#2036),#2040);
#2036 = LINE('',#2037,#2038);
#2037 = CARTESIAN_POINT('',(0.,-0.6));
#2038 = VECTOR('',#2039,1.);
#2039 = DIRECTION('',(1.,-0.));
#2040 = ( GEOMETRIC_REPRESENTATION_CONTEXT(2) 
PARAMETRIC_REPRESENTATION_CONTEXT() REPRESENTATION_CONTEXT('2D SPACE',''
  ) );
#2041 = ORIENTED_EDGE('',*,*,#2042,.T.);
#2042 = EDGE_CURVE('',#2014,#2043,#2045,.T.);
#2043 = VERTEX_POINT('',#2044);
#2044 = CARTESIAN_POINT('',(-33.5,11.575735931288,10.642542077422));
#2045 = SURFACE_CURVE('',#2046,(#2050,#2057),.PCURVE_S1.);
#2046 = LINE('',#2047,#2048);
#2047 = CARTESIAN_POINT('',(-33.5,12.596166429111,14.450840540888));
#2048 = VECTOR('',#2049,1.);
#2049 = DIRECTION('',(-1.072393092426E-16,0.258819045103,0.965925826289)
  );
#2050 = PCURVE('',#213,#2051);
#2051 = DEFINITIONAL_REPRESENTATION('',(#2052),#2056);
#2052 = LINE('',#2053,#2054);
#2053 = CARTESIAN_POINT('',(5.849159459112,6.596166429111));
#2054 = VECTOR('',#2055,1.);
#2055 = DIRECTION('',(-0.965925826289,0.258819045103));
#2056 = ( GEOMETRIC_REPRESENTATION_CONTEXT(2) 
PARAMETRIC_REPRESENTATION_CONTEXT() REPRESENTATION_CONTEXT('2D SPACE',''
  ) );
#2057 = PCURVE('',#2058,#2063);
#2058 = PLANE('',#2059);
#2059 = AXIS2_PLACEMENT_3D('',#2060,#2061,#2062);
#2060 = CARTESIAN_POINT('',(-34.5,11.575735931288,10.642542077422));
#2061 = DIRECTION('',(2.873468630843E-17,0.965925826289,-0.258819045103)
  );
#2062 = DIRECTION('',(1.072393092426E-16,-0.258819045103,-0.965925826289
    ));
#2063 = DEFINITIONAL_REPRESENTATION('',(#2064),#2068);
#2064 = LINE('',#2065,#2066);
#2065 = CARTESIAN_POINT('',(-3.942640687119,-1.));
#2066 = VECTOR('',#2067,1.);
#2067 = DIRECTION('',(-1.,0.));
#2068 = ( GEOMETRIC_REPRESENTATION_CONTEXT(2) 
PARAMETRIC_REPRESENTATION_CONTEXT() REPRESENTATION_CONTEXT('2D SPACE',''
  ) );
#2069 = ORIENTED_EDGE('',*,*,#2070,.T.);
#2070 = EDGE_CURVE('',#2043,#2071,#2073,.T.);
#2071 = VERTEX_POINT('',#2072);
#2072 = CARTESIAN_POINT('',(-33.5,11.911609186037,10.552545110052));
#2073 = SURFACE_CURVE('',#2074,(#2078,#2085),.PCURVE_S1.);
#2074 = LINE('',#2075,#2076);
#2075 = CARTESIAN_POINT('',(-33.5,8.346992963595,11.507681148183));
#2076 = VECTOR('',#2077,1.);
#2077 = DIRECTION('',(2.873468630843E-17,0.965925826289,-0.258819045103)
  );
#2078 = PCURVE('',#213,#2079);
#2079 = DEFINITIONAL_REPRESENTATION('',(#2080),#2084);
#2080 = LINE('',#2081,#2082);
#2081 = CARTESIAN_POINT('',(8.792318851817,2.346992963595));
#2082 = VECTOR('',#2083,1.);
#2083 = DIRECTION('',(0.258819045103,0.965925826289));
#2084 = ( GEOMETRIC_REPRESENTATION_CONTEXT(2) 
PARAMETRIC_REPRESENTATION_CONTEXT() REPRESENTATION_CONTEXT('2D SPACE',''
  ) );
#2085 = PCURVE('',#2086,#2091);
#2086 = PLANE('',#2087);
#2087 = AXIS2_PLACEMENT_3D('',#2088,#2089,#2090);
#2088 = CARTESIAN_POINT('',(-34.5,12.734846922835,10.331959223299));
#2089 = DIRECTION('',(1.072393092426E-16,-0.258819045103,-0.965925826289
    ));
#2090 = DIRECTION('',(-2.873468630843E-17,-0.965925826289,0.258819045103
    ));
#2091 = DEFINITIONAL_REPRESENTATION('',(#2092),#2096);
#2092 = LINE('',#2093,#2094);
#2093 = CARTESIAN_POINT('',(4.542640687119,-1.));
#2094 = VECTOR('',#2095,1.);
#2095 = DIRECTION('',(-1.,0.));
#2096 = ( GEOMETRIC_REPRESENTATION_CONTEXT(2) 
PARAMETRIC_REPRESENTATION_CONTEXT() REPRESENTATION_CONTEXT('2D SPACE',''
  ) );
#2097 = ORIENTED_EDGE('',*,*,#2098,.T.);
#2098 = EDGE_CURVE('',#2071,#2099,#2101,.T.);
#2099 = VERTEX_POINT('',#2100);
#2100 = CARTESIAN_POINT('',(-33.5,13.885281374239,12.066997045483));
#2101 = SURFACE_CURVE('',#2102,(#2107,#2114),.PCURVE_S1.);
#2102 = CIRCLE('',#2103,11.4);
#2103 = AXIS2_PLACEMENT_3D('',#2104,#2105,#2106);
#2104 = CARTESIAN_POINT('',(-33.5,6.,20.3));
#2105 = DIRECTION('',(1.,-0.,1.110223024625E-16));
#2106 = DIRECTION('',(1.110223024625E-16,0.,-1.));
#2107 = PCURVE('',#213,#2108);
#2108 = DEFINITIONAL_REPRESENTATION('',(#2109),#2113);
#2109 = CIRCLE('',#2110,11.4);
#2110 = AXIS2_PLACEMENT_2D('',#2111,#2112);
#2111 = CARTESIAN_POINT('',(0.,0.));
#2112 = DIRECTION('',(1.,0.));
#2113 = ( GEOMETRIC_REPRESENTATION_CONTEXT(2) 
PARAMETRIC_REPRESENTATION_CONTEXT() REPRESENTATION_CONTEXT('2D SPACE',''
  ) );
#2114 = PCURVE('',#2115,#2120);
#2115 = CONICAL_SURFACE('',#2116,12.,0.785398163397);
#2116 = AXIS2_PLACEMENT_3D('',#2117,#2118,#2119);
#2117 = CARTESIAN_POINT('',(-32.9,6.,20.3));
#2118 = DIRECTION('',(1.,0.,1.110223024625E-16));
#2119 = DIRECTION('',(1.110223024625E-16,0.,-1.));
#2120 = DEFINITIONAL_REPRESENTATION('',(#2121),#2125);
#2121 = LINE('',#2122,#2123);
#2122 = CARTESIAN_POINT('',(0.,-0.6));
#2123 = VECTOR('',#2124,1.);
#2124 = DIRECTION('',(1.,-0.));
#2125 = ( GEOMETRIC_REPRESENTATION_CONTEXT(2) 
PARAMETRIC_REPRESENTATION_CONTEXT() REPRESENTATION_CONTEXT('2D SPACE',''
  ) );
#2126 = ORIENTED_EDGE('',*,*,#2127,.T.);
#2127 = EDGE_CURVE('',#2099,#2128,#2130,.T.);
#2128 = VERTEX_POINT('',#2129);
#2129 = CARTESIAN_POINT('',(-33.5,13.885281374239,12.414718625761));
#2130 = SURFACE_CURVE('',#2131,(#2135,#2142),.PCURVE_S1.);
#2131 = LINE('',#2132,#2133);
#2132 = CARTESIAN_POINT('',(-33.5,13.885281374239,16.357359312881));
#2133 = VECTOR('',#2134,1.);
#2134 = DIRECTION('',(-1.110223024625E-16,2.22044604925E-16,1.));
#2135 = PCURVE('',#213,#2136);
#2136 = DEFINITIONAL_REPRESENTATION('',(#2137),#2141);
#2137 = LINE('',#2138,#2139);
#2138 = CARTESIAN_POINT('',(3.942640687119,7.885281374239));
#2139 = VECTOR('',#2140,1.);
#2140 = DIRECTION('',(-1.,2.22044604925E-16));
#2141 = ( GEOMETRIC_REPRESENTATION_CONTEXT(2) 
PARAMETRIC_REPRESENTATION_CONTEXT() REPRESENTATION_CONTEXT('2D SPACE',''
  ) );
#2142 = PCURVE('',#2143,#2148);
#2143 = PLANE('',#2144);
#2144 = AXIS2_PLACEMENT_3D('',#2145,#2146,#2147);
#2145 = CARTESIAN_POINT('',(-34.5,13.885281374239,12.414718625761));
#2146 = DIRECTION('',(2.465190328816E-32,1.,-2.22044604925E-16));
#2147 = DIRECTION('',(1.110223024625E-16,-2.22044604925E-16,-1.));
#2148 = DEFINITIONAL_REPRESENTATION('',(#2149),#2153);
#2149 = LINE('',#2150,#2151);
#2150 = CARTESIAN_POINT('',(-3.942640687119,-1.));
#2151 = VECTOR('',#2152,1.);
#2152 = DIRECTION('',(-1.,0.));
#2153 = ( GEOMETRIC_REPRESENTATION_CONTEXT(2) 
PARAMETRIC_REPRESENTATION_CONTEXT() REPRESENTATION_CONTEXT('2D SPACE',''
  ) );
#2154 = ORIENTED_EDGE('',*,*,#2155,.T.);
#2155 = EDGE_CURVE('',#2128,#2156,#2158,.T.);
#2156 = VERTEX_POINT('',#2157);
#2157 = CARTESIAN_POINT('',(-33.5,14.233002954517,12.414718625761));
#2158 = SURFACE_CURVE('',#2159,(#2163,#2170),.PCURVE_S1.);
#2159 = LINE('',#2160,#2161);
#2160 = CARTESIAN_POINT('',(-33.5,10.542640687119,12.414718625761));
#2161 = VECTOR('',#2162,1.);
#2162 = DIRECTION('',(2.465190328816E-32,1.,-2.22044604925E-16));
#2163 = PCURVE('',#213,#2164);
#2164 = DEFINITIONAL_REPRESENTATION('',(#2165),#2169);
#2165 = LINE('',#2166,#2167);
#2166 = CARTESIAN_POINT('',(7.885281374239,4.542640687119));
#2167 = VECTOR('',#2168,1.);
#2168 = DIRECTION('',(2.22044604925E-16,1.));
#2169 = ( GEOMETRIC_REPRESENTATION_CONTEXT(2) 
PARAMETRIC_REPRESENTATION_CONTEXT() REPRESENTATION_CONTEXT('2D SPACE',''
  ) );
#2170 = PCURVE('',#2171,#2176);
#2171 = PLANE('',#2172);
#2172 = AXIS2_PLACEMENT_3D('',#2173,#2174,#2175);
#2173 = CARTESIAN_POINT('',(-34.5,15.085281374239,12.414718625761));
#2174 = DIRECTION('',(1.110223024625E-16,-2.22044604925E-16,-1.));
#2175 = DIRECTION('',(-2.465190328816E-32,-1.,2.22044604925E-16));
#2176 = DEFINITIONAL_REPRESENTATION('',(#2177),#2181);
#2177 = LINE('',#2178,#2179);
#2178 = CARTESIAN_POINT('',(4.542640687119,-1.));
#2179 = VECTOR('',#2180,1.);
#2180 = DIRECTION('',(-1.,0.));
#2181 = ( GEOMETRIC_REPRESENTATION_CONTEXT(2) 
PARAMETRIC_REPRESENTATION_CONTEXT() REPRESENTATION_CONTEXT('2D SPACE',''
  ) );
#2182 = ORIENTED_EDGE('',*,*,#2183,.T.);
#2183 = EDGE_CURVE('',#2156,#2184,#2186,.T.);
#2184 = VERTEX_POINT('',#2185);
#2185 = CARTESIAN_POINT('',(-33.5,15.747454889948,14.388390813963));
#2186 = SURFACE_CURVE('',#2187,(#2192,#2199),.PCURVE_S1.);
#2187 = CIRCLE('',#2188,11.4);
#2188 = AXIS2_PLACEMENT_3D('',#2189,#2190,#2191);
#2189 = CARTESIAN_POINT('',(-33.5,6.,20.3));
#2190 = DIRECTION('',(1.,-0.,1.110223024625E-16));
#2191 = DIRECTION('',(1.110223024625E-16,0.,-1.));
#2192 = PCURVE('',#213,#2193);
#2193 = DEFINITIONAL_REPRESENTATION('',(#2194),#2198);
#2194 = CIRCLE('',#2195,11.4);
#2195 = AXIS2_PLACEMENT_2D('',#2196,#2197);
#2196 = CARTESIAN_POINT('',(0.,0.));
#2197 = DIRECTION('',(1.,0.));
#2198 = ( GEOMETRIC_REPRESENTATION_CONTEXT(2) 
PARAMETRIC_REPRESENTATION_CONTEXT() REPRESENTATION_CONTEXT('2D SPACE',''
  ) );
#2199 = PCURVE('',#2200,#2205);
#2200 = CONICAL_SURFACE('',#2201,12.,0.785398163397);
#2201 = AXIS2_PLACEMENT_3D('',#2202,#2203,#2204);
#2202 = CARTESIAN_POINT('',(-32.9,6.,20.3));
#2203 = DIRECTION('',(1.,0.,1.110223024625E-16));
#2204 = DIRECTION('',(1.110223024625E-16,0.,-1.));
#2205 = DEFINITIONAL_REPRESENTATION('',(#2206),#2210);
#2206 = LINE('',#2207,#2208);
#2207 = CARTESIAN_POINT('',(0.,-0.6));
#2208 = VECTOR('',#2209,1.);
#2209 = DIRECTION('',(1.,-0.));
#2210 = ( GEOMETRIC_REPRESENTATION_CONTEXT(2) 
PARAMETRIC_REPRESENTATION_CONTEXT() REPRESENTATION_CONTEXT('2D SPACE',''
  ) );
#2211 = ORIENTED_EDGE('',*,*,#2212,.T.);
#2212 = EDGE_CURVE('',#2184,#2213,#2215,.T.);
#2213 = VERTEX_POINT('',#2214);
#2214 = CARTESIAN_POINT('',(-33.5,15.657457922578,14.724264068712));
#2215 = SURFACE_CURVE('',#2216,(#2220,#2227),.PCURVE_S1.);
#2216 = LINE('',#2217,#2218);
#2217 = CARTESIAN_POINT('',(-33.5,14.637027424756,18.532562532179));
#2218 = VECTOR('',#2219,1.);
#2219 = DIRECTION('',(-1.072393092426E-16,-0.258819045103,0.965925826289
    ));
#2220 = PCURVE('',#213,#2221);
#2221 = DEFINITIONAL_REPRESENTATION('',(#2222),#2226);
#2222 = LINE('',#2223,#2224);
#2223 = CARTESIAN_POINT('',(1.767437467821,8.637027424756));
#2224 = VECTOR('',#2225,1.);
#2225 = DIRECTION('',(-0.965925826289,-0.258819045103));
#2226 = ( GEOMETRIC_REPRESENTATION_CONTEXT(2) 
PARAMETRIC_REPRESENTATION_CONTEXT() REPRESENTATION_CONTEXT('2D SPACE',''
  ) );
#2227 = PCURVE('',#2228,#2233);
#2228 = PLANE('',#2229);
#2229 = AXIS2_PLACEMENT_3D('',#2230,#2231,#2232);
#2230 = CARTESIAN_POINT('',(-34.5,15.657457922578,14.724264068712));
#2231 = DIRECTION('',(-2.873468630843E-17,0.965925826289,0.258819045103)
  );
#2232 = DIRECTION('',(1.072393092426E-16,0.258819045103,-0.965925826289)
  );
#2233 = DEFINITIONAL_REPRESENTATION('',(#2234),#2238);
#2234 = LINE('',#2235,#2236);
#2235 = CARTESIAN_POINT('',(-3.942640687119,-1.));
#2236 = VECTOR('',#2237,1.);
#2237 = DIRECTION('',(-1.,0.));
#2238 = ( GEOMETRIC_REPRESENTATION_CONTEXT(2) 
PARAMETRIC_REPRESENTATION_CONTEXT() REPRESENTATION_CONTEXT('2D SPACE',''
  ) );
#2239 = ORIENTED_EDGE('',*,*,#2240,.T.);
#2240 = EDGE_CURVE('',#2213,#2241,#2243,.T.);
#2241 = VERTEX_POINT('',#2242);
#2242 = CARTESIAN_POINT('',(-33.5,15.993331177327,14.814261036081));
#2243 = SURFACE_CURVE('',#2244,(#2248,#2255),.PCURVE_S1.);
#2244 = LINE('',#2245,#2246);
#2245 = CARTESIAN_POINT('',(-33.5,12.428714954885,13.859124997951));
#2246 = VECTOR('',#2247,1.);
#2247 = DIRECTION('',(-2.873468630843E-17,0.965925826289,0.258819045103)
  );
#2248 = PCURVE('',#213,#2249);
#2249 = DEFINITIONAL_REPRESENTATION('',(#2250),#2254);
#2250 = LINE('',#2251,#2252);
#2251 = CARTESIAN_POINT('',(6.440875002049,6.428714954885));
#2252 = VECTOR('',#2253,1.);
#2253 = DIRECTION('',(-0.258819045103,0.965925826289));
#2254 = ( GEOMETRIC_REPRESENTATION_CONTEXT(2) 
PARAMETRIC_REPRESENTATION_CONTEXT() REPRESENTATION_CONTEXT('2D SPACE',''
  ) );
#2255 = PCURVE('',#2256,#2261);
#2256 = PLANE('',#2257);
#2257 = AXIS2_PLACEMENT_3D('',#2258,#2259,#2260);
#2258 = CARTESIAN_POINT('',(-34.5,16.816568914125,15.034846922835));
#2259 = DIRECTION('',(1.072393092426E-16,0.258819045103,-0.965925826289)
  );
#2260 = DIRECTION('',(2.873468630843E-17,-0.965925826289,-0.258819045103
    ));
#2261 = DEFINITIONAL_REPRESENTATION('',(#2262),#2266);
#2262 = LINE('',#2263,#2264);
#2263 = CARTESIAN_POINT('',(4.542640687119,-1.));
#2264 = VECTOR('',#2265,1.);
#2265 = DIRECTION('',(-1.,0.));
#2266 = ( GEOMETRIC_REPRESENTATION_CONTEXT(2) 
PARAMETRIC_REPRESENTATION_CONTEXT() REPRESENTATION_CONTEXT('2D SPACE',''
  ) );
#2267 = ORIENTED_EDGE('',*,*,#2268,.T.);
#2268 = EDGE_CURVE('',#2241,#2269,#2271,.T.);
#2269 = VERTEX_POINT('',#2270);
#2270 = CARTESIAN_POINT('',(-33.5,16.945355463337,17.112650979075));
#2271 = SURFACE_CURVE('',#2272,(#2277,#2284),.PCURVE_S1.);
#2272 = CIRCLE('',#2273,11.4);
#2273 = AXIS2_PLACEMENT_3D('',#2274,#2275,#2276);
#2274 = CARTESIAN_POINT('',(-33.5,6.,20.3));
#2275 = DIRECTION('',(1.,-0.,1.110223024625E-16));
#2276 = DIRECTION('',(1.110223024625E-16,0.,-1.));
#2277 = PCURVE('',#213,#2278);
#2278 = DEFINITIONAL_REPRESENTATION('',(#2279),#2283);
#2279 = CIRCLE('',#2280,11.4);
#2280 = AXIS2_PLACEMENT_2D('',#2281,#2282);
#2281 = CARTESIAN_POINT('',(0.,0.));
#2282 = DIRECTION('',(1.,0.));
#2283 = ( GEOMETRIC_REPRESENTATION_CONTEXT(2) 
PARAMETRIC_REPRESENTATION_CONTEXT() REPRESENTATION_CONTEXT('2D SPACE',''
  ) );
#2284 = PCURVE('',#2285,#2290);
#2285 = CONICAL_SURFACE('',#2286,12.,0.785398163397);
#2286 = AXIS2_PLACEMENT_3D('',#2287,#2288,#2289);
#2287 = CARTESIAN_POINT('',(-32.9,6.,20.3));
#2288 = DIRECTION('',(1.,0.,1.110223024625E-16));
#2289 = DIRECTION('',(1.110223024625E-16,0.,-1.));
#2290 = DEFINITIONAL_REPRESENTATION('',(#2291),#2295);
#2291 = LINE('',#2292,#2293);
#2292 = CARTESIAN_POINT('',(0.,-0.6));
#2293 = VECTOR('',#2294,1.);
#2294 = DIRECTION('',(1.,-0.));
#2295 = ( GEOMETRIC_REPRESENTATION_CONTEXT(2) 
PARAMETRIC_REPRESENTATION_CONTEXT() REPRESENTATION_CONTEXT('2D SPACE',''
  ) );
#2296 = ORIENTED_EDGE('',*,*,#2297,.T.);
#2297 = EDGE_CURVE('',#2269,#2298,#2300,.T.);
#2298 = VERTEX_POINT('',#2299);
#2299 = CARTESIAN_POINT('',(-33.5,16.771494673198,17.41378670104));
#2300 = SURFACE_CURVE('',#2301,(#2305,#2312),.PCURVE_S1.);
#2301 = LINE('',#2302,#2303);
#2302 = CARTESIAN_POINT('',(-33.5,14.800174329639,20.82821369408));
#2303 = VECTOR('',#2304,1.);
#2304 = DIRECTION('',(-9.614813431918E-17,-0.5,0.866025403784));
#2305 = PCURVE('',#213,#2306);
#2306 = DEFINITIONAL_REPRESENTATION('',(#2307),#2311);
#2307 = LINE('',#2308,#2309);
#2308 = CARTESIAN_POINT('',(-0.52821369408,8.800174329639));
#2309 = VECTOR('',#2310,1.);
#2310 = DIRECTION('',(-0.866025403784,-0.5));
#2311 = ( GEOMETRIC_REPRESENTATION_CONTEXT(2) 
PARAMETRIC_REPRESENTATION_CONTEXT() REPRESENTATION_CONTEXT('2D SPACE',''
  ) );
#2312 = PCURVE('',#2313,#2318);
#2313 = PLANE('',#2314);
#2314 = AXIS2_PLACEMENT_3D('',#2315,#2316,#2317);
#2315 = CARTESIAN_POINT('',(-34.5,16.771494673198,17.41378670104));
#2316 = DIRECTION('',(-5.551115123126E-17,0.866025403784,0.5));
#2317 = DIRECTION('',(9.614813431918E-17,0.5,-0.866025403784));
#2318 = DEFINITIONAL_REPRESENTATION('',(#2319),#2323);
#2319 = LINE('',#2320,#2321);
#2320 = CARTESIAN_POINT('',(-3.942640687119,-1.));
#2321 = VECTOR('',#2322,1.);
#2322 = DIRECTION('',(-1.,0.));
#2323 = ( GEOMETRIC_REPRESENTATION_CONTEXT(2) 
PARAMETRIC_REPRESENTATION_CONTEXT() REPRESENTATION_CONTEXT('2D SPACE',''
  ) );
#2324 = ORIENTED_EDGE('',*,*,#2325,.T.);
#2325 = EDGE_CURVE('',#2298,#2326,#2328,.T.);
#2326 = VERTEX_POINT('',#2327);
#2327 = CARTESIAN_POINT('',(-33.5,17.072630395163,17.58764749118));
#2328 = SURFACE_CURVE('',#2329,(#2333,#2340),.PCURVE_S1.);
#2329 = LINE('',#2330,#2331);
#2330 = CARTESIAN_POINT('',(-33.5,13.876682922429,15.742466357481));
#2331 = VECTOR('',#2332,1.);
#2332 = DIRECTION('',(-5.551115123126E-17,0.866025403784,0.5));
#2333 = PCURVE('',#213,#2334);
#2334 = DEFINITIONAL_REPRESENTATION('',(#2335),#2339);
#2335 = LINE('',#2336,#2337);
#2336 = CARTESIAN_POINT('',(4.557533642519,7.876682922429));
#2337 = VECTOR('',#2338,1.);
#2338 = DIRECTION('',(-0.5,0.866025403784));
#2339 = ( GEOMETRIC_REPRESENTATION_CONTEXT(2) 
PARAMETRIC_REPRESENTATION_CONTEXT() REPRESENTATION_CONTEXT('2D SPACE',''
  ) );
#2340 = PCURVE('',#2341,#2346);
#2341 = PLANE('',#2342);
#2342 = AXIS2_PLACEMENT_3D('',#2343,#2344,#2345);
#2343 = CARTESIAN_POINT('',(-34.5,17.810725157739,18.01378670104));
#2344 = DIRECTION('',(9.614813431918E-17,0.5,-0.866025403784));
#2345 = DIRECTION('',(5.551115123126E-17,-0.866025403784,-0.5));
#2346 = DEFINITIONAL_REPRESENTATION('',(#2347),#2351);
#2347 = LINE('',#2348,#2349);
#2348 = CARTESIAN_POINT('',(4.542640687119,-1.));
#2349 = VECTOR('',#2350,1.);
#2350 = DIRECTION('',(-1.,0.));
#2351 = ( GEOMETRIC_REPRESENTATION_CONTEXT(2) 
PARAMETRIC_REPRESENTATION_CONTEXT() REPRESENTATION_CONTEXT('2D SPACE',''
  ) );
#2352 = ORIENTED_EDGE('',*,*,#2353,.T.);
#2353 = EDGE_CURVE('',#2326,#2354,#2356,.T.);
#2354 = VERTEX_POINT('',#2355);
#2355 = CARTESIAN_POINT('',(-33.5,17.397348149956,20.05412371262));
#2356 = SURFACE_CURVE('',#2357,(#2362,#2369),.PCURVE_S1.);
#2357 = CIRCLE('',#2358,11.4);
#2358 = AXIS2_PLACEMENT_3D('',#2359,#2360,#2361);
#2359 = CARTESIAN_POINT('',(-33.5,6.,20.3));
#2360 = DIRECTION('',(1.,-0.,1.110223024625E-16));
#2361 = DIRECTION('',(1.110223024625E-16,0.,-1.));
#2362 = PCURVE('',#213,#2363);
#2363 = DEFINITIONAL_REPRESENTATION('',(#2364),#2368);
#2364 = CIRCLE('',#2365,11.4);
#2365 = AXIS2_PLACEMENT_2D('',#2366,#2367);
#2366 = CARTESIAN_POINT('',(0.,0.));
#2367 = DIRECTION('',(1.,0.));
#2368 = ( GEOMETRIC_REPRESENTATION_CONTEXT(2) 
PARAMETRIC_REPRESENTATION_CONTEXT() REPRESENTATION_CONTEXT('2D SPACE',''
  ) );
#2369 = PCURVE('',#2370,#2375);
#2370 = CONICAL_SURFACE('',#2371,12.,0.785398163397);
#2371 = AXIS2_PLACEMENT_3D('',#2372,#2373,#2374);
#2372 = CARTESIAN_POINT('',(-32.9,6.,20.3));
#2373 = DIRECTION('',(1.,0.,1.110223024625E-16));
#2374 = DIRECTION('',(1.110223024625E-16,0.,-1.));
#2375 = DEFINITIONAL_REPRESENTATION('',(#2376),#2380);
#2376 = LINE('',#2377,#2378);
#2377 = CARTESIAN_POINT('',(0.,-0.6));
#2378 = VECTOR('',#2379,1.);
#2379 = DIRECTION('',(1.,-0.));
#2380 = ( GEOMETRIC_REPRESENTATION_CONTEXT(2) 
PARAMETRIC_REPRESENTATION_CONTEXT() REPRESENTATION_CONTEXT('2D SPACE',''
  ) );
#2381 = ORIENTED_EDGE('',*,*,#2382,.T.);
#2382 = EDGE_CURVE('',#2354,#2383,#2385,.T.);
#2383 = VERTEX_POINT('',#2384);
#2384 = CARTESIAN_POINT('',(-33.5,17.151471862576,20.3));
#2385 = SURFACE_CURVE('',#2386,(#2390,#2397),.PCURVE_S1.);
#2386 = LINE('',#2387,#2388);
#2387 = CARTESIAN_POINT('',(-33.5,14.363603896932,23.087867965644));
#2388 = VECTOR('',#2389,1.);
#2389 = DIRECTION('',(-7.850462293419E-17,-0.707106781187,0.707106781187
    ));
#2390 = PCURVE('',#213,#2391);
#2391 = DEFINITIONAL_REPRESENTATION('',(#2392),#2396);
#2392 = LINE('',#2393,#2394);
#2393 = CARTESIAN_POINT('',(-2.787867965644,8.363603896932));
#2394 = VECTOR('',#2395,1.);
#2395 = DIRECTION('',(-0.707106781187,-0.707106781187));
#2396 = ( GEOMETRIC_REPRESENTATION_CONTEXT(2) 
PARAMETRIC_REPRESENTATION_CONTEXT() REPRESENTATION_CONTEXT('2D SPACE',''
  ) );
#2397 = PCURVE('',#2398,#2403);
#2398 = PLANE('',#2399);
#2399 = AXIS2_PLACEMENT_3D('',#2400,#2401,#2402);
#2400 = CARTESIAN_POINT('',(-34.5,17.151471862576,20.3));
#2401 = DIRECTION('',(-7.850462293419E-17,0.707106781187,0.707106781187)
  );
#2402 = DIRECTION('',(7.850462293419E-17,0.707106781187,-0.707106781187)
  );
#2403 = DEFINITIONAL_REPRESENTATION('',(#2404),#2408);
#2404 = LINE('',#2405,#2406);
#2405 = CARTESIAN_POINT('',(-3.942640687119,-1.));
#2406 = VECTOR('',#2407,1.);
#2407 = DIRECTION('',(-1.,0.));
#2408 = ( GEOMETRIC_REPRESENTATION_CONTEXT(2) 
PARAMETRIC_REPRESENTATION_CONTEXT() REPRESENTATION_CONTEXT('2D SPACE',''
  ) );
#2409 = ORIENTED_EDGE('',*,*,#2410,.T.);
#2410 = EDGE_CURVE('',#2383,#2411,#2413,.T.);
#2411 = VERTEX_POINT('',#2412);
#2412 = CARTESIAN_POINT('',(-33.5,17.397348149956,20.54587628738));
#2413 = SURFACE_CURVE('',#2414,(#2418,#2425),.PCURVE_S1.);
#2414 = LINE('',#2415,#2416);
#2415 = CARTESIAN_POINT('',(-33.5,14.787867965644,17.936396103068));
#2416 = VECTOR('',#2417,1.);
#2417 = DIRECTION('',(-7.850462293419E-17,0.707106781187,0.707106781187)
  );
#2418 = PCURVE('',#213,#2419);
#2419 = DEFINITIONAL_REPRESENTATION('',(#2420),#2424);
#2420 = LINE('',#2421,#2422);
#2421 = CARTESIAN_POINT('',(2.363603896932,8.787867965644));
#2422 = VECTOR('',#2423,1.);
#2423 = DIRECTION('',(-0.707106781187,0.707106781187));
#2424 = ( GEOMETRIC_REPRESENTATION_CONTEXT(2) 
PARAMETRIC_REPRESENTATION_CONTEXT() REPRESENTATION_CONTEXT('2D SPACE',''
  ) );
#2425 = PCURVE('',#2426,#2431);
#2426 = PLANE('',#2427);
#2427 = AXIS2_PLACEMENT_3D('',#2428,#2429,#2430);
#2428 = CARTESIAN_POINT('',(-34.5,18.,21.148528137424));
#2429 = DIRECTION('',(7.850462293419E-17,0.707106781187,-0.707106781187)
  );
#2430 = DIRECTION('',(7.850462293419E-17,-0.707106781187,-0.707106781187
    ));
#2431 = DEFINITIONAL_REPRESENTATION('',(#2432),#2436);
#2432 = LINE('',#2433,#2434);
#2433 = CARTESIAN_POINT('',(4.542640687119,-1.));
#2434 = VECTOR('',#2435,1.);
#2435 = DIRECTION('',(-1.,0.));
#2436 = ( GEOMETRIC_REPRESENTATION_CONTEXT(2) 
PARAMETRIC_REPRESENTATION_CONTEXT() REPRESENTATION_CONTEXT('2D SPACE',''
  ) );
#2437 = ORIENTED_EDGE('',*,*,#2438,.T.);
#2438 = EDGE_CURVE('',#2411,#2439,#2441,.T.);
#2439 = VERTEX_POINT('',#2440);
#2440 = CARTESIAN_POINT('',(-33.5,17.072630395163,23.01235250882));
#2441 = SURFACE_CURVE('',#2442,(#2447,#2454),.PCURVE_S1.);
#2442 = CIRCLE('',#2443,11.4);
#2443 = AXIS2_PLACEMENT_3D('',#2444,#2445,#2446);
#2444 = CARTESIAN_POINT('',(-33.5,6.,20.3));
#2445 = DIRECTION('',(1.,-0.,1.110223024625E-16));
#2446 = DIRECTION('',(1.110223024625E-16,0.,-1.));
#2447 = PCURVE('',#213,#2448);
#2448 = DEFINITIONAL_REPRESENTATION('',(#2449),#2453);
#2449 = CIRCLE('',#2450,11.4);
#2450 = AXIS2_PLACEMENT_2D('',#2451,#2452);
#2451 = CARTESIAN_POINT('',(0.,0.));
#2452 = DIRECTION('',(1.,0.));
#2453 = ( GEOMETRIC_REPRESENTATION_CONTEXT(2) 
PARAMETRIC_REPRESENTATION_CONTEXT() REPRESENTATION_CONTEXT('2D SPACE',''
  ) );
#2454 = PCURVE('',#2455,#2460);
#2455 = CONICAL_SURFACE('',#2456,12.,0.785398163397);
#2456 = AXIS2_PLACEMENT_3D('',#2457,#2458,#2459);
#2457 = CARTESIAN_POINT('',(-32.9,6.,20.3));
#2458 = DIRECTION('',(1.,0.,1.110223024625E-16));
#2459 = DIRECTION('',(1.110223024625E-16,0.,-1.));
#2460 = DEFINITIONAL_REPRESENTATION('',(#2461),#2465);
#2461 = LINE('',#2462,#2463);
#2462 = CARTESIAN_POINT('',(0.,-0.6));
#2463 = VECTOR('',#2464,1.);
#2464 = DIRECTION('',(1.,-0.));
#2465 = ( GEOMETRIC_REPRESENTATION_CONTEXT(2) 
PARAMETRIC_REPRESENTATION_CONTEXT() REPRESENTATION_CONTEXT('2D SPACE',''
  ) );
#2466 = ORIENTED_EDGE('',*,*,#2467,.T.);
#2467 = EDGE_CURVE('',#2439,#2468,#2470,.T.);
#2468 = VERTEX_POINT('',#2469);
#2469 = CARTESIAN_POINT('',(-33.5,16.771494673198,23.18621329896));
#2470 = SURFACE_CURVE('',#2471,(#2475,#2482),.PCURVE_S1.);
#2471 = LINE('',#2472,#2473);
#2472 = CARTESIAN_POINT('',(-33.5,13.357067680159,25.157533642519));
#2473 = VECTOR('',#2474,1.);
#2474 = DIRECTION('',(-5.551115123126E-17,-0.866025403784,0.5));
#2475 = PCURVE('',#213,#2476);
#2476 = DEFINITIONAL_REPRESENTATION('',(#2477),#2481);
#2477 = LINE('',#2478,#2479);
#2478 = CARTESIAN_POINT('',(-4.857533642519,7.357067680159));
#2479 = VECTOR('',#2480,1.);
#2480 = DIRECTION('',(-0.5,-0.866025403784));
#2481 = ( GEOMETRIC_REPRESENTATION_CONTEXT(2) 
PARAMETRIC_REPRESENTATION_CONTEXT() REPRESENTATION_CONTEXT('2D SPACE',''
  ) );
#2482 = PCURVE('',#2483,#2488);
#2483 = PLANE('',#2484);
#2484 = AXIS2_PLACEMENT_3D('',#2485,#2486,#2487);
#2485 = CARTESIAN_POINT('',(-34.5,16.771494673198,23.18621329896));
#2486 = DIRECTION('',(-9.614813431918E-17,0.5,0.866025403784));
#2487 = DIRECTION('',(5.551115123126E-17,0.866025403784,-0.5));
#2488 = DEFINITIONAL_REPRESENTATION('',(#2489),#2493);
#2489 = LINE('',#2490,#2491);
#2490 = CARTESIAN_POINT('',(-3.942640687119,-1.));
#2491 = VECTOR('',#2492,1.);
#2492 = DIRECTION('',(-1.,0.));
#2493 = ( GEOMETRIC_REPRESENTATION_CONTEXT(2) 
PARAMETRIC_REPRESENTATION_CONTEXT() REPRESENTATION_CONTEXT('2D SPACE',''
  ) );
#2494 = ORIENTED_EDGE('',*,*,#2495,.T.);
#2495 = EDGE_CURVE('',#2468,#576,#2496,.T.);
#2496 = SURFACE_CURVE('',#2497,(#2501,#2508),.PCURVE_S1.);
#2497 = LINE('',#2498,#2499);
#2498 = CARTESIAN_POINT('',(-33.5,15.100174329639,20.291401548191));
#2499 = VECTOR('',#2500,1.);
#2500 = DIRECTION('',(-9.614813431918E-17,0.5,0.866025403784));
#2501 = PCURVE('',#213,#2502);
#2502 = DEFINITIONAL_REPRESENTATION('',(#2503),#2507);
#2503 = LINE('',#2504,#2505);
#2504 = CARTESIAN_POINT('',(8.598451809188E-03,9.100174329639));
#2505 = VECTOR('',#2506,1.);
#2506 = DIRECTION('',(-0.866025403784,0.5));
#2507 = ( GEOMETRIC_REPRESENTATION_CONTEXT(2) 
PARAMETRIC_REPRESENTATION_CONTEXT() REPRESENTATION_CONTEXT('2D SPACE',''
  ) );
#2508 = PCURVE('',#2509,#2514);
#2509 = PLANE('',#2510);
#2510 = AXIS2_PLACEMENT_3D('',#2511,#2512,#2513);
#2511 = CARTESIAN_POINT('',(-34.5,17.371494673198,24.225443783501));
#2512 = DIRECTION('',(5.551115123126E-17,0.866025403784,-0.5));
#2513 = DIRECTION('',(9.614813431918E-17,-0.5,-0.866025403784));
#2514 = DEFINITIONAL_REPRESENTATION('',(#2515),#2519);
#2515 = LINE('',#2516,#2517);
#2516 = CARTESIAN_POINT('',(4.542640687119,-1.));
#2517 = VECTOR('',#2518,1.);
#2518 = DIRECTION('',(-1.,0.));
#2519 = ( GEOMETRIC_REPRESENTATION_CONTEXT(2) 
PARAMETRIC_REPRESENTATION_CONTEXT() REPRESENTATION_CONTEXT('2D SPACE',''
  ) );
#2520 = FACE_BOUND('',#2521,.F.);
#2521 = EDGE_LOOP('',(#2522));
#2522 = ORIENTED_EDGE('',*,*,#2523,.T.);
#2523 = EDGE_CURVE('',#2524,#2524,#2526,.T.);
#2524 = VERTEX_POINT('',#2525);
#2525 = CARTESIAN_POINT('',(-33.5,6.,18.85));
#2526 = SURFACE_CURVE('',#2527,(#2532,#2543),.PCURVE_S1.);
#2527 = CIRCLE('',#2528,1.45);
#2528 = AXIS2_PLACEMENT_3D('',#2529,#2530,#2531);
#2529 = CARTESIAN_POINT('',(-33.5,6.,20.3));
#2530 = DIRECTION('',(-1.,-0.,-1.110223024625E-16));
#2531 = DIRECTION('',(1.110223024625E-16,0.,-1.));
#2532 = PCURVE('',#213,#2533);
#2533 = DEFINITIONAL_REPRESENTATION('',(#2534),#2542);
#2534 = ( BOUNDED_CURVE() B_SPLINE_CURVE(2,(#2535,#2536,#2537,#2538,
#2539,#2540,#2541),.UNSPECIFIED.,.T.,.F.) B_SPLINE_CURVE_WITH_KNOTS((1,2
    ,2,2,2,1),(-2.094395102393,0.,2.094395102393,4.188790204786,
6.28318530718,8.377580409573),.UNSPECIFIED.) CURVE() 
GEOMETRIC_REPRESENTATION_ITEM() RATIONAL_B_SPLINE_CURVE((1.,0.5,1.,0.5,
1.,0.5,1.)) REPRESENTATION_ITEM('') );
#2535 = CARTESIAN_POINT('',(1.45,0.));
#2536 = CARTESIAN_POINT('',(1.45,-2.511473670975));
#2537 = CARTESIAN_POINT('',(-0.725,-1.255736835487));
#2538 = CARTESIAN_POINT('',(-2.9,-3.551475717527E-16));
#2539 = CARTESIAN_POINT('',(-0.725,1.255736835487));
#2540 = CARTESIAN_POINT('',(1.45,2.511473670975));
#2541 = CARTESIAN_POINT('',(1.45,0.));
#2542 = ( GEOMETRIC_REPRESENTATION_CONTEXT(2) 
PARAMETRIC_REPRESENTATION_CONTEXT() REPRESENTATION_CONTEXT('2D SPACE',''
  ) );
#2543 = PCURVE('',#2544,#2549);
#2544 = CYLINDRICAL_SURFACE('',#2545,1.45);
#2545 = AXIS2_PLACEMENT_3D('',#2546,#2547,#2548);
#2546 = CARTESIAN_POINT('',(-33.51,6.,20.3));
#2547 = DIRECTION('',(-1.,-0.,-1.110223024625E-16));
#2548 = DIRECTION('',(1.110223024625E-16,0.,-1.));
#2549 = DEFINITIONAL_REPRESENTATION('',(#2550),#2554);
#2550 = LINE('',#2551,#2552);
#2551 = CARTESIAN_POINT('',(-6.28318530718,-1.E-02));
#2552 = VECTOR('',#2553,1.);
#2553 = DIRECTION('',(1.,-0.));
#2554 = ( GEOMETRIC_REPRESENTATION_CONTEXT(2) 
PARAMETRIC_REPRESENTATION_CONTEXT() REPRESENTATION_CONTEXT('2D SPACE',''
  ) );
#2555 = ADVANCED_FACE('',(#2556,#4284),#295,.T.);
#2556 = FACE_BOUND('',#2557,.T.);
#2557 = EDGE_LOOP('',(#2558,#2589,#2612,#2635,#2664,#2687,#2710,#2739,
    #2762,#2785,#2814,#2837,#2860,#2889,#2912,#2935,#2964,#2987,#3010,
    #3039,#3062,#3085,#3114,#3137,#3160,#3189,#3212,#3235,#3264,#3287,
    #3310,#3339,#3362,#3385,#3414,#3437,#3460,#3489,#3512,#3535,#3564,
    #3587,#3610,#3639,#3662,#3685,#3714,#3737,#3760,#3789,#3810,#3811,
    #3812,#3813,#3836,#3865,#3888,#3911,#3940,#3963,#3986,#4015,#4038,
    #4061,#4090,#4113,#4136,#4165,#4188,#4211,#4240,#4263));
#2558 = ORIENTED_EDGE('',*,*,#2559,.T.);
#2559 = EDGE_CURVE('',#2560,#2562,#2564,.T.);
#2560 = VERTEX_POINT('',#2561);
#2561 = CARTESIAN_POINT('',(-25.5,16.805735227991,23.24551967954));
#2562 = VERTEX_POINT('',#2563);
#2563 = CARTESIAN_POINT('',(-25.5,15.72360559494,25.858011715898));
#2564 = SURFACE_CURVE('',#2565,(#2570,#2577),.PCURVE_S1.);
#2565 = CIRCLE('',#2566,11.2);
#2566 = AXIS2_PLACEMENT_3D('',#2567,#2568,#2569);
#2567 = CARTESIAN_POINT('',(-25.5,6.,20.3));
#2568 = DIRECTION('',(1.,-0.,1.110223024625E-16));
#2569 = DIRECTION('',(1.110223024625E-16,0.,-1.));
#2570 = PCURVE('',#295,#2571);
#2571 = DEFINITIONAL_REPRESENTATION('',(#2572),#2576);
#2572 = CIRCLE('',#2573,11.2);
#2573 = AXIS2_PLACEMENT_2D('',#2574,#2575);
#2574 = CARTESIAN_POINT('',(0.,0.));
#2575 = DIRECTION('',(1.,0.));
#2576 = ( GEOMETRIC_REPRESENTATION_CONTEXT(2) 
PARAMETRIC_REPRESENTATION_CONTEXT() REPRESENTATION_CONTEXT('2D SPACE',''
  ) );
#2577 = PCURVE('',#2578,#2583);
#2578 = TOROIDAL_SURFACE('',#2579,11.2,0.8);
#2579 = AXIS2_PLACEMENT_3D('',#2580,#2581,#2582);
#2580 = CARTESIAN_POINT('',(-26.3,6.,20.3));
#2581 = DIRECTION('',(1.,0.,1.110223024625E-16));
#2582 = DIRECTION('',(1.110223024625E-16,0.,-1.));
#2583 = DEFINITIONAL_REPRESENTATION('',(#2584),#2588);
#2584 = LINE('',#2585,#2586);
#2585 = CARTESIAN_POINT('',(0.,1.570796326795));
#2586 = VECTOR('',#2587,1.);
#2587 = DIRECTION('',(1.,0.));
#2588 = ( GEOMETRIC_REPRESENTATION_CONTEXT(2) 
PARAMETRIC_REPRESENTATION_CONTEXT() REPRESENTATION_CONTEXT('2D SPACE',''
  ) );
#2589 = ORIENTED_EDGE('',*,*,#2590,.T.);
#2590 = EDGE_CURVE('',#2562,#2591,#2593,.T.);
#2591 = VERTEX_POINT('',#2592);
#2592 = CARTESIAN_POINT('',(-25.5,15.657457922578,25.875735931288));
#2593 = SURFACE_CURVE('',#2594,(#2598,#2605),.PCURVE_S1.);
#2594 = LINE('',#2595,#2596);
#2595 = CARTESIAN_POINT('',(-25.5,11.849159459112,26.896166429111));
#2596 = VECTOR('',#2597,1.);
#2597 = DIRECTION('',(-2.873468630843E-17,-0.965925826289,0.258819045103
    ));
#2598 = PCURVE('',#295,#2599);
#2599 = DEFINITIONAL_REPRESENTATION('',(#2600),#2604);
#2600 = LINE('',#2601,#2602);
#2601 = CARTESIAN_POINT('',(-6.596166429111,5.849159459112));
#2602 = VECTOR('',#2603,1.);
#2603 = DIRECTION('',(-0.258819045103,-0.965925826289));
#2604 = ( GEOMETRIC_REPRESENTATION_CONTEXT(2) 
PARAMETRIC_REPRESENTATION_CONTEXT() REPRESENTATION_CONTEXT('2D SPACE',''
  ) );
#2605 = PCURVE('',#622,#2606);
#2606 = DEFINITIONAL_REPRESENTATION('',(#2607),#2611);
#2607 = LINE('',#2608,#2609);
#2608 = CARTESIAN_POINT('',(-3.942640687119,-9.));
#2609 = VECTOR('',#2610,1.);
#2610 = DIRECTION('',(-1.,0.));
#2611 = ( GEOMETRIC_REPRESENTATION_CONTEXT(2) 
PARAMETRIC_REPRESENTATION_CONTEXT() REPRESENTATION_CONTEXT('2D SPACE',''
  ) );
#2612 = ORIENTED_EDGE('',*,*,#2613,.T.);
#2613 = EDGE_CURVE('',#2591,#2614,#2616,.T.);
#2614 = VERTEX_POINT('',#2615);
#2615 = CARTESIAN_POINT('',(-25.5,15.675182137969,25.94188360365));
#2616 = SURFACE_CURVE('',#2617,(#2621,#2628),.PCURVE_S1.);
#2617 = LINE('',#2618,#2619);
#2618 = CARTESIAN_POINT('',(-25.5,14.792318851817,22.646992963595));
#2619 = VECTOR('',#2620,1.);
#2620 = DIRECTION('',(-1.072393092426E-16,0.258819045103,0.965925826289)
  );
#2621 = PCURVE('',#295,#2622);
#2622 = DEFINITIONAL_REPRESENTATION('',(#2623),#2627);
#2623 = LINE('',#2624,#2625);
#2624 = CARTESIAN_POINT('',(-2.346992963595,8.792318851817));
#2625 = VECTOR('',#2626,1.);
#2626 = DIRECTION('',(-0.965925826289,0.258819045103));
#2627 = ( GEOMETRIC_REPRESENTATION_CONTEXT(2) 
PARAMETRIC_REPRESENTATION_CONTEXT() REPRESENTATION_CONTEXT('2D SPACE',''
  ) );
#2628 = PCURVE('',#650,#2629);
#2629 = DEFINITIONAL_REPRESENTATION('',(#2630),#2634);
#2630 = LINE('',#2631,#2632);
#2631 = CARTESIAN_POINT('',(4.542640687119,-9.));
#2632 = VECTOR('',#2633,1.);
#2633 = DIRECTION('',(-1.,0.));
#2634 = ( GEOMETRIC_REPRESENTATION_CONTEXT(2) 
PARAMETRIC_REPRESENTATION_CONTEXT() REPRESENTATION_CONTEXT('2D SPACE',''
  ) );
#2635 = ORIENTED_EDGE('',*,*,#2636,.T.);
#2636 = EDGE_CURVE('',#2614,#2637,#2639,.T.);
#2637 = VERTEX_POINT('',#2638);
#2638 = CARTESIAN_POINT('',(-25.5,13.953762483824,28.185281374239));
#2639 = SURFACE_CURVE('',#2640,(#2645,#2652),.PCURVE_S1.);
#2640 = CIRCLE('',#2641,11.2);
#2641 = AXIS2_PLACEMENT_3D('',#2642,#2643,#2644);
#2642 = CARTESIAN_POINT('',(-25.5,6.,20.3));
#2643 = DIRECTION('',(1.,-0.,1.110223024625E-16));
#2644 = DIRECTION('',(1.110223024625E-16,0.,-1.));
#2645 = PCURVE('',#295,#2646);
#2646 = DEFINITIONAL_REPRESENTATION('',(#2647),#2651);
#2647 = CIRCLE('',#2648,11.2);
#2648 = AXIS2_PLACEMENT_2D('',#2649,#2650);
#2649 = CARTESIAN_POINT('',(0.,0.));
#2650 = DIRECTION('',(1.,0.));
#2651 = ( GEOMETRIC_REPRESENTATION_CONTEXT(2) 
PARAMETRIC_REPRESENTATION_CONTEXT() REPRESENTATION_CONTEXT('2D SPACE',''
  ) );
#2652 = PCURVE('',#2653,#2658);
#2653 = TOROIDAL_SURFACE('',#2654,11.2,0.8);
#2654 = AXIS2_PLACEMENT_3D('',#2655,#2656,#2657);
#2655 = CARTESIAN_POINT('',(-26.3,6.,20.3));
#2656 = DIRECTION('',(1.,0.,1.110223024625E-16));
#2657 = DIRECTION('',(1.110223024625E-16,0.,-1.));
#2658 = DEFINITIONAL_REPRESENTATION('',(#2659),#2663);
#2659 = LINE('',#2660,#2661);
#2660 = CARTESIAN_POINT('',(0.,1.570796326795));
#2661 = VECTOR('',#2662,1.);
#2662 = DIRECTION('',(1.,0.));
#2663 = ( GEOMETRIC_REPRESENTATION_CONTEXT(2) 
PARAMETRIC_REPRESENTATION_CONTEXT() REPRESENTATION_CONTEXT('2D SPACE',''
  ) );
#2664 = ORIENTED_EDGE('',*,*,#2665,.T.);
#2665 = EDGE_CURVE('',#2637,#2666,#2668,.T.);
#2666 = VERTEX_POINT('',#2667);
#2667 = CARTESIAN_POINT('',(-25.5,13.885281374239,28.185281374239));
#2668 = SURFACE_CURVE('',#2669,(#2673,#2680),.PCURVE_S1.);
#2669 = LINE('',#2670,#2671);
#2670 = CARTESIAN_POINT('',(-25.5,9.942640687119,28.185281374239));
#2671 = VECTOR('',#2672,1.);
#2672 = DIRECTION('',(-2.465190328816E-32,-1.,2.22044604925E-16));
#2673 = PCURVE('',#295,#2674);
#2674 = DEFINITIONAL_REPRESENTATION('',(#2675),#2679);
#2675 = LINE('',#2676,#2677);
#2676 = CARTESIAN_POINT('',(-7.885281374239,3.942640687119));
#2677 = VECTOR('',#2678,1.);
#2678 = DIRECTION('',(-2.22044604925E-16,-1.));
#2679 = ( GEOMETRIC_REPRESENTATION_CONTEXT(2) 
PARAMETRIC_REPRESENTATION_CONTEXT() REPRESENTATION_CONTEXT('2D SPACE',''
  ) );
#2680 = PCURVE('',#707,#2681);
#2681 = DEFINITIONAL_REPRESENTATION('',(#2682),#2686);
#2682 = LINE('',#2683,#2684);
#2683 = CARTESIAN_POINT('',(-3.942640687119,-9.));
#2684 = VECTOR('',#2685,1.);
#2685 = DIRECTION('',(-1.,0.));
#2686 = ( GEOMETRIC_REPRESENTATION_CONTEXT(2) 
PARAMETRIC_REPRESENTATION_CONTEXT() REPRESENTATION_CONTEXT('2D SPACE',''
  ) );
#2687 = ORIENTED_EDGE('',*,*,#2688,.T.);
#2688 = EDGE_CURVE('',#2666,#2689,#2691,.T.);
#2689 = VERTEX_POINT('',#2690);
#2690 = CARTESIAN_POINT('',(-25.5,13.885281374239,28.253762483824));
#2691 = SURFACE_CURVE('',#2692,(#2696,#2703),.PCURVE_S1.);
#2692 = LINE('',#2693,#2694);
#2693 = CARTESIAN_POINT('',(-25.5,13.885281374239,24.842640687119));
#2694 = VECTOR('',#2695,1.);
#2695 = DIRECTION('',(-1.110223024625E-16,2.22044604925E-16,1.));
#2696 = PCURVE('',#295,#2697);
#2697 = DEFINITIONAL_REPRESENTATION('',(#2698),#2702);
#2698 = LINE('',#2699,#2700);
#2699 = CARTESIAN_POINT('',(-4.542640687119,7.885281374239));
#2700 = VECTOR('',#2701,1.);
#2701 = DIRECTION('',(-1.,2.22044604925E-16));
#2702 = ( GEOMETRIC_REPRESENTATION_CONTEXT(2) 
PARAMETRIC_REPRESENTATION_CONTEXT() REPRESENTATION_CONTEXT('2D SPACE',''
  ) );
#2703 = PCURVE('',#735,#2704);
#2704 = DEFINITIONAL_REPRESENTATION('',(#2705),#2709);
#2705 = LINE('',#2706,#2707);
#2706 = CARTESIAN_POINT('',(4.542640687119,-9.));
#2707 = VECTOR('',#2708,1.);
#2708 = DIRECTION('',(-1.,0.));
#2709 = ( GEOMETRIC_REPRESENTATION_CONTEXT(2) 
PARAMETRIC_REPRESENTATION_CONTEXT() REPRESENTATION_CONTEXT('2D SPACE',''
  ) );
#2710 = ORIENTED_EDGE('',*,*,#2711,.T.);
#2711 = EDGE_CURVE('',#2689,#2712,#2714,.T.);
#2712 = VERTEX_POINT('',#2713);
#2713 = CARTESIAN_POINT('',(-25.5,11.64188360365,29.975182137969));
#2714 = SURFACE_CURVE('',#2715,(#2720,#2727),.PCURVE_S1.);
#2715 = CIRCLE('',#2716,11.2);
#2716 = AXIS2_PLACEMENT_3D('',#2717,#2718,#2719);
#2717 = CARTESIAN_POINT('',(-25.5,6.,20.3));
#2718 = DIRECTION('',(1.,-0.,1.110223024625E-16));
#2719 = DIRECTION('',(1.110223024625E-16,0.,-1.));
#2720 = PCURVE('',#295,#2721);
#2721 = DEFINITIONAL_REPRESENTATION('',(#2722),#2726);
#2722 = CIRCLE('',#2723,11.2);
#2723 = AXIS2_PLACEMENT_2D('',#2724,#2725);
#2724 = CARTESIAN_POINT('',(0.,0.));
#2725 = DIRECTION('',(1.,0.));
#2726 = ( GEOMETRIC_REPRESENTATION_CONTEXT(2) 
PARAMETRIC_REPRESENTATION_CONTEXT() REPRESENTATION_CONTEXT('2D SPACE',''
  ) );
#2727 = PCURVE('',#2728,#2733);
#2728 = TOROIDAL_SURFACE('',#2729,11.2,0.8);
#2729 = AXIS2_PLACEMENT_3D('',#2730,#2731,#2732);
#2730 = CARTESIAN_POINT('',(-26.3,6.,20.3));
#2731 = DIRECTION('',(1.,0.,1.110223024625E-16));
#2732 = DIRECTION('',(1.110223024625E-16,0.,-1.));
#2733 = DEFINITIONAL_REPRESENTATION('',(#2734),#2738);
#2734 = LINE('',#2735,#2736);
#2735 = CARTESIAN_POINT('',(0.,1.570796326795));
#2736 = VECTOR('',#2737,1.);
#2737 = DIRECTION('',(1.,0.));
#2738 = ( GEOMETRIC_REPRESENTATION_CONTEXT(2) 
PARAMETRIC_REPRESENTATION_CONTEXT() REPRESENTATION_CONTEXT('2D SPACE',''
  ) );
#2739 = ORIENTED_EDGE('',*,*,#2740,.T.);
#2740 = EDGE_CURVE('',#2712,#2741,#2743,.T.);
#2741 = VERTEX_POINT('',#2742);
#2742 = CARTESIAN_POINT('',(-25.5,11.575735931288,29.957457922578));
#2743 = SURFACE_CURVE('',#2744,(#2748,#2755),.PCURVE_S1.);
#2744 = LINE('',#2745,#2746);
#2745 = CARTESIAN_POINT('',(-25.5,7.767437467821,28.937027424756));
#2746 = VECTOR('',#2747,1.);
#2747 = DIRECTION('',(2.873468630843E-17,-0.965925826289,-0.258819045103
    ));
#2748 = PCURVE('',#295,#2749);
#2749 = DEFINITIONAL_REPRESENTATION('',(#2750),#2754);
#2750 = LINE('',#2751,#2752);
#2751 = CARTESIAN_POINT('',(-8.637027424756,1.767437467821));
#2752 = VECTOR('',#2753,1.);
#2753 = DIRECTION('',(0.258819045103,-0.965925826289));
#2754 = ( GEOMETRIC_REPRESENTATION_CONTEXT(2) 
PARAMETRIC_REPRESENTATION_CONTEXT() REPRESENTATION_CONTEXT('2D SPACE',''
  ) );
#2755 = PCURVE('',#792,#2756);
#2756 = DEFINITIONAL_REPRESENTATION('',(#2757),#2761);
#2757 = LINE('',#2758,#2759);
#2758 = CARTESIAN_POINT('',(-3.942640687119,-9.));
#2759 = VECTOR('',#2760,1.);
#2760 = DIRECTION('',(-1.,0.));
#2761 = ( GEOMETRIC_REPRESENTATION_CONTEXT(2) 
PARAMETRIC_REPRESENTATION_CONTEXT() REPRESENTATION_CONTEXT('2D SPACE',''
  ) );
#2762 = ORIENTED_EDGE('',*,*,#2763,.T.);
#2763 = EDGE_CURVE('',#2741,#2764,#2766,.T.);
#2764 = VERTEX_POINT('',#2765);
#2765 = CARTESIAN_POINT('',(-25.5,11.558011715898,30.02360559494));
#2766 = SURFACE_CURVE('',#2767,(#2771,#2778),.PCURVE_S1.);
#2767 = LINE('',#2768,#2769);
#2768 = CARTESIAN_POINT('',(-25.5,12.440875002049,26.728714954885));
#2769 = VECTOR('',#2770,1.);
#2770 = DIRECTION('',(-1.072393092426E-16,-0.258819045103,0.965925826289
    ));
#2771 = PCURVE('',#295,#2772);
#2772 = DEFINITIONAL_REPRESENTATION('',(#2773),#2777);
#2773 = LINE('',#2774,#2775);
#2774 = CARTESIAN_POINT('',(-6.428714954885,6.440875002049));
#2775 = VECTOR('',#2776,1.);
#2776 = DIRECTION('',(-0.965925826289,-0.258819045103));
#2777 = ( GEOMETRIC_REPRESENTATION_CONTEXT(2) 
PARAMETRIC_REPRESENTATION_CONTEXT() REPRESENTATION_CONTEXT('2D SPACE',''
  ) );
#2778 = PCURVE('',#820,#2779);
#2779 = DEFINITIONAL_REPRESENTATION('',(#2780),#2784);
#2780 = LINE('',#2781,#2782);
#2781 = CARTESIAN_POINT('',(4.542640687119,-9.));
#2782 = VECTOR('',#2783,1.);
#2783 = DIRECTION('',(-1.,0.));
#2784 = ( GEOMETRIC_REPRESENTATION_CONTEXT(2) 
PARAMETRIC_REPRESENTATION_CONTEXT() REPRESENTATION_CONTEXT('2D SPACE',''
  ) );
#2785 = ORIENTED_EDGE('',*,*,#2786,.T.);
#2786 = EDGE_CURVE('',#2764,#2787,#2789,.T.);
#2787 = VERTEX_POINT('',#2788);
#2788 = CARTESIAN_POINT('',(-25.5,8.94551967954,31.105735227991));
#2789 = SURFACE_CURVE('',#2790,(#2795,#2802),.PCURVE_S1.);
#2790 = CIRCLE('',#2791,11.2);
#2791 = AXIS2_PLACEMENT_3D('',#2792,#2793,#2794);
#2792 = CARTESIAN_POINT('',(-25.5,6.,20.3));
#2793 = DIRECTION('',(1.,-0.,1.110223024625E-16));
#2794 = DIRECTION('',(1.110223024625E-16,0.,-1.));
#2795 = PCURVE('',#295,#2796);
#2796 = DEFINITIONAL_REPRESENTATION('',(#2797),#2801);
#2797 = CIRCLE('',#2798,11.2);
#2798 = AXIS2_PLACEMENT_2D('',#2799,#2800);
#2799 = CARTESIAN_POINT('',(0.,0.));
#2800 = DIRECTION('',(1.,0.));
#2801 = ( GEOMETRIC_REPRESENTATION_CONTEXT(2) 
PARAMETRIC_REPRESENTATION_CONTEXT() REPRESENTATION_CONTEXT('2D SPACE',''
  ) );
#2802 = PCURVE('',#2803,#2808);
#2803 = TOROIDAL_SURFACE('',#2804,11.2,0.8);
#2804 = AXIS2_PLACEMENT_3D('',#2805,#2806,#2807);
#2805 = CARTESIAN_POINT('',(-26.3,6.,20.3));
#2806 = DIRECTION('',(1.,0.,1.110223024625E-16));
#2807 = DIRECTION('',(1.110223024625E-16,0.,-1.));
#2808 = DEFINITIONAL_REPRESENTATION('',(#2809),#2813);
#2809 = LINE('',#2810,#2811);
#2810 = CARTESIAN_POINT('',(0.,1.570796326795));
#2811 = VECTOR('',#2812,1.);
#2812 = DIRECTION('',(1.,0.));
#2813 = ( GEOMETRIC_REPRESENTATION_CONTEXT(2) 
PARAMETRIC_REPRESENTATION_CONTEXT() REPRESENTATION_CONTEXT('2D SPACE',''
  ) );
#2814 = ORIENTED_EDGE('',*,*,#2815,.T.);
#2815 = EDGE_CURVE('',#2787,#2816,#2818,.T.);
#2816 = VERTEX_POINT('',#2817);
#2817 = CARTESIAN_POINT('',(-25.5,8.88621329896,31.071494673198));
#2818 = SURFACE_CURVE('',#2819,(#2823,#2830),.PCURVE_S1.);
#2819 = LINE('',#2820,#2821);
#2820 = CARTESIAN_POINT('',(-25.5,5.47178630592,29.100174329639));
#2821 = VECTOR('',#2822,1.);
#2822 = DIRECTION('',(5.551115123126E-17,-0.866025403784,-0.5));
#2823 = PCURVE('',#295,#2824);
#2824 = DEFINITIONAL_REPRESENTATION('',(#2825),#2829);
#2825 = LINE('',#2826,#2827);
#2826 = CARTESIAN_POINT('',(-8.800174329639,-0.52821369408));
#2827 = VECTOR('',#2828,1.);
#2828 = DIRECTION('',(0.5,-0.866025403784));
#2829 = ( GEOMETRIC_REPRESENTATION_CONTEXT(2) 
PARAMETRIC_REPRESENTATION_CONTEXT() REPRESENTATION_CONTEXT('2D SPACE',''
  ) );
#2830 = PCURVE('',#877,#2831);
#2831 = DEFINITIONAL_REPRESENTATION('',(#2832),#2836);
#2832 = LINE('',#2833,#2834);
#2833 = CARTESIAN_POINT('',(-3.942640687119,-9.));
#2834 = VECTOR('',#2835,1.);
#2835 = DIRECTION('',(-1.,0.));
#2836 = ( GEOMETRIC_REPRESENTATION_CONTEXT(2) 
PARAMETRIC_REPRESENTATION_CONTEXT() REPRESENTATION_CONTEXT('2D SPACE',''
  ) );
#2837 = ORIENTED_EDGE('',*,*,#2838,.T.);
#2838 = EDGE_CURVE('',#2816,#2839,#2841,.T.);
#2839 = VERTEX_POINT('',#2840);
#2840 = CARTESIAN_POINT('',(-25.5,8.851972744167,31.130801053778));
#2841 = SURFACE_CURVE('',#2842,(#2846,#2853),.PCURVE_S1.);
#2842 = LINE('',#2843,#2844);
#2843 = CARTESIAN_POINT('',(-25.5,10.557533642519,28.176682922429));
#2844 = VECTOR('',#2845,1.);
#2845 = DIRECTION('',(-9.614813431918E-17,-0.5,0.866025403784));
#2846 = PCURVE('',#295,#2847);
#2847 = DEFINITIONAL_REPRESENTATION('',(#2848),#2852);
#2848 = LINE('',#2849,#2850);
#2849 = CARTESIAN_POINT('',(-7.876682922429,4.557533642519));
#2850 = VECTOR('',#2851,1.);
#2851 = DIRECTION('',(-0.866025403784,-0.5));
#2852 = ( GEOMETRIC_REPRESENTATION_CONTEXT(2) 
PARAMETRIC_REPRESENTATION_CONTEXT() REPRESENTATION_CONTEXT('2D SPACE',''
  ) );
#2853 = PCURVE('',#905,#2854);
#2854 = DEFINITIONAL_REPRESENTATION('',(#2855),#2859);
#2855 = LINE('',#2856,#2857);
#2856 = CARTESIAN_POINT('',(4.542640687119,-9.));
#2857 = VECTOR('',#2858,1.);
#2858 = DIRECTION('',(-1.,0.));
#2859 = ( GEOMETRIC_REPRESENTATION_CONTEXT(2) 
PARAMETRIC_REPRESENTATION_CONTEXT() REPRESENTATION_CONTEXT('2D SPACE',''
  ) );
#2860 = ORIENTED_EDGE('',*,*,#2861,.T.);
#2861 = EDGE_CURVE('',#2839,#2862,#2864,.T.);
#2862 = VERTEX_POINT('',#2863);
#2863 = CARTESIAN_POINT('',(-25.5,6.048423456971,31.499895319547));
#2864 = SURFACE_CURVE('',#2865,(#2870,#2877),.PCURVE_S1.);
#2865 = CIRCLE('',#2866,11.2);
#2866 = AXIS2_PLACEMENT_3D('',#2867,#2868,#2869);
#2867 = CARTESIAN_POINT('',(-25.5,6.,20.3));
#2868 = DIRECTION('',(1.,-0.,1.110223024625E-16));
#2869 = DIRECTION('',(1.110223024625E-16,0.,-1.));
#2870 = PCURVE('',#295,#2871);
#2871 = DEFINITIONAL_REPRESENTATION('',(#2872),#2876);
#2872 = CIRCLE('',#2873,11.2);
#2873 = AXIS2_PLACEMENT_2D('',#2874,#2875);
#2874 = CARTESIAN_POINT('',(0.,0.));
#2875 = DIRECTION('',(1.,0.));
#2876 = ( GEOMETRIC_REPRESENTATION_CONTEXT(2) 
PARAMETRIC_REPRESENTATION_CONTEXT() REPRESENTATION_CONTEXT('2D SPACE',''
  ) );
#2877 = PCURVE('',#2878,#2883);
#2878 = TOROIDAL_SURFACE('',#2879,11.2,0.8);
#2879 = AXIS2_PLACEMENT_3D('',#2880,#2881,#2882);
#2880 = CARTESIAN_POINT('',(-26.3,6.,20.3));
#2881 = DIRECTION('',(1.,0.,1.110223024625E-16));
#2882 = DIRECTION('',(1.110223024625E-16,0.,-1.));
#2883 = DEFINITIONAL_REPRESENTATION('',(#2884),#2888);
#2884 = LINE('',#2885,#2886);
#2885 = CARTESIAN_POINT('',(0.,1.570796326795));
#2886 = VECTOR('',#2887,1.);
#2887 = DIRECTION('',(1.,0.));
#2888 = ( GEOMETRIC_REPRESENTATION_CONTEXT(2) 
PARAMETRIC_REPRESENTATION_CONTEXT() REPRESENTATION_CONTEXT('2D SPACE',''
  ) );
#2889 = ORIENTED_EDGE('',*,*,#2890,.T.);
#2890 = EDGE_CURVE('',#2862,#2891,#2893,.T.);
#2891 = VERTEX_POINT('',#2892);
#2892 = CARTESIAN_POINT('',(-25.5,6.,31.451471862576));
#2893 = SURFACE_CURVE('',#2894,(#2898,#2905),.PCURVE_S1.);
#2894 = LINE('',#2895,#2896);
#2895 = CARTESIAN_POINT('',(-25.5,3.212132034356,28.663603896932));
#2896 = VECTOR('',#2897,1.);
#2897 = DIRECTION('',(7.850462293419E-17,-0.707106781187,-0.707106781187
    ));
#2898 = PCURVE('',#295,#2899);
#2899 = DEFINITIONAL_REPRESENTATION('',(#2900),#2904);
#2900 = LINE('',#2901,#2902);
#2901 = CARTESIAN_POINT('',(-8.363603896932,-2.787867965644));
#2902 = VECTOR('',#2903,1.);
#2903 = DIRECTION('',(0.707106781187,-0.707106781187));
#2904 = ( GEOMETRIC_REPRESENTATION_CONTEXT(2) 
PARAMETRIC_REPRESENTATION_CONTEXT() REPRESENTATION_CONTEXT('2D SPACE',''
  ) );
#2905 = PCURVE('',#962,#2906);
#2906 = DEFINITIONAL_REPRESENTATION('',(#2907),#2911);
#2907 = LINE('',#2908,#2909);
#2908 = CARTESIAN_POINT('',(-3.942640687119,-9.));
#2909 = VECTOR('',#2910,1.);
#2910 = DIRECTION('',(-1.,0.));
#2911 = ( GEOMETRIC_REPRESENTATION_CONTEXT(2) 
PARAMETRIC_REPRESENTATION_CONTEXT() REPRESENTATION_CONTEXT('2D SPACE',''
  ) );
#2912 = ORIENTED_EDGE('',*,*,#2913,.T.);
#2913 = EDGE_CURVE('',#2891,#2914,#2916,.T.);
#2914 = VERTEX_POINT('',#2915);
#2915 = CARTESIAN_POINT('',(-25.5,5.951576543029,31.499895319547));
#2916 = SURFACE_CURVE('',#2917,(#2921,#2928),.PCURVE_S1.);
#2917 = LINE('',#2918,#2919);
#2918 = CARTESIAN_POINT('',(-25.5,8.363603896932,29.087867965644));
#2919 = VECTOR('',#2920,1.);
#2920 = DIRECTION('',(-7.850462293419E-17,-0.707106781187,0.707106781187
    ));
#2921 = PCURVE('',#295,#2922);
#2922 = DEFINITIONAL_REPRESENTATION('',(#2923),#2927);
#2923 = LINE('',#2924,#2925);
#2924 = CARTESIAN_POINT('',(-8.787867965644,2.363603896932));
#2925 = VECTOR('',#2926,1.);
#2926 = DIRECTION('',(-0.707106781187,-0.707106781187));
#2927 = ( GEOMETRIC_REPRESENTATION_CONTEXT(2) 
PARAMETRIC_REPRESENTATION_CONTEXT() REPRESENTATION_CONTEXT('2D SPACE',''
  ) );
#2928 = PCURVE('',#990,#2929);
#2929 = DEFINITIONAL_REPRESENTATION('',(#2930),#2934);
#2930 = LINE('',#2931,#2932);
#2931 = CARTESIAN_POINT('',(4.542640687119,-9.));
#2932 = VECTOR('',#2933,1.);
#2933 = DIRECTION('',(-1.,0.));
#2934 = ( GEOMETRIC_REPRESENTATION_CONTEXT(2) 
PARAMETRIC_REPRESENTATION_CONTEXT() REPRESENTATION_CONTEXT('2D SPACE',''
  ) );
#2935 = ORIENTED_EDGE('',*,*,#2936,.T.);
#2936 = EDGE_CURVE('',#2914,#2937,#2939,.T.);
#2937 = VERTEX_POINT('',#2938);
#2938 = CARTESIAN_POINT('',(-25.5,3.148027255833,31.130801053778));
#2939 = SURFACE_CURVE('',#2940,(#2945,#2952),.PCURVE_S1.);
#2940 = CIRCLE('',#2941,11.2);
#2941 = AXIS2_PLACEMENT_3D('',#2942,#2943,#2944);
#2942 = CARTESIAN_POINT('',(-25.5,6.,20.3));
#2943 = DIRECTION('',(1.,-0.,1.110223024625E-16));
#2944 = DIRECTION('',(1.110223024625E-16,0.,-1.));
#2945 = PCURVE('',#295,#2946);
#2946 = DEFINITIONAL_REPRESENTATION('',(#2947),#2951);
#2947 = CIRCLE('',#2948,11.2);
#2948 = AXIS2_PLACEMENT_2D('',#2949,#2950);
#2949 = CARTESIAN_POINT('',(0.,0.));
#2950 = DIRECTION('',(1.,0.));
#2951 = ( GEOMETRIC_REPRESENTATION_CONTEXT(2) 
PARAMETRIC_REPRESENTATION_CONTEXT() REPRESENTATION_CONTEXT('2D SPACE',''
  ) );
#2952 = PCURVE('',#2953,#2958);
#2953 = TOROIDAL_SURFACE('',#2954,11.2,0.8);
#2954 = AXIS2_PLACEMENT_3D('',#2955,#2956,#2957);
#2955 = CARTESIAN_POINT('',(-26.3,6.,20.3));
#2956 = DIRECTION('',(1.,0.,1.110223024625E-16));
#2957 = DIRECTION('',(1.110223024625E-16,0.,-1.));
#2958 = DEFINITIONAL_REPRESENTATION('',(#2959),#2963);
#2959 = LINE('',#2960,#2961);
#2960 = CARTESIAN_POINT('',(0.,1.570796326795));
#2961 = VECTOR('',#2962,1.);
#2962 = DIRECTION('',(1.,0.));
#2963 = ( GEOMETRIC_REPRESENTATION_CONTEXT(2) 
PARAMETRIC_REPRESENTATION_CONTEXT() REPRESENTATION_CONTEXT('2D SPACE',''
  ) );
#2964 = ORIENTED_EDGE('',*,*,#2965,.T.);
#2965 = EDGE_CURVE('',#2937,#2966,#2968,.T.);
#2966 = VERTEX_POINT('',#2967);
#2967 = CARTESIAN_POINT('',(-25.5,3.11378670104,31.071494673198));
#2968 = SURFACE_CURVE('',#2969,(#2973,#2980),.PCURVE_S1.);
#2969 = LINE('',#2970,#2971);
#2970 = CARTESIAN_POINT('',(-25.5,1.142466357481,27.657067680159));
#2971 = VECTOR('',#2972,1.);
#2972 = DIRECTION('',(9.614813431918E-17,-0.5,-0.866025403784));
#2973 = PCURVE('',#295,#2974);
#2974 = DEFINITIONAL_REPRESENTATION('',(#2975),#2979);
#2975 = LINE('',#2976,#2977);
#2976 = CARTESIAN_POINT('',(-7.357067680159,-4.857533642519));
#2977 = VECTOR('',#2978,1.);
#2978 = DIRECTION('',(0.866025403784,-0.5));
#2979 = ( GEOMETRIC_REPRESENTATION_CONTEXT(2) 
PARAMETRIC_REPRESENTATION_CONTEXT() REPRESENTATION_CONTEXT('2D SPACE',''
  ) );
#2980 = PCURVE('',#1047,#2981);
#2981 = DEFINITIONAL_REPRESENTATION('',(#2982),#2986);
#2982 = LINE('',#2983,#2984);
#2983 = CARTESIAN_POINT('',(-3.942640687119,-9.));
#2984 = VECTOR('',#2985,1.);
#2985 = DIRECTION('',(-1.,0.));
#2986 = ( GEOMETRIC_REPRESENTATION_CONTEXT(2) 
PARAMETRIC_REPRESENTATION_CONTEXT() REPRESENTATION_CONTEXT('2D SPACE',''
  ) );
#2987 = ORIENTED_EDGE('',*,*,#2988,.T.);
#2988 = EDGE_CURVE('',#2966,#2989,#2991,.T.);
#2989 = VERTEX_POINT('',#2990);
#2990 = CARTESIAN_POINT('',(-25.5,3.05448032046,31.105735227991));
#2991 = SURFACE_CURVE('',#2992,(#2996,#3003),.PCURVE_S1.);
#2992 = LINE('',#2993,#2994);
#2993 = CARTESIAN_POINT('',(-25.5,6.008598451809,29.400174329639));
#2994 = VECTOR('',#2995,1.);
#2995 = DIRECTION('',(-5.551115123126E-17,-0.866025403784,0.5));
#2996 = PCURVE('',#295,#2997);
#2997 = DEFINITIONAL_REPRESENTATION('',(#2998),#3002);
#2998 = LINE('',#2999,#3000);
#2999 = CARTESIAN_POINT('',(-9.100174329639,8.598451809187E-03));
#3000 = VECTOR('',#3001,1.);
#3001 = DIRECTION('',(-0.5,-0.866025403784));
#3002 = ( GEOMETRIC_REPRESENTATION_CONTEXT(2) 
PARAMETRIC_REPRESENTATION_CONTEXT() REPRESENTATION_CONTEXT('2D SPACE',''
  ) );
#3003 = PCURVE('',#1075,#3004);
#3004 = DEFINITIONAL_REPRESENTATION('',(#3005),#3009);
#3005 = LINE('',#3006,#3007);
#3006 = CARTESIAN_POINT('',(4.542640687119,-9.));
#3007 = VECTOR('',#3008,1.);
#3008 = DIRECTION('',(-1.,0.));
#3009 = ( GEOMETRIC_REPRESENTATION_CONTEXT(2) 
PARAMETRIC_REPRESENTATION_CONTEXT() REPRESENTATION_CONTEXT('2D SPACE',''
  ) );
#3010 = ORIENTED_EDGE('',*,*,#3011,.T.);
#3011 = EDGE_CURVE('',#2989,#3012,#3014,.T.);
#3012 = VERTEX_POINT('',#3013);
#3013 = CARTESIAN_POINT('',(-25.5,0.441988284102,30.02360559494));
#3014 = SURFACE_CURVE('',#3015,(#3020,#3027),.PCURVE_S1.);
#3015 = CIRCLE('',#3016,11.2);
#3016 = AXIS2_PLACEMENT_3D('',#3017,#3018,#3019);
#3017 = CARTESIAN_POINT('',(-25.5,6.,20.3));
#3018 = DIRECTION('',(1.,-0.,1.110223024625E-16));
#3019 = DIRECTION('',(1.110223024625E-16,0.,-1.));
#3020 = PCURVE('',#295,#3021);
#3021 = DEFINITIONAL_REPRESENTATION('',(#3022),#3026);
#3022 = CIRCLE('',#3023,11.2);
#3023 = AXIS2_PLACEMENT_2D('',#3024,#3025);
#3024 = CARTESIAN_POINT('',(0.,0.));
#3025 = DIRECTION('',(1.,0.));
#3026 = ( GEOMETRIC_REPRESENTATION_CONTEXT(2) 
PARAMETRIC_REPRESENTATION_CONTEXT() REPRESENTATION_CONTEXT('2D SPACE',''
  ) );
#3027 = PCURVE('',#3028,#3033);
#3028 = TOROIDAL_SURFACE('',#3029,11.2,0.8);
#3029 = AXIS2_PLACEMENT_3D('',#3030,#3031,#3032);
#3030 = CARTESIAN_POINT('',(-26.3,6.,20.3));
#3031 = DIRECTION('',(1.,0.,1.110223024625E-16));
#3032 = DIRECTION('',(1.110223024625E-16,0.,-1.));
#3033 = DEFINITIONAL_REPRESENTATION('',(#3034),#3038);
#3034 = LINE('',#3035,#3036);
#3035 = CARTESIAN_POINT('',(0.,1.570796326795));
#3036 = VECTOR('',#3037,1.);
#3037 = DIRECTION('',(1.,0.));
#3038 = ( GEOMETRIC_REPRESENTATION_CONTEXT(2) 
PARAMETRIC_REPRESENTATION_CONTEXT() REPRESENTATION_CONTEXT('2D SPACE',''
  ) );
#3039 = ORIENTED_EDGE('',*,*,#3040,.T.);
#3040 = EDGE_CURVE('',#3012,#3041,#3043,.T.);
#3041 = VERTEX_POINT('',#3042);
#3042 = CARTESIAN_POINT('',(-25.5,0.424264068712,29.957457922578));
#3043 = SURFACE_CURVE('',#3044,(#3048,#3055),.PCURVE_S1.);
#3044 = LINE('',#3045,#3046);
#3045 = CARTESIAN_POINT('',(-25.5,-0.596166429111,26.149159459112));
#3046 = VECTOR('',#3047,1.);
#3047 = DIRECTION('',(1.072393092426E-16,-0.258819045103,-0.965925826289
    ));
#3048 = PCURVE('',#295,#3049);
#3049 = DEFINITIONAL_REPRESENTATION('',(#3050),#3054);
#3050 = LINE('',#3051,#3052);
#3051 = CARTESIAN_POINT('',(-5.849159459112,-6.596166429111));
#3052 = VECTOR('',#3053,1.);
#3053 = DIRECTION('',(0.965925826289,-0.258819045103));
#3054 = ( GEOMETRIC_REPRESENTATION_CONTEXT(2) 
PARAMETRIC_REPRESENTATION_CONTEXT() REPRESENTATION_CONTEXT('2D SPACE',''
  ) );
#3055 = PCURVE('',#1132,#3056);
#3056 = DEFINITIONAL_REPRESENTATION('',(#3057),#3061);
#3057 = LINE('',#3058,#3059);
#3058 = CARTESIAN_POINT('',(-3.942640687119,-9.));
#3059 = VECTOR('',#3060,1.);
#3060 = DIRECTION('',(-1.,0.));
#3061 = ( GEOMETRIC_REPRESENTATION_CONTEXT(2) 
PARAMETRIC_REPRESENTATION_CONTEXT() REPRESENTATION_CONTEXT('2D SPACE',''
  ) );
#3062 = ORIENTED_EDGE('',*,*,#3063,.T.);
#3063 = EDGE_CURVE('',#3041,#3064,#3066,.T.);
#3064 = VERTEX_POINT('',#3065);
#3065 = CARTESIAN_POINT('',(-25.5,0.35811639635,29.975182137969));
#3066 = SURFACE_CURVE('',#3067,(#3071,#3078),.PCURVE_S1.);
#3067 = LINE('',#3068,#3069);
#3068 = CARTESIAN_POINT('',(-25.5,3.653007036405,29.092318851817));
#3069 = VECTOR('',#3070,1.);
#3070 = DIRECTION('',(-2.873468630843E-17,-0.965925826289,0.258819045103
    ));
#3071 = PCURVE('',#295,#3072);
#3072 = DEFINITIONAL_REPRESENTATION('',(#3073),#3077);
#3073 = LINE('',#3074,#3075);
#3074 = CARTESIAN_POINT('',(-8.792318851817,-2.346992963595));
#3075 = VECTOR('',#3076,1.);
#3076 = DIRECTION('',(-0.258819045103,-0.965925826289));
#3077 = ( GEOMETRIC_REPRESENTATION_CONTEXT(2) 
PARAMETRIC_REPRESENTATION_CONTEXT() REPRESENTATION_CONTEXT('2D SPACE',''
  ) );
#3078 = PCURVE('',#1160,#3079);
#3079 = DEFINITIONAL_REPRESENTATION('',(#3080),#3084);
#3080 = LINE('',#3081,#3082);
#3081 = CARTESIAN_POINT('',(4.542640687119,-9.));
#3082 = VECTOR('',#3083,1.);
#3083 = DIRECTION('',(-1.,0.));
#3084 = ( GEOMETRIC_REPRESENTATION_CONTEXT(2) 
PARAMETRIC_REPRESENTATION_CONTEXT() REPRESENTATION_CONTEXT('2D SPACE',''
  ) );
#3085 = ORIENTED_EDGE('',*,*,#3086,.T.);
#3086 = EDGE_CURVE('',#3064,#3087,#3089,.T.);
#3087 = VERTEX_POINT('',#3088);
#3088 = CARTESIAN_POINT('',(-25.5,-1.885281374239,28.253762483824));
#3089 = SURFACE_CURVE('',#3090,(#3095,#3102),.PCURVE_S1.);
#3090 = CIRCLE('',#3091,11.2);
#3091 = AXIS2_PLACEMENT_3D('',#3092,#3093,#3094);
#3092 = CARTESIAN_POINT('',(-25.5,6.,20.3));
#3093 = DIRECTION('',(1.,-0.,1.110223024625E-16));
#3094 = DIRECTION('',(1.110223024625E-16,0.,-1.));
#3095 = PCURVE('',#295,#3096);
#3096 = DEFINITIONAL_REPRESENTATION('',(#3097),#3101);
#3097 = CIRCLE('',#3098,11.2);
#3098 = AXIS2_PLACEMENT_2D('',#3099,#3100);
#3099 = CARTESIAN_POINT('',(0.,0.));
#3100 = DIRECTION('',(1.,0.));
#3101 = ( GEOMETRIC_REPRESENTATION_CONTEXT(2) 
PARAMETRIC_REPRESENTATION_CONTEXT() REPRESENTATION_CONTEXT('2D SPACE',''
  ) );
#3102 = PCURVE('',#3103,#3108);
#3103 = TOROIDAL_SURFACE('',#3104,11.2,0.8);
#3104 = AXIS2_PLACEMENT_3D('',#3105,#3106,#3107);
#3105 = CARTESIAN_POINT('',(-26.3,6.,20.3));
#3106 = DIRECTION('',(1.,0.,1.110223024625E-16));
#3107 = DIRECTION('',(1.110223024625E-16,0.,-1.));
#3108 = DEFINITIONAL_REPRESENTATION('',(#3109),#3113);
#3109 = LINE('',#3110,#3111);
#3110 = CARTESIAN_POINT('',(0.,1.570796326795));
#3111 = VECTOR('',#3112,1.);
#3112 = DIRECTION('',(1.,0.));
#3113 = ( GEOMETRIC_REPRESENTATION_CONTEXT(2) 
PARAMETRIC_REPRESENTATION_CONTEXT() REPRESENTATION_CONTEXT('2D SPACE',''
  ) );
#3114 = ORIENTED_EDGE('',*,*,#3115,.T.);
#3115 = EDGE_CURVE('',#3087,#3116,#3118,.T.);
#3116 = VERTEX_POINT('',#3117);
#3117 = CARTESIAN_POINT('',(-25.5,-1.885281374239,28.185281374239));
#3118 = SURFACE_CURVE('',#3119,(#3123,#3130),.PCURVE_S1.);
#3119 = LINE('',#3120,#3121);
#3120 = CARTESIAN_POINT('',(-25.5,-1.885281374239,24.242640687119));
#3121 = VECTOR('',#3122,1.);
#3122 = DIRECTION('',(1.110223024625E-16,-2.22044604925E-16,-1.));
#3123 = PCURVE('',#295,#3124);
#3124 = DEFINITIONAL_REPRESENTATION('',(#3125),#3129);
#3125 = LINE('',#3126,#3127);
#3126 = CARTESIAN_POINT('',(-3.942640687119,-7.885281374239));
#3127 = VECTOR('',#3128,1.);
#3128 = DIRECTION('',(1.,-2.22044604925E-16));
#3129 = ( GEOMETRIC_REPRESENTATION_CONTEXT(2) 
PARAMETRIC_REPRESENTATION_CONTEXT() REPRESENTATION_CONTEXT('2D SPACE',''
  ) );
#3130 = PCURVE('',#1217,#3131);
#3131 = DEFINITIONAL_REPRESENTATION('',(#3132),#3136);
#3132 = LINE('',#3133,#3134);
#3133 = CARTESIAN_POINT('',(-3.942640687119,-9.));
#3134 = VECTOR('',#3135,1.);
#3135 = DIRECTION('',(-1.,0.));
#3136 = ( GEOMETRIC_REPRESENTATION_CONTEXT(2) 
PARAMETRIC_REPRESENTATION_CONTEXT() REPRESENTATION_CONTEXT('2D SPACE',''
  ) );
#3137 = ORIENTED_EDGE('',*,*,#3138,.T.);
#3138 = EDGE_CURVE('',#3116,#3139,#3141,.T.);
#3139 = VERTEX_POINT('',#3140);
#3140 = CARTESIAN_POINT('',(-25.5,-1.953762483824,28.185281374239));
#3141 = SURFACE_CURVE('',#3142,(#3146,#3153),.PCURVE_S1.);
#3142 = LINE('',#3143,#3144);
#3143 = CARTESIAN_POINT('',(-25.5,1.457359312881,28.185281374239));
#3144 = VECTOR('',#3145,1.);
#3145 = DIRECTION('',(-2.465190328816E-32,-1.,2.22044604925E-16));
#3146 = PCURVE('',#295,#3147);
#3147 = DEFINITIONAL_REPRESENTATION('',(#3148),#3152);
#3148 = LINE('',#3149,#3150);
#3149 = CARTESIAN_POINT('',(-7.885281374239,-4.542640687119));
#3150 = VECTOR('',#3151,1.);
#3151 = DIRECTION('',(-2.22044604925E-16,-1.));
#3152 = ( GEOMETRIC_REPRESENTATION_CONTEXT(2) 
PARAMETRIC_REPRESENTATION_CONTEXT() REPRESENTATION_CONTEXT('2D SPACE',''
  ) );
#3153 = PCURVE('',#1245,#3154);
#3154 = DEFINITIONAL_REPRESENTATION('',(#3155),#3159);
#3155 = LINE('',#3156,#3157);
#3156 = CARTESIAN_POINT('',(4.542640687119,-9.));
#3157 = VECTOR('',#3158,1.);
#3158 = DIRECTION('',(-1.,0.));
#3159 = ( GEOMETRIC_REPRESENTATION_CONTEXT(2) 
PARAMETRIC_REPRESENTATION_CONTEXT() REPRESENTATION_CONTEXT('2D SPACE',''
  ) );
#3160 = ORIENTED_EDGE('',*,*,#3161,.T.);
#3161 = EDGE_CURVE('',#3139,#3162,#3164,.T.);
#3162 = VERTEX_POINT('',#3163);
#3163 = CARTESIAN_POINT('',(-25.5,-3.675182137969,25.94188360365));
#3164 = SURFACE_CURVE('',#3165,(#3170,#3177),.PCURVE_S1.);
#3165 = CIRCLE('',#3166,11.2);
#3166 = AXIS2_PLACEMENT_3D('',#3167,#3168,#3169);
#3167 = CARTESIAN_POINT('',(-25.5,6.,20.3));
#3168 = DIRECTION('',(1.,-0.,1.110223024625E-16));
#3169 = DIRECTION('',(1.110223024625E-16,0.,-1.));
#3170 = PCURVE('',#295,#3171);
#3171 = DEFINITIONAL_REPRESENTATION('',(#3172),#3176);
#3172 = CIRCLE('',#3173,11.2);
#3173 = AXIS2_PLACEMENT_2D('',#3174,#3175);
#3174 = CARTESIAN_POINT('',(0.,0.));
#3175 = DIRECTION('',(1.,0.));
#3176 = ( GEOMETRIC_REPRESENTATION_CONTEXT(2) 
PARAMETRIC_REPRESENTATION_CONTEXT() REPRESENTATION_CONTEXT('2D SPACE',''
  ) );
#3177 = PCURVE('',#3178,#3183);
#3178 = TOROIDAL_SURFACE('',#3179,11.2,0.8);
#3179 = AXIS2_PLACEMENT_3D('',#3180,#3181,#3182);
#3180 = CARTESIAN_POINT('',(-26.3,6.,20.3));
#3181 = DIRECTION('',(1.,0.,1.110223024625E-16));
#3182 = DIRECTION('',(1.110223024625E-16,0.,-1.));
#3183 = DEFINITIONAL_REPRESENTATION('',(#3184),#3188);
#3184 = LINE('',#3185,#3186);
#3185 = CARTESIAN_POINT('',(0.,1.570796326795));
#3186 = VECTOR('',#3187,1.);
#3187 = DIRECTION('',(1.,0.));
#3188 = ( GEOMETRIC_REPRESENTATION_CONTEXT(2) 
PARAMETRIC_REPRESENTATION_CONTEXT() REPRESENTATION_CONTEXT('2D SPACE',''
  ) );
#3189 = ORIENTED_EDGE('',*,*,#3190,.T.);
#3190 = EDGE_CURVE('',#3162,#3191,#3193,.T.);
#3191 = VERTEX_POINT('',#3192);
#3192 = CARTESIAN_POINT('',(-25.5,-3.657457922578,25.875735931288));
#3193 = SURFACE_CURVE('',#3194,(#3198,#3205),.PCURVE_S1.);
#3194 = LINE('',#3195,#3196);
#3195 = CARTESIAN_POINT('',(-25.5,-2.637027424756,22.067437467821));
#3196 = VECTOR('',#3197,1.);
#3197 = DIRECTION('',(1.072393092426E-16,0.258819045103,-0.965925826289)
  );
#3198 = PCURVE('',#295,#3199);
#3199 = DEFINITIONAL_REPRESENTATION('',(#3200),#3204);
#3200 = LINE('',#3201,#3202);
#3201 = CARTESIAN_POINT('',(-1.767437467821,-8.637027424756));
#3202 = VECTOR('',#3203,1.);
#3203 = DIRECTION('',(0.965925826289,0.258819045103));
#3204 = ( GEOMETRIC_REPRESENTATION_CONTEXT(2) 
PARAMETRIC_REPRESENTATION_CONTEXT() REPRESENTATION_CONTEXT('2D SPACE',''
  ) );
#3205 = PCURVE('',#1302,#3206);
#3206 = DEFINITIONAL_REPRESENTATION('',(#3207),#3211);
#3207 = LINE('',#3208,#3209);
#3208 = CARTESIAN_POINT('',(-3.942640687119,-9.));
#3209 = VECTOR('',#3210,1.);
#3210 = DIRECTION('',(-1.,0.));
#3211 = ( GEOMETRIC_REPRESENTATION_CONTEXT(2) 
PARAMETRIC_REPRESENTATION_CONTEXT() REPRESENTATION_CONTEXT('2D SPACE',''
  ) );
#3212 = ORIENTED_EDGE('',*,*,#3213,.T.);
#3213 = EDGE_CURVE('',#3191,#3214,#3216,.T.);
#3214 = VERTEX_POINT('',#3215);
#3215 = CARTESIAN_POINT('',(-25.5,-3.72360559494,25.858011715898));
#3216 = SURFACE_CURVE('',#3217,(#3221,#3228),.PCURVE_S1.);
#3217 = LINE('',#3218,#3219);
#3218 = CARTESIAN_POINT('',(-25.5,-0.428714954885,26.740875002049));
#3219 = VECTOR('',#3220,1.);
#3220 = DIRECTION('',(2.873468630843E-17,-0.965925826289,-0.258819045103
    ));
#3221 = PCURVE('',#295,#3222);
#3222 = DEFINITIONAL_REPRESENTATION('',(#3223),#3227);
#3223 = LINE('',#3224,#3225);
#3224 = CARTESIAN_POINT('',(-6.440875002049,-6.428714954885));
#3225 = VECTOR('',#3226,1.);
#3226 = DIRECTION('',(0.258819045103,-0.965925826289));
#3227 = ( GEOMETRIC_REPRESENTATION_CONTEXT(2) 
PARAMETRIC_REPRESENTATION_CONTEXT() REPRESENTATION_CONTEXT('2D SPACE',''
  ) );
#3228 = PCURVE('',#1330,#3229);
#3229 = DEFINITIONAL_REPRESENTATION('',(#3230),#3234);
#3230 = LINE('',#3231,#3232);
#3231 = CARTESIAN_POINT('',(4.542640687119,-9.));
#3232 = VECTOR('',#3233,1.);
#3233 = DIRECTION('',(-1.,0.));
#3234 = ( GEOMETRIC_REPRESENTATION_CONTEXT(2) 
PARAMETRIC_REPRESENTATION_CONTEXT() REPRESENTATION_CONTEXT('2D SPACE',''
  ) );
#3235 = ORIENTED_EDGE('',*,*,#3236,.T.);
#3236 = EDGE_CURVE('',#3214,#3237,#3239,.T.);
#3237 = VERTEX_POINT('',#3238);
#3238 = CARTESIAN_POINT('',(-25.5,-4.805735227991,23.24551967954));
#3239 = SURFACE_CURVE('',#3240,(#3245,#3252),.PCURVE_S1.);
#3240 = CIRCLE('',#3241,11.2);
#3241 = AXIS2_PLACEMENT_3D('',#3242,#3243,#3244);
#3242 = CARTESIAN_POINT('',(-25.5,6.,20.3));
#3243 = DIRECTION('',(1.,-0.,1.110223024625E-16));
#3244 = DIRECTION('',(1.110223024625E-16,0.,-1.));
#3245 = PCURVE('',#295,#3246);
#3246 = DEFINITIONAL_REPRESENTATION('',(#3247),#3251);
#3247 = CIRCLE('',#3248,11.2);
#3248 = AXIS2_PLACEMENT_2D('',#3249,#3250);
#3249 = CARTESIAN_POINT('',(0.,0.));
#3250 = DIRECTION('',(1.,0.));
#3251 = ( GEOMETRIC_REPRESENTATION_CONTEXT(2) 
PARAMETRIC_REPRESENTATION_CONTEXT() REPRESENTATION_CONTEXT('2D SPACE',''
  ) );
#3252 = PCURVE('',#3253,#3258);
#3253 = TOROIDAL_SURFACE('',#3254,11.2,0.8);
#3254 = AXIS2_PLACEMENT_3D('',#3255,#3256,#3257);
#3255 = CARTESIAN_POINT('',(-26.3,6.,20.3));
#3256 = DIRECTION('',(1.,0.,1.110223024625E-16));
#3257 = DIRECTION('',(1.110223024625E-16,0.,-1.));
#3258 = DEFINITIONAL_REPRESENTATION('',(#3259),#3263);
#3259 = LINE('',#3260,#3261);
#3260 = CARTESIAN_POINT('',(0.,1.570796326795));
#3261 = VECTOR('',#3262,1.);
#3262 = DIRECTION('',(1.,0.));
#3263 = ( GEOMETRIC_REPRESENTATION_CONTEXT(2) 
PARAMETRIC_REPRESENTATION_CONTEXT() REPRESENTATION_CONTEXT('2D SPACE',''
  ) );
#3264 = ORIENTED_EDGE('',*,*,#3265,.T.);
#3265 = EDGE_CURVE('',#3237,#3266,#3268,.T.);
#3266 = VERTEX_POINT('',#3267);
#3267 = CARTESIAN_POINT('',(-25.5,-4.771494673198,23.18621329896));
#3268 = SURFACE_CURVE('',#3269,(#3273,#3280),.PCURVE_S1.);
#3269 = LINE('',#3270,#3271);
#3270 = CARTESIAN_POINT('',(-25.5,-2.800174329639,19.77178630592));
#3271 = VECTOR('',#3272,1.);
#3272 = DIRECTION('',(9.614813431918E-17,0.5,-0.866025403784));
#3273 = PCURVE('',#295,#3274);
#3274 = DEFINITIONAL_REPRESENTATION('',(#3275),#3279);
#3275 = LINE('',#3276,#3277);
#3276 = CARTESIAN_POINT('',(0.52821369408,-8.800174329639));
#3277 = VECTOR('',#3278,1.);
#3278 = DIRECTION('',(0.866025403784,0.5));
#3279 = ( GEOMETRIC_REPRESENTATION_CONTEXT(2) 
PARAMETRIC_REPRESENTATION_CONTEXT() REPRESENTATION_CONTEXT('2D SPACE',''
  ) );
#3280 = PCURVE('',#1387,#3281);
#3281 = DEFINITIONAL_REPRESENTATION('',(#3282),#3286);
#3282 = LINE('',#3283,#3284);
#3283 = CARTESIAN_POINT('',(-3.942640687119,-9.));
#3284 = VECTOR('',#3285,1.);
#3285 = DIRECTION('',(-1.,0.));
#3286 = ( GEOMETRIC_REPRESENTATION_CONTEXT(2) 
PARAMETRIC_REPRESENTATION_CONTEXT() REPRESENTATION_CONTEXT('2D SPACE',''
  ) );
#3287 = ORIENTED_EDGE('',*,*,#3288,.T.);
#3288 = EDGE_CURVE('',#3266,#3289,#3291,.T.);
#3289 = VERTEX_POINT('',#3290);
#3290 = CARTESIAN_POINT('',(-25.5,-4.830801053778,23.151972744167));
#3291 = SURFACE_CURVE('',#3292,(#3296,#3303),.PCURVE_S1.);
#3292 = LINE('',#3293,#3294);
#3293 = CARTESIAN_POINT('',(-25.5,-1.876682922429,24.857533642519));
#3294 = VECTOR('',#3295,1.);
#3295 = DIRECTION('',(5.551115123126E-17,-0.866025403784,-0.5));
#3296 = PCURVE('',#295,#3297);
#3297 = DEFINITIONAL_REPRESENTATION('',(#3298),#3302);
#3298 = LINE('',#3299,#3300);
#3299 = CARTESIAN_POINT('',(-4.557533642519,-7.876682922429));
#3300 = VECTOR('',#3301,1.);
#3301 = DIRECTION('',(0.5,-0.866025403784));
#3302 = ( GEOMETRIC_REPRESENTATION_CONTEXT(2) 
PARAMETRIC_REPRESENTATION_CONTEXT() REPRESENTATION_CONTEXT('2D SPACE',''
  ) );
#3303 = PCURVE('',#1415,#3304);
#3304 = DEFINITIONAL_REPRESENTATION('',(#3305),#3309);
#3305 = LINE('',#3306,#3307);
#3306 = CARTESIAN_POINT('',(4.542640687119,-9.));
#3307 = VECTOR('',#3308,1.);
#3308 = DIRECTION('',(-1.,0.));
#3309 = ( GEOMETRIC_REPRESENTATION_CONTEXT(2) 
PARAMETRIC_REPRESENTATION_CONTEXT() REPRESENTATION_CONTEXT('2D SPACE',''
  ) );
#3310 = ORIENTED_EDGE('',*,*,#3311,.T.);
#3311 = EDGE_CURVE('',#3289,#3312,#3314,.T.);
#3312 = VERTEX_POINT('',#3313);
#3313 = CARTESIAN_POINT('',(-25.5,-5.199895319547,20.348423456971));
#3314 = SURFACE_CURVE('',#3315,(#3320,#3327),.PCURVE_S1.);
#3315 = CIRCLE('',#3316,11.2);
#3316 = AXIS2_PLACEMENT_3D('',#3317,#3318,#3319);
#3317 = CARTESIAN_POINT('',(-25.5,6.,20.3));
#3318 = DIRECTION('',(1.,-0.,1.110223024625E-16));
#3319 = DIRECTION('',(1.110223024625E-16,0.,-1.));
#3320 = PCURVE('',#295,#3321);
#3321 = DEFINITIONAL_REPRESENTATION('',(#3322),#3326);
#3322 = CIRCLE('',#3323,11.2);
#3323 = AXIS2_PLACEMENT_2D('',#3324,#3325);
#3324 = CARTESIAN_POINT('',(0.,0.));
#3325 = DIRECTION('',(1.,0.));
#3326 = ( GEOMETRIC_REPRESENTATION_CONTEXT(2) 
PARAMETRIC_REPRESENTATION_CONTEXT() REPRESENTATION_CONTEXT('2D SPACE',''
  ) );
#3327 = PCURVE('',#3328,#3333);
#3328 = TOROIDAL_SURFACE('',#3329,11.2,0.8);
#3329 = AXIS2_PLACEMENT_3D('',#3330,#3331,#3332);
#3330 = CARTESIAN_POINT('',(-26.3,6.,20.3));
#3331 = DIRECTION('',(1.,0.,1.110223024625E-16));
#3332 = DIRECTION('',(1.110223024625E-16,0.,-1.));
#3333 = DEFINITIONAL_REPRESENTATION('',(#3334),#3338);
#3334 = LINE('',#3335,#3336);
#3335 = CARTESIAN_POINT('',(0.,1.570796326795));
#3336 = VECTOR('',#3337,1.);
#3337 = DIRECTION('',(1.,0.));
#3338 = ( GEOMETRIC_REPRESENTATION_CONTEXT(2) 
PARAMETRIC_REPRESENTATION_CONTEXT() REPRESENTATION_CONTEXT('2D SPACE',''
  ) );
#3339 = ORIENTED_EDGE('',*,*,#3340,.T.);
#3340 = EDGE_CURVE('',#3312,#3341,#3343,.T.);
#3341 = VERTEX_POINT('',#3342);
#3342 = CARTESIAN_POINT('',(-25.5,-5.151471862576,20.3));
#3343 = SURFACE_CURVE('',#3344,(#3348,#3355),.PCURVE_S1.);
#3344 = LINE('',#3345,#3346);
#3345 = CARTESIAN_POINT('',(-25.5,-2.363603896932,17.512132034356));
#3346 = VECTOR('',#3347,1.);
#3347 = DIRECTION('',(7.850462293419E-17,0.707106781187,-0.707106781187)
  );
#3348 = PCURVE('',#295,#3349);
#3349 = DEFINITIONAL_REPRESENTATION('',(#3350),#3354);
#3350 = LINE('',#3351,#3352);
#3351 = CARTESIAN_POINT('',(2.787867965644,-8.363603896932));
#3352 = VECTOR('',#3353,1.);
#3353 = DIRECTION('',(0.707106781187,0.707106781187));
#3354 = ( GEOMETRIC_REPRESENTATION_CONTEXT(2) 
PARAMETRIC_REPRESENTATION_CONTEXT() REPRESENTATION_CONTEXT('2D SPACE',''
  ) );
#3355 = PCURVE('',#1472,#3356);
#3356 = DEFINITIONAL_REPRESENTATION('',(#3357),#3361);
#3357 = LINE('',#3358,#3359);
#3358 = CARTESIAN_POINT('',(-3.942640687119,-9.));
#3359 = VECTOR('',#3360,1.);
#3360 = DIRECTION('',(-1.,0.));
#3361 = ( GEOMETRIC_REPRESENTATION_CONTEXT(2) 
PARAMETRIC_REPRESENTATION_CONTEXT() REPRESENTATION_CONTEXT('2D SPACE',''
  ) );
#3362 = ORIENTED_EDGE('',*,*,#3363,.T.);
#3363 = EDGE_CURVE('',#3341,#3364,#3366,.T.);
#3364 = VERTEX_POINT('',#3365);
#3365 = CARTESIAN_POINT('',(-25.5,-5.199895319547,20.251576543029));
#3366 = SURFACE_CURVE('',#3367,(#3371,#3378),.PCURVE_S1.);
#3367 = LINE('',#3368,#3369);
#3368 = CARTESIAN_POINT('',(-25.5,-2.787867965644,22.663603896932));
#3369 = VECTOR('',#3370,1.);
#3370 = DIRECTION('',(7.850462293419E-17,-0.707106781187,-0.707106781187
    ));
#3371 = PCURVE('',#295,#3372);
#3372 = DEFINITIONAL_REPRESENTATION('',(#3373),#3377);
#3373 = LINE('',#3374,#3375);
#3374 = CARTESIAN_POINT('',(-2.363603896932,-8.787867965644));
#3375 = VECTOR('',#3376,1.);
#3376 = DIRECTION('',(0.707106781187,-0.707106781187));
#3377 = ( GEOMETRIC_REPRESENTATION_CONTEXT(2) 
PARAMETRIC_REPRESENTATION_CONTEXT() REPRESENTATION_CONTEXT('2D SPACE',''
  ) );
#3378 = PCURVE('',#1500,#3379);
#3379 = DEFINITIONAL_REPRESENTATION('',(#3380),#3384);
#3380 = LINE('',#3381,#3382);
#3381 = CARTESIAN_POINT('',(4.542640687119,-9.));
#3382 = VECTOR('',#3383,1.);
#3383 = DIRECTION('',(-1.,0.));
#3384 = ( GEOMETRIC_REPRESENTATION_CONTEXT(2) 
PARAMETRIC_REPRESENTATION_CONTEXT() REPRESENTATION_CONTEXT('2D SPACE',''
  ) );
#3385 = ORIENTED_EDGE('',*,*,#3386,.T.);
#3386 = EDGE_CURVE('',#3364,#3387,#3389,.T.);
#3387 = VERTEX_POINT('',#3388);
#3388 = CARTESIAN_POINT('',(-25.5,-4.830801053778,17.448027255833));
#3389 = SURFACE_CURVE('',#3390,(#3395,#3402),.PCURVE_S1.);
#3390 = CIRCLE('',#3391,11.2);
#3391 = AXIS2_PLACEMENT_3D('',#3392,#3393,#3394);
#3392 = CARTESIAN_POINT('',(-25.5,6.,20.3));
#3393 = DIRECTION('',(1.,-0.,1.110223024625E-16));
#3394 = DIRECTION('',(1.110223024625E-16,0.,-1.));
#3395 = PCURVE('',#295,#3396);
#3396 = DEFINITIONAL_REPRESENTATION('',(#3397),#3401);
#3397 = CIRCLE('',#3398,11.2);
#3398 = AXIS2_PLACEMENT_2D('',#3399,#3400);
#3399 = CARTESIAN_POINT('',(0.,0.));
#3400 = DIRECTION('',(1.,0.));
#3401 = ( GEOMETRIC_REPRESENTATION_CONTEXT(2) 
PARAMETRIC_REPRESENTATION_CONTEXT() REPRESENTATION_CONTEXT('2D SPACE',''
  ) );
#3402 = PCURVE('',#3403,#3408);
#3403 = TOROIDAL_SURFACE('',#3404,11.2,0.8);
#3404 = AXIS2_PLACEMENT_3D('',#3405,#3406,#3407);
#3405 = CARTESIAN_POINT('',(-26.3,6.,20.3));
#3406 = DIRECTION('',(1.,0.,1.110223024625E-16));
#3407 = DIRECTION('',(1.110223024625E-16,0.,-1.));
#3408 = DEFINITIONAL_REPRESENTATION('',(#3409),#3413);
#3409 = LINE('',#3410,#3411);
#3410 = CARTESIAN_POINT('',(0.,1.570796326795));
#3411 = VECTOR('',#3412,1.);
#3412 = DIRECTION('',(1.,0.));
#3413 = ( GEOMETRIC_REPRESENTATION_CONTEXT(2) 
PARAMETRIC_REPRESENTATION_CONTEXT() REPRESENTATION_CONTEXT('2D SPACE',''
  ) );
#3414 = ORIENTED_EDGE('',*,*,#3415,.T.);
#3415 = EDGE_CURVE('',#3387,#3416,#3418,.T.);
#3416 = VERTEX_POINT('',#3417);
#3417 = CARTESIAN_POINT('',(-25.5,-4.771494673198,17.41378670104));
#3418 = SURFACE_CURVE('',#3419,(#3423,#3430),.PCURVE_S1.);
#3419 = LINE('',#3420,#3421);
#3420 = CARTESIAN_POINT('',(-25.5,-1.357067680159,15.442466357481));
#3421 = VECTOR('',#3422,1.);
#3422 = DIRECTION('',(5.551115123126E-17,0.866025403784,-0.5));
#3423 = PCURVE('',#295,#3424);
#3424 = DEFINITIONAL_REPRESENTATION('',(#3425),#3429);
#3425 = LINE('',#3426,#3427);
#3426 = CARTESIAN_POINT('',(4.857533642519,-7.357067680159));
#3427 = VECTOR('',#3428,1.);
#3428 = DIRECTION('',(0.5,0.866025403784));
#3429 = ( GEOMETRIC_REPRESENTATION_CONTEXT(2) 
PARAMETRIC_REPRESENTATION_CONTEXT() REPRESENTATION_CONTEXT('2D SPACE',''
  ) );
#3430 = PCURVE('',#1557,#3431);
#3431 = DEFINITIONAL_REPRESENTATION('',(#3432),#3436);
#3432 = LINE('',#3433,#3434);
#3433 = CARTESIAN_POINT('',(-3.942640687119,-9.));
#3434 = VECTOR('',#3435,1.);
#3435 = DIRECTION('',(-1.,0.));
#3436 = ( GEOMETRIC_REPRESENTATION_CONTEXT(2) 
PARAMETRIC_REPRESENTATION_CONTEXT() REPRESENTATION_CONTEXT('2D SPACE',''
  ) );
#3437 = ORIENTED_EDGE('',*,*,#3438,.T.);
#3438 = EDGE_CURVE('',#3416,#3439,#3441,.T.);
#3439 = VERTEX_POINT('',#3440);
#3440 = CARTESIAN_POINT('',(-25.5,-4.805735227991,17.35448032046));
#3441 = SURFACE_CURVE('',#3442,(#3446,#3453),.PCURVE_S1.);
#3442 = LINE('',#3443,#3444);
#3443 = CARTESIAN_POINT('',(-25.5,-3.100174329639,20.308598451809));
#3444 = VECTOR('',#3445,1.);
#3445 = DIRECTION('',(9.614813431918E-17,-0.5,-0.866025403784));
#3446 = PCURVE('',#295,#3447);
#3447 = DEFINITIONAL_REPRESENTATION('',(#3448),#3452);
#3448 = LINE('',#3449,#3450);
#3449 = CARTESIAN_POINT('',(-8.598451809192E-03,-9.100174329639));
#3450 = VECTOR('',#3451,1.);
#3451 = DIRECTION('',(0.866025403784,-0.5));
#3452 = ( GEOMETRIC_REPRESENTATION_CONTEXT(2) 
PARAMETRIC_REPRESENTATION_CONTEXT() REPRESENTATION_CONTEXT('2D SPACE',''
  ) );
#3453 = PCURVE('',#1585,#3454);
#3454 = DEFINITIONAL_REPRESENTATION('',(#3455),#3459);
#3455 = LINE('',#3456,#3457);
#3456 = CARTESIAN_POINT('',(4.542640687119,-9.));
#3457 = VECTOR('',#3458,1.);
#3458 = DIRECTION('',(-1.,0.));
#3459 = ( GEOMETRIC_REPRESENTATION_CONTEXT(2) 
PARAMETRIC_REPRESENTATION_CONTEXT() REPRESENTATION_CONTEXT('2D SPACE',''
  ) );
#3460 = ORIENTED_EDGE('',*,*,#3461,.T.);
#3461 = EDGE_CURVE('',#3439,#3462,#3464,.T.);
#3462 = VERTEX_POINT('',#3463);
#3463 = CARTESIAN_POINT('',(-25.5,-3.72360559494,14.741988284102));
#3464 = SURFACE_CURVE('',#3465,(#3470,#3477),.PCURVE_S1.);
#3465 = CIRCLE('',#3466,11.2);
#3466 = AXIS2_PLACEMENT_3D('',#3467,#3468,#3469);
#3467 = CARTESIAN_POINT('',(-25.5,6.,20.3));
#3468 = DIRECTION('',(1.,-0.,1.110223024625E-16));
#3469 = DIRECTION('',(1.110223024625E-16,0.,-1.));
#3470 = PCURVE('',#295,#3471);
#3471 = DEFINITIONAL_REPRESENTATION('',(#3472),#3476);
#3472 = CIRCLE('',#3473,11.2);
#3473 = AXIS2_PLACEMENT_2D('',#3474,#3475);
#3474 = CARTESIAN_POINT('',(0.,0.));
#3475 = DIRECTION('',(1.,0.));
#3476 = ( GEOMETRIC_REPRESENTATION_CONTEXT(2) 
PARAMETRIC_REPRESENTATION_CONTEXT() REPRESENTATION_CONTEXT('2D SPACE',''
  ) );
#3477 = PCURVE('',#3478,#3483);
#3478 = TOROIDAL_SURFACE('',#3479,11.2,0.8);
#3479 = AXIS2_PLACEMENT_3D('',#3480,#3481,#3482);
#3480 = CARTESIAN_POINT('',(-26.3,6.,20.3));
#3481 = DIRECTION('',(1.,0.,1.110223024625E-16));
#3482 = DIRECTION('',(1.110223024625E-16,0.,-1.));
#3483 = DEFINITIONAL_REPRESENTATION('',(#3484),#3488);
#3484 = LINE('',#3485,#3486);
#3485 = CARTESIAN_POINT('',(0.,1.570796326795));
#3486 = VECTOR('',#3487,1.);
#3487 = DIRECTION('',(1.,0.));
#3488 = ( GEOMETRIC_REPRESENTATION_CONTEXT(2) 
PARAMETRIC_REPRESENTATION_CONTEXT() REPRESENTATION_CONTEXT('2D SPACE',''
  ) );
#3489 = ORIENTED_EDGE('',*,*,#3490,.T.);
#3490 = EDGE_CURVE('',#3462,#3491,#3493,.T.);
#3491 = VERTEX_POINT('',#3492);
#3492 = CARTESIAN_POINT('',(-25.5,-3.657457922578,14.724264068712));
#3493 = SURFACE_CURVE('',#3494,(#3498,#3505),.PCURVE_S1.);
#3494 = LINE('',#3495,#3496);
#3495 = CARTESIAN_POINT('',(-25.5,0.150840540888,13.703833570889));
#3496 = VECTOR('',#3497,1.);
#3497 = DIRECTION('',(2.873468630843E-17,0.965925826289,-0.258819045103)
  );
#3498 = PCURVE('',#295,#3499);
#3499 = DEFINITIONAL_REPRESENTATION('',(#3500),#3504);
#3500 = LINE('',#3501,#3502);
#3501 = CARTESIAN_POINT('',(6.596166429111,-5.849159459112));
#3502 = VECTOR('',#3503,1.);
#3503 = DIRECTION('',(0.258819045103,0.965925826289));
#3504 = ( GEOMETRIC_REPRESENTATION_CONTEXT(2) 
PARAMETRIC_REPRESENTATION_CONTEXT() REPRESENTATION_CONTEXT('2D SPACE',''
  ) );
#3505 = PCURVE('',#1642,#3506);
#3506 = DEFINITIONAL_REPRESENTATION('',(#3507),#3511);
#3507 = LINE('',#3508,#3509);
#3508 = CARTESIAN_POINT('',(-3.942640687119,-9.));
#3509 = VECTOR('',#3510,1.);
#3510 = DIRECTION('',(-1.,0.));
#3511 = ( GEOMETRIC_REPRESENTATION_CONTEXT(2) 
PARAMETRIC_REPRESENTATION_CONTEXT() REPRESENTATION_CONTEXT('2D SPACE',''
  ) );
#3512 = ORIENTED_EDGE('',*,*,#3513,.T.);
#3513 = EDGE_CURVE('',#3491,#3514,#3516,.T.);
#3514 = VERTEX_POINT('',#3515);
#3515 = CARTESIAN_POINT('',(-25.5,-3.675182137969,14.65811639635));
#3516 = SURFACE_CURVE('',#3517,(#3521,#3528),.PCURVE_S1.);
#3517 = LINE('',#3518,#3519);
#3518 = CARTESIAN_POINT('',(-25.5,-2.792318851817,17.953007036405));
#3519 = VECTOR('',#3520,1.);
#3520 = DIRECTION('',(1.072393092426E-16,-0.258819045103,-0.965925826289
    ));
#3521 = PCURVE('',#295,#3522);
#3522 = DEFINITIONAL_REPRESENTATION('',(#3523),#3527);
#3523 = LINE('',#3524,#3525);
#3524 = CARTESIAN_POINT('',(2.346992963595,-8.792318851817));
#3525 = VECTOR('',#3526,1.);
#3526 = DIRECTION('',(0.965925826289,-0.258819045103));
#3527 = ( GEOMETRIC_REPRESENTATION_CONTEXT(2) 
PARAMETRIC_REPRESENTATION_CONTEXT() REPRESENTATION_CONTEXT('2D SPACE',''
  ) );
#3528 = PCURVE('',#1670,#3529);
#3529 = DEFINITIONAL_REPRESENTATION('',(#3530),#3534);
#3530 = LINE('',#3531,#3532);
#3531 = CARTESIAN_POINT('',(4.542640687119,-9.));
#3532 = VECTOR('',#3533,1.);
#3533 = DIRECTION('',(-1.,0.));
#3534 = ( GEOMETRIC_REPRESENTATION_CONTEXT(2) 
PARAMETRIC_REPRESENTATION_CONTEXT() REPRESENTATION_CONTEXT('2D SPACE',''
  ) );
#3535 = ORIENTED_EDGE('',*,*,#3536,.T.);
#3536 = EDGE_CURVE('',#3514,#3537,#3539,.T.);
#3537 = VERTEX_POINT('',#3538);
#3538 = CARTESIAN_POINT('',(-25.5,-1.953762483824,12.414718625761));
#3539 = SURFACE_CURVE('',#3540,(#3545,#3552),.PCURVE_S1.);
#3540 = CIRCLE('',#3541,11.2);
#3541 = AXIS2_PLACEMENT_3D('',#3542,#3543,#3544);
#3542 = CARTESIAN_POINT('',(-25.5,6.,20.3));
#3543 = DIRECTION('',(1.,-0.,1.110223024625E-16));
#3544 = DIRECTION('',(1.110223024625E-16,0.,-1.));
#3545 = PCURVE('',#295,#3546);
#3546 = DEFINITIONAL_REPRESENTATION('',(#3547),#3551);
#3547 = CIRCLE('',#3548,11.2);
#3548 = AXIS2_PLACEMENT_2D('',#3549,#3550);
#3549 = CARTESIAN_POINT('',(0.,0.));
#3550 = DIRECTION('',(1.,0.));
#3551 = ( GEOMETRIC_REPRESENTATION_CONTEXT(2) 
PARAMETRIC_REPRESENTATION_CONTEXT() REPRESENTATION_CONTEXT('2D SPACE',''
  ) );
#3552 = PCURVE('',#3553,#3558);
#3553 = TOROIDAL_SURFACE('',#3554,11.2,0.8);
#3554 = AXIS2_PLACEMENT_3D('',#3555,#3556,#3557);
#3555 = CARTESIAN_POINT('',(-26.3,6.,20.3));
#3556 = DIRECTION('',(1.,0.,1.110223024625E-16));
#3557 = DIRECTION('',(1.110223024625E-16,0.,-1.));
#3558 = DEFINITIONAL_REPRESENTATION('',(#3559),#3563);
#3559 = LINE('',#3560,#3561);
#3560 = CARTESIAN_POINT('',(0.,1.570796326795));
#3561 = VECTOR('',#3562,1.);
#3562 = DIRECTION('',(1.,0.));
#3563 = ( GEOMETRIC_REPRESENTATION_CONTEXT(2) 
PARAMETRIC_REPRESENTATION_CONTEXT() REPRESENTATION_CONTEXT('2D SPACE',''
  ) );
#3564 = ORIENTED_EDGE('',*,*,#3565,.T.);
#3565 = EDGE_CURVE('',#3537,#3566,#3568,.T.);
#3566 = VERTEX_POINT('',#3567);
#3567 = CARTESIAN_POINT('',(-25.5,-1.885281374239,12.414718625761));
#3568 = SURFACE_CURVE('',#3569,(#3573,#3580),.PCURVE_S1.);
#3569 = LINE('',#3570,#3571);
#3570 = CARTESIAN_POINT('',(-25.5,2.057359312881,12.414718625761));
#3571 = VECTOR('',#3572,1.);
#3572 = DIRECTION('',(3.08148791102E-32,1.,-2.775557561563E-16));
#3573 = PCURVE('',#295,#3574);
#3574 = DEFINITIONAL_REPRESENTATION('',(#3575),#3579);
#3575 = LINE('',#3576,#3577);
#3576 = CARTESIAN_POINT('',(7.885281374239,-3.942640687119));
#3577 = VECTOR('',#3578,1.);
#3578 = DIRECTION('',(2.775557561563E-16,1.));
#3579 = ( GEOMETRIC_REPRESENTATION_CONTEXT(2) 
PARAMETRIC_REPRESENTATION_CONTEXT() REPRESENTATION_CONTEXT('2D SPACE',''
  ) );
#3580 = PCURVE('',#1727,#3581);
#3581 = DEFINITIONAL_REPRESENTATION('',(#3582),#3586);
#3582 = LINE('',#3583,#3584);
#3583 = CARTESIAN_POINT('',(-3.942640687119,-9.));
#3584 = VECTOR('',#3585,1.);
#3585 = DIRECTION('',(-1.,0.));
#3586 = ( GEOMETRIC_REPRESENTATION_CONTEXT(2) 
PARAMETRIC_REPRESENTATION_CONTEXT() REPRESENTATION_CONTEXT('2D SPACE',''
  ) );
#3587 = ORIENTED_EDGE('',*,*,#3588,.T.);
#3588 = EDGE_CURVE('',#3566,#3589,#3591,.T.);
#3589 = VERTEX_POINT('',#3590);
#3590 = CARTESIAN_POINT('',(-25.5,-1.885281374239,12.346237516176));
#3591 = SURFACE_CURVE('',#3592,(#3596,#3603),.PCURVE_S1.);
#3592 = LINE('',#3593,#3594);
#3593 = CARTESIAN_POINT('',(-25.5,-1.885281374239,15.757359312881));
#3594 = VECTOR('',#3595,1.);
#3595 = DIRECTION('',(1.110223024625E-16,-2.775557561563E-16,-1.));
#3596 = PCURVE('',#295,#3597);
#3597 = DEFINITIONAL_REPRESENTATION('',(#3598),#3602);
#3598 = LINE('',#3599,#3600);
#3599 = CARTESIAN_POINT('',(4.542640687119,-7.885281374239));
#3600 = VECTOR('',#3601,1.);
#3601 = DIRECTION('',(1.,-2.775557561563E-16));
#3602 = ( GEOMETRIC_REPRESENTATION_CONTEXT(2) 
PARAMETRIC_REPRESENTATION_CONTEXT() REPRESENTATION_CONTEXT('2D SPACE',''
  ) );
#3603 = PCURVE('',#1755,#3604);
#3604 = DEFINITIONAL_REPRESENTATION('',(#3605),#3609);
#3605 = LINE('',#3606,#3607);
#3606 = CARTESIAN_POINT('',(4.542640687119,-9.));
#3607 = VECTOR('',#3608,1.);
#3608 = DIRECTION('',(-1.,0.));
#3609 = ( GEOMETRIC_REPRESENTATION_CONTEXT(2) 
PARAMETRIC_REPRESENTATION_CONTEXT() REPRESENTATION_CONTEXT('2D SPACE',''
  ) );
#3610 = ORIENTED_EDGE('',*,*,#3611,.T.);
#3611 = EDGE_CURVE('',#3589,#3612,#3614,.T.);
#3612 = VERTEX_POINT('',#3613);
#3613 = CARTESIAN_POINT('',(-25.5,0.35811639635,10.624817862031));
#3614 = SURFACE_CURVE('',#3615,(#3620,#3627),.PCURVE_S1.);
#3615 = CIRCLE('',#3616,11.2);
#3616 = AXIS2_PLACEMENT_3D('',#3617,#3618,#3619);
#3617 = CARTESIAN_POINT('',(-25.5,6.,20.3));
#3618 = DIRECTION('',(1.,-0.,1.110223024625E-16));
#3619 = DIRECTION('',(1.110223024625E-16,0.,-1.));
#3620 = PCURVE('',#295,#3621);
#3621 = DEFINITIONAL_REPRESENTATION('',(#3622),#3626);
#3622 = CIRCLE('',#3623,11.2);
#3623 = AXIS2_PLACEMENT_2D('',#3624,#3625);
#3624 = CARTESIAN_POINT('',(0.,0.));
#3625 = DIRECTION('',(1.,0.));
#3626 = ( GEOMETRIC_REPRESENTATION_CONTEXT(2) 
PARAMETRIC_REPRESENTATION_CONTEXT() REPRESENTATION_CONTEXT('2D SPACE',''
  ) );
#3627 = PCURVE('',#3628,#3633);
#3628 = TOROIDAL_SURFACE('',#3629,11.2,0.8);
#3629 = AXIS2_PLACEMENT_3D('',#3630,#3631,#3632);
#3630 = CARTESIAN_POINT('',(-26.3,6.,20.3));
#3631 = DIRECTION('',(1.,0.,1.110223024625E-16));
#3632 = DIRECTION('',(1.110223024625E-16,0.,-1.));
#3633 = DEFINITIONAL_REPRESENTATION('',(#3634),#3638);
#3634 = LINE('',#3635,#3636);
#3635 = CARTESIAN_POINT('',(0.,1.570796326795));
#3636 = VECTOR('',#3637,1.);
#3637 = DIRECTION('',(1.,0.));
#3638 = ( GEOMETRIC_REPRESENTATION_CONTEXT(2) 
PARAMETRIC_REPRESENTATION_CONTEXT() REPRESENTATION_CONTEXT('2D SPACE',''
  ) );
#3639 = ORIENTED_EDGE('',*,*,#3640,.T.);
#3640 = EDGE_CURVE('',#3612,#3641,#3643,.T.);
#3641 = VERTEX_POINT('',#3642);
#3642 = CARTESIAN_POINT('',(-25.5,0.424264068712,10.642542077422));
#3643 = SURFACE_CURVE('',#3644,(#3648,#3655),.PCURVE_S1.);
#3644 = LINE('',#3645,#3646);
#3645 = CARTESIAN_POINT('',(-25.5,4.232562532179,11.662972575244));
#3646 = VECTOR('',#3647,1.);
#3647 = DIRECTION('',(-2.873468630843E-17,0.965925826289,0.258819045103)
  );
#3648 = PCURVE('',#295,#3649);
#3649 = DEFINITIONAL_REPRESENTATION('',(#3650),#3654);
#3650 = LINE('',#3651,#3652);
#3651 = CARTESIAN_POINT('',(8.637027424756,-1.767437467821));
#3652 = VECTOR('',#3653,1.);
#3653 = DIRECTION('',(-0.258819045103,0.965925826289));
#3654 = ( GEOMETRIC_REPRESENTATION_CONTEXT(2) 
PARAMETRIC_REPRESENTATION_CONTEXT() REPRESENTATION_CONTEXT('2D SPACE',''
  ) );
#3655 = PCURVE('',#1812,#3656);
#3656 = DEFINITIONAL_REPRESENTATION('',(#3657),#3661);
#3657 = LINE('',#3658,#3659);
#3658 = CARTESIAN_POINT('',(-3.942640687119,-9.));
#3659 = VECTOR('',#3660,1.);
#3660 = DIRECTION('',(-1.,0.));
#3661 = ( GEOMETRIC_REPRESENTATION_CONTEXT(2) 
PARAMETRIC_REPRESENTATION_CONTEXT() REPRESENTATION_CONTEXT('2D SPACE',''
  ) );
#3662 = ORIENTED_EDGE('',*,*,#3663,.T.);
#3663 = EDGE_CURVE('',#3641,#3664,#3666,.T.);
#3664 = VERTEX_POINT('',#3665);
#3665 = CARTESIAN_POINT('',(-25.5,0.441988284102,10.57639440506));
#3666 = SURFACE_CURVE('',#3667,(#3671,#3678),.PCURVE_S1.);
#3667 = LINE('',#3668,#3669);
#3668 = CARTESIAN_POINT('',(-25.5,-0.440875002049,13.871285045115));
#3669 = VECTOR('',#3670,1.);
#3670 = DIRECTION('',(1.072393092426E-16,0.258819045103,-0.965925826289)
  );
#3671 = PCURVE('',#295,#3672);
#3672 = DEFINITIONAL_REPRESENTATION('',(#3673),#3677);
#3673 = LINE('',#3674,#3675);
#3674 = CARTESIAN_POINT('',(6.428714954885,-6.440875002049));
#3675 = VECTOR('',#3676,1.);
#3676 = DIRECTION('',(0.965925826289,0.258819045103));
#3677 = ( GEOMETRIC_REPRESENTATION_CONTEXT(2) 
PARAMETRIC_REPRESENTATION_CONTEXT() REPRESENTATION_CONTEXT('2D SPACE',''
  ) );
#3678 = PCURVE('',#1840,#3679);
#3679 = DEFINITIONAL_REPRESENTATION('',(#3680),#3684);
#3680 = LINE('',#3681,#3682);
#3681 = CARTESIAN_POINT('',(4.542640687119,-9.));
#3682 = VECTOR('',#3683,1.);
#3683 = DIRECTION('',(-1.,0.));
#3684 = ( GEOMETRIC_REPRESENTATION_CONTEXT(2) 
PARAMETRIC_REPRESENTATION_CONTEXT() REPRESENTATION_CONTEXT('2D SPACE',''
  ) );
#3685 = ORIENTED_EDGE('',*,*,#3686,.T.);
#3686 = EDGE_CURVE('',#3664,#3687,#3689,.T.);
#3687 = VERTEX_POINT('',#3688);
#3688 = CARTESIAN_POINT('',(-25.5,3.05448032046,9.494264772009));
#3689 = SURFACE_CURVE('',#3690,(#3695,#3702),.PCURVE_S1.);
#3690 = CIRCLE('',#3691,11.2);
#3691 = AXIS2_PLACEMENT_3D('',#3692,#3693,#3694);
#3692 = CARTESIAN_POINT('',(-25.5,6.,20.3));
#3693 = DIRECTION('',(1.,-0.,1.110223024625E-16));
#3694 = DIRECTION('',(1.110223024625E-16,0.,-1.));
#3695 = PCURVE('',#295,#3696);
#3696 = DEFINITIONAL_REPRESENTATION('',(#3697),#3701);
#3697 = CIRCLE('',#3698,11.2);
#3698 = AXIS2_PLACEMENT_2D('',#3699,#3700);
#3699 = CARTESIAN_POINT('',(0.,0.));
#3700 = DIRECTION('',(1.,0.));
#3701 = ( GEOMETRIC_REPRESENTATION_CONTEXT(2) 
PARAMETRIC_REPRESENTATION_CONTEXT() REPRESENTATION_CONTEXT('2D SPACE',''
  ) );
#3702 = PCURVE('',#3703,#3708);
#3703 = TOROIDAL_SURFACE('',#3704,11.2,0.8);
#3704 = AXIS2_PLACEMENT_3D('',#3705,#3706,#3707);
#3705 = CARTESIAN_POINT('',(-26.3,6.,20.3));
#3706 = DIRECTION('',(1.,0.,1.110223024625E-16));
#3707 = DIRECTION('',(1.110223024625E-16,0.,-1.));
#3708 = DEFINITIONAL_REPRESENTATION('',(#3709),#3713);
#3709 = LINE('',#3710,#3711);
#3710 = CARTESIAN_POINT('',(0.,1.570796326795));
#3711 = VECTOR('',#3712,1.);
#3712 = DIRECTION('',(1.,0.));
#3713 = ( GEOMETRIC_REPRESENTATION_CONTEXT(2) 
PARAMETRIC_REPRESENTATION_CONTEXT() REPRESENTATION_CONTEXT('2D SPACE',''
  ) );
#3714 = ORIENTED_EDGE('',*,*,#3715,.T.);
#3715 = EDGE_CURVE('',#3687,#3716,#3718,.T.);
#3716 = VERTEX_POINT('',#3717);
#3717 = CARTESIAN_POINT('',(-25.5,3.11378670104,9.528505326802));
#3718 = SURFACE_CURVE('',#3719,(#3723,#3730),.PCURVE_S1.);
#3719 = LINE('',#3720,#3721);
#3720 = CARTESIAN_POINT('',(-25.5,6.52821369408,11.499825670361));
#3721 = VECTOR('',#3722,1.);
#3722 = DIRECTION('',(-5.551115123126E-17,0.866025403784,0.5));
#3723 = PCURVE('',#295,#3724);
#3724 = DEFINITIONAL_REPRESENTATION('',(#3725),#3729);
#3725 = LINE('',#3726,#3727);
#3726 = CARTESIAN_POINT('',(8.800174329639,0.52821369408));
#3727 = VECTOR('',#3728,1.);
#3728 = DIRECTION('',(-0.5,0.866025403784));
#3729 = ( GEOMETRIC_REPRESENTATION_CONTEXT(2) 
PARAMETRIC_REPRESENTATION_CONTEXT() REPRESENTATION_CONTEXT('2D SPACE',''
  ) );
#3730 = PCURVE('',#1897,#3731);
#3731 = DEFINITIONAL_REPRESENTATION('',(#3732),#3736);
#3732 = LINE('',#3733,#3734);
#3733 = CARTESIAN_POINT('',(-3.942640687119,-9.));
#3734 = VECTOR('',#3735,1.);
#3735 = DIRECTION('',(-1.,0.));
#3736 = ( GEOMETRIC_REPRESENTATION_CONTEXT(2) 
PARAMETRIC_REPRESENTATION_CONTEXT() REPRESENTATION_CONTEXT('2D SPACE',''
  ) );
#3737 = ORIENTED_EDGE('',*,*,#3738,.T.);
#3738 = EDGE_CURVE('',#3716,#3739,#3741,.T.);
#3739 = VERTEX_POINT('',#3740);
#3740 = CARTESIAN_POINT('',(-25.5,3.148027255833,9.469198946222));
#3741 = SURFACE_CURVE('',#3742,(#3746,#3753),.PCURVE_S1.);
#3742 = LINE('',#3743,#3744);
#3743 = CARTESIAN_POINT('',(-25.5,1.442466357481,12.423317077571));
#3744 = VECTOR('',#3745,1.);
#3745 = DIRECTION('',(9.614813431918E-17,0.5,-0.866025403784));
#3746 = PCURVE('',#295,#3747);
#3747 = DEFINITIONAL_REPRESENTATION('',(#3748),#3752);
#3748 = LINE('',#3749,#3750);
#3749 = CARTESIAN_POINT('',(7.876682922429,-4.557533642519));
#3750 = VECTOR('',#3751,1.);
#3751 = DIRECTION('',(0.866025403784,0.5));
#3752 = ( GEOMETRIC_REPRESENTATION_CONTEXT(2) 
PARAMETRIC_REPRESENTATION_CONTEXT() REPRESENTATION_CONTEXT('2D SPACE',''
  ) );
#3753 = PCURVE('',#1925,#3754);
#3754 = DEFINITIONAL_REPRESENTATION('',(#3755),#3759);
#3755 = LINE('',#3756,#3757);
#3756 = CARTESIAN_POINT('',(4.542640687119,-9.));
#3757 = VECTOR('',#3758,1.);
#3758 = DIRECTION('',(-1.,0.));
#3759 = ( GEOMETRIC_REPRESENTATION_CONTEXT(2) 
PARAMETRIC_REPRESENTATION_CONTEXT() REPRESENTATION_CONTEXT('2D SPACE',''
  ) );
#3760 = ORIENTED_EDGE('',*,*,#3761,.T.);
#3761 = EDGE_CURVE('',#3739,#3762,#3764,.T.);
#3762 = VERTEX_POINT('',#3763);
#3763 = CARTESIAN_POINT('',(-25.5,5.951576543029,9.100104680453));
#3764 = SURFACE_CURVE('',#3765,(#3770,#3777),.PCURVE_S1.);
#3765 = CIRCLE('',#3766,11.2);
#3766 = AXIS2_PLACEMENT_3D('',#3767,#3768,#3769);
#3767 = CARTESIAN_POINT('',(-25.5,6.,20.3));
#3768 = DIRECTION('',(1.,-0.,1.110223024625E-16));
#3769 = DIRECTION('',(1.110223024625E-16,0.,-1.));
#3770 = PCURVE('',#295,#3771);
#3771 = DEFINITIONAL_REPRESENTATION('',(#3772),#3776);
#3772 = CIRCLE('',#3773,11.2);
#3773 = AXIS2_PLACEMENT_2D('',#3774,#3775);
#3774 = CARTESIAN_POINT('',(0.,0.));
#3775 = DIRECTION('',(1.,0.));
#3776 = ( GEOMETRIC_REPRESENTATION_CONTEXT(2) 
PARAMETRIC_REPRESENTATION_CONTEXT() REPRESENTATION_CONTEXT('2D SPACE',''
  ) );
#3777 = PCURVE('',#3778,#3783);
#3778 = TOROIDAL_SURFACE('',#3779,11.2,0.8);
#3779 = AXIS2_PLACEMENT_3D('',#3780,#3781,#3782);
#3780 = CARTESIAN_POINT('',(-26.3,6.,20.3));
#3781 = DIRECTION('',(1.,0.,1.110223024625E-16));
#3782 = DIRECTION('',(1.110223024625E-16,0.,-1.));
#3783 = DEFINITIONAL_REPRESENTATION('',(#3784),#3788);
#3784 = LINE('',#3785,#3786);
#3785 = CARTESIAN_POINT('',(0.,1.570796326795));
#3786 = VECTOR('',#3787,1.);
#3787 = DIRECTION('',(1.,0.));
#3788 = ( GEOMETRIC_REPRESENTATION_CONTEXT(2) 
PARAMETRIC_REPRESENTATION_CONTEXT() REPRESENTATION_CONTEXT('2D SPACE',''
  ) );
#3789 = ORIENTED_EDGE('',*,*,#3790,.T.);
#3790 = EDGE_CURVE('',#3762,#500,#3791,.T.);
#3791 = SURFACE_CURVE('',#3792,(#3796,#3803),.PCURVE_S1.);
#3792 = LINE('',#3793,#3794);
#3793 = CARTESIAN_POINT('',(-25.5,8.787867965644,11.936396103068));
#3794 = VECTOR('',#3795,1.);
#3795 = DIRECTION('',(-7.850462293419E-17,0.707106781187,0.707106781187)
  );
#3796 = PCURVE('',#295,#3797);
#3797 = DEFINITIONAL_REPRESENTATION('',(#3798),#3802);
#3798 = LINE('',#3799,#3800);
#3799 = CARTESIAN_POINT('',(8.363603896932,2.787867965644));
#3800 = VECTOR('',#3801,1.);
#3801 = DIRECTION('',(-0.707106781187,0.707106781187));
#3802 = ( GEOMETRIC_REPRESENTATION_CONTEXT(2) 
PARAMETRIC_REPRESENTATION_CONTEXT() REPRESENTATION_CONTEXT('2D SPACE',''
  ) );
#3803 = PCURVE('',#515,#3804);
#3804 = DEFINITIONAL_REPRESENTATION('',(#3805),#3809);
#3805 = LINE('',#3806,#3807);
#3806 = CARTESIAN_POINT('',(-3.942640687119,-9.));
#3807 = VECTOR('',#3808,1.);
#3808 = DIRECTION('',(-1.,0.));
#3809 = ( GEOMETRIC_REPRESENTATION_CONTEXT(2) 
PARAMETRIC_REPRESENTATION_CONTEXT() REPRESENTATION_CONTEXT('2D SPACE',''
  ) );
#3810 = ORIENTED_EDGE('',*,*,#551,.T.);
#3811 = ORIENTED_EDGE('',*,*,#472,.T.);
#3812 = ORIENTED_EDGE('',*,*,#279,.T.);
#3813 = ORIENTED_EDGE('',*,*,#3814,.T.);
#3814 = EDGE_CURVE('',#252,#3815,#3817,.T.);
#3815 = VERTEX_POINT('',#3816);
#3816 = CARTESIAN_POINT('',(-25.5,8.94551967954,9.494264772009));
#3817 = SURFACE_CURVE('',#3818,(#3822,#3829),.PCURVE_S1.);
#3818 = LINE('',#3819,#3820);
#3819 = CARTESIAN_POINT('',(-25.5,5.991401548191,11.199825670361));
#3820 = VECTOR('',#3821,1.);
#3821 = DIRECTION('',(5.551115123126E-17,0.866025403784,-0.5));
#3822 = PCURVE('',#295,#3823);
#3823 = DEFINITIONAL_REPRESENTATION('',(#3824),#3828);
#3824 = LINE('',#3825,#3826);
#3825 = CARTESIAN_POINT('',(9.100174329639,-8.598451809188E-03));
#3826 = VECTOR('',#3827,1.);
#3827 = DIRECTION('',(0.5,0.866025403784));
#3828 = ( GEOMETRIC_REPRESENTATION_CONTEXT(2) 
PARAMETRIC_REPRESENTATION_CONTEXT() REPRESENTATION_CONTEXT('2D SPACE',''
  ) );
#3829 = PCURVE('',#267,#3830);
#3830 = DEFINITIONAL_REPRESENTATION('',(#3831),#3835);
#3831 = LINE('',#3832,#3833);
#3832 = CARTESIAN_POINT('',(4.542640687119,-9.));
#3833 = VECTOR('',#3834,1.);
#3834 = DIRECTION('',(-1.,0.));
#3835 = ( GEOMETRIC_REPRESENTATION_CONTEXT(2) 
PARAMETRIC_REPRESENTATION_CONTEXT() REPRESENTATION_CONTEXT('2D SPACE',''
  ) );
#3836 = ORIENTED_EDGE('',*,*,#3837,.T.);
#3837 = EDGE_CURVE('',#3815,#3838,#3840,.T.);
#3838 = VERTEX_POINT('',#3839);
#3839 = CARTESIAN_POINT('',(-25.5,11.558011715898,10.57639440506));
#3840 = SURFACE_CURVE('',#3841,(#3846,#3853),.PCURVE_S1.);
#3841 = CIRCLE('',#3842,11.2);
#3842 = AXIS2_PLACEMENT_3D('',#3843,#3844,#3845);
#3843 = CARTESIAN_POINT('',(-25.5,6.,20.3));
#3844 = DIRECTION('',(1.,-0.,1.110223024625E-16));
#3845 = DIRECTION('',(1.110223024625E-16,0.,-1.));
#3846 = PCURVE('',#295,#3847);
#3847 = DEFINITIONAL_REPRESENTATION('',(#3848),#3852);
#3848 = CIRCLE('',#3849,11.2);
#3849 = AXIS2_PLACEMENT_2D('',#3850,#3851);
#3850 = CARTESIAN_POINT('',(0.,0.));
#3851 = DIRECTION('',(1.,0.));
#3852 = ( GEOMETRIC_REPRESENTATION_CONTEXT(2) 
PARAMETRIC_REPRESENTATION_CONTEXT() REPRESENTATION_CONTEXT('2D SPACE',''
  ) );
#3853 = PCURVE('',#3854,#3859);
#3854 = TOROIDAL_SURFACE('',#3855,11.2,0.8);
#3855 = AXIS2_PLACEMENT_3D('',#3856,#3857,#3858);
#3856 = CARTESIAN_POINT('',(-26.3,6.,20.3));
#3857 = DIRECTION('',(1.,0.,1.110223024625E-16));
#3858 = DIRECTION('',(1.110223024625E-16,0.,-1.));
#3859 = DEFINITIONAL_REPRESENTATION('',(#3860),#3864);
#3860 = LINE('',#3861,#3862);
#3861 = CARTESIAN_POINT('',(0.,1.570796326795));
#3862 = VECTOR('',#3863,1.);
#3863 = DIRECTION('',(1.,0.));
#3864 = ( GEOMETRIC_REPRESENTATION_CONTEXT(2) 
PARAMETRIC_REPRESENTATION_CONTEXT() REPRESENTATION_CONTEXT('2D SPACE',''
  ) );
#3865 = ORIENTED_EDGE('',*,*,#3866,.T.);
#3866 = EDGE_CURVE('',#3838,#3867,#3869,.T.);
#3867 = VERTEX_POINT('',#3868);
#3868 = CARTESIAN_POINT('',(-25.5,11.575735931288,10.642542077422));
#3869 = SURFACE_CURVE('',#3870,(#3874,#3881),.PCURVE_S1.);
#3870 = LINE('',#3871,#3872);
#3871 = CARTESIAN_POINT('',(-25.5,12.596166429111,14.450840540888));
#3872 = VECTOR('',#3873,1.);
#3873 = DIRECTION('',(-1.072393092426E-16,0.258819045103,0.965925826289)
  );
#3874 = PCURVE('',#295,#3875);
#3875 = DEFINITIONAL_REPRESENTATION('',(#3876),#3880);
#3876 = LINE('',#3877,#3878);
#3877 = CARTESIAN_POINT('',(5.849159459112,6.596166429111));
#3878 = VECTOR('',#3879,1.);
#3879 = DIRECTION('',(-0.965925826289,0.258819045103));
#3880 = ( GEOMETRIC_REPRESENTATION_CONTEXT(2) 
PARAMETRIC_REPRESENTATION_CONTEXT() REPRESENTATION_CONTEXT('2D SPACE',''
  ) );
#3881 = PCURVE('',#2058,#3882);
#3882 = DEFINITIONAL_REPRESENTATION('',(#3883),#3887);
#3883 = LINE('',#3884,#3885);
#3884 = CARTESIAN_POINT('',(-3.942640687119,-9.));
#3885 = VECTOR('',#3886,1.);
#3886 = DIRECTION('',(-1.,0.));
#3887 = ( GEOMETRIC_REPRESENTATION_CONTEXT(2) 
PARAMETRIC_REPRESENTATION_CONTEXT() REPRESENTATION_CONTEXT('2D SPACE',''
  ) );
#3888 = ORIENTED_EDGE('',*,*,#3889,.T.);
#3889 = EDGE_CURVE('',#3867,#3890,#3892,.T.);
#3890 = VERTEX_POINT('',#3891);
#3891 = CARTESIAN_POINT('',(-25.5,11.64188360365,10.624817862031));
#3892 = SURFACE_CURVE('',#3893,(#3897,#3904),.PCURVE_S1.);
#3893 = LINE('',#3894,#3895);
#3894 = CARTESIAN_POINT('',(-25.5,8.346992963595,11.507681148183));
#3895 = VECTOR('',#3896,1.);
#3896 = DIRECTION('',(2.873468630843E-17,0.965925826289,-0.258819045103)
  );
#3897 = PCURVE('',#295,#3898);
#3898 = DEFINITIONAL_REPRESENTATION('',(#3899),#3903);
#3899 = LINE('',#3900,#3901);
#3900 = CARTESIAN_POINT('',(8.792318851817,2.346992963595));
#3901 = VECTOR('',#3902,1.);
#3902 = DIRECTION('',(0.258819045103,0.965925826289));
#3903 = ( GEOMETRIC_REPRESENTATION_CONTEXT(2) 
PARAMETRIC_REPRESENTATION_CONTEXT() REPRESENTATION_CONTEXT('2D SPACE',''
  ) );
#3904 = PCURVE('',#2086,#3905);
#3905 = DEFINITIONAL_REPRESENTATION('',(#3906),#3910);
#3906 = LINE('',#3907,#3908);
#3907 = CARTESIAN_POINT('',(4.542640687119,-9.));
#3908 = VECTOR('',#3909,1.);
#3909 = DIRECTION('',(-1.,0.));
#3910 = ( GEOMETRIC_REPRESENTATION_CONTEXT(2) 
PARAMETRIC_REPRESENTATION_CONTEXT() REPRESENTATION_CONTEXT('2D SPACE',''
  ) );
#3911 = ORIENTED_EDGE('',*,*,#3912,.T.);
#3912 = EDGE_CURVE('',#3890,#3913,#3915,.T.);
#3913 = VERTEX_POINT('',#3914);
#3914 = CARTESIAN_POINT('',(-25.5,13.885281374239,12.346237516176));
#3915 = SURFACE_CURVE('',#3916,(#3921,#3928),.PCURVE_S1.);
#3916 = CIRCLE('',#3917,11.2);
#3917 = AXIS2_PLACEMENT_3D('',#3918,#3919,#3920);
#3918 = CARTESIAN_POINT('',(-25.5,6.,20.3));
#3919 = DIRECTION('',(1.,-0.,1.110223024625E-16));
#3920 = DIRECTION('',(1.110223024625E-16,0.,-1.));
#3921 = PCURVE('',#295,#3922);
#3922 = DEFINITIONAL_REPRESENTATION('',(#3923),#3927);
#3923 = CIRCLE('',#3924,11.2);
#3924 = AXIS2_PLACEMENT_2D('',#3925,#3926);
#3925 = CARTESIAN_POINT('',(0.,0.));
#3926 = DIRECTION('',(1.,0.));
#3927 = ( GEOMETRIC_REPRESENTATION_CONTEXT(2) 
PARAMETRIC_REPRESENTATION_CONTEXT() REPRESENTATION_CONTEXT('2D SPACE',''
  ) );
#3928 = PCURVE('',#3929,#3934);
#3929 = TOROIDAL_SURFACE('',#3930,11.2,0.8);
#3930 = AXIS2_PLACEMENT_3D('',#3931,#3932,#3933);
#3931 = CARTESIAN_POINT('',(-26.3,6.,20.3));
#3932 = DIRECTION('',(1.,0.,1.110223024625E-16));
#3933 = DIRECTION('',(1.110223024625E-16,0.,-1.));
#3934 = DEFINITIONAL_REPRESENTATION('',(#3935),#3939);
#3935 = LINE('',#3936,#3937);
#3936 = CARTESIAN_POINT('',(0.,1.570796326795));
#3937 = VECTOR('',#3938,1.);
#3938 = DIRECTION('',(1.,0.));
#3939 = ( GEOMETRIC_REPRESENTATION_CONTEXT(2) 
PARAMETRIC_REPRESENTATION_CONTEXT() REPRESENTATION_CONTEXT('2D SPACE',''
  ) );
#3940 = ORIENTED_EDGE('',*,*,#3941,.T.);
#3941 = EDGE_CURVE('',#3913,#3942,#3944,.T.);
#3942 = VERTEX_POINT('',#3943);
#3943 = CARTESIAN_POINT('',(-25.5,13.885281374239,12.414718625761));
#3944 = SURFACE_CURVE('',#3945,(#3949,#3956),.PCURVE_S1.);
#3945 = LINE('',#3946,#3947);
#3946 = CARTESIAN_POINT('',(-25.5,13.885281374239,16.357359312881));
#3947 = VECTOR('',#3948,1.);
#3948 = DIRECTION('',(-1.110223024625E-16,2.22044604925E-16,1.));
#3949 = PCURVE('',#295,#3950);
#3950 = DEFINITIONAL_REPRESENTATION('',(#3951),#3955);
#3951 = LINE('',#3952,#3953);
#3952 = CARTESIAN_POINT('',(3.942640687119,7.885281374239));
#3953 = VECTOR('',#3954,1.);
#3954 = DIRECTION('',(-1.,2.22044604925E-16));
#3955 = ( GEOMETRIC_REPRESENTATION_CONTEXT(2) 
PARAMETRIC_REPRESENTATION_CONTEXT() REPRESENTATION_CONTEXT('2D SPACE',''
  ) );
#3956 = PCURVE('',#2143,#3957);
#3957 = DEFINITIONAL_REPRESENTATION('',(#3958),#3962);
#3958 = LINE('',#3959,#3960);
#3959 = CARTESIAN_POINT('',(-3.942640687119,-9.));
#3960 = VECTOR('',#3961,1.);
#3961 = DIRECTION('',(-1.,0.));
#3962 = ( GEOMETRIC_REPRESENTATION_CONTEXT(2) 
PARAMETRIC_REPRESENTATION_CONTEXT() REPRESENTATION_CONTEXT('2D SPACE',''
  ) );
#3963 = ORIENTED_EDGE('',*,*,#3964,.T.);
#3964 = EDGE_CURVE('',#3942,#3965,#3967,.T.);
#3965 = VERTEX_POINT('',#3966);
#3966 = CARTESIAN_POINT('',(-25.5,13.953762483824,12.414718625761));
#3967 = SURFACE_CURVE('',#3968,(#3972,#3979),.PCURVE_S1.);
#3968 = LINE('',#3969,#3970);
#3969 = CARTESIAN_POINT('',(-25.5,10.542640687119,12.414718625761));
#3970 = VECTOR('',#3971,1.);
#3971 = DIRECTION('',(2.465190328816E-32,1.,-2.22044604925E-16));
#3972 = PCURVE('',#295,#3973);
#3973 = DEFINITIONAL_REPRESENTATION('',(#3974),#3978);
#3974 = LINE('',#3975,#3976);
#3975 = CARTESIAN_POINT('',(7.885281374239,4.542640687119));
#3976 = VECTOR('',#3977,1.);
#3977 = DIRECTION('',(2.22044604925E-16,1.));
#3978 = ( GEOMETRIC_REPRESENTATION_CONTEXT(2) 
PARAMETRIC_REPRESENTATION_CONTEXT() REPRESENTATION_CONTEXT('2D SPACE',''
  ) );
#3979 = PCURVE('',#2171,#3980);
#3980 = DEFINITIONAL_REPRESENTATION('',(#3981),#3985);
#3981 = LINE('',#3982,#3983);
#3982 = CARTESIAN_POINT('',(4.542640687119,-9.));
#3983 = VECTOR('',#3984,1.);
#3984 = DIRECTION('',(-1.,0.));
#3985 = ( GEOMETRIC_REPRESENTATION_CONTEXT(2) 
PARAMETRIC_REPRESENTATION_CONTEXT() REPRESENTATION_CONTEXT('2D SPACE',''
  ) );
#3986 = ORIENTED_EDGE('',*,*,#3987,.T.);
#3987 = EDGE_CURVE('',#3965,#3988,#3990,.T.);
#3988 = VERTEX_POINT('',#3989);
#3989 = CARTESIAN_POINT('',(-25.5,15.675182137969,14.65811639635));
#3990 = SURFACE_CURVE('',#3991,(#3996,#4003),.PCURVE_S1.);
#3991 = CIRCLE('',#3992,11.2);
#3992 = AXIS2_PLACEMENT_3D('',#3993,#3994,#3995);
#3993 = CARTESIAN_POINT('',(-25.5,6.,20.3));
#3994 = DIRECTION('',(1.,-0.,1.110223024625E-16));
#3995 = DIRECTION('',(1.110223024625E-16,0.,-1.));
#3996 = PCURVE('',#295,#3997);
#3997 = DEFINITIONAL_REPRESENTATION('',(#3998),#4002);
#3998 = CIRCLE('',#3999,11.2);
#3999 = AXIS2_PLACEMENT_2D('',#4000,#4001);
#4000 = CARTESIAN_POINT('',(0.,0.));
#4001 = DIRECTION('',(1.,0.));
#4002 = ( GEOMETRIC_REPRESENTATION_CONTEXT(2) 
PARAMETRIC_REPRESENTATION_CONTEXT() REPRESENTATION_CONTEXT('2D SPACE',''
  ) );
#4003 = PCURVE('',#4004,#4009);
#4004 = TOROIDAL_SURFACE('',#4005,11.2,0.8);
#4005 = AXIS2_PLACEMENT_3D('',#4006,#4007,#4008);
#4006 = CARTESIAN_POINT('',(-26.3,6.,20.3));
#4007 = DIRECTION('',(1.,0.,1.110223024625E-16));
#4008 = DIRECTION('',(1.110223024625E-16,0.,-1.));
#4009 = DEFINITIONAL_REPRESENTATION('',(#4010),#4014);
#4010 = LINE('',#4011,#4012);
#4011 = CARTESIAN_POINT('',(0.,1.570796326795));
#4012 = VECTOR('',#4013,1.);
#4013 = DIRECTION('',(1.,0.));
#4014 = ( GEOMETRIC_REPRESENTATION_CONTEXT(2) 
PARAMETRIC_REPRESENTATION_CONTEXT() REPRESENTATION_CONTEXT('2D SPACE',''
  ) );
#4015 = ORIENTED_EDGE('',*,*,#4016,.T.);
#4016 = EDGE_CURVE('',#3988,#4017,#4019,.T.);
#4017 = VERTEX_POINT('',#4018);
#4018 = CARTESIAN_POINT('',(-25.5,15.657457922578,14.724264068712));
#4019 = SURFACE_CURVE('',#4020,(#4024,#4031),.PCURVE_S1.);
#4020 = LINE('',#4021,#4022);
#4021 = CARTESIAN_POINT('',(-25.5,14.637027424756,18.532562532179));
#4022 = VECTOR('',#4023,1.);
#4023 = DIRECTION('',(-1.072393092426E-16,-0.258819045103,0.965925826289
    ));
#4024 = PCURVE('',#295,#4025);
#4025 = DEFINITIONAL_REPRESENTATION('',(#4026),#4030);
#4026 = LINE('',#4027,#4028);
#4027 = CARTESIAN_POINT('',(1.767437467821,8.637027424756));
#4028 = VECTOR('',#4029,1.);
#4029 = DIRECTION('',(-0.965925826289,-0.258819045103));
#4030 = ( GEOMETRIC_REPRESENTATION_CONTEXT(2) 
PARAMETRIC_REPRESENTATION_CONTEXT() REPRESENTATION_CONTEXT('2D SPACE',''
  ) );
#4031 = PCURVE('',#2228,#4032);
#4032 = DEFINITIONAL_REPRESENTATION('',(#4033),#4037);
#4033 = LINE('',#4034,#4035);
#4034 = CARTESIAN_POINT('',(-3.942640687119,-9.));
#4035 = VECTOR('',#4036,1.);
#4036 = DIRECTION('',(-1.,0.));
#4037 = ( GEOMETRIC_REPRESENTATION_CONTEXT(2) 
PARAMETRIC_REPRESENTATION_CONTEXT() REPRESENTATION_CONTEXT('2D SPACE',''
  ) );
#4038 = ORIENTED_EDGE('',*,*,#4039,.T.);
#4039 = EDGE_CURVE('',#4017,#4040,#4042,.T.);
#4040 = VERTEX_POINT('',#4041);
#4041 = CARTESIAN_POINT('',(-25.5,15.72360559494,14.741988284102));
#4042 = SURFACE_CURVE('',#4043,(#4047,#4054),.PCURVE_S1.);
#4043 = LINE('',#4044,#4045);
#4044 = CARTESIAN_POINT('',(-25.5,12.428714954885,13.859124997951));
#4045 = VECTOR('',#4046,1.);
#4046 = DIRECTION('',(-2.873468630843E-17,0.965925826289,0.258819045103)
  );
#4047 = PCURVE('',#295,#4048);
#4048 = DEFINITIONAL_REPRESENTATION('',(#4049),#4053);
#4049 = LINE('',#4050,#4051);
#4050 = CARTESIAN_POINT('',(6.440875002049,6.428714954885));
#4051 = VECTOR('',#4052,1.);
#4052 = DIRECTION('',(-0.258819045103,0.965925826289));
#4053 = ( GEOMETRIC_REPRESENTATION_CONTEXT(2) 
PARAMETRIC_REPRESENTATION_CONTEXT() REPRESENTATION_CONTEXT('2D SPACE',''
  ) );
#4054 = PCURVE('',#2256,#4055);
#4055 = DEFINITIONAL_REPRESENTATION('',(#4056),#4060);
#4056 = LINE('',#4057,#4058);
#4057 = CARTESIAN_POINT('',(4.542640687119,-9.));
#4058 = VECTOR('',#4059,1.);
#4059 = DIRECTION('',(-1.,0.));
#4060 = ( GEOMETRIC_REPRESENTATION_CONTEXT(2) 
PARAMETRIC_REPRESENTATION_CONTEXT() REPRESENTATION_CONTEXT('2D SPACE',''
  ) );
#4061 = ORIENTED_EDGE('',*,*,#4062,.T.);
#4062 = EDGE_CURVE('',#4040,#4063,#4065,.T.);
#4063 = VERTEX_POINT('',#4064);
#4064 = CARTESIAN_POINT('',(-25.5,16.805735227991,17.35448032046));
#4065 = SURFACE_CURVE('',#4066,(#4071,#4078),.PCURVE_S1.);
#4066 = CIRCLE('',#4067,11.2);
#4067 = AXIS2_PLACEMENT_3D('',#4068,#4069,#4070);
#4068 = CARTESIAN_POINT('',(-25.5,6.,20.3));
#4069 = DIRECTION('',(1.,-0.,1.110223024625E-16));
#4070 = DIRECTION('',(1.110223024625E-16,0.,-1.));
#4071 = PCURVE('',#295,#4072);
#4072 = DEFINITIONAL_REPRESENTATION('',(#4073),#4077);
#4073 = CIRCLE('',#4074,11.2);
#4074 = AXIS2_PLACEMENT_2D('',#4075,#4076);
#4075 = CARTESIAN_POINT('',(0.,0.));
#4076 = DIRECTION('',(1.,0.));
#4077 = ( GEOMETRIC_REPRESENTATION_CONTEXT(2) 
PARAMETRIC_REPRESENTATION_CONTEXT() REPRESENTATION_CONTEXT('2D SPACE',''
  ) );
#4078 = PCURVE('',#4079,#4084);
#4079 = TOROIDAL_SURFACE('',#4080,11.2,0.8);
#4080 = AXIS2_PLACEMENT_3D('',#4081,#4082,#4083);
#4081 = CARTESIAN_POINT('',(-26.3,6.,20.3));
#4082 = DIRECTION('',(1.,0.,1.110223024625E-16));
#4083 = DIRECTION('',(1.110223024625E-16,0.,-1.));
#4084 = DEFINITIONAL_REPRESENTATION('',(#4085),#4089);
#4085 = LINE('',#4086,#4087);
#4086 = CARTESIAN_POINT('',(0.,1.570796326795));
#4087 = VECTOR('',#4088,1.);
#4088 = DIRECTION('',(1.,0.));
#4089 = ( GEOMETRIC_REPRESENTATION_CONTEXT(2) 
PARAMETRIC_REPRESENTATION_CONTEXT() REPRESENTATION_CONTEXT('2D SPACE',''
  ) );
#4090 = ORIENTED_EDGE('',*,*,#4091,.T.);
#4091 = EDGE_CURVE('',#4063,#4092,#4094,.T.);
#4092 = VERTEX_POINT('',#4093);
#4093 = CARTESIAN_POINT('',(-25.5,16.771494673198,17.41378670104));
#4094 = SURFACE_CURVE('',#4095,(#4099,#4106),.PCURVE_S1.);
#4095 = LINE('',#4096,#4097);
#4096 = CARTESIAN_POINT('',(-25.5,14.800174329639,20.82821369408));
#4097 = VECTOR('',#4098,1.);
#4098 = DIRECTION('',(-9.614813431918E-17,-0.5,0.866025403784));
#4099 = PCURVE('',#295,#4100);
#4100 = DEFINITIONAL_REPRESENTATION('',(#4101),#4105);
#4101 = LINE('',#4102,#4103);
#4102 = CARTESIAN_POINT('',(-0.52821369408,8.800174329639));
#4103 = VECTOR('',#4104,1.);
#4104 = DIRECTION('',(-0.866025403784,-0.5));
#4105 = ( GEOMETRIC_REPRESENTATION_CONTEXT(2) 
PARAMETRIC_REPRESENTATION_CONTEXT() REPRESENTATION_CONTEXT('2D SPACE',''
  ) );
#4106 = PCURVE('',#2313,#4107);
#4107 = DEFINITIONAL_REPRESENTATION('',(#4108),#4112);
#4108 = LINE('',#4109,#4110);
#4109 = CARTESIAN_POINT('',(-3.942640687119,-9.));
#4110 = VECTOR('',#4111,1.);
#4111 = DIRECTION('',(-1.,0.));
#4112 = ( GEOMETRIC_REPRESENTATION_CONTEXT(2) 
PARAMETRIC_REPRESENTATION_CONTEXT() REPRESENTATION_CONTEXT('2D SPACE',''
  ) );
#4113 = ORIENTED_EDGE('',*,*,#4114,.T.);
#4114 = EDGE_CURVE('',#4092,#4115,#4117,.T.);
#4115 = VERTEX_POINT('',#4116);
#4116 = CARTESIAN_POINT('',(-25.5,16.830801053778,17.448027255833));
#4117 = SURFACE_CURVE('',#4118,(#4122,#4129),.PCURVE_S1.);
#4118 = LINE('',#4119,#4120);
#4119 = CARTESIAN_POINT('',(-25.5,13.876682922429,15.742466357481));
#4120 = VECTOR('',#4121,1.);
#4121 = DIRECTION('',(-5.551115123126E-17,0.866025403784,0.5));
#4122 = PCURVE('',#295,#4123);
#4123 = DEFINITIONAL_REPRESENTATION('',(#4124),#4128);
#4124 = LINE('',#4125,#4126);
#4125 = CARTESIAN_POINT('',(4.557533642519,7.876682922429));
#4126 = VECTOR('',#4127,1.);
#4127 = DIRECTION('',(-0.5,0.866025403784));
#4128 = ( GEOMETRIC_REPRESENTATION_CONTEXT(2) 
PARAMETRIC_REPRESENTATION_CONTEXT() REPRESENTATION_CONTEXT('2D SPACE',''
  ) );
#4129 = PCURVE('',#2341,#4130);
#4130 = DEFINITIONAL_REPRESENTATION('',(#4131),#4135);
#4131 = LINE('',#4132,#4133);
#4132 = CARTESIAN_POINT('',(4.542640687119,-9.));
#4133 = VECTOR('',#4134,1.);
#4134 = DIRECTION('',(-1.,0.));
#4135 = ( GEOMETRIC_REPRESENTATION_CONTEXT(2) 
PARAMETRIC_REPRESENTATION_CONTEXT() REPRESENTATION_CONTEXT('2D SPACE',''
  ) );
#4136 = ORIENTED_EDGE('',*,*,#4137,.T.);
#4137 = EDGE_CURVE('',#4115,#4138,#4140,.T.);
#4138 = VERTEX_POINT('',#4139);
#4139 = CARTESIAN_POINT('',(-25.5,17.199895319547,20.251576543029));
#4140 = SURFACE_CURVE('',#4141,(#4146,#4153),.PCURVE_S1.);
#4141 = CIRCLE('',#4142,11.2);
#4142 = AXIS2_PLACEMENT_3D('',#4143,#4144,#4145);
#4143 = CARTESIAN_POINT('',(-25.5,6.,20.3));
#4144 = DIRECTION('',(1.,-0.,1.110223024625E-16));
#4145 = DIRECTION('',(1.110223024625E-16,0.,-1.));
#4146 = PCURVE('',#295,#4147);
#4147 = DEFINITIONAL_REPRESENTATION('',(#4148),#4152);
#4148 = CIRCLE('',#4149,11.2);
#4149 = AXIS2_PLACEMENT_2D('',#4150,#4151);
#4150 = CARTESIAN_POINT('',(0.,0.));
#4151 = DIRECTION('',(1.,0.));
#4152 = ( GEOMETRIC_REPRESENTATION_CONTEXT(2) 
PARAMETRIC_REPRESENTATION_CONTEXT() REPRESENTATION_CONTEXT('2D SPACE',''
  ) );
#4153 = PCURVE('',#4154,#4159);
#4154 = TOROIDAL_SURFACE('',#4155,11.2,0.8);
#4155 = AXIS2_PLACEMENT_3D('',#4156,#4157,#4158);
#4156 = CARTESIAN_POINT('',(-26.3,6.,20.3));
#4157 = DIRECTION('',(1.,0.,1.110223024625E-16));
#4158 = DIRECTION('',(1.110223024625E-16,0.,-1.));
#4159 = DEFINITIONAL_REPRESENTATION('',(#4160),#4164);
#4160 = LINE('',#4161,#4162);
#4161 = CARTESIAN_POINT('',(0.,1.570796326795));
#4162 = VECTOR('',#4163,1.);
#4163 = DIRECTION('',(1.,0.));
#4164 = ( GEOMETRIC_REPRESENTATION_CONTEXT(2) 
PARAMETRIC_REPRESENTATION_CONTEXT() REPRESENTATION_CONTEXT('2D SPACE',''
  ) );
#4165 = ORIENTED_EDGE('',*,*,#4166,.T.);
#4166 = EDGE_CURVE('',#4138,#4167,#4169,.T.);
#4167 = VERTEX_POINT('',#4168);
#4168 = CARTESIAN_POINT('',(-25.5,17.151471862576,20.3));
#4169 = SURFACE_CURVE('',#4170,(#4174,#4181),.PCURVE_S1.);
#4170 = LINE('',#4171,#4172);
#4171 = CARTESIAN_POINT('',(-25.5,14.363603896932,23.087867965644));
#4172 = VECTOR('',#4173,1.);
#4173 = DIRECTION('',(-7.850462293419E-17,-0.707106781187,0.707106781187
    ));
#4174 = PCURVE('',#295,#4175);
#4175 = DEFINITIONAL_REPRESENTATION('',(#4176),#4180);
#4176 = LINE('',#4177,#4178);
#4177 = CARTESIAN_POINT('',(-2.787867965644,8.363603896932));
#4178 = VECTOR('',#4179,1.);
#4179 = DIRECTION('',(-0.707106781187,-0.707106781187));
#4180 = ( GEOMETRIC_REPRESENTATION_CONTEXT(2) 
PARAMETRIC_REPRESENTATION_CONTEXT() REPRESENTATION_CONTEXT('2D SPACE',''
  ) );
#4181 = PCURVE('',#2398,#4182);
#4182 = DEFINITIONAL_REPRESENTATION('',(#4183),#4187);
#4183 = LINE('',#4184,#4185);
#4184 = CARTESIAN_POINT('',(-3.942640687119,-9.));
#4185 = VECTOR('',#4186,1.);
#4186 = DIRECTION('',(-1.,0.));
#4187 = ( GEOMETRIC_REPRESENTATION_CONTEXT(2) 
PARAMETRIC_REPRESENTATION_CONTEXT() REPRESENTATION_CONTEXT('2D SPACE',''
  ) );
#4188 = ORIENTED_EDGE('',*,*,#4189,.T.);
#4189 = EDGE_CURVE('',#4167,#4190,#4192,.T.);
#4190 = VERTEX_POINT('',#4191);
#4191 = CARTESIAN_POINT('',(-25.5,17.199895319547,20.348423456971));
#4192 = SURFACE_CURVE('',#4193,(#4197,#4204),.PCURVE_S1.);
#4193 = LINE('',#4194,#4195);
#4194 = CARTESIAN_POINT('',(-25.5,14.787867965644,17.936396103068));
#4195 = VECTOR('',#4196,1.);
#4196 = DIRECTION('',(-7.850462293419E-17,0.707106781187,0.707106781187)
  );
#4197 = PCURVE('',#295,#4198);
#4198 = DEFINITIONAL_REPRESENTATION('',(#4199),#4203);
#4199 = LINE('',#4200,#4201);
#4200 = CARTESIAN_POINT('',(2.363603896932,8.787867965644));
#4201 = VECTOR('',#4202,1.);
#4202 = DIRECTION('',(-0.707106781187,0.707106781187));
#4203 = ( GEOMETRIC_REPRESENTATION_CONTEXT(2) 
PARAMETRIC_REPRESENTATION_CONTEXT() REPRESENTATION_CONTEXT('2D SPACE',''
  ) );
#4204 = PCURVE('',#2426,#4205);
#4205 = DEFINITIONAL_REPRESENTATION('',(#4206),#4210);
#4206 = LINE('',#4207,#4208);
#4207 = CARTESIAN_POINT('',(4.542640687119,-9.));
#4208 = VECTOR('',#4209,1.);
#4209 = DIRECTION('',(-1.,0.));
#4210 = ( GEOMETRIC_REPRESENTATION_CONTEXT(2) 
PARAMETRIC_REPRESENTATION_CONTEXT() REPRESENTATION_CONTEXT('2D SPACE',''
  ) );
#4211 = ORIENTED_EDGE('',*,*,#4212,.T.);
#4212 = EDGE_CURVE('',#4190,#4213,#4215,.T.);
#4213 = VERTEX_POINT('',#4214);
#4214 = CARTESIAN_POINT('',(-25.5,16.830801053778,23.151972744167));
#4215 = SURFACE_CURVE('',#4216,(#4221,#4228),.PCURVE_S1.);
#4216 = CIRCLE('',#4217,11.2);
#4217 = AXIS2_PLACEMENT_3D('',#4218,#4219,#4220);
#4218 = CARTESIAN_POINT('',(-25.5,6.,20.3));
#4219 = DIRECTION('',(1.,-0.,1.110223024625E-16));
#4220 = DIRECTION('',(1.110223024625E-16,0.,-1.));
#4221 = PCURVE('',#295,#4222);
#4222 = DEFINITIONAL_REPRESENTATION('',(#4223),#4227);
#4223 = CIRCLE('',#4224,11.2);
#4224 = AXIS2_PLACEMENT_2D('',#4225,#4226);
#4225 = CARTESIAN_POINT('',(0.,0.));
#4226 = DIRECTION('',(1.,0.));
#4227 = ( GEOMETRIC_REPRESENTATION_CONTEXT(2) 
PARAMETRIC_REPRESENTATION_CONTEXT() REPRESENTATION_CONTEXT('2D SPACE',''
  ) );
#4228 = PCURVE('',#4229,#4234);
#4229 = TOROIDAL_SURFACE('',#4230,11.2,0.8);
#4230 = AXIS2_PLACEMENT_3D('',#4231,#4232,#4233);
#4231 = CARTESIAN_POINT('',(-26.3,6.,20.3));
#4232 = DIRECTION('',(1.,0.,1.110223024625E-16));
#4233 = DIRECTION('',(1.110223024625E-16,0.,-1.));
#4234 = DEFINITIONAL_REPRESENTATION('',(#4235),#4239);
#4235 = LINE('',#4236,#4237);
#4236 = CARTESIAN_POINT('',(0.,1.570796326795));
#4237 = VECTOR('',#4238,1.);
#4238 = DIRECTION('',(1.,0.));
#4239 = ( GEOMETRIC_REPRESENTATION_CONTEXT(2) 
PARAMETRIC_REPRESENTATION_CONTEXT() REPRESENTATION_CONTEXT('2D SPACE',''
  ) );
#4240 = ORIENTED_EDGE('',*,*,#4241,.T.);
#4241 = EDGE_CURVE('',#4213,#4242,#4244,.T.);
#4242 = VERTEX_POINT('',#4243);
#4243 = CARTESIAN_POINT('',(-25.5,16.771494673198,23.18621329896));
#4244 = SURFACE_CURVE('',#4245,(#4249,#4256),.PCURVE_S1.);
#4245 = LINE('',#4246,#4247);
#4246 = CARTESIAN_POINT('',(-25.5,13.357067680159,25.157533642519));
#4247 = VECTOR('',#4248,1.);
#4248 = DIRECTION('',(-5.551115123126E-17,-0.866025403784,0.5));
#4249 = PCURVE('',#295,#4250);
#4250 = DEFINITIONAL_REPRESENTATION('',(#4251),#4255);
#4251 = LINE('',#4252,#4253);
#4252 = CARTESIAN_POINT('',(-4.857533642519,7.357067680159));
#4253 = VECTOR('',#4254,1.);
#4254 = DIRECTION('',(-0.5,-0.866025403784));
#4255 = ( GEOMETRIC_REPRESENTATION_CONTEXT(2) 
PARAMETRIC_REPRESENTATION_CONTEXT() REPRESENTATION_CONTEXT('2D SPACE',''
  ) );
#4256 = PCURVE('',#2483,#4257);
#4257 = DEFINITIONAL_REPRESENTATION('',(#4258),#4262);
#4258 = LINE('',#4259,#4260);
#4259 = CARTESIAN_POINT('',(-3.942640687119,-9.));
#4260 = VECTOR('',#4261,1.);
#4261 = DIRECTION('',(-1.,0.));
#4262 = ( GEOMETRIC_REPRESENTATION_CONTEXT(2) 
PARAMETRIC_REPRESENTATION_CONTEXT() REPRESENTATION_CONTEXT('2D SPACE',''
  ) );
#4263 = ORIENTED_EDGE('',*,*,#4264,.T.);
#4264 = EDGE_CURVE('',#4242,#2560,#4265,.T.);
#4265 = SURFACE_CURVE('',#4266,(#4270,#4277),.PCURVE_S1.);
#4266 = LINE('',#4267,#4268);
#4267 = CARTESIAN_POINT('',(-25.5,15.100174329639,20.291401548191));
#4268 = VECTOR('',#4269,1.);
#4269 = DIRECTION('',(-9.614813431918E-17,0.5,0.866025403784));
#4270 = PCURVE('',#295,#4271);
#4271 = DEFINITIONAL_REPRESENTATION('',(#4272),#4276);
#4272 = LINE('',#4273,#4274);
#4273 = CARTESIAN_POINT('',(8.598451809185E-03,9.100174329639));
#4274 = VECTOR('',#4275,1.);
#4275 = DIRECTION('',(-0.866025403784,0.5));
#4276 = ( GEOMETRIC_REPRESENTATION_CONTEXT(2) 
PARAMETRIC_REPRESENTATION_CONTEXT() REPRESENTATION_CONTEXT('2D SPACE',''
  ) );
#4277 = PCURVE('',#2509,#4278);
#4278 = DEFINITIONAL_REPRESENTATION('',(#4279),#4283);
#4279 = LINE('',#4280,#4281);
#4280 = CARTESIAN_POINT('',(4.542640687119,-9.));
#4281 = VECTOR('',#4282,1.);
#4282 = DIRECTION('',(-1.,0.));
#4283 = ( GEOMETRIC_REPRESENTATION_CONTEXT(2) 
PARAMETRIC_REPRESENTATION_CONTEXT() REPRESENTATION_CONTEXT('2D SPACE',''
  ) );
#4284 = FACE_BOUND('',#4285,.T.);
#4285 = EDGE_LOOP('',(#4286,#4316,#4344,#4372,#4400,#4428,#4456,#4484));
#4286 = ORIENTED_EDGE('',*,*,#4287,.F.);
#4287 = EDGE_CURVE('',#4288,#4290,#4292,.T.);
#4288 = VERTEX_POINT('',#4289);
#4289 = CARTESIAN_POINT('',(-25.5,5.025,21.075));
#4290 = VERTEX_POINT('',#4291);
#4291 = CARTESIAN_POINT('',(-25.5,5.025,19.525));
#4292 = SURFACE_CURVE('',#4293,(#4297,#4304),.PCURVE_S1.);
#4293 = LINE('',#4294,#4295);
#4294 = CARTESIAN_POINT('',(-25.5,5.025,21.275));
#4295 = VECTOR('',#4296,1.);
#4296 = DIRECTION('',(1.110223024625E-16,0.,-1.));
#4297 = PCURVE('',#295,#4298);
#4298 = DEFINITIONAL_REPRESENTATION('',(#4299),#4303);
#4299 = LINE('',#4300,#4301);
#4300 = CARTESIAN_POINT('',(-0.975,-0.975));
#4301 = VECTOR('',#4302,1.);
#4302 = DIRECTION('',(1.,0.));
#4303 = ( GEOMETRIC_REPRESENTATION_CONTEXT(2) 
PARAMETRIC_REPRESENTATION_CONTEXT() REPRESENTATION_CONTEXT('2D SPACE',''
  ) );
#4304 = PCURVE('',#4305,#4310);
#4305 = PLANE('',#4306);
#4306 = AXIS2_PLACEMENT_3D('',#4307,#4308,#4309);
#4307 = CARTESIAN_POINT('',(-25.5,5.025,21.275));
#4308 = DIRECTION('',(0.,1.,0.));
#4309 = DIRECTION('',(1.110223024625E-16,0.,-1.));
#4310 = DEFINITIONAL_REPRESENTATION('',(#4311),#4315);
#4311 = LINE('',#4312,#4313);
#4312 = CARTESIAN_POINT('',(0.,0.));
#4313 = VECTOR('',#4314,1.);
#4314 = DIRECTION('',(1.,0.));
#4315 = ( GEOMETRIC_REPRESENTATION_CONTEXT(2) 
PARAMETRIC_REPRESENTATION_CONTEXT() REPRESENTATION_CONTEXT('2D SPACE',''
  ) );
#4316 = ORIENTED_EDGE('',*,*,#4317,.T.);
#4317 = EDGE_CURVE('',#4288,#4318,#4320,.T.);
#4318 = VERTEX_POINT('',#4319);
#4319 = CARTESIAN_POINT('',(-25.5,5.225,21.275));
#4320 = SURFACE_CURVE('',#4321,(#4325,#4332),.PCURVE_S1.);
#4321 = LINE('',#4322,#4323);
#4322 = CARTESIAN_POINT('',(-25.5,5.125,21.175));
#4323 = VECTOR('',#4324,1.);
#4324 = DIRECTION('',(-7.850462293419E-17,0.707106781187,0.707106781187)
  );
#4325 = PCURVE('',#295,#4326);
#4326 = DEFINITIONAL_REPRESENTATION('',(#4327),#4331);
#4327 = LINE('',#4328,#4329);
#4328 = CARTESIAN_POINT('',(-0.875,-0.875));
#4329 = VECTOR('',#4330,1.);
#4330 = DIRECTION('',(-0.707106781187,0.707106781187));
#4331 = ( GEOMETRIC_REPRESENTATION_CONTEXT(2) 
PARAMETRIC_REPRESENTATION_CONTEXT() REPRESENTATION_CONTEXT('2D SPACE',''
  ) );
#4332 = PCURVE('',#4333,#4338);
#4333 = PLANE('',#4334);
#4334 = AXIS2_PLACEMENT_3D('',#4335,#4336,#4337);
#4335 = CARTESIAN_POINT('',(-25.5,5.125,21.175));
#4336 = DIRECTION('',(-7.850462293419E-17,-0.707106781187,0.707106781187
    ));
#4337 = DIRECTION('',(1.,0.,1.110223024625E-16));
#4338 = DEFINITIONAL_REPRESENTATION('',(#4339),#4343);
#4339 = LINE('',#4340,#4341);
#4340 = CARTESIAN_POINT('',(0.,0.));
#4341 = VECTOR('',#4342,1.);
#4342 = DIRECTION('',(0.,1.));
#4343 = ( GEOMETRIC_REPRESENTATION_CONTEXT(2) 
PARAMETRIC_REPRESENTATION_CONTEXT() REPRESENTATION_CONTEXT('2D SPACE',''
  ) );
#4344 = ORIENTED_EDGE('',*,*,#4345,.F.);
#4345 = EDGE_CURVE('',#4346,#4318,#4348,.T.);
#4346 = VERTEX_POINT('',#4347);
#4347 = CARTESIAN_POINT('',(-25.5,6.775,21.275));
#4348 = SURFACE_CURVE('',#4349,(#4353,#4360),.PCURVE_S1.);
#4349 = LINE('',#4350,#4351);
#4350 = CARTESIAN_POINT('',(-25.5,6.975,21.275));
#4351 = VECTOR('',#4352,1.);
#4352 = DIRECTION('',(0.,-1.,0.));
#4353 = PCURVE('',#295,#4354);
#4354 = DEFINITIONAL_REPRESENTATION('',(#4355),#4359);
#4355 = LINE('',#4356,#4357);
#4356 = CARTESIAN_POINT('',(-0.975,0.975));
#4357 = VECTOR('',#4358,1.);
#4358 = DIRECTION('',(0.,-1.));
#4359 = ( GEOMETRIC_REPRESENTATION_CONTEXT(2) 
PARAMETRIC_REPRESENTATION_CONTEXT() REPRESENTATION_CONTEXT('2D SPACE',''
  ) );
#4360 = PCURVE('',#4361,#4366);
#4361 = PLANE('',#4362);
#4362 = AXIS2_PLACEMENT_3D('',#4363,#4364,#4365);
#4363 = CARTESIAN_POINT('',(-25.5,6.975,21.275));
#4364 = DIRECTION('',(1.110223024625E-16,0.,-1.));
#4365 = DIRECTION('',(0.,-1.,0.));
#4366 = DEFINITIONAL_REPRESENTATION('',(#4367),#4371);
#4367 = LINE('',#4368,#4369);
#4368 = CARTESIAN_POINT('',(0.,0.));
#4369 = VECTOR('',#4370,1.);
#4370 = DIRECTION('',(1.,-0.));
#4371 = ( GEOMETRIC_REPRESENTATION_CONTEXT(2) 
PARAMETRIC_REPRESENTATION_CONTEXT() REPRESENTATION_CONTEXT('2D SPACE',''
  ) );
#4372 = ORIENTED_EDGE('',*,*,#4373,.F.);
#4373 = EDGE_CURVE('',#4374,#4346,#4376,.T.);
#4374 = VERTEX_POINT('',#4375);
#4375 = CARTESIAN_POINT('',(-25.5,6.975,21.075));
#4376 = SURFACE_CURVE('',#4377,(#4381,#4388),.PCURVE_S1.);
#4377 = LINE('',#4378,#4379);
#4378 = CARTESIAN_POINT('',(-25.5,6.875,21.175));
#4379 = VECTOR('',#4380,1.);
#4380 = DIRECTION('',(-7.850462293419E-17,-0.707106781187,0.707106781187
    ));
#4381 = PCURVE('',#295,#4382);
#4382 = DEFINITIONAL_REPRESENTATION('',(#4383),#4387);
#4383 = LINE('',#4384,#4385);
#4384 = CARTESIAN_POINT('',(-0.875,0.875));
#4385 = VECTOR('',#4386,1.);
#4386 = DIRECTION('',(-0.707106781187,-0.707106781187));
#4387 = ( GEOMETRIC_REPRESENTATION_CONTEXT(2) 
PARAMETRIC_REPRESENTATION_CONTEXT() REPRESENTATION_CONTEXT('2D SPACE',''
  ) );
#4388 = PCURVE('',#4389,#4394);
#4389 = PLANE('',#4390);
#4390 = AXIS2_PLACEMENT_3D('',#4391,#4392,#4393);
#4391 = CARTESIAN_POINT('',(-25.5,6.875,21.175));
#4392 = DIRECTION('',(-7.850462293419E-17,0.707106781187,0.707106781187)
  );
#4393 = DIRECTION('',(-1.,-0.,-1.110223024625E-16));
#4394 = DEFINITIONAL_REPRESENTATION('',(#4395),#4399);
#4395 = LINE('',#4396,#4397);
#4396 = CARTESIAN_POINT('',(-0.,0.));
#4397 = VECTOR('',#4398,1.);
#4398 = DIRECTION('',(-0.,1.));
#4399 = ( GEOMETRIC_REPRESENTATION_CONTEXT(2) 
PARAMETRIC_REPRESENTATION_CONTEXT() REPRESENTATION_CONTEXT('2D SPACE',''
  ) );
#4400 = ORIENTED_EDGE('',*,*,#4401,.F.);
#4401 = EDGE_CURVE('',#4402,#4374,#4404,.T.);
#4402 = VERTEX_POINT('',#4403);
#4403 = CARTESIAN_POINT('',(-25.5,6.975,19.525));
#4404 = SURFACE_CURVE('',#4405,(#4409,#4416),.PCURVE_S1.);
#4405 = LINE('',#4406,#4407);
#4406 = CARTESIAN_POINT('',(-25.5,6.975,19.325));
#4407 = VECTOR('',#4408,1.);
#4408 = DIRECTION('',(-1.110223024625E-16,0.,1.));
#4409 = PCURVE('',#295,#4410);
#4410 = DEFINITIONAL_REPRESENTATION('',(#4411),#4415);
#4411 = LINE('',#4412,#4413);
#4412 = CARTESIAN_POINT('',(0.975,0.975));
#4413 = VECTOR('',#4414,1.);
#4414 = DIRECTION('',(-1.,0.));
#4415 = ( GEOMETRIC_REPRESENTATION_CONTEXT(2) 
PARAMETRIC_REPRESENTATION_CONTEXT() REPRESENTATION_CONTEXT('2D SPACE',''
  ) );
#4416 = PCURVE('',#4417,#4422);
#4417 = PLANE('',#4418);
#4418 = AXIS2_PLACEMENT_3D('',#4419,#4420,#4421);
#4419 = CARTESIAN_POINT('',(-25.5,6.975,19.325));
#4420 = DIRECTION('',(0.,-1.,0.));
#4421 = DIRECTION('',(-1.110223024625E-16,0.,1.));
#4422 = DEFINITIONAL_REPRESENTATION('',(#4423),#4427);
#4423 = LINE('',#4424,#4425);
#4424 = CARTESIAN_POINT('',(0.,-0.));
#4425 = VECTOR('',#4426,1.);
#4426 = DIRECTION('',(1.,0.));
#4427 = ( GEOMETRIC_REPRESENTATION_CONTEXT(2) 
PARAMETRIC_REPRESENTATION_CONTEXT() REPRESENTATION_CONTEXT('2D SPACE',''
  ) );
#4428 = ORIENTED_EDGE('',*,*,#4429,.F.);
#4429 = EDGE_CURVE('',#4430,#4402,#4432,.T.);
#4430 = VERTEX_POINT('',#4431);
#4431 = CARTESIAN_POINT('',(-25.5,6.775,19.325));
#4432 = SURFACE_CURVE('',#4433,(#4437,#4444),.PCURVE_S1.);
#4433 = LINE('',#4434,#4435);
#4434 = CARTESIAN_POINT('',(-25.5,6.875,19.425));
#4435 = VECTOR('',#4436,1.);
#4436 = DIRECTION('',(-7.850462293419E-17,0.707106781187,0.707106781187)
  );
#4437 = PCURVE('',#295,#4438);
#4438 = DEFINITIONAL_REPRESENTATION('',(#4439),#4443);
#4439 = LINE('',#4440,#4441);
#4440 = CARTESIAN_POINT('',(0.875,0.875));
#4441 = VECTOR('',#4442,1.);
#4442 = DIRECTION('',(-0.707106781187,0.707106781187));
#4443 = ( GEOMETRIC_REPRESENTATION_CONTEXT(2) 
PARAMETRIC_REPRESENTATION_CONTEXT() REPRESENTATION_CONTEXT('2D SPACE',''
  ) );
#4444 = PCURVE('',#4445,#4450);
#4445 = PLANE('',#4446);
#4446 = AXIS2_PLACEMENT_3D('',#4447,#4448,#4449);
#4447 = CARTESIAN_POINT('',(-25.5,6.875,19.425));
#4448 = DIRECTION('',(7.850462293419E-17,0.707106781187,-0.707106781187)
  );
#4449 = DIRECTION('',(-1.,-0.,-1.110223024625E-16));
#4450 = DEFINITIONAL_REPRESENTATION('',(#4451),#4455);
#4451 = LINE('',#4452,#4453);
#4452 = CARTESIAN_POINT('',(-0.,0.));
#4453 = VECTOR('',#4454,1.);
#4454 = DIRECTION('',(-0.,1.));
#4455 = ( GEOMETRIC_REPRESENTATION_CONTEXT(2) 
PARAMETRIC_REPRESENTATION_CONTEXT() REPRESENTATION_CONTEXT('2D SPACE',''
  ) );
#4456 = ORIENTED_EDGE('',*,*,#4457,.F.);
#4457 = EDGE_CURVE('',#4458,#4430,#4460,.T.);
#4458 = VERTEX_POINT('',#4459);
#4459 = CARTESIAN_POINT('',(-25.5,5.225,19.325));
#4460 = SURFACE_CURVE('',#4461,(#4465,#4472),.PCURVE_S1.);
#4461 = LINE('',#4462,#4463);
#4462 = CARTESIAN_POINT('',(-25.5,5.025,19.325));
#4463 = VECTOR('',#4464,1.);
#4464 = DIRECTION('',(0.,1.,0.));
#4465 = PCURVE('',#295,#4466);
#4466 = DEFINITIONAL_REPRESENTATION('',(#4467),#4471);
#4467 = LINE('',#4468,#4469);
#4468 = CARTESIAN_POINT('',(0.975,-0.975));
#4469 = VECTOR('',#4470,1.);
#4470 = DIRECTION('',(0.,1.));
#4471 = ( GEOMETRIC_REPRESENTATION_CONTEXT(2) 
PARAMETRIC_REPRESENTATION_CONTEXT() REPRESENTATION_CONTEXT('2D SPACE',''
  ) );
#4472 = PCURVE('',#4473,#4478);
#4473 = PLANE('',#4474);
#4474 = AXIS2_PLACEMENT_3D('',#4475,#4476,#4477);
#4475 = CARTESIAN_POINT('',(-25.5,5.025,19.325));
#4476 = DIRECTION('',(-1.110223024625E-16,0.,1.));
#4477 = DIRECTION('',(0.,1.,0.));
#4478 = DEFINITIONAL_REPRESENTATION('',(#4479),#4483);
#4479 = LINE('',#4480,#4481);
#4480 = CARTESIAN_POINT('',(0.,0.));
#4481 = VECTOR('',#4482,1.);
#4482 = DIRECTION('',(1.,0.));
#4483 = ( GEOMETRIC_REPRESENTATION_CONTEXT(2) 
PARAMETRIC_REPRESENTATION_CONTEXT() REPRESENTATION_CONTEXT('2D SPACE',''
  ) );
#4484 = ORIENTED_EDGE('',*,*,#4485,.F.);
#4485 = EDGE_CURVE('',#4290,#4458,#4486,.T.);
#4486 = SURFACE_CURVE('',#4487,(#4491,#4498),.PCURVE_S1.);
#4487 = LINE('',#4488,#4489);
#4488 = CARTESIAN_POINT('',(-25.5,5.125,19.425));
#4489 = VECTOR('',#4490,1.);
#4490 = DIRECTION('',(7.850462293419E-17,0.707106781187,-0.707106781187)
  );
#4491 = PCURVE('',#295,#4492);
#4492 = DEFINITIONAL_REPRESENTATION('',(#4493),#4497);
#4493 = LINE('',#4494,#4495);
#4494 = CARTESIAN_POINT('',(0.875,-0.875));
#4495 = VECTOR('',#4496,1.);
#4496 = DIRECTION('',(0.707106781187,0.707106781187));
#4497 = ( GEOMETRIC_REPRESENTATION_CONTEXT(2) 
PARAMETRIC_REPRESENTATION_CONTEXT() REPRESENTATION_CONTEXT('2D SPACE',''
  ) );
#4498 = PCURVE('',#4499,#4504);
#4499 = PLANE('',#4500);
#4500 = AXIS2_PLACEMENT_3D('',#4501,#4502,#4503);
#4501 = CARTESIAN_POINT('',(-25.5,5.125,19.425));
#4502 = DIRECTION('',(7.850462293419E-17,-0.707106781187,-0.707106781187
    ));
#4503 = DIRECTION('',(-1.,-0.,-1.110223024625E-16));
#4504 = DEFINITIONAL_REPRESENTATION('',(#4505),#4509);
#4505 = LINE('',#4506,#4507);
#4506 = CARTESIAN_POINT('',(-0.,0.));
#4507 = VECTOR('',#4508,1.);
#4508 = DIRECTION('',(-0.,1.));
#4509 = ( GEOMETRIC_REPRESENTATION_CONTEXT(2) 
PARAMETRIC_REPRESENTATION_CONTEXT() REPRESENTATION_CONTEXT('2D SPACE',''
  ) );
#4510 = ADVANCED_FACE('',(#4511),#267,.T.);
#4511 = FACE_BOUND('',#4512,.T.);
#4512 = EDGE_LOOP('',(#4513,#4514,#4515,#4542,#4570,#4648));
#4513 = ORIENTED_EDGE('',*,*,#251,.F.);
#4514 = ORIENTED_EDGE('',*,*,#1990,.T.);
#4515 = ORIENTED_EDGE('',*,*,#4516,.F.);
#4516 = EDGE_CURVE('',#4517,#1991,#4519,.T.);
#4517 = VERTEX_POINT('',#4518);
#4518 = CARTESIAN_POINT('',(-32.9,9.891052773619,8.948360985615));
#4519 = SURFACE_CURVE('',#4520,(#4525,#4532),.PCURVE_S1.);
#4520 = HYPERBOLA('',#4521,7.885281374239,7.885281374239);
#4521 = AXIS2_PLACEMENT_3D('',#4522,#4523,#4524);
#4522 = CARTESIAN_POINT('',(-44.9,2.057359312881,13.471146013921));
#4523 = DIRECTION('',(9.614813431918E-17,-0.5,-0.866025403784));
#4524 = DIRECTION('',(1.,0.,1.110223024625E-16));
#4525 = PCURVE('',#267,#4526);
#4526 = DEFINITIONAL_REPRESENTATION('',(#4527),#4531);
#4527 = HYPERBOLA('',#4528,7.885281374239,7.885281374239);
#4528 = AXIS2_PLACEMENT_2D('',#4529,#4530);
#4529 = CARTESIAN_POINT('',(9.085281374239,10.4));
#4530 = DIRECTION('',(0.,-1.));
#4531 = ( GEOMETRIC_REPRESENTATION_CONTEXT(2) 
PARAMETRIC_REPRESENTATION_CONTEXT() REPRESENTATION_CONTEXT('2D SPACE',''
  ) );
#4532 = PCURVE('',#2030,#4533);
#4533 = DEFINITIONAL_REPRESENTATION('',(#4534),#4541);
#4534 = B_SPLINE_CURVE_WITH_KNOTS('',5,(#4535,#4536,#4537,#4538,#4539,
    #4540),.UNSPECIFIED.,.F.,.F.,(6,6),(-0.981692184838,-0.912214069878)
  ,.PIECEWISE_BEZIER_KNOTS.);
#4535 = CARTESIAN_POINT('',(0.330223433442,-1.942890293094E-15));
#4536 = CARTESIAN_POINT('',(0.321092525345,-0.125693831255));
#4537 = CARTESIAN_POINT('',(0.311842065285,-0.248491337474));
#4538 = CARTESIAN_POINT('',(0.302471552195,-0.368443080922));
#4539 = CARTESIAN_POINT('',(0.292980637925,-0.485597294852));
#4540 = CARTESIAN_POINT('',(0.283369155718,-0.6));
#4541 = ( GEOMETRIC_REPRESENTATION_CONTEXT(2) 
PARAMETRIC_REPRESENTATION_CONTEXT() REPRESENTATION_CONTEXT('2D SPACE',''
  ) );
#4542 = ORIENTED_EDGE('',*,*,#4543,.F.);
#4543 = EDGE_CURVE('',#4544,#4517,#4546,.T.);
#4544 = VERTEX_POINT('',#4545);
#4545 = CARTESIAN_POINT('',(-26.3,9.891052773619,8.948360985615));
#4546 = SURFACE_CURVE('',#4547,(#4551,#4558),.PCURVE_S1.);
#4547 = LINE('',#4548,#4549);
#4548 = CARTESIAN_POINT('',(-33.5,9.891052773619,8.948360985615));
#4549 = VECTOR('',#4550,1.);
#4550 = DIRECTION('',(-1.,-0.,-1.110223024625E-16));
#4551 = PCURVE('',#267,#4552);
#4552 = DEFINITIONAL_REPRESENTATION('',(#4553),#4557);
#4553 = LINE('',#4554,#4555);
#4554 = CARTESIAN_POINT('',(3.971131762598E-02,-1.));
#4555 = VECTOR('',#4556,1.);
#4556 = DIRECTION('',(0.,1.));
#4557 = ( GEOMETRIC_REPRESENTATION_CONTEXT(2) 
PARAMETRIC_REPRESENTATION_CONTEXT() REPRESENTATION_CONTEXT('2D SPACE',''
  ) );
#4558 = PCURVE('',#4559,#4564);
#4559 = CYLINDRICAL_SURFACE('',#4560,12.);
#4560 = AXIS2_PLACEMENT_3D('',#4561,#4562,#4563);
#4561 = CARTESIAN_POINT('',(-33.5,6.,20.3));
#4562 = DIRECTION('',(-1.,-0.,-1.110223024625E-16));
#4563 = DIRECTION('',(1.110223024625E-16,0.,-1.));
#4564 = DEFINITIONAL_REPRESENTATION('',(#4565),#4569);
#4565 = LINE('',#4566,#4567);
#4566 = CARTESIAN_POINT('',(-0.330223433442,0.));
#4567 = VECTOR('',#4568,1.);
#4568 = DIRECTION('',(-0.,1.));
#4569 = ( GEOMETRIC_REPRESENTATION_CONTEXT(2) 
PARAMETRIC_REPRESENTATION_CONTEXT() REPRESENTATION_CONTEXT('2D SPACE',''
  ) );
#4570 = ORIENTED_EDGE('',*,*,#4571,.T.);
#4571 = EDGE_CURVE('',#4544,#3815,#4572,.T.);
#4572 = SURFACE_CURVE('',#4573,(#4596,#4622),.PCURVE_S1.);
#4573 = B_SPLINE_CURVE_WITH_KNOTS('',6,(#4574,#4575,#4576,#4577,#4578,
    #4579,#4580,#4581,#4582,#4583,#4584,#4585,#4586,#4587,#4588,#4589,
    #4590,#4591,#4592,#4593,#4594,#4595),.UNSPECIFIED.,.F.,.F.,(7,5,5,5,
    7),(0.,0.303886728018,0.475760167287,0.732155496907,1.),
  .UNSPECIFIED.);
#4574 = CARTESIAN_POINT('',(-26.3,9.891052773619,8.948360985615));
#4575 = CARTESIAN_POINT('',(-26.23117225271,9.891052773619,
    8.948360985615));
#4576 = CARTESIAN_POINT('',(-26.1623201215,9.882888833761,8.95307443849)
  );
#4577 = CARTESIAN_POINT('',(-26.09470230167,9.866550863271,8.96250717015
    ));
#4578 = CARTESIAN_POINT('',(-26.02944852343,9.842448940102,8.97642242198
    ));
#4579 = CARTESIAN_POINT('',(-25.96748114705,9.811236373699,
    8.994443005595));
#4580 = CARTESIAN_POINT('',(-25.87671410466,9.752530642989,
    9.028336775023));
#4581 = CARTESIAN_POINT('',(-25.84519031381,9.729305613512,
    9.041745752043));
#4582 = CARTESIAN_POINT('',(-25.81505209883,9.704204439304,
    9.056237921729));
#4583 = CARTESIAN_POINT('',(-25.78639077033,9.677375552771,
    9.071727586591));
#4584 = CARTESIAN_POINT('',(-25.75927438434,9.648968418902,
    9.088128452977));
#4585 = CARTESIAN_POINT('',(-25.69567847145,9.574610391632,
    9.131059080038));
#4586 = CARTESIAN_POINT('',(-25.66115442196,9.526904319617,
    9.158602193558));
#4587 = CARTESIAN_POINT('',(-25.63033615532,9.476482934059,
    9.187712994083));
#4588 = CARTESIAN_POINT('',(-25.60329647099,9.423796214654,
    9.218131685714));
#4589 = CARTESIAN_POINT('',(-25.58005229441,9.369256945124,
    9.249619947659));
#4590 = CARTESIAN_POINT('',(-25.54026338561,9.25469658438,9.315761402772
    ));
#4591 = CARTESIAN_POINT('',(-25.52406601955,9.194545268614,
    9.350489781122));
#4592 = CARTESIAN_POINT('',(-25.51198505447,9.133186890156,
    9.385915057442));
#4593 = CARTESIAN_POINT('',(-25.50397991889,9.071000368847,
    9.421818462259));
#4594 = CARTESIAN_POINT('',(-25.5,9.008335778572,9.457997880324));
#4595 = CARTESIAN_POINT('',(-25.5,8.94551967954,9.494264772009));
#4596 = PCURVE('',#267,#4597);
#4597 = DEFINITIONAL_REPRESENTATION('',(#4598),#4621);
#4598 = B_SPLINE_CURVE_WITH_KNOTS('',6,(#4599,#4600,#4601,#4602,#4603,
    #4604,#4605,#4606,#4607,#4608,#4609,#4610,#4611,#4612,#4613,#4614,
    #4615,#4616,#4617,#4618,#4619,#4620),.UNSPECIFIED.,.F.,.F.,(7,5,5,5,
    7),(0.,0.303886728018,0.475760167287,0.732155496907,1.),
  .UNSPECIFIED.);
#4599 = CARTESIAN_POINT('',(3.971131762598E-02,-8.2));
#4600 = CARTESIAN_POINT('',(3.971131762598E-02,-8.268827747283));
#4601 = CARTESIAN_POINT('',(4.913822337577E-02,-8.337679878491));
#4602 = CARTESIAN_POINT('',(6.800368669577E-02,-8.405297698322));
#4603 = CARTESIAN_POINT('',(9.583419035596E-02,-8.470551476563));
#4604 = CARTESIAN_POINT('',(0.131875357585,-8.532518852947));
#4605 = CARTESIAN_POINT('',(0.199662896442,-8.623285895337));
#4606 = CARTESIAN_POINT('',(0.226480850483,-8.65480968619));
#4607 = CARTESIAN_POINT('',(0.255465189854,-8.684947901162));
#4608 = CARTESIAN_POINT('',(0.286444519579,-8.713609229667));
#4609 = CARTESIAN_POINT('',(0.319246252351,-8.740725615658));
#4610 = CARTESIAN_POINT('',(0.405107506472,-8.804321528546));
#4611 = CARTESIAN_POINT('',(0.460193733512,-8.838845578031));
#4612 = CARTESIAN_POINT('',(0.518415334562,-8.869663844671));
#4613 = CARTESIAN_POINT('',(0.579252717825,-8.896703529007));
#4614 = CARTESIAN_POINT('',(0.642229241714,-8.919947705587));
#4615 = CARTESIAN_POINT('',(0.774512151941,-8.959736614387));
#4616 = CARTESIAN_POINT('',(0.84396890864,-8.975933980449));
#4617 = CARTESIAN_POINT('',(0.91481946128,-8.98801494553));
#4618 = CARTESIAN_POINT('',(0.986626270915,-8.996020081104));
#4619 = CARTESIAN_POINT('',(1.058985107044,-9.));
#4620 = CARTESIAN_POINT('',(1.131518890415,-9.));
#4621 = ( GEOMETRIC_REPRESENTATION_CONTEXT(2) 
PARAMETRIC_REPRESENTATION_CONTEXT() REPRESENTATION_CONTEXT('2D SPACE',''
  ) );
#4622 = PCURVE('',#3854,#4623);
#4623 = DEFINITIONAL_REPRESENTATION('',(#4624),#4647);
#4624 = B_SPLINE_CURVE_WITH_KNOTS('',6,(#4625,#4626,#4627,#4628,#4629,
    #4630,#4631,#4632,#4633,#4634,#4635,#4636,#4637,#4638,#4639,#4640,
    #4641,#4642,#4643,#4644,#4645,#4646),.UNSPECIFIED.,.F.,.F.,(7,5,5,5,
    7),(0.,0.303886728018,0.475760167287,0.732155496907,1.),
  .UNSPECIFIED.);
#4625 = CARTESIAN_POINT('',(0.330223433442,0.));
#4626 = CARTESIAN_POINT('',(0.330223433442,8.603468410402E-02));
#4627 = CARTESIAN_POINT('',(0.329707220585,0.172099615988));
#4628 = CARTESIAN_POINT('',(0.328674198071,0.257769349859));
#4629 = CARTESIAN_POINT('',(0.327145561685,0.342776102799));
#4630 = CARTESIAN_POINT('',(0.325153846653,0.426898953202));
#4631 = CARTESIAN_POINT('',(0.321378099049,0.556896425447));
#4632 = CARTESIAN_POINT('',(0.319879301674,0.603525236461));
#4633 = CARTESIAN_POINT('',(0.318252961874,0.64979698337));
#4634 = CARTESIAN_POINT('',(0.316506724262,0.695699764054));
#4635 = CARTESIAN_POINT('',(0.314648342878,0.741230572054));
#4636 = CARTESIAN_POINT('',(0.309757074049,0.853765356427));
#4637 = CARTESIAN_POINT('',(0.306596191778,0.9203141785));
#4638 = CARTESIAN_POINT('',(0.303227503453,0.986064060201));
#4639 = CARTESIAN_POINT('',(0.299675052975,1.051061490371));
#4640 = CARTESIAN_POINT('',(0.295961532584,1.115374411068));
#4641 = CARTESIAN_POINT('',(0.288081706899,1.245654003669));
#4642 = CARTESIAN_POINT('',(0.283902978923,1.311560066224));
#4643 = CARTESIAN_POINT('',(0.279595029381,1.376915395783));
#4644 = CARTESIAN_POINT('',(0.275180691257,1.441826199522));
#4645 = CARTESIAN_POINT('',(0.270682468944,1.506408326239));
#4646 = CARTESIAN_POINT('',(0.266122924213,1.570796326795));
#4647 = ( GEOMETRIC_REPRESENTATION_CONTEXT(2) 
PARAMETRIC_REPRESENTATION_CONTEXT() REPRESENTATION_CONTEXT('2D SPACE',''
  ) );
#4648 = ORIENTED_EDGE('',*,*,#3814,.F.);
#4649 = ADVANCED_FACE('',(#4650),#515,.T.);
#4650 = FACE_BOUND('',#4651,.T.);
#4651 = EDGE_LOOP('',(#4652,#4653,#4654,#4655,#4735,#4763));
#4652 = ORIENTED_EDGE('',*,*,#1966,.T.);
#4653 = ORIENTED_EDGE('',*,*,#497,.T.);
#4654 = ORIENTED_EDGE('',*,*,#3790,.F.);
#4655 = ORIENTED_EDGE('',*,*,#4656,.F.);
#4656 = EDGE_CURVE('',#4657,#3762,#4659,.T.);
#4657 = VERTEX_POINT('',#4658);
#4658 = CARTESIAN_POINT('',(-26.3,5.179552004559,8.328080141983));
#4659 = SURFACE_CURVE('',#4660,(#4683,#4709),.PCURVE_S1.);
#4660 = B_SPLINE_CURVE_WITH_KNOTS('',6,(#4661,#4662,#4663,#4664,#4665,
    #4666,#4667,#4668,#4669,#4670,#4671,#4672,#4673,#4674,#4675,#4676,
    #4677,#4678,#4679,#4680,#4681,#4682),.UNSPECIFIED.,.F.,.F.,(7,5,5,5,
    7),(0.,0.303886728023,0.475760167293,0.732155496913,1.),
  .UNSPECIFIED.);
#4661 = CARTESIAN_POINT('',(-26.3,5.179552004559,8.328080141983));
#4662 = CARTESIAN_POINT('',(-26.23117225271,5.179552004559,
    8.328080141983));
#4663 = CARTESIAN_POINT('',(-26.1623201215,5.186217833541,8.334745970965
    ));
#4664 = CARTESIAN_POINT('',(-26.09470230167,5.199557730585,
    8.348085868009));
#4665 = CARTESIAN_POINT('',(-26.02944852343,5.219236868448,
    8.367765005872));
#4666 = CARTESIAN_POINT('',(-25.96748114704,5.244721822198,
    8.393249959622));
#4667 = CARTESIAN_POINT('',(-25.87671410465,5.292654850605,
    8.441182988029));
#4668 = CARTESIAN_POINT('',(-25.8451903138,5.311618007765,8.460146145189
    ));
#4669 = CARTESIAN_POINT('',(-25.81505209883,5.332113030683,
    8.480641168107));
#4670 = CARTESIAN_POINT('',(-25.78639077032,5.354018724808,
    8.502546862232));
#4671 = CARTESIAN_POINT('',(-25.75927438433,5.377213052486,8.52574118991
    ));
#4672 = CARTESIAN_POINT('',(-25.69567847144,5.437926127517,
    8.586454264941));
#4673 = CARTESIAN_POINT('',(-25.66115442196,5.476877972207,
    8.625406109631));
#4674 = CARTESIAN_POINT('',(-25.63033615532,5.518046861122,
    8.666574998545));
#4675 = CARTESIAN_POINT('',(-25.60329647099,5.561065387376,8.7095935248)
  );
#4676 = CARTESIAN_POINT('',(-25.58005229441,5.605596514474,
    8.754124651898));
#4677 = CARTESIAN_POINT('',(-25.54026338561,5.69913465733,8.847662794754
    ));
#4678 = CARTESIAN_POINT('',(-25.52406601955,5.748248000991,
    8.896776138415));
#4679 = CARTESIAN_POINT('',(-25.51198505447,5.798346907212,
    8.946875044636));
#4680 = CARTESIAN_POINT('',(-25.50397991889,5.849121989239,
    8.997650126663));
#4681 = CARTESIAN_POINT('',(-25.5,5.900287412944,9.048815550367));
#4682 = CARTESIAN_POINT('',(-25.5,5.951576543029,9.100104680453));
#4683 = PCURVE('',#515,#4684);
#4684 = DEFINITIONAL_REPRESENTATION('',(#4685),#4708);
#4685 = B_SPLINE_CURVE_WITH_KNOTS('',6,(#4686,#4687,#4688,#4689,#4690,
    #4691,#4692,#4693,#4694,#4695,#4696,#4697,#4698,#4699,#4700,#4701,
    #4702,#4703,#4704,#4705,#4706,#4707),.UNSPECIFIED.,.F.,.F.,(7,5,5,5,
    7),(0.,0.303886728023,0.475760167293,0.732155496913,1.),
  .UNSPECIFIED.);
#4686 = CARTESIAN_POINT('',(1.160288682374,-8.2));
#4687 = CARTESIAN_POINT('',(1.160288682374,-8.268827747284));
#4688 = CARTESIAN_POINT('',(1.150861776624,-8.337679878494));
#4689 = CARTESIAN_POINT('',(1.131996313303,-8.405297698326));
#4690 = CARTESIAN_POINT('',(1.104165809642,-8.470551476568));
#4691 = CARTESIAN_POINT('',(1.068124642412,-8.532518852952));
#4692 = CARTESIAN_POINT('',(1.000337103553,-8.623285895343));
#4693 = CARTESIAN_POINT('',(0.973519149512,-8.654809686196));
#4694 = CARTESIAN_POINT('',(0.94453481014,-8.684947901167));
#4695 = CARTESIAN_POINT('',(0.913555480415,-8.713609229672));
#4696 = CARTESIAN_POINT('',(0.880753747643,-8.740725615663));
#4697 = CARTESIAN_POINT('',(0.79489249352,-8.804321528551));
#4698 = CARTESIAN_POINT('',(0.739806266481,-8.838845578035));
#4699 = CARTESIAN_POINT('',(0.68158466543,-8.869663844675));
#4700 = CARTESIAN_POINT('',(0.620747282167,-8.89670352901));
#4701 = CARTESIAN_POINT('',(0.557770758278,-8.91994770559));
#4702 = CARTESIAN_POINT('',(0.425487848052,-8.959736614389));
#4703 = CARTESIAN_POINT('',(0.356031091353,-8.97593398045));
#4704 = CARTESIAN_POINT('',(0.285180538715,-8.98801494553));
#4705 = CARTESIAN_POINT('',(0.213373729082,-8.996020081104));
#4706 = CARTESIAN_POINT('',(0.141014892955,-9.));
#4707 = CARTESIAN_POINT('',(6.848110958544E-02,-9.));
#4708 = ( GEOMETRIC_REPRESENTATION_CONTEXT(2) 
PARAMETRIC_REPRESENTATION_CONTEXT() REPRESENTATION_CONTEXT('2D SPACE',''
  ) );
#4709 = PCURVE('',#3778,#4710);
#4710 = DEFINITIONAL_REPRESENTATION('',(#4711),#4734);
#4711 = B_SPLINE_CURVE_WITH_KNOTS('',6,(#4712,#4713,#4714,#4715,#4716,
    #4717,#4718,#4719,#4720,#4721,#4722,#4723,#4724,#4725,#4726,#4727,
    #4728,#4729,#4730,#4731,#4732,#4733),.UNSPECIFIED.,.F.,.F.,(7,5,5,5,
    7),(0.,0.303886728023,0.475760167293,0.732155496913,1.),
  .UNSPECIFIED.);
#4712 = CARTESIAN_POINT('',(6.214761261537,0.));
#4713 = CARTESIAN_POINT('',(6.214761261537,8.603468410553E-02));
#4714 = CARTESIAN_POINT('',(6.215277474394,0.172099615991));
#4715 = CARTESIAN_POINT('',(6.216310496908,0.257769349864));
#4716 = CARTESIAN_POINT('',(6.217839133294,0.342776102805));
#4717 = CARTESIAN_POINT('',(6.219830848326,0.426898953209));
#4718 = CARTESIAN_POINT('',(6.22360659593,0.556896425456));
#4719 = CARTESIAN_POINT('',(6.225105393305,0.60352523647));
#4720 = CARTESIAN_POINT('',(6.226731733105,0.649796983379));
#4721 = CARTESIAN_POINT('',(6.228477970717,0.695699764063));
#4722 = CARTESIAN_POINT('',(6.230336352101,0.741230572063));
#4723 = CARTESIAN_POINT('',(6.23522762093,0.853765356436));
#4724 = CARTESIAN_POINT('',(6.238388503201,0.920314178508));
#4725 = CARTESIAN_POINT('',(6.241757191526,0.98606406021));
#4726 = CARTESIAN_POINT('',(6.245309642005,1.051061490379));
#4727 = CARTESIAN_POINT('',(6.249023162395,1.115374411077));
#4728 = CARTESIAN_POINT('',(6.25690298808,1.245654003676));
#4729 = CARTESIAN_POINT('',(6.261081716056,1.31156006623));
#4730 = CARTESIAN_POINT('',(6.265389665598,1.376915395787));
#4731 = CARTESIAN_POINT('',(6.269804003722,1.441826199525));
#4732 = CARTESIAN_POINT('',(6.274302226035,1.50640832624));
#4733 = CARTESIAN_POINT('',(6.278861770766,1.570796326795));
#4734 = ( GEOMETRIC_REPRESENTATION_CONTEXT(2) 
PARAMETRIC_REPRESENTATION_CONTEXT() REPRESENTATION_CONTEXT('2D SPACE',''
  ) );
#4735 = ORIENTED_EDGE('',*,*,#4736,.T.);
#4736 = EDGE_CURVE('',#4657,#4737,#4739,.T.);
#4737 = VERTEX_POINT('',#4738);
#4738 = CARTESIAN_POINT('',(-32.9,5.179552004559,8.328080141983));
#4739 = SURFACE_CURVE('',#4740,(#4744,#4751),.PCURVE_S1.);
#4740 = LINE('',#4741,#4742);
#4741 = CARTESIAN_POINT('',(-33.5,5.179552004559,8.328080141983));
#4742 = VECTOR('',#4743,1.);
#4743 = DIRECTION('',(-1.,-0.,-1.110223024625E-16));
#4744 = PCURVE('',#515,#4745);
#4745 = DEFINITIONAL_REPRESENTATION('',(#4746),#4750);
#4746 = LINE('',#4747,#4748);
#4747 = CARTESIAN_POINT('',(1.160288682374,-1.));
#4748 = VECTOR('',#4749,1.);
#4749 = DIRECTION('',(0.,1.));
#4750 = ( GEOMETRIC_REPRESENTATION_CONTEXT(2) 
PARAMETRIC_REPRESENTATION_CONTEXT() REPRESENTATION_CONTEXT('2D SPACE',''
  ) );
#4751 = PCURVE('',#4752,#4757);
#4752 = CYLINDRICAL_SURFACE('',#4753,12.);
#4753 = AXIS2_PLACEMENT_3D('',#4754,#4755,#4756);
#4754 = CARTESIAN_POINT('',(-33.5,6.,20.3));
#4755 = DIRECTION('',(-1.,-0.,-1.110223024625E-16));
#4756 = DIRECTION('',(1.110223024625E-16,0.,-1.));
#4757 = DEFINITIONAL_REPRESENTATION('',(#4758),#4762);
#4758 = LINE('',#4759,#4760);
#4759 = CARTESIAN_POINT('',(-6.214761261537,0.));
#4760 = VECTOR('',#4761,1.);
#4761 = DIRECTION('',(-0.,1.));
#4762 = ( GEOMETRIC_REPRESENTATION_CONTEXT(2) 
PARAMETRIC_REPRESENTATION_CONTEXT() REPRESENTATION_CONTEXT('2D SPACE',''
  ) );
#4763 = ORIENTED_EDGE('',*,*,#4764,.F.);
#4764 = EDGE_CURVE('',#1938,#4737,#4765,.T.);
#4765 = SURFACE_CURVE('',#4766,(#4771,#4778),.PCURVE_S1.);
#4766 = HYPERBOLA('',#4767,7.885281374239,7.885281374239);
#4767 = AXIS2_PLACEMENT_3D('',#4768,#4769,#4770);
#4768 = CARTESIAN_POINT('',(-44.9,11.575735931288,14.724264068712));
#4769 = DIRECTION('',(7.850462293419E-17,0.707106781187,-0.707106781187)
  );
#4770 = DIRECTION('',(1.,0.,1.110223024625E-16));
#4771 = PCURVE('',#515,#4772);
#4772 = DEFINITIONAL_REPRESENTATION('',(#4773),#4777);
#4773 = HYPERBOLA('',#4774,7.885281374239,7.885281374239);
#4774 = AXIS2_PLACEMENT_2D('',#4775,#4776);
#4775 = CARTESIAN_POINT('',(-7.885281374239,10.4));
#4776 = DIRECTION('',(0.,-1.));
#4777 = ( GEOMETRIC_REPRESENTATION_CONTEXT(2) 
PARAMETRIC_REPRESENTATION_CONTEXT() REPRESENTATION_CONTEXT('2D SPACE',''
  ) );
#4778 = PCURVE('',#1954,#4779);
#4779 = DEFINITIONAL_REPRESENTATION('',(#4780),#4787);
#4780 = B_SPLINE_CURVE_WITH_KNOTS('',5,(#4781,#4782,#4783,#4784,#4785,
    #4786),.UNSPECIFIED.,.F.,.F.,(6,6),(0.912214069878,0.981692184838),
  .PIECEWISE_BEZIER_KNOTS.);
#4781 = CARTESIAN_POINT('',(6.261615539261,-0.6));
#4782 = CARTESIAN_POINT('',(6.252004057054,-0.485597294852));
#4783 = CARTESIAN_POINT('',(6.242513142784,-0.368443080922));
#4784 = CARTESIAN_POINT('',(6.233142629694,-0.248491337474));
#4785 = CARTESIAN_POINT('',(6.223892169634,-0.125693831255));
#4786 = CARTESIAN_POINT('',(6.214761261537,7.216449660064E-16));
#4787 = ( GEOMETRIC_REPRESENTATION_CONTEXT(2) 
PARAMETRIC_REPRESENTATION_CONTEXT() REPRESENTATION_CONTEXT('2D SPACE',''
  ) );
#4788 = ADVANCED_FACE('',(#4789),#594,.T.);
#4789 = FACE_BOUND('',#4790,.F.);
#4790 = EDGE_LOOP('',(#4791,#4818,#4847,#4872));
#4791 = ORIENTED_EDGE('',*,*,#4792,.F.);
#4792 = EDGE_CURVE('',#4793,#576,#4795,.T.);
#4793 = VERTEX_POINT('',#4794);
#4794 = CARTESIAN_POINT('',(-32.9,17.351639014385,24.191052773619));
#4795 = SURFACE_CURVE('',#4796,(#4801,#4811),.PCURVE_S1.);
#4796 = HYPERBOLA('',#4797,7.885281374239,7.885281374239);
#4797 = AXIS2_PLACEMENT_3D('',#4798,#4799,#4800);
#4798 = CARTESIAN_POINT('',(-44.9,12.828853986079,16.357359312881));
#4799 = DIRECTION('',(5.551115123126E-17,0.866025403784,-0.5));
#4800 = DIRECTION('',(1.,0.,1.110223024625E-16));
#4801 = PCURVE('',#594,#4802);
#4802 = DEFINITIONAL_REPRESENTATION('',(#4803),#4810);
#4803 = B_SPLINE_CURVE_WITH_KNOTS('',5,(#4804,#4805,#4806,#4807,#4808,
    #4809),.UNSPECIFIED.,.F.,.F.,(6,6),(-0.981692184838,-0.912214069878)
  ,.PIECEWISE_BEZIER_KNOTS.);
#4804 = CARTESIAN_POINT('',(1.901019760237,-1.942890293094E-15));
#4805 = CARTESIAN_POINT('',(1.89188885214,-0.125693831255));
#4806 = CARTESIAN_POINT('',(1.88263839208,-0.248491337474));
#4807 = CARTESIAN_POINT('',(1.87326787899,-0.368443080922));
#4808 = CARTESIAN_POINT('',(1.86377696472,-0.485597294852));
#4809 = CARTESIAN_POINT('',(1.854165482513,-0.6));
#4810 = ( GEOMETRIC_REPRESENTATION_CONTEXT(2) 
PARAMETRIC_REPRESENTATION_CONTEXT() REPRESENTATION_CONTEXT('2D SPACE',''
  ) );
#4811 = PCURVE('',#2509,#4812);
#4812 = DEFINITIONAL_REPRESENTATION('',(#4813),#4817);
#4813 = HYPERBOLA('',#4814,7.885281374239,7.885281374239);
#4814 = AXIS2_PLACEMENT_2D('',#4815,#4816);
#4815 = CARTESIAN_POINT('',(9.085281374239,10.4));
#4816 = DIRECTION('',(0.,-1.));
#4817 = ( GEOMETRIC_REPRESENTATION_CONTEXT(2) 
PARAMETRIC_REPRESENTATION_CONTEXT() REPRESENTATION_CONTEXT('2D SPACE',''
  ) );
#4818 = ORIENTED_EDGE('',*,*,#4819,.T.);
#4819 = EDGE_CURVE('',#4793,#4820,#4822,.T.);
#4820 = VERTEX_POINT('',#4821);
#4821 = CARTESIAN_POINT('',(-32.9,16.778210726834,25.575431122473));
#4822 = SURFACE_CURVE('',#4823,(#4828,#4835),.PCURVE_S1.);
#4823 = CIRCLE('',#4824,12.);
#4824 = AXIS2_PLACEMENT_3D('',#4825,#4826,#4827);
#4825 = CARTESIAN_POINT('',(-32.9,6.,20.3));
#4826 = DIRECTION('',(1.,-0.,1.110223024625E-16));
#4827 = DIRECTION('',(1.110223024625E-16,0.,-1.));
#4828 = PCURVE('',#594,#4829);
#4829 = DEFINITIONAL_REPRESENTATION('',(#4830),#4834);
#4830 = LINE('',#4831,#4832);
#4831 = CARTESIAN_POINT('',(0.,-0.));
#4832 = VECTOR('',#4833,1.);
#4833 = DIRECTION('',(1.,-0.));
#4834 = ( GEOMETRIC_REPRESENTATION_CONTEXT(2) 
PARAMETRIC_REPRESENTATION_CONTEXT() REPRESENTATION_CONTEXT('2D SPACE',''
  ) );
#4835 = PCURVE('',#4836,#4841);
#4836 = CYLINDRICAL_SURFACE('',#4837,12.);
#4837 = AXIS2_PLACEMENT_3D('',#4838,#4839,#4840);
#4838 = CARTESIAN_POINT('',(-33.5,6.,20.3));
#4839 = DIRECTION('',(-1.,-0.,-1.110223024625E-16));
#4840 = DIRECTION('',(1.110223024625E-16,0.,-1.));
#4841 = DEFINITIONAL_REPRESENTATION('',(#4842),#4846);
#4842 = LINE('',#4843,#4844);
#4843 = CARTESIAN_POINT('',(-0.,-0.6));
#4844 = VECTOR('',#4845,1.);
#4845 = DIRECTION('',(-1.,0.));
#4846 = ( GEOMETRIC_REPRESENTATION_CONTEXT(2) 
PARAMETRIC_REPRESENTATION_CONTEXT() REPRESENTATION_CONTEXT('2D SPACE',''
  ) );
#4847 = ORIENTED_EDGE('',*,*,#4848,.F.);
#4848 = EDGE_CURVE('',#578,#4820,#4849,.T.);
#4849 = SURFACE_CURVE('',#4850,(#4855,#4865),.PCURVE_S1.);
#4850 = HYPERBOLA('',#4851,7.885281374239,7.885281374239);
#4851 = AXIS2_PLACEMENT_3D('',#4852,#4853,#4854);
#4852 = CARTESIAN_POINT('',(-44.9,8.040860995645,27.916596926933));
#4853 = DIRECTION('',(-1.072393092426E-16,0.258819045103,0.965925826289)
  );
#4854 = DIRECTION('',(1.,0.,1.110223024625E-16));
#4855 = PCURVE('',#594,#4856);
#4856 = DEFINITIONAL_REPRESENTATION('',(#4857),#4864);
#4857 = B_SPLINE_CURVE_WITH_KNOTS('',5,(#4858,#4859,#4860,#4861,#4862,
    #4863),.UNSPECIFIED.,.F.,.F.,(6,6),(0.912214069878,0.981692184838),
  .PIECEWISE_BEZIER_KNOTS.);
#4858 = CARTESIAN_POINT('',(2.072825334475,-0.6));
#4859 = CARTESIAN_POINT('',(2.063213852267,-0.485597294852));
#4860 = CARTESIAN_POINT('',(2.053722937997,-0.368443080922));
#4861 = CARTESIAN_POINT('',(2.044352424907,-0.248491337474));
#4862 = CARTESIAN_POINT('',(2.035101964847,-0.125693831255));
#4863 = CARTESIAN_POINT('',(2.02597105675,-1.665334536938E-16));
#4864 = ( GEOMETRIC_REPRESENTATION_CONTEXT(2) 
PARAMETRIC_REPRESENTATION_CONTEXT() REPRESENTATION_CONTEXT('2D SPACE',''
  ) );
#4865 = PCURVE('',#622,#4866);
#4866 = DEFINITIONAL_REPRESENTATION('',(#4867),#4871);
#4867 = HYPERBOLA('',#4868,7.885281374239,7.885281374239);
#4868 = AXIS2_PLACEMENT_2D('',#4869,#4870);
#4869 = CARTESIAN_POINT('',(-7.885281374239,10.4));
#4870 = DIRECTION('',(0.,-1.));
#4871 = ( GEOMETRIC_REPRESENTATION_CONTEXT(2) 
PARAMETRIC_REPRESENTATION_CONTEXT() REPRESENTATION_CONTEXT('2D SPACE',''
  ) );
#4872 = ORIENTED_EDGE('',*,*,#575,.F.);
#4873 = ADVANCED_FACE('',(#4874),#2509,.T.);
#4874 = FACE_BOUND('',#4875,.T.);
#4875 = EDGE_LOOP('',(#4876,#4897,#4898,#4899,#4922,#5000));
#4876 = ORIENTED_EDGE('',*,*,#4877,.F.);
#4877 = EDGE_CURVE('',#2468,#4242,#4878,.T.);
#4878 = SURFACE_CURVE('',#4879,(#4883,#4890),.PCURVE_S1.);
#4879 = LINE('',#4880,#4881);
#4880 = CARTESIAN_POINT('',(-34.5,16.771494673198,23.18621329896));
#4881 = VECTOR('',#4882,1.);
#4882 = DIRECTION('',(1.,0.,1.110223024625E-16));
#4883 = PCURVE('',#2509,#4884);
#4884 = DEFINITIONAL_REPRESENTATION('',(#4885),#4889);
#4885 = LINE('',#4886,#4887);
#4886 = CARTESIAN_POINT('',(1.2,1.15377761183E-16));
#4887 = VECTOR('',#4888,1.);
#4888 = DIRECTION('',(0.,-1.));
#4889 = ( GEOMETRIC_REPRESENTATION_CONTEXT(2) 
PARAMETRIC_REPRESENTATION_CONTEXT() REPRESENTATION_CONTEXT('2D SPACE',''
  ) );
#4890 = PCURVE('',#2483,#4891);
#4891 = DEFINITIONAL_REPRESENTATION('',(#4892),#4896);
#4892 = LINE('',#4893,#4894);
#4893 = CARTESIAN_POINT('',(0.,0.));
#4894 = VECTOR('',#4895,1.);
#4895 = DIRECTION('',(0.,-1.));
#4896 = ( GEOMETRIC_REPRESENTATION_CONTEXT(2) 
PARAMETRIC_REPRESENTATION_CONTEXT() REPRESENTATION_CONTEXT('2D SPACE',''
  ) );
#4897 = ORIENTED_EDGE('',*,*,#2495,.T.);
#4898 = ORIENTED_EDGE('',*,*,#4792,.F.);
#4899 = ORIENTED_EDGE('',*,*,#4900,.F.);
#4900 = EDGE_CURVE('',#4901,#4793,#4903,.T.);
#4901 = VERTEX_POINT('',#4902);
#4902 = CARTESIAN_POINT('',(-26.3,17.351639014385,24.191052773619));
#4903 = SURFACE_CURVE('',#4904,(#4908,#4915),.PCURVE_S1.);
#4904 = LINE('',#4905,#4906);
#4905 = CARTESIAN_POINT('',(-33.5,17.351639014385,24.191052773619));
#4906 = VECTOR('',#4907,1.);
#4907 = DIRECTION('',(-1.,-0.,-1.110223024625E-16));
#4908 = PCURVE('',#2509,#4909);
#4909 = DEFINITIONAL_REPRESENTATION('',(#4910),#4914);
#4910 = LINE('',#4911,#4912);
#4911 = CARTESIAN_POINT('',(3.971131762598E-02,-1.));
#4912 = VECTOR('',#4913,1.);
#4913 = DIRECTION('',(0.,1.));
#4914 = ( GEOMETRIC_REPRESENTATION_CONTEXT(2) 
PARAMETRIC_REPRESENTATION_CONTEXT() REPRESENTATION_CONTEXT('2D SPACE',''
  ) );
#4915 = PCURVE('',#4836,#4916);
#4916 = DEFINITIONAL_REPRESENTATION('',(#4917),#4921);
#4917 = LINE('',#4918,#4919);
#4918 = CARTESIAN_POINT('',(-1.901019760237,0.));
#4919 = VECTOR('',#4920,1.);
#4920 = DIRECTION('',(-0.,1.));
#4921 = ( GEOMETRIC_REPRESENTATION_CONTEXT(2) 
PARAMETRIC_REPRESENTATION_CONTEXT() REPRESENTATION_CONTEXT('2D SPACE',''
  ) );
#4922 = ORIENTED_EDGE('',*,*,#4923,.T.);
#4923 = EDGE_CURVE('',#4901,#2560,#4924,.T.);
#4924 = SURFACE_CURVE('',#4925,(#4948,#4974),.PCURVE_S1.);
#4925 = B_SPLINE_CURVE_WITH_KNOTS('',6,(#4926,#4927,#4928,#4929,#4930,
    #4931,#4932,#4933,#4934,#4935,#4936,#4937,#4938,#4939,#4940,#4941,
    #4942,#4943,#4944,#4945,#4946,#4947),.UNSPECIFIED.,.F.,.F.,(7,5,5,5,
    7),(0.,0.303886728017,0.475760167286,0.732155496906,1.),
  .UNSPECIFIED.);
#4926 = CARTESIAN_POINT('',(-26.3,17.351639014385,24.191052773619));
#4927 = CARTESIAN_POINT('',(-26.23117225271,17.351639014385,
    24.191052773619));
#4928 = CARTESIAN_POINT('',(-26.1623201215,17.34692556151,
    24.182888833761));
#4929 = CARTESIAN_POINT('',(-26.09470230167,17.33749282985,
    24.166550863272));
#4930 = CARTESIAN_POINT('',(-26.02944852343,17.32357757802,
    24.142448940102));
#4931 = CARTESIAN_POINT('',(-25.96748114705,17.305556994406,
    24.111236373699));
#4932 = CARTESIAN_POINT('',(-25.87671410466,17.271663224977,
    24.052530642989));
#4933 = CARTESIAN_POINT('',(-25.84519031381,17.258254247957,
    24.029305613513));
#4934 = CARTESIAN_POINT('',(-25.81505209883,17.243762078271,
    24.004204439305));
#4935 = CARTESIAN_POINT('',(-25.78639077033,17.228272413409,
    23.977375552772));
#4936 = CARTESIAN_POINT('',(-25.75927438434,17.211871547023,
    23.948968418903));
#4937 = CARTESIAN_POINT('',(-25.69567847145,17.168940919963,
    23.874610391633));
#4938 = CARTESIAN_POINT('',(-25.66115442197,17.141397806443,
    23.826904319618));
#4939 = CARTESIAN_POINT('',(-25.63033615533,17.112287005918,
    23.77648293406));
#4940 = CARTESIAN_POINT('',(-25.60329647099,17.081868314287,
    23.723796214655));
#4941 = CARTESIAN_POINT('',(-25.58005229441,17.050380052342,
    23.669256945125));
#4942 = CARTESIAN_POINT('',(-25.54026338561,16.984238597228,
    23.554696584382));
#4943 = CARTESIAN_POINT('',(-25.52406601955,16.949510218878,
    23.494545268615));
#4944 = CARTESIAN_POINT('',(-25.51198505447,16.914084942558,
    23.433186890156));
#4945 = CARTESIAN_POINT('',(-25.50397991889,16.878181537741,
    23.371000368848));
#4946 = CARTESIAN_POINT('',(-25.5,16.842002119676,23.308335778572));
#4947 = CARTESIAN_POINT('',(-25.5,16.805735227991,23.24551967954));
#4948 = PCURVE('',#2509,#4949);
#4949 = DEFINITIONAL_REPRESENTATION('',(#4950),#4973);
#4950 = B_SPLINE_CURVE_WITH_KNOTS('',6,(#4951,#4952,#4953,#4954,#4955,
    #4956,#4957,#4958,#4959,#4960,#4961,#4962,#4963,#4964,#4965,#4966,
    #4967,#4968,#4969,#4970,#4971,#4972),.UNSPECIFIED.,.F.,.F.,(7,5,5,5,
    7),(0.,0.303886728017,0.475760167286,0.732155496906,1.),
  .UNSPECIFIED.);
#4951 = CARTESIAN_POINT('',(3.971131762598E-02,-8.2));
#4952 = CARTESIAN_POINT('',(3.971131762598E-02,-8.268827747283));
#4953 = CARTESIAN_POINT('',(4.913822337572E-02,-8.337679878491));
#4954 = CARTESIAN_POINT('',(6.800368669558E-02,-8.405297698322));
#4955 = CARTESIAN_POINT('',(9.583419035565E-02,-8.470551476562));
#4956 = CARTESIAN_POINT('',(0.131875357585,-8.532518852946));
#4957 = CARTESIAN_POINT('',(0.199662896442,-8.623285895336));
#4958 = CARTESIAN_POINT('',(0.226480850482,-8.654809686189));
#4959 = CARTESIAN_POINT('',(0.255465189853,-8.684947901161));
#4960 = CARTESIAN_POINT('',(0.286444519578,-8.713609229666));
#4961 = CARTESIAN_POINT('',(0.31924625235,-8.740725615657));
#4962 = CARTESIAN_POINT('',(0.405107506471,-8.804321528545));
#4963 = CARTESIAN_POINT('',(0.460193733511,-8.83884557803));
#4964 = CARTESIAN_POINT('',(0.518415334561,-8.86966384467));
#4965 = CARTESIAN_POINT('',(0.579252717823,-8.896703529006));
#4966 = CARTESIAN_POINT('',(0.642229241712,-8.919947705587));
#4967 = CARTESIAN_POINT('',(0.774512151939,-8.959736614387));
#4968 = CARTESIAN_POINT('',(0.843968908639,-8.975933980449));
#4969 = CARTESIAN_POINT('',(0.91481946128,-8.988014945529));
#4970 = CARTESIAN_POINT('',(0.986626270915,-8.996020081104));
#4971 = CARTESIAN_POINT('',(1.058985107044,-9.));
#4972 = CARTESIAN_POINT('',(1.131518890415,-9.));
#4973 = ( GEOMETRIC_REPRESENTATION_CONTEXT(2) 
PARAMETRIC_REPRESENTATION_CONTEXT() REPRESENTATION_CONTEXT('2D SPACE',''
  ) );
#4974 = PCURVE('',#2578,#4975);
#4975 = DEFINITIONAL_REPRESENTATION('',(#4976),#4999);
#4976 = B_SPLINE_CURVE_WITH_KNOTS('',6,(#4977,#4978,#4979,#4980,#4981,
    #4982,#4983,#4984,#4985,#4986,#4987,#4988,#4989,#4990,#4991,#4992,
    #4993,#4994,#4995,#4996,#4997,#4998),.UNSPECIFIED.,.F.,.F.,(7,5,5,5,
    7),(0.,0.303886728017,0.475760167286,0.732155496906,1.),
  .UNSPECIFIED.);
#4977 = CARTESIAN_POINT('',(1.901019760237,0.));
#4978 = CARTESIAN_POINT('',(1.901019760237,8.603468410375E-02));
#4979 = CARTESIAN_POINT('',(1.90050354738,0.172099615987));
#4980 = CARTESIAN_POINT('',(1.899470524866,0.257769349858));
#4981 = CARTESIAN_POINT('',(1.89794188848,0.342776102798));
#4982 = CARTESIAN_POINT('',(1.895950173447,0.426898953201));
#4983 = CARTESIAN_POINT('',(1.892174425844,0.556896425446));
#4984 = CARTESIAN_POINT('',(1.890675628469,0.60352523646));
#4985 = CARTESIAN_POINT('',(1.889049288669,0.649796983369));
#4986 = CARTESIAN_POINT('',(1.887303051057,0.695699764053));
#4987 = CARTESIAN_POINT('',(1.885444669673,0.741230572053));
#4988 = CARTESIAN_POINT('',(1.880553400844,0.853765356426));
#4989 = CARTESIAN_POINT('',(1.877392518573,0.920314178498));
#4990 = CARTESIAN_POINT('',(1.874023830248,0.9860640602));
#4991 = CARTESIAN_POINT('',(1.87047137977,1.051061490369));
#4992 = CARTESIAN_POINT('',(1.866757859379,1.115374411067));
#4993 = CARTESIAN_POINT('',(1.858878033694,1.245654003667));
#4994 = CARTESIAN_POINT('',(1.854699305718,1.311560066223));
#4995 = CARTESIAN_POINT('',(1.850391356176,1.376915395782));
#4996 = CARTESIAN_POINT('',(1.845977018052,1.441826199522));
#4997 = CARTESIAN_POINT('',(1.841478795739,1.506408326238));
#4998 = CARTESIAN_POINT('',(1.836919251008,1.570796326795));
#4999 = ( GEOMETRIC_REPRESENTATION_CONTEXT(2) 
PARAMETRIC_REPRESENTATION_CONTEXT() REPRESENTATION_CONTEXT('2D SPACE',''
  ) );
#5000 = ORIENTED_EDGE('',*,*,#4264,.F.);
#5001 = ADVANCED_FACE('',(#5002),#622,.T.);
#5002 = FACE_BOUND('',#5003,.T.);
#5003 = EDGE_LOOP('',(#5004,#5005,#5026,#5027,#5107,#5128));
#5004 = ORIENTED_EDGE('',*,*,#606,.T.);
#5005 = ORIENTED_EDGE('',*,*,#5006,.T.);
#5006 = EDGE_CURVE('',#607,#2591,#5007,.T.);
#5007 = SURFACE_CURVE('',#5008,(#5012,#5019),.PCURVE_S1.);
#5008 = LINE('',#5009,#5010);
#5009 = CARTESIAN_POINT('',(-34.5,15.657457922578,25.875735931288));
#5010 = VECTOR('',#5011,1.);
#5011 = DIRECTION('',(1.,0.,1.110223024625E-16));
#5012 = PCURVE('',#622,#5013);
#5013 = DEFINITIONAL_REPRESENTATION('',(#5014),#5018);
#5014 = LINE('',#5015,#5016);
#5015 = CARTESIAN_POINT('',(0.,0.));
#5016 = VECTOR('',#5017,1.);
#5017 = DIRECTION('',(0.,-1.));
#5018 = ( GEOMETRIC_REPRESENTATION_CONTEXT(2) 
PARAMETRIC_REPRESENTATION_CONTEXT() REPRESENTATION_CONTEXT('2D SPACE',''
  ) );
#5019 = PCURVE('',#650,#5020);
#5020 = DEFINITIONAL_REPRESENTATION('',(#5021),#5025);
#5021 = LINE('',#5022,#5023);
#5022 = CARTESIAN_POINT('',(1.2,1.286871710911E-16));
#5023 = VECTOR('',#5024,1.);
#5024 = DIRECTION('',(0.,-1.));
#5025 = ( GEOMETRIC_REPRESENTATION_CONTEXT(2) 
PARAMETRIC_REPRESENTATION_CONTEXT() REPRESENTATION_CONTEXT('2D SPACE',''
  ) );
#5026 = ORIENTED_EDGE('',*,*,#2590,.F.);
#5027 = ORIENTED_EDGE('',*,*,#5028,.F.);
#5028 = EDGE_CURVE('',#5029,#2562,#5031,.T.);
#5029 = VERTEX_POINT('',#5030);
#5030 = CARTESIAN_POINT('',(-26.3,16.778210726834,25.575431122473));
#5031 = SURFACE_CURVE('',#5032,(#5055,#5081),.PCURVE_S1.);
#5032 = B_SPLINE_CURVE_WITH_KNOTS('',6,(#5033,#5034,#5035,#5036,#5037,
    #5038,#5039,#5040,#5041,#5042,#5043,#5044,#5045,#5046,#5047,#5048,
    #5049,#5050,#5051,#5052,#5053,#5054),.UNSPECIFIED.,.F.,.F.,(7,5,5,5,
    7),(0.,0.303886728014,0.475760167282,0.732155496902,1.),
  .UNSPECIFIED.);
#5033 = CARTESIAN_POINT('',(-26.3,16.778210726834,25.575431122473));
#5034 = CARTESIAN_POINT('',(-26.23117225271,16.778210726834,
    25.575431122473));
#5035 = CARTESIAN_POINT('',(-26.16232012151,16.769105035109,
    25.577870985217));
#5036 = CARTESIAN_POINT('',(-26.09470230168,16.750882396864,
    25.582753726419));
#5037 = CARTESIAN_POINT('',(-26.02944852344,16.72400019462,
    25.589956790801));
#5038 = CARTESIAN_POINT('',(-25.96748114705,16.689187100385,
    25.599284931287));
#5039 = CARTESIAN_POINT('',(-25.87671410466,16.623709365904,
    25.616829637364));
#5040 = CARTESIAN_POINT('',(-25.84519031381,16.597805211488,
    25.62377063462));
#5041 = CARTESIAN_POINT('',(-25.81505209884,16.569808489532,
    25.631272333659));
#5042 = CARTESIAN_POINT('',(-25.78639077033,16.53988475487,
    25.639290374196));
#5043 = CARTESIAN_POINT('',(-25.75927438434,16.508200714039,
    25.64778008735));
#5044 = CARTESIAN_POINT('',(-25.69567847145,16.425265111206,
    25.670002615153));
#5045 = CARTESIAN_POINT('',(-25.66115442197,16.372055901836,
    25.684259979833));
#5046 = CARTESIAN_POINT('',(-25.63033615533,16.315818153734,
    25.699328839021));
#5047 = CARTESIAN_POINT('',(-25.60329647099,16.257053754037,
    25.715074712464));
#5048 = CARTESIAN_POINT('',(-25.58005229441,16.196223103163,
    25.73137423624));
#5049 = CARTESIAN_POINT('',(-25.54026338561,16.068447623797,
    25.765611572749));
#5050 = CARTESIAN_POINT('',(-25.52406601955,16.001357548689,
    25.783588304194));
#5051 = CARTESIAN_POINT('',(-25.51198505447,15.932921170086,
    25.801925776574));
#5052 = CARTESIAN_POINT('',(-25.50397991889,15.863561118156,
    25.820510746476));
#5053 = CARTESIAN_POINT('',(-25.5,15.793667849577,25.839238591348));
#5054 = CARTESIAN_POINT('',(-25.5,15.72360559494,25.858011715898));
#5055 = PCURVE('',#622,#5056);
#5056 = DEFINITIONAL_REPRESENTATION('',(#5057),#5080);
#5057 = B_SPLINE_CURVE_WITH_KNOTS('',6,(#5058,#5059,#5060,#5061,#5062,
    #5063,#5064,#5065,#5066,#5067,#5068,#5069,#5070,#5071,#5072,#5073,
    #5074,#5075,#5076,#5077,#5078,#5079),.UNSPECIFIED.,.F.,.F.,(7,5,5,5,
    7),(0.,0.303886728014,0.475760167282,0.732155496902,1.),
  .UNSPECIFIED.);
#5058 = CARTESIAN_POINT('',(1.160288682374,-8.2));
#5059 = CARTESIAN_POINT('',(1.160288682374,-8.268827747282));
#5060 = CARTESIAN_POINT('',(1.150861776625,-8.337679878489));
#5061 = CARTESIAN_POINT('',(1.131996313305,-8.405297698319));
#5062 = CARTESIAN_POINT('',(1.104165809646,-8.470551476559));
#5063 = CARTESIAN_POINT('',(1.068124642417,-8.532518852942));
#5064 = CARTESIAN_POINT('',(1.000337103562,-8.623285895332));
#5065 = CARTESIAN_POINT('',(0.973519149522,-8.654809686185));
#5066 = CARTESIAN_POINT('',(0.944534810151,-8.684947901157));
#5067 = CARTESIAN_POINT('',(0.913555480427,-8.713609229662));
#5068 = CARTESIAN_POINT('',(0.880753747655,-8.740725615654));
#5069 = CARTESIAN_POINT('',(0.794892493534,-8.804321528542));
#5070 = CARTESIAN_POINT('',(0.739806266495,-8.838845578027));
#5071 = CARTESIAN_POINT('',(0.681584665445,-8.869663844668));
#5072 = CARTESIAN_POINT('',(0.620747282182,-8.896703529004));
#5073 = CARTESIAN_POINT('',(0.557770758294,-8.919947705585));
#5074 = CARTESIAN_POINT('',(0.425487848066,-8.959736614386));
#5075 = CARTESIAN_POINT('',(0.356031091365,-8.975933980448));
#5076 = CARTESIAN_POINT('',(0.285180538724,-8.988014945529));
#5077 = CARTESIAN_POINT('',(0.213373729088,-8.996020081104));
#5078 = CARTESIAN_POINT('',(0.141014892957,-9.));
#5079 = CARTESIAN_POINT('',(6.848110958544E-02,-9.));
#5080 = ( GEOMETRIC_REPRESENTATION_CONTEXT(2) 
PARAMETRIC_REPRESENTATION_CONTEXT() REPRESENTATION_CONTEXT('2D SPACE',''
  ) );
#5081 = PCURVE('',#2578,#5082);
#5082 = DEFINITIONAL_REPRESENTATION('',(#5083),#5106);
#5083 = B_SPLINE_CURVE_WITH_KNOTS('',6,(#5084,#5085,#5086,#5087,#5088,
    #5089,#5090,#5091,#5092,#5093,#5094,#5095,#5096,#5097,#5098,#5099,
    #5100,#5101,#5102,#5103,#5104,#5105),.UNSPECIFIED.,.F.,.F.,(7,5,5,5,
    7),(0.,0.303886728014,0.475760167282,0.732155496902,1.),
  .UNSPECIFIED.);
#5084 = CARTESIAN_POINT('',(2.02597105675,0.));
#5085 = CARTESIAN_POINT('',(2.02597105675,8.603468410273E-02));
#5086 = CARTESIAN_POINT('',(2.026487269607,0.172099615985));
#5087 = CARTESIAN_POINT('',(2.027520292122,0.257769349855));
#5088 = CARTESIAN_POINT('',(2.029048928507,0.342776102794));
#5089 = CARTESIAN_POINT('',(2.03104064354,0.426898953196));
#5090 = CARTESIAN_POINT('',(2.034816391143,0.55689642544));
#5091 = CARTESIAN_POINT('',(2.036315188518,0.603525236454));
#5092 = CARTESIAN_POINT('',(2.037941528318,0.649796983363));
#5093 = CARTESIAN_POINT('',(2.03968776593,0.695699764047));
#5094 = CARTESIAN_POINT('',(2.041546147314,0.741230572047));
#5095 = CARTESIAN_POINT('',(2.046437416143,0.85376535642));
#5096 = CARTESIAN_POINT('',(2.049598298414,0.920314178492));
#5097 = CARTESIAN_POINT('',(2.052966986738,0.986064060194));
#5098 = CARTESIAN_POINT('',(2.056519437217,1.051061490363));
#5099 = CARTESIAN_POINT('',(2.060232957608,1.115374411061));
#5100 = CARTESIAN_POINT('',(2.068112783293,1.245654003662));
#5101 = CARTESIAN_POINT('',(2.072291511269,1.311560066219));
#5102 = CARTESIAN_POINT('',(2.076599460811,1.376915395779));
#5103 = CARTESIAN_POINT('',(2.081013798935,1.44182619952));
#5104 = CARTESIAN_POINT('',(2.085512021249,1.506408326237));
#5105 = CARTESIAN_POINT('',(2.090071565979,1.570796326795));
#5106 = ( GEOMETRIC_REPRESENTATION_CONTEXT(2) 
PARAMETRIC_REPRESENTATION_CONTEXT() REPRESENTATION_CONTEXT('2D SPACE',''
  ) );
#5107 = ORIENTED_EDGE('',*,*,#5108,.T.);
#5108 = EDGE_CURVE('',#5029,#4820,#5109,.T.);
#5109 = SURFACE_CURVE('',#5110,(#5114,#5121),.PCURVE_S1.);
#5110 = LINE('',#5111,#5112);
#5111 = CARTESIAN_POINT('',(-33.5,16.778210726834,25.575431122473));
#5112 = VECTOR('',#5113,1.);
#5113 = DIRECTION('',(-1.,-0.,-1.110223024625E-16));
#5114 = PCURVE('',#622,#5115);
#5115 = DEFINITIONAL_REPRESENTATION('',(#5116),#5120);
#5116 = LINE('',#5117,#5118);
#5117 = CARTESIAN_POINT('',(1.160288682374,-1.));
#5118 = VECTOR('',#5119,1.);
#5119 = DIRECTION('',(0.,1.));
#5120 = ( GEOMETRIC_REPRESENTATION_CONTEXT(2) 
PARAMETRIC_REPRESENTATION_CONTEXT() REPRESENTATION_CONTEXT('2D SPACE',''
  ) );
#5121 = PCURVE('',#4836,#5122);
#5122 = DEFINITIONAL_REPRESENTATION('',(#5123),#5127);
#5123 = LINE('',#5124,#5125);
#5124 = CARTESIAN_POINT('',(-2.02597105675,0.));
#5125 = VECTOR('',#5126,1.);
#5126 = DIRECTION('',(-0.,1.));
#5127 = ( GEOMETRIC_REPRESENTATION_CONTEXT(2) 
PARAMETRIC_REPRESENTATION_CONTEXT() REPRESENTATION_CONTEXT('2D SPACE',''
  ) );
#5128 = ORIENTED_EDGE('',*,*,#4848,.F.);
#5129 = ADVANCED_FACE('',(#5130),#2483,.T.);
#5130 = FACE_BOUND('',#5131,.T.);
#5131 = EDGE_LOOP('',(#5132,#5133,#5134,#5135,#5215,#5243));
#5132 = ORIENTED_EDGE('',*,*,#2467,.T.);
#5133 = ORIENTED_EDGE('',*,*,#4877,.T.);
#5134 = ORIENTED_EDGE('',*,*,#4241,.F.);
#5135 = ORIENTED_EDGE('',*,*,#5136,.F.);
#5136 = EDGE_CURVE('',#5137,#4213,#5139,.T.);
#5137 = VERTEX_POINT('',#5138);
#5138 = CARTESIAN_POINT('',(-26.3,17.776334147858,22.606068957773));
#5139 = SURFACE_CURVE('',#5140,(#5163,#5189),.PCURVE_S1.);
#5140 = B_SPLINE_CURVE_WITH_KNOTS('',6,(#5141,#5142,#5143,#5144,#5145,
    #5146,#5147,#5148,#5149,#5150,#5151,#5152,#5153,#5154,#5155,#5156,
    #5157,#5158,#5159,#5160,#5161,#5162),.UNSPECIFIED.,.F.,.F.,(7,5,5,5,
    7),(0.,0.303886728017,0.475760167286,0.732155496906,1.),
  .UNSPECIFIED.);
#5141 = CARTESIAN_POINT('',(-26.3,17.776334147858,22.606068957773));
#5142 = CARTESIAN_POINT('',(-26.23117225271,17.776334147858,
    22.606068957773));
#5143 = CARTESIAN_POINT('',(-26.1623201215,17.768170207999,
    22.610782410647));
#5144 = CARTESIAN_POINT('',(-26.09470230167,17.75183223751,
    22.620215142307));
#5145 = CARTESIAN_POINT('',(-26.02944852343,17.72773031434,
    22.634130394137));
#5146 = CARTESIAN_POINT('',(-25.96748114705,17.696517747938,
    22.652150977752));
#5147 = CARTESIAN_POINT('',(-25.87671410466,17.637812017228,
    22.68604474718));
#5148 = CARTESIAN_POINT('',(-25.84519031381,17.614586987752,
    22.6994537242));
#5149 = CARTESIAN_POINT('',(-25.81505209883,17.589485813544,
    22.713945893886));
#5150 = CARTESIAN_POINT('',(-25.78639077033,17.562656927011,
    22.729435558748));
#5151 = CARTESIAN_POINT('',(-25.75927438434,17.534249793142,
    22.745836425134));
#5152 = CARTESIAN_POINT('',(-25.69567847145,17.459891765872,
    22.788767052195));
#5153 = CARTESIAN_POINT('',(-25.66115442197,17.412185693857,
    22.816310165715));
#5154 = CARTESIAN_POINT('',(-25.63033615533,17.361764308299,
    22.84542096624));
#5155 = CARTESIAN_POINT('',(-25.60329647099,17.309077588893,
    22.875839657871));
#5156 = CARTESIAN_POINT('',(-25.58005229441,17.254538319363,
    22.907327919816));
#5157 = CARTESIAN_POINT('',(-25.54026338561,17.13997795862,
    22.973469374929));
#5158 = CARTESIAN_POINT('',(-25.52406601955,17.079826642854,
    23.008197753279));
#5159 = CARTESIAN_POINT('',(-25.51198505447,17.018468264395,
    23.043623029599));
#5160 = CARTESIAN_POINT('',(-25.50397991889,16.956281743086,
    23.079526434417));
#5161 = CARTESIAN_POINT('',(-25.5,16.89361715281,23.115705852481));
#5162 = CARTESIAN_POINT('',(-25.5,16.830801053778,23.151972744167));
#5163 = PCURVE('',#2483,#5164);
#5164 = DEFINITIONAL_REPRESENTATION('',(#5165),#5188);
#5165 = B_SPLINE_CURVE_WITH_KNOTS('',6,(#5166,#5167,#5168,#5169,#5170,
    #5171,#5172,#5173,#5174,#5175,#5176,#5177,#5178,#5179,#5180,#5181,
    #5182,#5183,#5184,#5185,#5186,#5187),.UNSPECIFIED.,.F.,.F.,(7,5,5,5,
    7),(0.,0.303886728017,0.475760167286,0.732155496906,1.),
  .UNSPECIFIED.);
#5166 = CARTESIAN_POINT('',(1.160288682374,-8.2));
#5167 = CARTESIAN_POINT('',(1.160288682374,-8.268827747283));
#5168 = CARTESIAN_POINT('',(1.150861776624,-8.337679878491));
#5169 = CARTESIAN_POINT('',(1.131996313304,-8.405297698322));
#5170 = CARTESIAN_POINT('',(1.104165809644,-8.470551476562));
#5171 = CARTESIAN_POINT('',(1.068124642415,-8.532518852946));
#5172 = CARTESIAN_POINT('',(1.000337103558,-8.623285895336));
#5173 = CARTESIAN_POINT('',(0.973519149518,-8.654809686189));
#5174 = CARTESIAN_POINT('',(0.944534810147,-8.684947901161));
#5175 = CARTESIAN_POINT('',(0.913555480422,-8.713609229666));
#5176 = CARTESIAN_POINT('',(0.88075374765,-8.740725615657));
#5177 = CARTESIAN_POINT('',(0.794892493529,-8.804321528545));
#5178 = CARTESIAN_POINT('',(0.739806266489,-8.83884557803));
#5179 = CARTESIAN_POINT('',(0.681584665439,-8.86966384467));
#5180 = CARTESIAN_POINT('',(0.620747282177,-8.896703529006));
#5181 = CARTESIAN_POINT('',(0.557770758288,-8.919947705587));
#5182 = CARTESIAN_POINT('',(0.425487848061,-8.959736614387));
#5183 = CARTESIAN_POINT('',(0.356031091361,-8.975933980449));
#5184 = CARTESIAN_POINT('',(0.28518053872,-8.988014945529));
#5185 = CARTESIAN_POINT('',(0.213373729085,-8.996020081104));
#5186 = CARTESIAN_POINT('',(0.141014892956,-9.));
#5187 = CARTESIAN_POINT('',(6.848110958544E-02,-9.));
#5188 = ( GEOMETRIC_REPRESENTATION_CONTEXT(2) 
PARAMETRIC_REPRESENTATION_CONTEXT() REPRESENTATION_CONTEXT('2D SPACE',''
  ) );
#5189 = PCURVE('',#4229,#5190);
#5190 = DEFINITIONAL_REPRESENTATION('',(#5191),#5214);
#5191 = B_SPLINE_CURVE_WITH_KNOTS('',6,(#5192,#5193,#5194,#5195,#5196,
    #5197,#5198,#5199,#5200,#5201,#5202,#5203,#5204,#5205,#5206,#5207,
    #5208,#5209,#5210,#5211,#5212,#5213),.UNSPECIFIED.,.F.,.F.,(7,5,5,5,
    7),(0.,0.303886728017,0.475760167286,0.732155496906,1.),
  .UNSPECIFIED.);
#5192 = CARTESIAN_POINT('',(1.764171668951,0.));
#5193 = CARTESIAN_POINT('',(1.764171668951,8.60346841038E-02));
#5194 = CARTESIAN_POINT('',(1.764687881808,0.172099615987));
#5195 = CARTESIAN_POINT('',(1.765720904322,0.257769349859));
#5196 = CARTESIAN_POINT('',(1.767249540708,0.342776102798));
#5197 = CARTESIAN_POINT('',(1.769241255741,0.426898953201));
#5198 = CARTESIAN_POINT('',(1.773017003344,0.556896425446));
#5199 = CARTESIAN_POINT('',(1.77451580072,0.60352523646));
#5200 = CARTESIAN_POINT('',(1.776142140519,0.649796983369));
#5201 = CARTESIAN_POINT('',(1.777888378131,0.695699764053));
#5202 = CARTESIAN_POINT('',(1.779746759516,0.741230572053));
#5203 = CARTESIAN_POINT('',(1.784638028344,0.853765356426));
#5204 = CARTESIAN_POINT('',(1.787798910615,0.920314178498));
#5205 = CARTESIAN_POINT('',(1.79116759894,0.9860640602));
#5206 = CARTESIAN_POINT('',(1.794720049419,1.051061490369));
#5207 = CARTESIAN_POINT('',(1.798433569809,1.115374411067));
#5208 = CARTESIAN_POINT('',(1.806313395494,1.245654003667));
#5209 = CARTESIAN_POINT('',(1.81049212347,1.311560066223));
#5210 = CARTESIAN_POINT('',(1.814800073012,1.376915395782));
#5211 = CARTESIAN_POINT('',(1.819214411136,1.441826199522));
#5212 = CARTESIAN_POINT('',(1.82371263345,1.506408326238));
#5213 = CARTESIAN_POINT('',(1.82827217818,1.570796326795));
#5214 = ( GEOMETRIC_REPRESENTATION_CONTEXT(2) 
PARAMETRIC_REPRESENTATION_CONTEXT() REPRESENTATION_CONTEXT('2D SPACE',''
  ) );
#5215 = ORIENTED_EDGE('',*,*,#5216,.T.);
#5216 = EDGE_CURVE('',#5137,#5217,#5219,.T.);
#5217 = VERTEX_POINT('',#5218);
#5218 = CARTESIAN_POINT('',(-32.9,17.776334147858,22.606068957773));
#5219 = SURFACE_CURVE('',#5220,(#5224,#5231),.PCURVE_S1.);
#5220 = LINE('',#5221,#5222);
#5221 = CARTESIAN_POINT('',(-33.5,17.776334147858,22.606068957773));
#5222 = VECTOR('',#5223,1.);
#5223 = DIRECTION('',(-1.,-0.,-1.110223024625E-16));
#5224 = PCURVE('',#2483,#5225);
#5225 = DEFINITIONAL_REPRESENTATION('',(#5226),#5230);
#5226 = LINE('',#5227,#5228);
#5227 = CARTESIAN_POINT('',(1.160288682374,-1.));
#5228 = VECTOR('',#5229,1.);
#5229 = DIRECTION('',(0.,1.));
#5230 = ( GEOMETRIC_REPRESENTATION_CONTEXT(2) 
PARAMETRIC_REPRESENTATION_CONTEXT() REPRESENTATION_CONTEXT('2D SPACE',''
  ) );
#5231 = PCURVE('',#5232,#5237);
#5232 = CYLINDRICAL_SURFACE('',#5233,12.);
#5233 = AXIS2_PLACEMENT_3D('',#5234,#5235,#5236);
#5234 = CARTESIAN_POINT('',(-33.5,6.,20.3));
#5235 = DIRECTION('',(-1.,-0.,-1.110223024625E-16));
#5236 = DIRECTION('',(1.110223024625E-16,0.,-1.));
#5237 = DEFINITIONAL_REPRESENTATION('',(#5238),#5242);
#5238 = LINE('',#5239,#5240);
#5239 = CARTESIAN_POINT('',(-1.764171668951,0.));
#5240 = VECTOR('',#5241,1.);
#5241 = DIRECTION('',(-0.,1.));
#5242 = ( GEOMETRIC_REPRESENTATION_CONTEXT(2) 
PARAMETRIC_REPRESENTATION_CONTEXT() REPRESENTATION_CONTEXT('2D SPACE',''
  ) );
#5243 = ORIENTED_EDGE('',*,*,#5244,.F.);
#5244 = EDGE_CURVE('',#2439,#5217,#5245,.T.);
#5245 = SURFACE_CURVE('',#5246,(#5251,#5258),.PCURVE_S1.);
#5246 = HYPERBOLA('',#5247,7.885281374239,7.885281374239);
#5247 = AXIS2_PLACEMENT_3D('',#5248,#5249,#5250);
#5248 = CARTESIAN_POINT('',(-44.9,9.942640687119,27.128853986079));
#5249 = DIRECTION('',(-9.614813431918E-17,0.5,0.866025403784));
#5250 = DIRECTION('',(1.,0.,1.110223024625E-16));
#5251 = PCURVE('',#2483,#5252);
#5252 = DEFINITIONAL_REPRESENTATION('',(#5253),#5257);
#5253 = HYPERBOLA('',#5254,7.885281374239,7.885281374239);
#5254 = AXIS2_PLACEMENT_2D('',#5255,#5256);
#5255 = CARTESIAN_POINT('',(-7.885281374239,10.4));
#5256 = DIRECTION('',(0.,-1.));
#5257 = ( GEOMETRIC_REPRESENTATION_CONTEXT(2) 
PARAMETRIC_REPRESENTATION_CONTEXT() REPRESENTATION_CONTEXT('2D SPACE',''
  ) );
#5258 = PCURVE('',#2455,#5259);
#5259 = DEFINITIONAL_REPRESENTATION('',(#5260),#5267);
#5260 = B_SPLINE_CURVE_WITH_KNOTS('',5,(#5261,#5262,#5263,#5264,#5265,
    #5266),.UNSPECIFIED.,.F.,.F.,(6,6),(0.912214069878,0.981692184838),
  .PIECEWISE_BEZIER_KNOTS.);
#5261 = CARTESIAN_POINT('',(1.811025946675,-0.6));
#5262 = CARTESIAN_POINT('',(1.801414464468,-0.485597294852));
#5263 = CARTESIAN_POINT('',(1.791923550198,-0.368443080922));
#5264 = CARTESIAN_POINT('',(1.782553037108,-0.248491337474));
#5265 = CARTESIAN_POINT('',(1.773302577048,-0.125693831255));
#5266 = CARTESIAN_POINT('',(1.764171668951,-1.942890293094E-15));
#5267 = ( GEOMETRIC_REPRESENTATION_CONTEXT(2) 
PARAMETRIC_REPRESENTATION_CONTEXT() REPRESENTATION_CONTEXT('2D SPACE',''
  ) );
#5268 = ADVANCED_FACE('',(#5269),#650,.T.);
#5269 = FACE_BOUND('',#5270,.T.);
#5270 = EDGE_LOOP('',(#5271,#5272,#5273,#5300,#5328,#5406));
#5271 = ORIENTED_EDGE('',*,*,#5006,.F.);
#5272 = ORIENTED_EDGE('',*,*,#634,.T.);
#5273 = ORIENTED_EDGE('',*,*,#5274,.F.);
#5274 = EDGE_CURVE('',#5275,#635,#5277,.T.);
#5275 = VERTEX_POINT('',#5276);
#5276 = CARTESIAN_POINT('',(-32.9,15.957762731394,26.996488735544));
#5277 = SURFACE_CURVE('',#5278,(#5283,#5290),.PCURVE_S1.);
#5278 = HYPERBOLA('',#5279,7.885281374239,7.885281374239);
#5279 = AXIS2_PLACEMENT_3D('',#5280,#5281,#5282);
#5280 = CARTESIAN_POINT('',(-44.9,13.616596926933,18.259139004355));
#5281 = DIRECTION('',(2.873468630843E-17,0.965925826289,-0.258819045103)
  );
#5282 = DIRECTION('',(1.,0.,1.110223024625E-16));
#5283 = PCURVE('',#650,#5284);
#5284 = DEFINITIONAL_REPRESENTATION('',(#5285),#5289);
#5285 = HYPERBOLA('',#5286,7.885281374239,7.885281374239);
#5286 = AXIS2_PLACEMENT_2D('',#5287,#5288);
#5287 = CARTESIAN_POINT('',(9.085281374239,10.4));
#5288 = DIRECTION('',(0.,-1.));
#5289 = ( GEOMETRIC_REPRESENTATION_CONTEXT(2) 
PARAMETRIC_REPRESENTATION_CONTEXT() REPRESENTATION_CONTEXT('2D SPACE',''
  ) );
#5290 = PCURVE('',#679,#5291);
#5291 = DEFINITIONAL_REPRESENTATION('',(#5292),#5299);
#5292 = B_SPLINE_CURVE_WITH_KNOTS('',5,(#5293,#5294,#5295,#5296,#5297,
    #5298),.UNSPECIFIED.,.F.,.F.,(6,6),(-0.981692184838,-0.912214069878)
  ,.PIECEWISE_BEZIER_KNOTS.);
#5293 = CARTESIAN_POINT('',(2.162819148036,-1.942890293094E-15));
#5294 = CARTESIAN_POINT('',(2.153688239939,-0.125693831255));
#5295 = CARTESIAN_POINT('',(2.144437779879,-0.248491337474));
#5296 = CARTESIAN_POINT('',(2.135067266789,-0.368443080922));
#5297 = CARTESIAN_POINT('',(2.125576352519,-0.485597294852));
#5298 = CARTESIAN_POINT('',(2.115964870312,-0.6));
#5299 = ( GEOMETRIC_REPRESENTATION_CONTEXT(2) 
PARAMETRIC_REPRESENTATION_CONTEXT() REPRESENTATION_CONTEXT('2D SPACE',''
  ) );
#5300 = ORIENTED_EDGE('',*,*,#5301,.F.);
#5301 = EDGE_CURVE('',#5302,#5275,#5304,.T.);
#5302 = VERTEX_POINT('',#5303);
#5303 = CARTESIAN_POINT('',(-26.3,15.957762731394,26.996488735544));
#5304 = SURFACE_CURVE('',#5305,(#5309,#5316),.PCURVE_S1.);
#5305 = LINE('',#5306,#5307);
#5306 = CARTESIAN_POINT('',(-33.5,15.957762731394,26.996488735544));
#5307 = VECTOR('',#5308,1.);
#5308 = DIRECTION('',(-1.,-0.,-1.110223024625E-16));
#5309 = PCURVE('',#650,#5310);
#5310 = DEFINITIONAL_REPRESENTATION('',(#5311),#5315);
#5311 = LINE('',#5312,#5313);
#5312 = CARTESIAN_POINT('',(3.971131762598E-02,-1.));
#5313 = VECTOR('',#5314,1.);
#5314 = DIRECTION('',(0.,1.));
#5315 = ( GEOMETRIC_REPRESENTATION_CONTEXT(2) 
PARAMETRIC_REPRESENTATION_CONTEXT() REPRESENTATION_CONTEXT('2D SPACE',''
  ) );
#5316 = PCURVE('',#5317,#5322);
#5317 = CYLINDRICAL_SURFACE('',#5318,12.);
#5318 = AXIS2_PLACEMENT_3D('',#5319,#5320,#5321);
#5319 = CARTESIAN_POINT('',(-33.5,6.,20.3));
#5320 = DIRECTION('',(-1.,-0.,-1.110223024625E-16));
#5321 = DIRECTION('',(1.110223024625E-16,0.,-1.));
#5322 = DEFINITIONAL_REPRESENTATION('',(#5323),#5327);
#5323 = LINE('',#5324,#5325);
#5324 = CARTESIAN_POINT('',(-2.162819148036,0.));
#5325 = VECTOR('',#5326,1.);
#5326 = DIRECTION('',(-0.,1.));
#5327 = ( GEOMETRIC_REPRESENTATION_CONTEXT(2) 
PARAMETRIC_REPRESENTATION_CONTEXT() REPRESENTATION_CONTEXT('2D SPACE',''
  ) );
#5328 = ORIENTED_EDGE('',*,*,#5329,.T.);
#5329 = EDGE_CURVE('',#5302,#2614,#5330,.T.);
#5330 = SURFACE_CURVE('',#5331,(#5354,#5380),.PCURVE_S1.);
#5331 = B_SPLINE_CURVE_WITH_KNOTS('',6,(#5332,#5333,#5334,#5335,#5336,
    #5337,#5338,#5339,#5340,#5341,#5342,#5343,#5344,#5345,#5346,#5347,
    #5348,#5349,#5350,#5351,#5352,#5353),.UNSPECIFIED.,.F.,.F.,(7,5,5,5,
    7),(0.,0.303886728014,0.475760167283,0.732155496902,1.),
  .UNSPECIFIED.);
#5332 = CARTESIAN_POINT('',(-26.3,15.957762731394,26.996488735544));
#5333 = CARTESIAN_POINT('',(-26.23117225271,15.957762731394,
    26.996488735544));
#5334 = CARTESIAN_POINT('',(-26.16232012151,15.955322868649,
    26.987383043819));
#5335 = CARTESIAN_POINT('',(-26.09470230168,15.950440127448,
    26.969160405573));
#5336 = CARTESIAN_POINT('',(-26.02944852344,15.943237063066,
    26.94227820333));
#5337 = CARTESIAN_POINT('',(-25.96748114705,15.933908922579,
    26.907465109095));
#5338 = CARTESIAN_POINT('',(-25.87671410466,15.916364216503,
    26.841987374614));
#5339 = CARTESIAN_POINT('',(-25.84519031381,15.909423219247,
    26.816083220198));
#5340 = CARTESIAN_POINT('',(-25.81505209884,15.901921520208,
    26.788086498242));
#5341 = CARTESIAN_POINT('',(-25.78639077033,15.89390347967,
    26.75816276358));
#5342 = CARTESIAN_POINT('',(-25.75927438434,15.885413766517,
    26.726478722749));
#5343 = CARTESIAN_POINT('',(-25.69567847145,15.863191238714,
    26.643543119915));
#5344 = CARTESIAN_POINT('',(-25.66115442197,15.848933874033,
    26.590333910546));
#5345 = CARTESIAN_POINT('',(-25.63033615533,15.833865014845,
    26.534096162444));
#5346 = CARTESIAN_POINT('',(-25.60329647099,15.818119141403,
    26.475331762747));
#5347 = CARTESIAN_POINT('',(-25.58005229441,15.801819617626,
    26.414501111873));
#5348 = CARTESIAN_POINT('',(-25.54026338561,15.767582281117,
    26.286725632507));
#5349 = CARTESIAN_POINT('',(-25.52406601955,15.749605549672,
    26.219635557399));
#5350 = CARTESIAN_POINT('',(-25.51198505447,15.731268077293,
    26.151199178796));
#5351 = CARTESIAN_POINT('',(-25.50397991889,15.712683107391,
    26.081839126865));
#5352 = CARTESIAN_POINT('',(-25.5,15.693955262519,26.011945858287));
#5353 = CARTESIAN_POINT('',(-25.5,15.675182137969,25.94188360365));
#5354 = PCURVE('',#650,#5355);
#5355 = DEFINITIONAL_REPRESENTATION('',(#5356),#5379);
#5356 = B_SPLINE_CURVE_WITH_KNOTS('',6,(#5357,#5358,#5359,#5360,#5361,
    #5362,#5363,#5364,#5365,#5366,#5367,#5368,#5369,#5370,#5371,#5372,
    #5373,#5374,#5375,#5376,#5377,#5378),.UNSPECIFIED.,.F.,.F.,(7,5,5,5,
    7),(0.,0.303886728014,0.475760167283,0.732155496902,1.),
  .UNSPECIFIED.);
#5357 = CARTESIAN_POINT('',(3.971131762598E-02,-8.2));
#5358 = CARTESIAN_POINT('',(3.971131762598E-02,-8.268827747282));
#5359 = CARTESIAN_POINT('',(4.913822337548E-02,-8.337679878489));
#5360 = CARTESIAN_POINT('',(6.800368669492E-02,-8.405297698319));
#5361 = CARTESIAN_POINT('',(9.583419035429E-02,-8.470551476559));
#5362 = CARTESIAN_POINT('',(0.131875357583,-8.532518852942));
#5363 = CARTESIAN_POINT('',(0.199662896438,-8.623285895332));
#5364 = CARTESIAN_POINT('',(0.226480850478,-8.654809686185));
#5365 = CARTESIAN_POINT('',(0.255465189849,-8.684947901157));
#5366 = CARTESIAN_POINT('',(0.286444519573,-8.713609229662));
#5367 = CARTESIAN_POINT('',(0.319246252345,-8.740725615654));
#5368 = CARTESIAN_POINT('',(0.405107506466,-8.804321528542));
#5369 = CARTESIAN_POINT('',(0.460193733505,-8.838845578027));
#5370 = CARTESIAN_POINT('',(0.518415334555,-8.869663844668));
#5371 = CARTESIAN_POINT('',(0.579252717818,-8.896703529004));
#5372 = CARTESIAN_POINT('',(0.642229241706,-8.919947705585));
#5373 = CARTESIAN_POINT('',(0.774512151934,-8.959736614386));
#5374 = CARTESIAN_POINT('',(0.843968908635,-8.975933980448));
#5375 = CARTESIAN_POINT('',(0.914819461276,-8.988014945529));
#5376 = CARTESIAN_POINT('',(0.986626270912,-8.996020081104));
#5377 = CARTESIAN_POINT('',(1.058985107042,-9.));
#5378 = CARTESIAN_POINT('',(1.131518890415,-9.));
#5379 = ( GEOMETRIC_REPRESENTATION_CONTEXT(2) 
PARAMETRIC_REPRESENTATION_CONTEXT() REPRESENTATION_CONTEXT('2D SPACE',''
  ) );
#5380 = PCURVE('',#2653,#5381);
#5381 = DEFINITIONAL_REPRESENTATION('',(#5382),#5405);
#5382 = B_SPLINE_CURVE_WITH_KNOTS('',6,(#5383,#5384,#5385,#5386,#5387,
    #5388,#5389,#5390,#5391,#5392,#5393,#5394,#5395,#5396,#5397,#5398,
    #5399,#5400,#5401,#5402,#5403,#5404),.UNSPECIFIED.,.F.,.F.,(7,5,5,5,
    7),(0.,0.303886728014,0.475760167283,0.732155496902,1.),
  .UNSPECIFIED.);
#5383 = CARTESIAN_POINT('',(2.162819148036,0.));
#5384 = CARTESIAN_POINT('',(2.162819148036,8.603468410272E-02));
#5385 = CARTESIAN_POINT('',(2.162302935179,0.172099615985));
#5386 = CARTESIAN_POINT('',(2.161269912665,0.257769349855));
#5387 = CARTESIAN_POINT('',(2.159741276279,0.342776102794));
#5388 = CARTESIAN_POINT('',(2.157749561247,0.426898953196));
#5389 = CARTESIAN_POINT('',(2.153973813644,0.55689642544));
#5390 = CARTESIAN_POINT('',(2.152475016268,0.603525236454));
#5391 = CARTESIAN_POINT('',(2.150848676468,0.649796983363));
#5392 = CARTESIAN_POINT('',(2.149102438857,0.695699764047));
#5393 = CARTESIAN_POINT('',(2.147244057472,0.741230572047));
#5394 = CARTESIAN_POINT('',(2.142352788643,0.85376535642));
#5395 = CARTESIAN_POINT('',(2.139191906372,0.920314178492));
#5396 = CARTESIAN_POINT('',(2.135823218048,0.986064060194));
#5397 = CARTESIAN_POINT('',(2.132270767569,1.051061490363));
#5398 = CARTESIAN_POINT('',(2.128557247178,1.115374411061));
#5399 = CARTESIAN_POINT('',(2.120677421494,1.245654003662));
#5400 = CARTESIAN_POINT('',(2.116498693518,1.311560066219));
#5401 = CARTESIAN_POINT('',(2.112190743975,1.376915395779));
#5402 = CARTESIAN_POINT('',(2.107776405851,1.44182619952));
#5403 = CARTESIAN_POINT('',(2.103278183538,1.506408326237));
#5404 = CARTESIAN_POINT('',(2.098718638807,1.570796326795));
#5405 = ( GEOMETRIC_REPRESENTATION_CONTEXT(2) 
PARAMETRIC_REPRESENTATION_CONTEXT() REPRESENTATION_CONTEXT('2D SPACE',''
  ) );
#5406 = ORIENTED_EDGE('',*,*,#2613,.F.);
#5407 = ADVANCED_FACE('',(#5408),#2455,.T.);
#5408 = FACE_BOUND('',#5409,.F.);
#5409 = EDGE_LOOP('',(#5410,#5437,#5459,#5460));
#5410 = ORIENTED_EDGE('',*,*,#5411,.F.);
#5411 = EDGE_CURVE('',#5412,#2411,#5414,.T.);
#5412 = VERTEX_POINT('',#5413);
#5413 = CARTESIAN_POINT('',(-32.9,17.971919858017,21.120447995441));
#5414 = SURFACE_CURVE('',#5415,(#5420,#5430),.PCURVE_S1.);
#5415 = HYPERBOLA('',#5416,7.885281374239,7.885281374239);
#5416 = AXIS2_PLACEMENT_3D('',#5417,#5418,#5419);
#5417 = CARTESIAN_POINT('',(-44.9,11.575735931288,14.724264068712));
#5418 = DIRECTION('',(7.850462293419E-17,0.707106781187,-0.707106781187)
  );
#5419 = DIRECTION('',(1.,0.,1.110223024625E-16));
#5420 = PCURVE('',#2455,#5421);
#5421 = DEFINITIONAL_REPRESENTATION('',(#5422),#5429);
#5422 = B_SPLINE_CURVE_WITH_KNOTS('',5,(#5423,#5424,#5425,#5426,#5427,
    #5428),.UNSPECIFIED.,.F.,.F.,(6,6),(-0.981692184838,-0.912214069878)
  ,.PIECEWISE_BEZIER_KNOTS.);
#5423 = CARTESIAN_POINT('',(1.639220372438,-1.942890293094E-15));
#5424 = CARTESIAN_POINT('',(1.630089464341,-0.125693831255));
#5425 = CARTESIAN_POINT('',(1.620839004281,-0.248491337474));
#5426 = CARTESIAN_POINT('',(1.611468491191,-0.368443080922));
#5427 = CARTESIAN_POINT('',(1.601977576921,-0.485597294852));
#5428 = CARTESIAN_POINT('',(1.592366094714,-0.6));
#5429 = ( GEOMETRIC_REPRESENTATION_CONTEXT(2) 
PARAMETRIC_REPRESENTATION_CONTEXT() REPRESENTATION_CONTEXT('2D SPACE',''
  ) );
#5430 = PCURVE('',#2426,#5431);
#5431 = DEFINITIONAL_REPRESENTATION('',(#5432),#5436);
#5432 = HYPERBOLA('',#5433,7.885281374239,7.885281374239);
#5433 = AXIS2_PLACEMENT_2D('',#5434,#5435);
#5434 = CARTESIAN_POINT('',(9.085281374239,10.4));
#5435 = DIRECTION('',(0.,-1.));
#5436 = ( GEOMETRIC_REPRESENTATION_CONTEXT(2) 
PARAMETRIC_REPRESENTATION_CONTEXT() REPRESENTATION_CONTEXT('2D SPACE',''
  ) );
#5437 = ORIENTED_EDGE('',*,*,#5438,.T.);
#5438 = EDGE_CURVE('',#5412,#5217,#5439,.T.);
#5439 = SURFACE_CURVE('',#5440,(#5445,#5452),.PCURVE_S1.);
#5440 = CIRCLE('',#5441,12.);
#5441 = AXIS2_PLACEMENT_3D('',#5442,#5443,#5444);
#5442 = CARTESIAN_POINT('',(-32.9,6.,20.3));
#5443 = DIRECTION('',(1.,-0.,1.110223024625E-16));
#5444 = DIRECTION('',(1.110223024625E-16,0.,-1.));
#5445 = PCURVE('',#2455,#5446);
#5446 = DEFINITIONAL_REPRESENTATION('',(#5447),#5451);
#5447 = LINE('',#5448,#5449);
#5448 = CARTESIAN_POINT('',(0.,-0.));
#5449 = VECTOR('',#5450,1.);
#5450 = DIRECTION('',(1.,-0.));
#5451 = ( GEOMETRIC_REPRESENTATION_CONTEXT(2) 
PARAMETRIC_REPRESENTATION_CONTEXT() REPRESENTATION_CONTEXT('2D SPACE',''
  ) );
#5452 = PCURVE('',#5232,#5453);
#5453 = DEFINITIONAL_REPRESENTATION('',(#5454),#5458);
#5454 = LINE('',#5455,#5456);
#5455 = CARTESIAN_POINT('',(-0.,-0.6));
#5456 = VECTOR('',#5457,1.);
#5457 = DIRECTION('',(-1.,0.));
#5458 = ( GEOMETRIC_REPRESENTATION_CONTEXT(2) 
PARAMETRIC_REPRESENTATION_CONTEXT() REPRESENTATION_CONTEXT('2D SPACE',''
  ) );
#5459 = ORIENTED_EDGE('',*,*,#5244,.F.);
#5460 = ORIENTED_EDGE('',*,*,#2438,.F.);
#5461 = ADVANCED_FACE('',(#5462),#679,.T.);
#5462 = FACE_BOUND('',#5463,.F.);
#5463 = EDGE_LOOP('',(#5464,#5465,#5489,#5514));
#5464 = ORIENTED_EDGE('',*,*,#5274,.F.);
#5465 = ORIENTED_EDGE('',*,*,#5466,.T.);
#5466 = EDGE_CURVE('',#5275,#5467,#5469,.T.);
#5467 = VERTEX_POINT('',#5468);
#5468 = CARTESIAN_POINT('',(-32.9,15.045570056613,28.185281374239));
#5469 = SURFACE_CURVE('',#5470,(#5475,#5482),.PCURVE_S1.);
#5470 = CIRCLE('',#5471,12.);
#5471 = AXIS2_PLACEMENT_3D('',#5472,#5473,#5474);
#5472 = CARTESIAN_POINT('',(-32.9,6.,20.3));
#5473 = DIRECTION('',(1.,-0.,1.110223024625E-16));
#5474 = DIRECTION('',(1.110223024625E-16,0.,-1.));
#5475 = PCURVE('',#679,#5476);
#5476 = DEFINITIONAL_REPRESENTATION('',(#5477),#5481);
#5477 = LINE('',#5478,#5479);
#5478 = CARTESIAN_POINT('',(0.,-0.));
#5479 = VECTOR('',#5480,1.);
#5480 = DIRECTION('',(1.,-0.));
#5481 = ( GEOMETRIC_REPRESENTATION_CONTEXT(2) 
PARAMETRIC_REPRESENTATION_CONTEXT() REPRESENTATION_CONTEXT('2D SPACE',''
  ) );
#5482 = PCURVE('',#5317,#5483);
#5483 = DEFINITIONAL_REPRESENTATION('',(#5484),#5488);
#5484 = LINE('',#5485,#5486);
#5485 = CARTESIAN_POINT('',(-0.,-0.6));
#5486 = VECTOR('',#5487,1.);
#5487 = DIRECTION('',(-1.,0.));
#5488 = ( GEOMETRIC_REPRESENTATION_CONTEXT(2) 
PARAMETRIC_REPRESENTATION_CONTEXT() REPRESENTATION_CONTEXT('2D SPACE',''
  ) );
#5489 = ORIENTED_EDGE('',*,*,#5490,.F.);
#5490 = EDGE_CURVE('',#663,#5467,#5491,.T.);
#5491 = SURFACE_CURVE('',#5492,(#5497,#5507),.PCURVE_S1.);
#5492 = HYPERBOLA('',#5493,7.885281374239,7.885281374239);
#5493 = AXIS2_PLACEMENT_3D('',#5494,#5495,#5496);
#5494 = CARTESIAN_POINT('',(-44.9,6.,28.185281374239));
#5495 = DIRECTION('',(-1.110223024625E-16,2.22044604925E-16,1.));
#5496 = DIRECTION('',(1.,0.,1.110223024625E-16));
#5497 = PCURVE('',#679,#5498);
#5498 = DEFINITIONAL_REPRESENTATION('',(#5499),#5506);
#5499 = B_SPLINE_CURVE_WITH_KNOTS('',5,(#5500,#5501,#5502,#5503,#5504,
    #5505),.UNSPECIFIED.,.F.,.F.,(6,6),(0.912214069878,0.981692184838),
  .PIECEWISE_BEZIER_KNOTS.);
#5500 = CARTESIAN_POINT('',(2.334624722274,-0.6));
#5501 = CARTESIAN_POINT('',(2.325013240067,-0.485597294852));
#5502 = CARTESIAN_POINT('',(2.315522325796,-0.368443080922));
#5503 = CARTESIAN_POINT('',(2.306151812707,-0.248491337474));
#5504 = CARTESIAN_POINT('',(2.296901352646,-0.125693831255));
#5505 = CARTESIAN_POINT('',(2.28777044455,-1.054711873394E-15));
#5506 = ( GEOMETRIC_REPRESENTATION_CONTEXT(2) 
PARAMETRIC_REPRESENTATION_CONTEXT() REPRESENTATION_CONTEXT('2D SPACE',''
  ) );
#5507 = PCURVE('',#707,#5508);
#5508 = DEFINITIONAL_REPRESENTATION('',(#5509),#5513);
#5509 = HYPERBOLA('',#5510,7.885281374239,7.885281374239);
#5510 = AXIS2_PLACEMENT_2D('',#5511,#5512);
#5511 = CARTESIAN_POINT('',(-7.885281374239,10.4));
#5512 = DIRECTION('',(0.,-1.));
#5513 = ( GEOMETRIC_REPRESENTATION_CONTEXT(2) 
PARAMETRIC_REPRESENTATION_CONTEXT() REPRESENTATION_CONTEXT('2D SPACE',''
  ) );
#5514 = ORIENTED_EDGE('',*,*,#662,.F.);
#5515 = ADVANCED_FACE('',(#5516),#2426,.T.);
#5516 = FACE_BOUND('',#5517,.T.);
#5517 = EDGE_LOOP('',(#5518,#5539,#5540,#5541,#5564,#5642));
#5518 = ORIENTED_EDGE('',*,*,#5519,.F.);
#5519 = EDGE_CURVE('',#2383,#4167,#5520,.T.);
#5520 = SURFACE_CURVE('',#5521,(#5525,#5532),.PCURVE_S1.);
#5521 = LINE('',#5522,#5523);
#5522 = CARTESIAN_POINT('',(-34.5,17.151471862576,20.3));
#5523 = VECTOR('',#5524,1.);
#5524 = DIRECTION('',(1.,0.,1.110223024625E-16));
#5525 = PCURVE('',#2426,#5526);
#5526 = DEFINITIONAL_REPRESENTATION('',(#5527),#5531);
#5527 = LINE('',#5528,#5529);
#5528 = CARTESIAN_POINT('',(1.2,9.420554752103E-17));
#5529 = VECTOR('',#5530,1.);
#5530 = DIRECTION('',(0.,-1.));
#5531 = ( GEOMETRIC_REPRESENTATION_CONTEXT(2) 
PARAMETRIC_REPRESENTATION_CONTEXT() REPRESENTATION_CONTEXT('2D SPACE',''
  ) );
#5532 = PCURVE('',#2398,#5533);
#5533 = DEFINITIONAL_REPRESENTATION('',(#5534),#5538);
#5534 = LINE('',#5535,#5536);
#5535 = CARTESIAN_POINT('',(0.,0.));
#5536 = VECTOR('',#5537,1.);
#5537 = DIRECTION('',(0.,-1.));
#5538 = ( GEOMETRIC_REPRESENTATION_CONTEXT(2) 
PARAMETRIC_REPRESENTATION_CONTEXT() REPRESENTATION_CONTEXT('2D SPACE',''
  ) );
#5539 = ORIENTED_EDGE('',*,*,#2410,.T.);
#5540 = ORIENTED_EDGE('',*,*,#5411,.F.);
#5541 = ORIENTED_EDGE('',*,*,#5542,.F.);
#5542 = EDGE_CURVE('',#5543,#5412,#5545,.T.);
#5543 = VERTEX_POINT('',#5544);
#5544 = CARTESIAN_POINT('',(-26.3,17.971919858017,21.120447995441));
#5545 = SURFACE_CURVE('',#5546,(#5550,#5557),.PCURVE_S1.);
#5546 = LINE('',#5547,#5548);
#5547 = CARTESIAN_POINT('',(-33.5,17.971919858017,21.120447995441));
#5548 = VECTOR('',#5549,1.);
#5549 = DIRECTION('',(-1.,-0.,-1.110223024625E-16));
#5550 = PCURVE('',#2426,#5551);
#5551 = DEFINITIONAL_REPRESENTATION('',(#5552),#5556);
#5552 = LINE('',#5553,#5554);
#5553 = CARTESIAN_POINT('',(3.971131762598E-02,-1.));
#5554 = VECTOR('',#5555,1.);
#5555 = DIRECTION('',(0.,1.));
#5556 = ( GEOMETRIC_REPRESENTATION_CONTEXT(2) 
PARAMETRIC_REPRESENTATION_CONTEXT() REPRESENTATION_CONTEXT('2D SPACE',''
  ) );
#5557 = PCURVE('',#5232,#5558);
#5558 = DEFINITIONAL_REPRESENTATION('',(#5559),#5563);
#5559 = LINE('',#5560,#5561);
#5560 = CARTESIAN_POINT('',(-1.639220372438,0.));
#5561 = VECTOR('',#5562,1.);
#5562 = DIRECTION('',(-0.,1.));
#5563 = ( GEOMETRIC_REPRESENTATION_CONTEXT(2) 
PARAMETRIC_REPRESENTATION_CONTEXT() REPRESENTATION_CONTEXT('2D SPACE',''
  ) );
#5564 = ORIENTED_EDGE('',*,*,#5565,.T.);
#5565 = EDGE_CURVE('',#5543,#4190,#5566,.T.);
#5566 = SURFACE_CURVE('',#5567,(#5590,#5616),.PCURVE_S1.);
#5567 = B_SPLINE_CURVE_WITH_KNOTS('',6,(#5568,#5569,#5570,#5571,#5572,
    #5573,#5574,#5575,#5576,#5577,#5578,#5579,#5580,#5581,#5582,#5583,
    #5584,#5585,#5586,#5587,#5588,#5589),.UNSPECIFIED.,.F.,.F.,(7,5,5,5,
    7),(0.,0.303886728017,0.475760167286,0.732155496906,1.),
  .UNSPECIFIED.);
#5568 = CARTESIAN_POINT('',(-26.3,17.971919858017,21.120447995441));
#5569 = CARTESIAN_POINT('',(-26.23117225271,17.971919858017,
    21.120447995441));
#5570 = CARTESIAN_POINT('',(-26.1623201215,17.965254029036,
    21.113782166459));
#5571 = CARTESIAN_POINT('',(-26.09470230167,17.951914131992,
    21.100442269416));
#5572 = CARTESIAN_POINT('',(-26.02944852343,17.93223499413,
    21.080763131554));
#5573 = CARTESIAN_POINT('',(-25.96748114705,17.90675004038,
    21.055278177804));
#5574 = CARTESIAN_POINT('',(-25.87671410466,17.858817011975,
    21.007345149399));
#5575 = CARTESIAN_POINT('',(-25.84519031381,17.839853854815,
    20.988381992239));
#5576 = CARTESIAN_POINT('',(-25.81505209883,17.819358831898,
    20.967886969321));
#5577 = CARTESIAN_POINT('',(-25.78639077033,17.797453137773,
    20.945981275197));
#5578 = CARTESIAN_POINT('',(-25.75927438434,17.774258810095,
    20.922786947519));
#5579 = CARTESIAN_POINT('',(-25.69567847145,17.713545735065,
    20.862073872488));
#5580 = CARTESIAN_POINT('',(-25.66115442197,17.674593890375,
    20.823122027799));
#5581 = CARTESIAN_POINT('',(-25.63033615533,17.633425001461,
    20.781953138885));
#5582 = CARTESIAN_POINT('',(-25.60329647099,17.590406475206,
    20.73893461263));
#5583 = CARTESIAN_POINT('',(-25.58005229441,17.545875348109,
    20.694403485533));
#5584 = CARTESIAN_POINT('',(-25.54026338561,17.452337205252,
    20.600865342676));
#5585 = CARTESIAN_POINT('',(-25.52406601955,17.40322386159,
    20.551751999014));
#5586 = CARTESIAN_POINT('',(-25.51198505447,17.353124955368,
    20.501653092792));
#5587 = CARTESIAN_POINT('',(-25.50397991889,17.30234987334,
    20.450878010763));
#5588 = CARTESIAN_POINT('',(-25.5,17.251184449634,20.399712587058));
#5589 = CARTESIAN_POINT('',(-25.5,17.199895319547,20.348423456971));
#5590 = PCURVE('',#2426,#5591);
#5591 = DEFINITIONAL_REPRESENTATION('',(#5592),#5615);
#5592 = B_SPLINE_CURVE_WITH_KNOTS('',6,(#5593,#5594,#5595,#5596,#5597,
    #5598,#5599,#5600,#5601,#5602,#5603,#5604,#5605,#5606,#5607,#5608,
    #5609,#5610,#5611,#5612,#5613,#5614),.UNSPECIFIED.,.F.,.F.,(7,5,5,5,
    7),(0.,0.303886728017,0.475760167286,0.732155496906,1.),
  .UNSPECIFIED.);
#5593 = CARTESIAN_POINT('',(3.971131762598E-02,-8.2));
#5594 = CARTESIAN_POINT('',(3.971131762598E-02,-8.268827747283));
#5595 = CARTESIAN_POINT('',(4.913822337571E-02,-8.337679878491));
#5596 = CARTESIAN_POINT('',(6.80036866956E-02,-8.405297698322));
#5597 = CARTESIAN_POINT('',(9.583419035562E-02,-8.470551476562));
#5598 = CARTESIAN_POINT('',(0.131875357585,-8.532518852946));
#5599 = CARTESIAN_POINT('',(0.199662896442,-8.623285895336));
#5600 = CARTESIAN_POINT('',(0.226480850482,-8.654809686189));
#5601 = CARTESIAN_POINT('',(0.255465189853,-8.684947901161));
#5602 = CARTESIAN_POINT('',(0.286444519578,-8.713609229666));
#5603 = CARTESIAN_POINT('',(0.31924625235,-8.740725615657));
#5604 = CARTESIAN_POINT('',(0.405107506471,-8.804321528545));
#5605 = CARTESIAN_POINT('',(0.460193733511,-8.83884557803));
#5606 = CARTESIAN_POINT('',(0.518415334561,-8.86966384467));
#5607 = CARTESIAN_POINT('',(0.579252717823,-8.896703529006));
#5608 = CARTESIAN_POINT('',(0.642229241712,-8.919947705587));
#5609 = CARTESIAN_POINT('',(0.774512151939,-8.959736614387));
#5610 = CARTESIAN_POINT('',(0.843968908639,-8.975933980449));
#5611 = CARTESIAN_POINT('',(0.91481946128,-8.988014945529));
#5612 = CARTESIAN_POINT('',(0.986626270915,-8.996020081104));
#5613 = CARTESIAN_POINT('',(1.058985107044,-9.));
#5614 = CARTESIAN_POINT('',(1.131518890415,-9.));
#5615 = ( GEOMETRIC_REPRESENTATION_CONTEXT(2) 
PARAMETRIC_REPRESENTATION_CONTEXT() REPRESENTATION_CONTEXT('2D SPACE',''
  ) );
#5616 = PCURVE('',#4229,#5617);
#5617 = DEFINITIONAL_REPRESENTATION('',(#5618),#5641);
#5618 = B_SPLINE_CURVE_WITH_KNOTS('',6,(#5619,#5620,#5621,#5622,#5623,
    #5624,#5625,#5626,#5627,#5628,#5629,#5630,#5631,#5632,#5633,#5634,
    #5635,#5636,#5637,#5638,#5639,#5640),.UNSPECIFIED.,.F.,.F.,(7,5,5,5,
    7),(0.,0.303886728017,0.475760167286,0.732155496906,1.),
  .UNSPECIFIED.);
#5619 = CARTESIAN_POINT('',(1.639220372438,0.));
#5620 = CARTESIAN_POINT('',(1.639220372438,8.603468410378E-02));
#5621 = CARTESIAN_POINT('',(1.638704159581,0.172099615987));
#5622 = CARTESIAN_POINT('',(1.637671137067,0.257769349859));
#5623 = CARTESIAN_POINT('',(1.636142500681,0.342776102798));
#5624 = CARTESIAN_POINT('',(1.634150785648,0.426898953201));
#5625 = CARTESIAN_POINT('',(1.630375038045,0.556896425446));
#5626 = CARTESIAN_POINT('',(1.628876240669,0.60352523646));
#5627 = CARTESIAN_POINT('',(1.62724990087,0.649796983369));
#5628 = CARTESIAN_POINT('',(1.625503663258,0.695699764053));
#5629 = CARTESIAN_POINT('',(1.623645281873,0.741230572053));
#5630 = CARTESIAN_POINT('',(1.618754013045,0.853765356426));
#5631 = CARTESIAN_POINT('',(1.615593130774,0.920314178498));
#5632 = CARTESIAN_POINT('',(1.612224442449,0.9860640602));
#5633 = CARTESIAN_POINT('',(1.60867199197,1.051061490369));
#5634 = CARTESIAN_POINT('',(1.60495847158,1.115374411067));
#5635 = CARTESIAN_POINT('',(1.597078645895,1.245654003667));
#5636 = CARTESIAN_POINT('',(1.592899917919,1.311560066223));
#5637 = CARTESIAN_POINT('',(1.588591968377,1.376915395782));
#5638 = CARTESIAN_POINT('',(1.584177630253,1.441826199522));
#5639 = CARTESIAN_POINT('',(1.579679407939,1.506408326238));
#5640 = CARTESIAN_POINT('',(1.575119863209,1.570796326795));
#5641 = ( GEOMETRIC_REPRESENTATION_CONTEXT(2) 
PARAMETRIC_REPRESENTATION_CONTEXT() REPRESENTATION_CONTEXT('2D SPACE',''
  ) );
#5642 = ORIENTED_EDGE('',*,*,#4189,.F.);
#5643 = ADVANCED_FACE('',(#5644),#707,.T.);
#5644 = FACE_BOUND('',#5645,.T.);
#5645 = EDGE_LOOP('',(#5646,#5647,#5668,#5669,#5749,#5770));
#5646 = ORIENTED_EDGE('',*,*,#691,.T.);
#5647 = ORIENTED_EDGE('',*,*,#5648,.T.);
#5648 = EDGE_CURVE('',#692,#2666,#5649,.T.);
#5649 = SURFACE_CURVE('',#5650,(#5654,#5661),.PCURVE_S1.);
#5650 = LINE('',#5651,#5652);
#5651 = CARTESIAN_POINT('',(-34.5,13.885281374239,28.185281374239));
#5652 = VECTOR('',#5653,1.);
#5653 = DIRECTION('',(1.,0.,1.110223024625E-16));
#5654 = PCURVE('',#707,#5655);
#5655 = DEFINITIONAL_REPRESENTATION('',(#5656),#5660);
#5656 = LINE('',#5657,#5658);
#5657 = CARTESIAN_POINT('',(0.,0.));
#5658 = VECTOR('',#5659,1.);
#5659 = DIRECTION('',(0.,-1.));
#5660 = ( GEOMETRIC_REPRESENTATION_CONTEXT(2) 
PARAMETRIC_REPRESENTATION_CONTEXT() REPRESENTATION_CONTEXT('2D SPACE',''
  ) );
#5661 = PCURVE('',#735,#5662);
#5662 = DEFINITIONAL_REPRESENTATION('',(#5663),#5667);
#5663 = LINE('',#5664,#5665);
#5664 = CARTESIAN_POINT('',(1.2,1.33226762955E-16));
#5665 = VECTOR('',#5666,1.);
#5666 = DIRECTION('',(0.,-1.));
#5667 = ( GEOMETRIC_REPRESENTATION_CONTEXT(2) 
PARAMETRIC_REPRESENTATION_CONTEXT() REPRESENTATION_CONTEXT('2D SPACE',''
  ) );
#5668 = ORIENTED_EDGE('',*,*,#2665,.F.);
#5669 = ORIENTED_EDGE('',*,*,#5670,.F.);
#5670 = EDGE_CURVE('',#5671,#2637,#5673,.T.);
#5671 = VERTEX_POINT('',#5672);
#5672 = CARTESIAN_POINT('',(-26.3,15.045570056613,28.185281374239));
#5673 = SURFACE_CURVE('',#5674,(#5697,#5723),.PCURVE_S1.);
#5674 = B_SPLINE_CURVE_WITH_KNOTS('',6,(#5675,#5676,#5677,#5678,#5679,
    #5680,#5681,#5682,#5683,#5684,#5685,#5686,#5687,#5688,#5689,#5690,
    #5691,#5692,#5693,#5694,#5695,#5696),.UNSPECIFIED.,.F.,.F.,(7,5,5,5,
    7),(0.,0.303886728021,0.47576016729,0.73215549691,1.),
  .UNSPECIFIED.);
#5675 = CARTESIAN_POINT('',(-26.3,15.045570056613,28.185281374239));
#5676 = CARTESIAN_POINT('',(-26.23117225271,15.045570056613,
    28.185281374239));
#5677 = CARTESIAN_POINT('',(-26.1623201215,15.036143150863,
    28.185281374239));
#5678 = CARTESIAN_POINT('',(-26.09470230167,15.017277687542,
    28.185281374239));
#5679 = CARTESIAN_POINT('',(-26.02944852343,14.989447183882,
    28.185281374239));
#5680 = CARTESIAN_POINT('',(-25.96748114705,14.953406016652,
    28.185281374239));
#5681 = CARTESIAN_POINT('',(-25.87671410466,14.885618477794,
    28.185281374239));
#5682 = CARTESIAN_POINT('',(-25.8451903138,14.858800523753,
    28.185281374239));
#5683 = CARTESIAN_POINT('',(-25.81505209883,14.829816184381,
    28.185281374239));
#5684 = CARTESIAN_POINT('',(-25.78639077033,14.798836854657,
    28.185281374239));
#5685 = CARTESIAN_POINT('',(-25.75927438433,14.766035121885,
    28.185281374239));
#5686 = CARTESIAN_POINT('',(-25.69567847145,14.680173867762,
    28.185281374239));
#5687 = CARTESIAN_POINT('',(-25.66115442196,14.625087640723,
    28.185281374239));
#5688 = CARTESIAN_POINT('',(-25.63033615532,14.566866039672,
    28.185281374239));
#5689 = CARTESIAN_POINT('',(-25.60329647099,14.50602865641,
    28.185281374239));
#5690 = CARTESIAN_POINT('',(-25.58005229441,14.44305213252,
    28.185281374239));
#5691 = CARTESIAN_POINT('',(-25.54026338561,14.310769222294,
    28.185281374239));
#5692 = CARTESIAN_POINT('',(-25.52406601955,14.241312465595,
    28.185281374239));
#5693 = CARTESIAN_POINT('',(-25.51198505447,14.170461912956,
    28.185281374239));
#5694 = CARTESIAN_POINT('',(-25.50397991889,14.098655103322,
    28.185281374239));
#5695 = CARTESIAN_POINT('',(-25.5,14.026296267194,28.185281374239));
#5696 = CARTESIAN_POINT('',(-25.5,13.953762483824,28.185281374239));
#5697 = PCURVE('',#707,#5698);
#5698 = DEFINITIONAL_REPRESENTATION('',(#5699),#5722);
#5699 = B_SPLINE_CURVE_WITH_KNOTS('',6,(#5700,#5701,#5702,#5703,#5704,
    #5705,#5706,#5707,#5708,#5709,#5710,#5711,#5712,#5713,#5714,#5715,
    #5716,#5717,#5718,#5719,#5720,#5721),.UNSPECIFIED.,.F.,.F.,(7,5,5,5,
    7),(0.,0.303886728021,0.47576016729,0.73215549691,1.),
  .UNSPECIFIED.);
#5700 = CARTESIAN_POINT('',(1.160288682374,-8.2));
#5701 = CARTESIAN_POINT('',(1.160288682374,-8.268827747284));
#5702 = CARTESIAN_POINT('',(1.150861776624,-8.337679878492));
#5703 = CARTESIAN_POINT('',(1.131996313304,-8.405297698324));
#5704 = CARTESIAN_POINT('',(1.104165809643,-8.470551476565));
#5705 = CARTESIAN_POINT('',(1.068124642413,-8.532518852949));
#5706 = CARTESIAN_POINT('',(1.000337103555,-8.62328589534));
#5707 = CARTESIAN_POINT('',(0.973519149515,-8.654809686193));
#5708 = CARTESIAN_POINT('',(0.944534810143,-8.684947901164));
#5709 = CARTESIAN_POINT('',(0.913555480418,-8.713609229669));
#5710 = CARTESIAN_POINT('',(0.880753747646,-8.740725615661));
#5711 = CARTESIAN_POINT('',(0.794892493524,-8.804321528548));
#5712 = CARTESIAN_POINT('',(0.739806266484,-8.838845578033));
#5713 = CARTESIAN_POINT('',(0.681584665434,-8.869663844673));
#5714 = CARTESIAN_POINT('',(0.620747282171,-8.896703529008));
#5715 = CARTESIAN_POINT('',(0.557770758282,-8.919947705589));
#5716 = CARTESIAN_POINT('',(0.425487848055,-8.959736614388));
#5717 = CARTESIAN_POINT('',(0.356031091356,-8.97593398045));
#5718 = CARTESIAN_POINT('',(0.285180538717,-8.98801494553));
#5719 = CARTESIAN_POINT('',(0.213373729083,-8.996020081104));
#5720 = CARTESIAN_POINT('',(0.141014892955,-9.));
#5721 = CARTESIAN_POINT('',(6.848110958544E-02,-9.));
#5722 = ( GEOMETRIC_REPRESENTATION_CONTEXT(2) 
PARAMETRIC_REPRESENTATION_CONTEXT() REPRESENTATION_CONTEXT('2D SPACE',''
  ) );
#5723 = PCURVE('',#2653,#5724);
#5724 = DEFINITIONAL_REPRESENTATION('',(#5725),#5748);
#5725 = B_SPLINE_CURVE_WITH_KNOTS('',6,(#5726,#5727,#5728,#5729,#5730,
    #5731,#5732,#5733,#5734,#5735,#5736,#5737,#5738,#5739,#5740,#5741,
    #5742,#5743,#5744,#5745,#5746,#5747),.UNSPECIFIED.,.F.,.F.,(7,5,5,5,
    7),(0.,0.303886728021,0.47576016729,0.73215549691,1.),
  .UNSPECIFIED.);
#5726 = CARTESIAN_POINT('',(2.28777044455,0.));
#5727 = CARTESIAN_POINT('',(2.28777044455,8.603468410481E-02));
#5728 = CARTESIAN_POINT('',(2.288286657406,0.172099615989));
#5729 = CARTESIAN_POINT('',(2.289319679921,0.257769349862));
#5730 = CARTESIAN_POINT('',(2.290848316307,0.342776102802));
#5731 = CARTESIAN_POINT('',(2.292840031339,0.426898953206));
#5732 = CARTESIAN_POINT('',(2.296615778942,0.556896425452));
#5733 = CARTESIAN_POINT('',(2.298114576318,0.603525236466));
#5734 = CARTESIAN_POINT('',(2.299740916118,0.649796983375));
#5735 = CARTESIAN_POINT('',(2.301487153729,0.695699764059));
#5736 = CARTESIAN_POINT('',(2.303345535114,0.741230572059));
#5737 = CARTESIAN_POINT('',(2.308236803943,0.853765356432));
#5738 = CARTESIAN_POINT('',(2.311397686214,0.920314178504));
#5739 = CARTESIAN_POINT('',(2.314766374538,0.986064060206));
#5740 = CARTESIAN_POINT('',(2.318318825017,1.051061490375));
#5741 = CARTESIAN_POINT('',(2.322032345408,1.115374411073));
#5742 = CARTESIAN_POINT('',(2.329912171093,1.245654003672));
#5743 = CARTESIAN_POINT('',(2.334090899068,1.311560066227));
#5744 = CARTESIAN_POINT('',(2.338398848611,1.376915395785));
#5745 = CARTESIAN_POINT('',(2.342813186734,1.441826199524));
#5746 = CARTESIAN_POINT('',(2.347311409048,1.506408326239));
#5747 = CARTESIAN_POINT('',(2.351870953779,1.570796326795));
#5748 = ( GEOMETRIC_REPRESENTATION_CONTEXT(2) 
PARAMETRIC_REPRESENTATION_CONTEXT() REPRESENTATION_CONTEXT('2D SPACE',''
  ) );
#5749 = ORIENTED_EDGE('',*,*,#5750,.T.);
#5750 = EDGE_CURVE('',#5671,#5467,#5751,.T.);
#5751 = SURFACE_CURVE('',#5752,(#5756,#5763),.PCURVE_S1.);
#5752 = LINE('',#5753,#5754);
#5753 = CARTESIAN_POINT('',(-33.5,15.045570056613,28.185281374239));
#5754 = VECTOR('',#5755,1.);
#5755 = DIRECTION('',(-1.,-0.,-1.110223024625E-16));
#5756 = PCURVE('',#707,#5757);
#5757 = DEFINITIONAL_REPRESENTATION('',(#5758),#5762);
#5758 = LINE('',#5759,#5760);
#5759 = CARTESIAN_POINT('',(1.160288682374,-1.));
#5760 = VECTOR('',#5761,1.);
#5761 = DIRECTION('',(0.,1.));
#5762 = ( GEOMETRIC_REPRESENTATION_CONTEXT(2) 
PARAMETRIC_REPRESENTATION_CONTEXT() REPRESENTATION_CONTEXT('2D SPACE',''
  ) );
#5763 = PCURVE('',#5317,#5764);
#5764 = DEFINITIONAL_REPRESENTATION('',(#5765),#5769);
#5765 = LINE('',#5766,#5767);
#5766 = CARTESIAN_POINT('',(-2.28777044455,0.));
#5767 = VECTOR('',#5768,1.);
#5768 = DIRECTION('',(-0.,1.));
#5769 = ( GEOMETRIC_REPRESENTATION_CONTEXT(2) 
PARAMETRIC_REPRESENTATION_CONTEXT() REPRESENTATION_CONTEXT('2D SPACE',''
  ) );
#5770 = ORIENTED_EDGE('',*,*,#5490,.F.);
#5771 = ADVANCED_FACE('',(#5772),#2398,.T.);
#5772 = FACE_BOUND('',#5773,.T.);
#5773 = EDGE_LOOP('',(#5774,#5775,#5776,#5777,#5857,#5885));
#5774 = ORIENTED_EDGE('',*,*,#2382,.T.);
#5775 = ORIENTED_EDGE('',*,*,#5519,.T.);
#5776 = ORIENTED_EDGE('',*,*,#4166,.F.);
#5777 = ORIENTED_EDGE('',*,*,#5778,.F.);
#5778 = EDGE_CURVE('',#5779,#4138,#5781,.T.);
#5779 = VERTEX_POINT('',#5780);
#5780 = CARTESIAN_POINT('',(-26.3,17.971919858017,19.479552004559));
#5781 = SURFACE_CURVE('',#5782,(#5805,#5831),.PCURVE_S1.);
#5782 = B_SPLINE_CURVE_WITH_KNOTS('',6,(#5783,#5784,#5785,#5786,#5787,
    #5788,#5789,#5790,#5791,#5792,#5793,#5794,#5795,#5796,#5797,#5798,
    #5799,#5800,#5801,#5802,#5803,#5804),.UNSPECIFIED.,.F.,.F.,(7,5,5,5,
    7),(0.,0.303886728016,0.475760167285,0.732155496905,1.),
  .UNSPECIFIED.);
#5783 = CARTESIAN_POINT('',(-26.3,17.971919858017,19.479552004559));
#5784 = CARTESIAN_POINT('',(-26.23117225271,17.971919858017,
    19.479552004559));
#5785 = CARTESIAN_POINT('',(-26.16232012151,17.965254029036,
    19.486217833541));
#5786 = CARTESIAN_POINT('',(-26.09470230167,17.951914131992,
    19.499557730584));
#5787 = CARTESIAN_POINT('',(-26.02944852343,17.93223499413,
    19.519236868446));
#5788 = CARTESIAN_POINT('',(-25.96748114705,17.906750040381,
    19.544721822195));
#5789 = CARTESIAN_POINT('',(-25.87671410466,17.858817011976,
    19.592654850601));
#5790 = CARTESIAN_POINT('',(-25.84519031381,17.839853854816,
    19.61161800776));
#5791 = CARTESIAN_POINT('',(-25.81505209884,17.819358831899,
    19.632113030678));
#5792 = CARTESIAN_POINT('',(-25.78639077033,17.797453137774,
    19.654018724802));
#5793 = CARTESIAN_POINT('',(-25.75927438434,17.774258810096,
    19.67721305248));
#5794 = CARTESIAN_POINT('',(-25.69567847145,17.713545735066,
    19.73792612751));
#5795 = CARTESIAN_POINT('',(-25.66115442197,17.674593890376,
    19.7768779722));
#5796 = CARTESIAN_POINT('',(-25.63033615533,17.633425001462,
    19.818046861114));
#5797 = CARTESIAN_POINT('',(-25.60329647099,17.590406475208,
    19.861065387368));
#5798 = CARTESIAN_POINT('',(-25.58005229441,17.54587534811,
    19.905596514466));
#5799 = CARTESIAN_POINT('',(-25.54026338561,17.452337205253,
    19.999134657323));
#5800 = CARTESIAN_POINT('',(-25.52406601955,17.403223861591,
    20.048248000985));
#5801 = CARTESIAN_POINT('',(-25.51198505447,17.353124955369,
    20.098346907208));
#5802 = CARTESIAN_POINT('',(-25.50397991889,17.30234987334,
    20.149121989236));
#5803 = CARTESIAN_POINT('',(-25.5,17.251184449634,20.200287412942));
#5804 = CARTESIAN_POINT('',(-25.5,17.199895319547,20.251576543029));
#5805 = PCURVE('',#2398,#5806);
#5806 = DEFINITIONAL_REPRESENTATION('',(#5807),#5830);
#5807 = B_SPLINE_CURVE_WITH_KNOTS('',6,(#5808,#5809,#5810,#5811,#5812,
    #5813,#5814,#5815,#5816,#5817,#5818,#5819,#5820,#5821,#5822,#5823,
    #5824,#5825,#5826,#5827,#5828,#5829),.UNSPECIFIED.,.F.,.F.,(7,5,5,5,
    7),(0.,0.303886728016,0.475760167285,0.732155496905,1.),
  .UNSPECIFIED.);
#5808 = CARTESIAN_POINT('',(1.160288682374,-8.2));
#5809 = CARTESIAN_POINT('',(1.160288682374,-8.268827747283));
#5810 = CARTESIAN_POINT('',(1.150861776624,-8.33767987849));
#5811 = CARTESIAN_POINT('',(1.131996313305,-8.405297698321));
#5812 = CARTESIAN_POINT('',(1.104165809645,-8.470551476561));
#5813 = CARTESIAN_POINT('',(1.068124642416,-8.532518852944));
#5814 = CARTESIAN_POINT('',(1.00033710356,-8.623285895335));
#5815 = CARTESIAN_POINT('',(0.973519149519,-8.654809686188));
#5816 = CARTESIAN_POINT('',(0.944534810148,-8.684947901159));
#5817 = CARTESIAN_POINT('',(0.913555480424,-8.713609229664));
#5818 = CARTESIAN_POINT('',(0.880753747652,-8.740725615656));
#5819 = CARTESIAN_POINT('',(0.79489249353,-8.804321528544));
#5820 = CARTESIAN_POINT('',(0.739806266491,-8.838845578029));
#5821 = CARTESIAN_POINT('',(0.681584665441,-8.869663844669));
#5822 = CARTESIAN_POINT('',(0.620747282179,-8.896703529005));
#5823 = CARTESIAN_POINT('',(0.55777075829,-8.919947705586));
#5824 = CARTESIAN_POINT('',(0.425487848062,-8.959736614386));
#5825 = CARTESIAN_POINT('',(0.356031091362,-8.975933980449));
#5826 = CARTESIAN_POINT('',(0.285180538722,-8.988014945529));
#5827 = CARTESIAN_POINT('',(0.213373729086,-8.996020081104));
#5828 = CARTESIAN_POINT('',(0.141014892957,-9.));
#5829 = CARTESIAN_POINT('',(6.848110958544E-02,-9.));
#5830 = ( GEOMETRIC_REPRESENTATION_CONTEXT(2) 
PARAMETRIC_REPRESENTATION_CONTEXT() REPRESENTATION_CONTEXT('2D SPACE',''
  ) );
#5831 = PCURVE('',#4154,#5832);
#5832 = DEFINITIONAL_REPRESENTATION('',(#5833),#5856);
#5833 = B_SPLINE_CURVE_WITH_KNOTS('',6,(#5834,#5835,#5836,#5837,#5838,
    #5839,#5840,#5841,#5842,#5843,#5844,#5845,#5846,#5847,#5848,#5849,
    #5850,#5851,#5852,#5853,#5854,#5855),.UNSPECIFIED.,.F.,.F.,(7,5,5,5,
    7),(0.,0.303886728016,0.475760167285,0.732155496905,1.),
  .UNSPECIFIED.);
#5834 = CARTESIAN_POINT('',(1.502372281152,0.));
#5835 = CARTESIAN_POINT('',(1.502372281152,8.603468410339E-02));
#5836 = CARTESIAN_POINT('',(1.502888494009,0.172099615987));
#5837 = CARTESIAN_POINT('',(1.503921516523,0.257769349857));
#5838 = CARTESIAN_POINT('',(1.505450152909,0.342776102796));
#5839 = CARTESIAN_POINT('',(1.507441867941,0.426898953199));
#5840 = CARTESIAN_POINT('',(1.511217615545,0.556896425444));
#5841 = CARTESIAN_POINT('',(1.51271641292,0.603525236458));
#5842 = CARTESIAN_POINT('',(1.51434275272,0.649796983367));
#5843 = CARTESIAN_POINT('',(1.516088990332,0.695699764051));
#5844 = CARTESIAN_POINT('',(1.517947371716,0.741230572051));
#5845 = CARTESIAN_POINT('',(1.522838640545,0.853765356424));
#5846 = CARTESIAN_POINT('',(1.525999522816,0.920314178496));
#5847 = CARTESIAN_POINT('',(1.52936821114,0.986064060198));
#5848 = CARTESIAN_POINT('',(1.532920661619,1.051061490367));
#5849 = CARTESIAN_POINT('',(1.53663418201,1.115374411065));
#5850 = CARTESIAN_POINT('',(1.544514007695,1.245654003666));
#5851 = CARTESIAN_POINT('',(1.54869273567,1.311560066222));
#5852 = CARTESIAN_POINT('',(1.553000685213,1.376915395781));
#5853 = CARTESIAN_POINT('',(1.557415023337,1.441826199521));
#5854 = CARTESIAN_POINT('',(1.56191324565,1.506408326238));
#5855 = CARTESIAN_POINT('',(1.566472790381,1.570796326795));
#5856 = ( GEOMETRIC_REPRESENTATION_CONTEXT(2) 
PARAMETRIC_REPRESENTATION_CONTEXT() REPRESENTATION_CONTEXT('2D SPACE',''
  ) );
#5857 = ORIENTED_EDGE('',*,*,#5858,.T.);
#5858 = EDGE_CURVE('',#5779,#5859,#5861,.T.);
#5859 = VERTEX_POINT('',#5860);
#5860 = CARTESIAN_POINT('',(-32.9,17.971919858017,19.479552004559));
#5861 = SURFACE_CURVE('',#5862,(#5866,#5873),.PCURVE_S1.);
#5862 = LINE('',#5863,#5864);
#5863 = CARTESIAN_POINT('',(-33.5,17.971919858017,19.479552004559));
#5864 = VECTOR('',#5865,1.);
#5865 = DIRECTION('',(-1.,-0.,-1.110223024625E-16));
#5866 = PCURVE('',#2398,#5867);
#5867 = DEFINITIONAL_REPRESENTATION('',(#5868),#5872);
#5868 = LINE('',#5869,#5870);
#5869 = CARTESIAN_POINT('',(1.160288682374,-1.));
#5870 = VECTOR('',#5871,1.);
#5871 = DIRECTION('',(0.,1.));
#5872 = ( GEOMETRIC_REPRESENTATION_CONTEXT(2) 
PARAMETRIC_REPRESENTATION_CONTEXT() REPRESENTATION_CONTEXT('2D SPACE',''
  ) );
#5873 = PCURVE('',#5874,#5879);
#5874 = CYLINDRICAL_SURFACE('',#5875,12.);
#5875 = AXIS2_PLACEMENT_3D('',#5876,#5877,#5878);
#5876 = CARTESIAN_POINT('',(-33.5,6.,20.3));
#5877 = DIRECTION('',(-1.,-0.,-1.110223024625E-16));
#5878 = DIRECTION('',(1.110223024625E-16,0.,-1.));
#5879 = DEFINITIONAL_REPRESENTATION('',(#5880),#5884);
#5880 = LINE('',#5881,#5882);
#5881 = CARTESIAN_POINT('',(-1.502372281152,0.));
#5882 = VECTOR('',#5883,1.);
#5883 = DIRECTION('',(-0.,1.));
#5884 = ( GEOMETRIC_REPRESENTATION_CONTEXT(2) 
PARAMETRIC_REPRESENTATION_CONTEXT() REPRESENTATION_CONTEXT('2D SPACE',''
  ) );
#5885 = ORIENTED_EDGE('',*,*,#5886,.F.);
#5886 = EDGE_CURVE('',#2354,#5859,#5887,.T.);
#5887 = SURFACE_CURVE('',#5888,(#5893,#5900),.PCURVE_S1.);
#5888 = HYPERBOLA('',#5889,7.885281374239,7.885281374239);
#5889 = AXIS2_PLACEMENT_3D('',#5890,#5891,#5892);
#5890 = CARTESIAN_POINT('',(-44.9,11.575735931288,25.875735931288));
#5891 = DIRECTION('',(-7.850462293419E-17,0.707106781187,0.707106781187)
  );
#5892 = DIRECTION('',(1.,0.,1.110223024625E-16));
#5893 = PCURVE('',#2398,#5894);
#5894 = DEFINITIONAL_REPRESENTATION('',(#5895),#5899);
#5895 = HYPERBOLA('',#5896,7.885281374239,7.885281374239);
#5896 = AXIS2_PLACEMENT_2D('',#5897,#5898);
#5897 = CARTESIAN_POINT('',(-7.885281374239,10.4));
#5898 = DIRECTION('',(0.,-1.));
#5899 = ( GEOMETRIC_REPRESENTATION_CONTEXT(2) 
PARAMETRIC_REPRESENTATION_CONTEXT() REPRESENTATION_CONTEXT('2D SPACE',''
  ) );
#5900 = PCURVE('',#2370,#5901);
#5901 = DEFINITIONAL_REPRESENTATION('',(#5902),#5909);
#5902 = B_SPLINE_CURVE_WITH_KNOTS('',5,(#5903,#5904,#5905,#5906,#5907,
    #5908),.UNSPECIFIED.,.F.,.F.,(6,6),(0.912214069878,0.981692184838),
  .PIECEWISE_BEZIER_KNOTS.);
#5903 = CARTESIAN_POINT('',(1.549226558876,-0.6));
#5904 = CARTESIAN_POINT('',(1.539615076669,-0.485597294852));
#5905 = CARTESIAN_POINT('',(1.530124162399,-0.368443080922));
#5906 = CARTESIAN_POINT('',(1.520753649309,-0.248491337474));
#5907 = CARTESIAN_POINT('',(1.511503189249,-0.125693831255));
#5908 = CARTESIAN_POINT('',(1.502372281152,-1.054711873394E-15));
#5909 = ( GEOMETRIC_REPRESENTATION_CONTEXT(2) 
PARAMETRIC_REPRESENTATION_CONTEXT() REPRESENTATION_CONTEXT('2D SPACE',''
  ) );
#5910 = ADVANCED_FACE('',(#5911),#735,.T.);
#5911 = FACE_BOUND('',#5912,.T.);
#5912 = EDGE_LOOP('',(#5913,#5914,#5915,#5942,#5970,#6048));
#5913 = ORIENTED_EDGE('',*,*,#5648,.F.);
#5914 = ORIENTED_EDGE('',*,*,#719,.T.);
#5915 = ORIENTED_EDGE('',*,*,#5916,.F.);
#5916 = EDGE_CURVE('',#5917,#720,#5919,.T.);
#5917 = VERTEX_POINT('',#5918);
#5918 = CARTESIAN_POINT('',(-32.9,13.885281374239,29.345570056613));
#5919 = SURFACE_CURVE('',#5920,(#5925,#5932),.PCURVE_S1.);
#5920 = HYPERBOLA('',#5921,7.885281374239,7.885281374239);
#5921 = AXIS2_PLACEMENT_3D('',#5922,#5923,#5924);
#5922 = CARTESIAN_POINT('',(-44.9,13.885281374239,20.3));
#5923 = DIRECTION('',(2.465190328816E-32,1.,-2.22044604925E-16));
#5924 = DIRECTION('',(1.,0.,1.110223024625E-16));
#5925 = PCURVE('',#735,#5926);
#5926 = DEFINITIONAL_REPRESENTATION('',(#5927),#5931);
#5927 = HYPERBOLA('',#5928,7.885281374239,7.885281374239);
#5928 = AXIS2_PLACEMENT_2D('',#5929,#5930);
#5929 = CARTESIAN_POINT('',(9.085281374239,10.4));
#5930 = DIRECTION('',(0.,-1.));
#5931 = ( GEOMETRIC_REPRESENTATION_CONTEXT(2) 
PARAMETRIC_REPRESENTATION_CONTEXT() REPRESENTATION_CONTEXT('2D SPACE',''
  ) );
#5932 = PCURVE('',#764,#5933);
#5933 = DEFINITIONAL_REPRESENTATION('',(#5934),#5941);
#5934 = B_SPLINE_CURVE_WITH_KNOTS('',5,(#5935,#5936,#5937,#5938,#5939,
    #5940),.UNSPECIFIED.,.F.,.F.,(6,6),(-0.981692184838,-0.912214069878)
  ,.PIECEWISE_BEZIER_KNOTS.);
#5935 = CARTESIAN_POINT('',(2.424618535835,-1.665334536938E-16));
#5936 = CARTESIAN_POINT('',(2.415487627738,-0.125693831255));
#5937 = CARTESIAN_POINT('',(2.406237167678,-0.248491337474));
#5938 = CARTESIAN_POINT('',(2.396866654588,-0.368443080922));
#5939 = CARTESIAN_POINT('',(2.387375740318,-0.485597294852));
#5940 = CARTESIAN_POINT('',(2.377764258111,-0.6));
#5941 = ( GEOMETRIC_REPRESENTATION_CONTEXT(2) 
PARAMETRIC_REPRESENTATION_CONTEXT() REPRESENTATION_CONTEXT('2D SPACE',''
  ) );
#5942 = ORIENTED_EDGE('',*,*,#5943,.F.);
#5943 = EDGE_CURVE('',#5944,#5917,#5946,.T.);
#5944 = VERTEX_POINT('',#5945);
#5945 = CARTESIAN_POINT('',(-26.3,13.885281374239,29.345570056613));
#5946 = SURFACE_CURVE('',#5947,(#5951,#5958),.PCURVE_S1.);
#5947 = LINE('',#5948,#5949);
#5948 = CARTESIAN_POINT('',(-33.5,13.885281374239,29.345570056613));
#5949 = VECTOR('',#5950,1.);
#5950 = DIRECTION('',(-1.,-0.,-1.110223024625E-16));
#5951 = PCURVE('',#735,#5952);
#5952 = DEFINITIONAL_REPRESENTATION('',(#5953),#5957);
#5953 = LINE('',#5954,#5955);
#5954 = CARTESIAN_POINT('',(3.971131762598E-02,-1.));
#5955 = VECTOR('',#5956,1.);
#5956 = DIRECTION('',(0.,1.));
#5957 = ( GEOMETRIC_REPRESENTATION_CONTEXT(2) 
PARAMETRIC_REPRESENTATION_CONTEXT() REPRESENTATION_CONTEXT('2D SPACE',''
  ) );
#5958 = PCURVE('',#5959,#5964);
#5959 = CYLINDRICAL_SURFACE('',#5960,12.);
#5960 = AXIS2_PLACEMENT_3D('',#5961,#5962,#5963);
#5961 = CARTESIAN_POINT('',(-33.5,6.,20.3));
#5962 = DIRECTION('',(-1.,-0.,-1.110223024625E-16));
#5963 = DIRECTION('',(1.110223024625E-16,0.,-1.));
#5964 = DEFINITIONAL_REPRESENTATION('',(#5965),#5969);
#5965 = LINE('',#5966,#5967);
#5966 = CARTESIAN_POINT('',(-2.424618535835,0.));
#5967 = VECTOR('',#5968,1.);
#5968 = DIRECTION('',(-0.,1.));
#5969 = ( GEOMETRIC_REPRESENTATION_CONTEXT(2) 
PARAMETRIC_REPRESENTATION_CONTEXT() REPRESENTATION_CONTEXT('2D SPACE',''
  ) );
#5970 = ORIENTED_EDGE('',*,*,#5971,.T.);
#5971 = EDGE_CURVE('',#5944,#2689,#5972,.T.);
#5972 = SURFACE_CURVE('',#5973,(#5996,#6022),.PCURVE_S1.);
#5973 = B_SPLINE_CURVE_WITH_KNOTS('',6,(#5974,#5975,#5976,#5977,#5978,
    #5979,#5980,#5981,#5982,#5983,#5984,#5985,#5986,#5987,#5988,#5989,
    #5990,#5991,#5992,#5993,#5994,#5995),.UNSPECIFIED.,.F.,.F.,(7,5,5,5,
    7),(0.,0.303886728021,0.47576016729,0.73215549691,1.),
  .UNSPECIFIED.);
#5974 = CARTESIAN_POINT('',(-26.3,13.885281374239,29.345570056613));
#5975 = CARTESIAN_POINT('',(-26.23117225271,13.885281374239,
    29.345570056613));
#5976 = CARTESIAN_POINT('',(-26.1623201215,13.885281374239,
    29.336143150863));
#5977 = CARTESIAN_POINT('',(-26.09470230167,13.885281374239,
    29.317277687542));
#5978 = CARTESIAN_POINT('',(-26.02944852343,13.885281374239,
    29.289447183882));
#5979 = CARTESIAN_POINT('',(-25.96748114705,13.885281374239,
    29.253406016652));
#5980 = CARTESIAN_POINT('',(-25.87671410466,13.885281374239,
    29.185618477794));
#5981 = CARTESIAN_POINT('',(-25.8451903138,13.885281374239,
    29.158800523753));
#5982 = CARTESIAN_POINT('',(-25.81505209883,13.885281374239,
    29.129816184381));
#5983 = CARTESIAN_POINT('',(-25.78639077033,13.885281374239,
    29.098836854657));
#5984 = CARTESIAN_POINT('',(-25.75927438433,13.885281374239,
    29.066035121885));
#5985 = CARTESIAN_POINT('',(-25.69567847145,13.885281374239,
    28.980173867762));
#5986 = CARTESIAN_POINT('',(-25.66115442196,13.885281374239,
    28.925087640723));
#5987 = CARTESIAN_POINT('',(-25.63033615532,13.885281374239,
    28.866866039672));
#5988 = CARTESIAN_POINT('',(-25.60329647099,13.885281374239,
    28.80602865641));
#5989 = CARTESIAN_POINT('',(-25.58005229441,13.885281374239,
    28.74305213252));
#5990 = CARTESIAN_POINT('',(-25.54026338561,13.885281374239,
    28.610769222294));
#5991 = CARTESIAN_POINT('',(-25.52406601955,13.885281374239,
    28.541312465595));
#5992 = CARTESIAN_POINT('',(-25.51198505447,13.885281374239,
    28.470461912956));
#5993 = CARTESIAN_POINT('',(-25.50397991889,13.885281374239,
    28.398655103322));
#5994 = CARTESIAN_POINT('',(-25.5,13.885281374239,28.326296267194));
#5995 = CARTESIAN_POINT('',(-25.5,13.885281374239,28.253762483824));
#5996 = PCURVE('',#735,#5997);
#5997 = DEFINITIONAL_REPRESENTATION('',(#5998),#6021);
#5998 = B_SPLINE_CURVE_WITH_KNOTS('',6,(#5999,#6000,#6001,#6002,#6003,
    #6004,#6005,#6006,#6007,#6008,#6009,#6010,#6011,#6012,#6013,#6014,
    #6015,#6016,#6017,#6018,#6019,#6020),.UNSPECIFIED.,.F.,.F.,(7,5,5,5,
    7),(0.,0.303886728021,0.47576016729,0.73215549691,1.),
  .UNSPECIFIED.);
#5999 = CARTESIAN_POINT('',(3.971131762598E-02,-8.2));
#6000 = CARTESIAN_POINT('',(3.971131762598E-02,-8.268827747284));
#6001 = CARTESIAN_POINT('',(4.913822337593E-02,-8.337679878492));
#6002 = CARTESIAN_POINT('',(6.800368669631E-02,-8.405297698324));
#6003 = CARTESIAN_POINT('',(9.583419035691E-02,-8.470551476565));
#6004 = CARTESIAN_POINT('',(0.131875357587,-8.532518852949));
#6005 = CARTESIAN_POINT('',(0.199662896445,-8.62328589534));
#6006 = CARTESIAN_POINT('',(0.226480850485,-8.654809686193));
#6007 = CARTESIAN_POINT('',(0.255465189857,-8.684947901164));
#6008 = CARTESIAN_POINT('',(0.286444519582,-8.713609229669));
#6009 = CARTESIAN_POINT('',(0.319246252354,-8.740725615661));
#6010 = CARTESIAN_POINT('',(0.405107506476,-8.804321528548));
#6011 = CARTESIAN_POINT('',(0.460193733516,-8.838845578033));
#6012 = CARTESIAN_POINT('',(0.518415334566,-8.869663844673));
#6013 = CARTESIAN_POINT('',(0.579252717829,-8.896703529008));
#6014 = CARTESIAN_POINT('',(0.642229241718,-8.919947705589));
#6015 = CARTESIAN_POINT('',(0.774512151945,-8.959736614388));
#6016 = CARTESIAN_POINT('',(0.843968908644,-8.97593398045));
#6017 = CARTESIAN_POINT('',(0.914819461283,-8.98801494553));
#6018 = CARTESIAN_POINT('',(0.986626270917,-8.996020081104));
#6019 = CARTESIAN_POINT('',(1.058985107045,-9.));
#6020 = CARTESIAN_POINT('',(1.131518890415,-9.));
#6021 = ( GEOMETRIC_REPRESENTATION_CONTEXT(2) 
PARAMETRIC_REPRESENTATION_CONTEXT() REPRESENTATION_CONTEXT('2D SPACE',''
  ) );
#6022 = PCURVE('',#2728,#6023);
#6023 = DEFINITIONAL_REPRESENTATION('',(#6024),#6047);
#6024 = B_SPLINE_CURVE_WITH_KNOTS('',6,(#6025,#6026,#6027,#6028,#6029,
    #6030,#6031,#6032,#6033,#6034,#6035,#6036,#6037,#6038,#6039,#6040,
    #6041,#6042,#6043,#6044,#6045,#6046),.UNSPECIFIED.,.F.,.F.,(7,5,5,5,
    7),(0.,0.303886728021,0.47576016729,0.73215549691,1.),
  .UNSPECIFIED.);
#6025 = CARTESIAN_POINT('',(2.424618535835,0.));
#6026 = CARTESIAN_POINT('',(2.424618535835,8.603468410484E-02));
#6027 = CARTESIAN_POINT('',(2.424102322978,0.172099615989));
#6028 = CARTESIAN_POINT('',(2.423069300464,0.257769349862));
#6029 = CARTESIAN_POINT('',(2.421540664078,0.342776102802));
#6030 = CARTESIAN_POINT('',(2.419548949046,0.426898953206));
#6031 = CARTESIAN_POINT('',(2.415773201442,0.556896425452));
#6032 = CARTESIAN_POINT('',(2.414274404067,0.603525236466));
#6033 = CARTESIAN_POINT('',(2.412648064267,0.649796983375));
#6034 = CARTESIAN_POINT('',(2.410901826655,0.695699764059));
#6035 = CARTESIAN_POINT('',(2.409043445271,0.741230572059));
#6036 = CARTESIAN_POINT('',(2.404152176442,0.853765356432));
#6037 = CARTESIAN_POINT('',(2.400991294171,0.920314178504));
#6038 = CARTESIAN_POINT('',(2.397622605846,0.986064060206));
#6039 = CARTESIAN_POINT('',(2.394070155368,1.051061490375));
#6040 = CARTESIAN_POINT('',(2.390356634977,1.115374411073));
#6041 = CARTESIAN_POINT('',(2.382476809292,1.245654003672));
#6042 = CARTESIAN_POINT('',(2.378298081316,1.311560066227));
#6043 = CARTESIAN_POINT('',(2.373990131774,1.376915395785));
#6044 = CARTESIAN_POINT('',(2.36957579365,1.441826199524));
#6045 = CARTESIAN_POINT('',(2.365077571337,1.506408326239));
#6046 = CARTESIAN_POINT('',(2.360518026606,1.570796326795));
#6047 = ( GEOMETRIC_REPRESENTATION_CONTEXT(2) 
PARAMETRIC_REPRESENTATION_CONTEXT() REPRESENTATION_CONTEXT('2D SPACE',''
  ) );
#6048 = ORIENTED_EDGE('',*,*,#2688,.F.);
#6049 = ADVANCED_FACE('',(#6050),#2370,.T.);
#6050 = FACE_BOUND('',#6051,.F.);
#6051 = EDGE_LOOP('',(#6052,#6079,#6101,#6102));
#6052 = ORIENTED_EDGE('',*,*,#6053,.F.);
#6053 = EDGE_CURVE('',#6054,#2326,#6056,.T.);
#6054 = VERTEX_POINT('',#6055);
#6055 = CARTESIAN_POINT('',(-32.9,17.776334147858,17.993931042227));
#6056 = SURFACE_CURVE('',#6057,(#6062,#6072),.PCURVE_S1.);
#6057 = HYPERBOLA('',#6058,7.885281374239,7.885281374239);
#6058 = AXIS2_PLACEMENT_3D('',#6059,#6060,#6061);
#6059 = CARTESIAN_POINT('',(-44.9,9.942640687119,13.471146013921));
#6060 = DIRECTION('',(9.614813431918E-17,0.5,-0.866025403784));
#6061 = DIRECTION('',(1.,0.,1.110223024625E-16));
#6062 = PCURVE('',#2370,#6063);
#6063 = DEFINITIONAL_REPRESENTATION('',(#6064),#6071);
#6064 = B_SPLINE_CURVE_WITH_KNOTS('',5,(#6065,#6066,#6067,#6068,#6069,
    #6070),.UNSPECIFIED.,.F.,.F.,(6,6),(-0.981692184838,-0.912214069878)
  ,.PIECEWISE_BEZIER_KNOTS.);
#6065 = CARTESIAN_POINT('',(1.377420984638,-1.665334536938E-16));
#6066 = CARTESIAN_POINT('',(1.368290076542,-0.125693831255));
#6067 = CARTESIAN_POINT('',(1.359039616481,-0.248491337474));
#6068 = CARTESIAN_POINT('',(1.349669103392,-0.368443080922));
#6069 = CARTESIAN_POINT('',(1.340178189122,-0.485597294852));
#6070 = CARTESIAN_POINT('',(1.330566706914,-0.6));
#6071 = ( GEOMETRIC_REPRESENTATION_CONTEXT(2) 
PARAMETRIC_REPRESENTATION_CONTEXT() REPRESENTATION_CONTEXT('2D SPACE',''
  ) );
#6072 = PCURVE('',#2341,#6073);
#6073 = DEFINITIONAL_REPRESENTATION('',(#6074),#6078);
#6074 = HYPERBOLA('',#6075,7.885281374239,7.885281374239);
#6075 = AXIS2_PLACEMENT_2D('',#6076,#6077);
#6076 = CARTESIAN_POINT('',(9.085281374239,10.4));
#6077 = DIRECTION('',(0.,-1.));
#6078 = ( GEOMETRIC_REPRESENTATION_CONTEXT(2) 
PARAMETRIC_REPRESENTATION_CONTEXT() REPRESENTATION_CONTEXT('2D SPACE',''
  ) );
#6079 = ORIENTED_EDGE('',*,*,#6080,.T.);
#6080 = EDGE_CURVE('',#6054,#5859,#6081,.T.);
#6081 = SURFACE_CURVE('',#6082,(#6087,#6094),.PCURVE_S1.);
#6082 = CIRCLE('',#6083,12.);
#6083 = AXIS2_PLACEMENT_3D('',#6084,#6085,#6086);
#6084 = CARTESIAN_POINT('',(-32.9,6.,20.3));
#6085 = DIRECTION('',(1.,-0.,1.110223024625E-16));
#6086 = DIRECTION('',(1.110223024625E-16,0.,-1.));
#6087 = PCURVE('',#2370,#6088);
#6088 = DEFINITIONAL_REPRESENTATION('',(#6089),#6093);
#6089 = LINE('',#6090,#6091);
#6090 = CARTESIAN_POINT('',(0.,-0.));
#6091 = VECTOR('',#6092,1.);
#6092 = DIRECTION('',(1.,-0.));
#6093 = ( GEOMETRIC_REPRESENTATION_CONTEXT(2) 
PARAMETRIC_REPRESENTATION_CONTEXT() REPRESENTATION_CONTEXT('2D SPACE',''
  ) );
#6094 = PCURVE('',#5874,#6095);
#6095 = DEFINITIONAL_REPRESENTATION('',(#6096),#6100);
#6096 = LINE('',#6097,#6098);
#6097 = CARTESIAN_POINT('',(-0.,-0.6));
#6098 = VECTOR('',#6099,1.);
#6099 = DIRECTION('',(-1.,0.));
#6100 = ( GEOMETRIC_REPRESENTATION_CONTEXT(2) 
PARAMETRIC_REPRESENTATION_CONTEXT() REPRESENTATION_CONTEXT('2D SPACE',''
  ) );
#6101 = ORIENTED_EDGE('',*,*,#5886,.F.);
#6102 = ORIENTED_EDGE('',*,*,#2353,.F.);
#6103 = ADVANCED_FACE('',(#6104),#764,.T.);
#6104 = FACE_BOUND('',#6105,.F.);
#6105 = EDGE_LOOP('',(#6106,#6107,#6131,#6156));
#6106 = ORIENTED_EDGE('',*,*,#5916,.F.);
#6107 = ORIENTED_EDGE('',*,*,#6108,.T.);
#6108 = EDGE_CURVE('',#5917,#6109,#6111,.T.);
#6109 = VERTEX_POINT('',#6110);
#6110 = CARTESIAN_POINT('',(-32.9,12.696488735544,30.257762731394));
#6111 = SURFACE_CURVE('',#6112,(#6117,#6124),.PCURVE_S1.);
#6112 = CIRCLE('',#6113,12.);
#6113 = AXIS2_PLACEMENT_3D('',#6114,#6115,#6116);
#6114 = CARTESIAN_POINT('',(-32.9,6.,20.3));
#6115 = DIRECTION('',(1.,-0.,1.110223024625E-16));
#6116 = DIRECTION('',(1.110223024625E-16,0.,-1.));
#6117 = PCURVE('',#764,#6118);
#6118 = DEFINITIONAL_REPRESENTATION('',(#6119),#6123);
#6119 = LINE('',#6120,#6121);
#6120 = CARTESIAN_POINT('',(0.,-0.));
#6121 = VECTOR('',#6122,1.);
#6122 = DIRECTION('',(1.,-0.));
#6123 = ( GEOMETRIC_REPRESENTATION_CONTEXT(2) 
PARAMETRIC_REPRESENTATION_CONTEXT() REPRESENTATION_CONTEXT('2D SPACE',''
  ) );
#6124 = PCURVE('',#5959,#6125);
#6125 = DEFINITIONAL_REPRESENTATION('',(#6126),#6130);
#6126 = LINE('',#6127,#6128);
#6127 = CARTESIAN_POINT('',(-0.,-0.6));
#6128 = VECTOR('',#6129,1.);
#6129 = DIRECTION('',(-1.,0.));
#6130 = ( GEOMETRIC_REPRESENTATION_CONTEXT(2) 
PARAMETRIC_REPRESENTATION_CONTEXT() REPRESENTATION_CONTEXT('2D SPACE',''
  ) );
#6131 = ORIENTED_EDGE('',*,*,#6132,.F.);
#6132 = EDGE_CURVE('',#748,#6109,#6133,.T.);
#6133 = SURFACE_CURVE('',#6134,(#6139,#6149),.PCURVE_S1.);
#6134 = HYPERBOLA('',#6135,7.885281374239,7.885281374239);
#6135 = AXIS2_PLACEMENT_3D('',#6136,#6137,#6138);
#6136 = CARTESIAN_POINT('',(-44.9,3.959139004355,27.916596926933));
#6137 = DIRECTION('',(-1.072393092426E-16,-0.258819045103,0.965925826289
    ));
#6138 = DIRECTION('',(1.,0.,1.110223024625E-16));
#6139 = PCURVE('',#764,#6140);
#6140 = DEFINITIONAL_REPRESENTATION('',(#6141),#6148);
#6141 = B_SPLINE_CURVE_WITH_KNOTS('',5,(#6142,#6143,#6144,#6145,#6146,
    #6147),.UNSPECIFIED.,.F.,.F.,(6,6),(0.912214069878,0.981692184838),
  .PIECEWISE_BEZIER_KNOTS.);
#6142 = CARTESIAN_POINT('',(2.596424110073,-0.6));
#6143 = CARTESIAN_POINT('',(2.586812627866,-0.485597294852));
#6144 = CARTESIAN_POINT('',(2.577321713595,-0.368443080922));
#6145 = CARTESIAN_POINT('',(2.567951200506,-0.248491337474));
#6146 = CARTESIAN_POINT('',(2.558700740446,-0.125693831255));
#6147 = CARTESIAN_POINT('',(2.549569832349,-1.054711873394E-15));
#6148 = ( GEOMETRIC_REPRESENTATION_CONTEXT(2) 
PARAMETRIC_REPRESENTATION_CONTEXT() REPRESENTATION_CONTEXT('2D SPACE',''
  ) );
#6149 = PCURVE('',#792,#6150);
#6150 = DEFINITIONAL_REPRESENTATION('',(#6151),#6155);
#6151 = HYPERBOLA('',#6152,7.885281374239,7.885281374239);
#6152 = AXIS2_PLACEMENT_2D('',#6153,#6154);
#6153 = CARTESIAN_POINT('',(-7.885281374239,10.4));
#6154 = DIRECTION('',(0.,-1.));
#6155 = ( GEOMETRIC_REPRESENTATION_CONTEXT(2) 
PARAMETRIC_REPRESENTATION_CONTEXT() REPRESENTATION_CONTEXT('2D SPACE',''
  ) );
#6156 = ORIENTED_EDGE('',*,*,#747,.F.);
#6157 = ADVANCED_FACE('',(#6158),#2341,.T.);
#6158 = FACE_BOUND('',#6159,.T.);
#6159 = EDGE_LOOP('',(#6160,#6181,#6182,#6183,#6206,#6284));
#6160 = ORIENTED_EDGE('',*,*,#6161,.F.);
#6161 = EDGE_CURVE('',#2298,#4092,#6162,.T.);
#6162 = SURFACE_CURVE('',#6163,(#6167,#6174),.PCURVE_S1.);
#6163 = LINE('',#6164,#6165);
#6164 = CARTESIAN_POINT('',(-34.5,16.771494673198,17.41378670104));
#6165 = VECTOR('',#6166,1.);
#6166 = DIRECTION('',(1.,0.,1.110223024625E-16));
#6167 = PCURVE('',#2341,#6168);
#6168 = DEFINITIONAL_REPRESENTATION('',(#6169),#6173);
#6169 = LINE('',#6170,#6171);
#6170 = CARTESIAN_POINT('',(1.2,6.661338147751E-17));
#6171 = VECTOR('',#6172,1.);
#6172 = DIRECTION('',(0.,-1.));
#6173 = ( GEOMETRIC_REPRESENTATION_CONTEXT(2) 
PARAMETRIC_REPRESENTATION_CONTEXT() REPRESENTATION_CONTEXT('2D SPACE',''
  ) );
#6174 = PCURVE('',#2313,#6175);
#6175 = DEFINITIONAL_REPRESENTATION('',(#6176),#6180);
#6176 = LINE('',#6177,#6178);
#6177 = CARTESIAN_POINT('',(0.,0.));
#6178 = VECTOR('',#6179,1.);
#6179 = DIRECTION('',(0.,-1.));
#6180 = ( GEOMETRIC_REPRESENTATION_CONTEXT(2) 
PARAMETRIC_REPRESENTATION_CONTEXT() REPRESENTATION_CONTEXT('2D SPACE',''
  ) );
#6181 = ORIENTED_EDGE('',*,*,#2325,.T.);
#6182 = ORIENTED_EDGE('',*,*,#6053,.F.);
#6183 = ORIENTED_EDGE('',*,*,#6184,.F.);
#6184 = EDGE_CURVE('',#6185,#6054,#6187,.T.);
#6185 = VERTEX_POINT('',#6186);
#6186 = CARTESIAN_POINT('',(-26.3,17.776334147858,17.993931042227));
#6187 = SURFACE_CURVE('',#6188,(#6192,#6199),.PCURVE_S1.);
#6188 = LINE('',#6189,#6190);
#6189 = CARTESIAN_POINT('',(-33.5,17.776334147858,17.993931042227));
#6190 = VECTOR('',#6191,1.);
#6191 = DIRECTION('',(-1.,-0.,-1.110223024625E-16));
#6192 = PCURVE('',#2341,#6193);
#6193 = DEFINITIONAL_REPRESENTATION('',(#6194),#6198);
#6194 = LINE('',#6195,#6196);
#6195 = CARTESIAN_POINT('',(3.971131762598E-02,-1.));
#6196 = VECTOR('',#6197,1.);
#6197 = DIRECTION('',(0.,1.));
#6198 = ( GEOMETRIC_REPRESENTATION_CONTEXT(2) 
PARAMETRIC_REPRESENTATION_CONTEXT() REPRESENTATION_CONTEXT('2D SPACE',''
  ) );
#6199 = PCURVE('',#5874,#6200);
#6200 = DEFINITIONAL_REPRESENTATION('',(#6201),#6205);
#6201 = LINE('',#6202,#6203);
#6202 = CARTESIAN_POINT('',(-1.377420984638,0.));
#6203 = VECTOR('',#6204,1.);
#6204 = DIRECTION('',(-0.,1.));
#6205 = ( GEOMETRIC_REPRESENTATION_CONTEXT(2) 
PARAMETRIC_REPRESENTATION_CONTEXT() REPRESENTATION_CONTEXT('2D SPACE',''
  ) );
#6206 = ORIENTED_EDGE('',*,*,#6207,.T.);
#6207 = EDGE_CURVE('',#6185,#4115,#6208,.T.);
#6208 = SURFACE_CURVE('',#6209,(#6232,#6258),.PCURVE_S1.);
#6209 = B_SPLINE_CURVE_WITH_KNOTS('',6,(#6210,#6211,#6212,#6213,#6214,
    #6215,#6216,#6217,#6218,#6219,#6220,#6221,#6222,#6223,#6224,#6225,
    #6226,#6227,#6228,#6229,#6230,#6231),.UNSPECIFIED.,.F.,.F.,(7,5,5,5,
    7),(0.,0.303886728012,0.475760167281,0.732155496901,1.),
  .UNSPECIFIED.);
#6210 = CARTESIAN_POINT('',(-26.3,17.776334147858,17.993931042227));
#6211 = CARTESIAN_POINT('',(-26.23117225271,17.776334147858,
    17.993931042227));
#6212 = CARTESIAN_POINT('',(-26.16232012151,17.768170208,17.989217589353
    ));
#6213 = CARTESIAN_POINT('',(-26.09470230168,17.751832237511,
    17.979784857693));
#6214 = CARTESIAN_POINT('',(-26.02944852344,17.727730314342,
    17.965869605864));
#6215 = CARTESIAN_POINT('',(-25.96748114705,17.69651774794,
    17.947849022249));
#6216 = CARTESIAN_POINT('',(-25.87671410467,17.637812017232,
    17.913955252822));
#6217 = CARTESIAN_POINT('',(-25.84519031381,17.614586987756,
    17.900546275802));
#6218 = CARTESIAN_POINT('',(-25.81505209884,17.589485813548,
    17.886054106116));
#6219 = CARTESIAN_POINT('',(-25.78639077033,17.562656927015,
    17.870564441254));
#6220 = CARTESIAN_POINT('',(-25.75927438434,17.534249793147,
    17.854163574869));
#6221 = CARTESIAN_POINT('',(-25.69567847145,17.459891765877,
    17.811232947808));
#6222 = CARTESIAN_POINT('',(-25.66115442197,17.412185693863,
    17.783689834289));
#6223 = CARTESIAN_POINT('',(-25.63033615533,17.361764308305,
    17.754579033764));
#6224 = CARTESIAN_POINT('',(-25.60329647099,17.3090775889,
    17.724160342133));
#6225 = CARTESIAN_POINT('',(-25.58005229441,17.25453831937,
    17.692672080188));
#6226 = CARTESIAN_POINT('',(-25.54026338561,17.139977958626,
    17.626530625074));
#6227 = CARTESIAN_POINT('',(-25.52406601955,17.079826642858,
    17.591802246724));
#6228 = CARTESIAN_POINT('',(-25.51198505447,17.018468264399,
    17.556376970403));
#6229 = CARTESIAN_POINT('',(-25.50397991889,16.956281743089,
    17.520473565585));
#6230 = CARTESIAN_POINT('',(-25.5,16.893617152812,17.484294147519));
#6231 = CARTESIAN_POINT('',(-25.5,16.830801053778,17.448027255833));
#6232 = PCURVE('',#2341,#6233);
#6233 = DEFINITIONAL_REPRESENTATION('',(#6234),#6257);
#6234 = B_SPLINE_CURVE_WITH_KNOTS('',6,(#6235,#6236,#6237,#6238,#6239,
    #6240,#6241,#6242,#6243,#6244,#6245,#6246,#6247,#6248,#6249,#6250,
    #6251,#6252,#6253,#6254,#6255,#6256),.UNSPECIFIED.,.F.,.F.,(7,5,5,5,
    7),(0.,0.303886728012,0.475760167281,0.732155496901,1.),
  .UNSPECIFIED.);
#6235 = CARTESIAN_POINT('',(3.971131762599E-02,-8.2));
#6236 = CARTESIAN_POINT('',(3.971131762599E-02,-8.268827747282));
#6237 = CARTESIAN_POINT('',(4.913822337539E-02,-8.337679878489));
#6238 = CARTESIAN_POINT('',(6.800368669471E-02,-8.405297698318));
#6239 = CARTESIAN_POINT('',(9.583419035381E-02,-8.470551476558));
#6240 = CARTESIAN_POINT('',(0.131875357582,-8.532518852941));
#6241 = CARTESIAN_POINT('',(0.199662896437,-8.62328589533));
#6242 = CARTESIAN_POINT('',(0.226480850477,-8.654809686184));
#6243 = CARTESIAN_POINT('',(0.255465189848,-8.684947901155));
#6244 = CARTESIAN_POINT('',(0.286444519572,-8.713609229661));
#6245 = CARTESIAN_POINT('',(0.319246252344,-8.740725615652));
#6246 = CARTESIAN_POINT('',(0.405107506465,-8.804321528541));
#6247 = CARTESIAN_POINT('',(0.460193733504,-8.838845578026));
#6248 = CARTESIAN_POINT('',(0.518415334553,-8.869663844667));
#6249 = CARTESIAN_POINT('',(0.579252717816,-8.896703529003));
#6250 = CARTESIAN_POINT('',(0.642229241704,-8.919947705584));
#6251 = CARTESIAN_POINT('',(0.774512151932,-8.959736614385));
#6252 = CARTESIAN_POINT('',(0.843968908634,-8.975933980448));
#6253 = CARTESIAN_POINT('',(0.914819461275,-8.988014945529));
#6254 = CARTESIAN_POINT('',(0.986626270912,-8.996020081104));
#6255 = CARTESIAN_POINT('',(1.058985107042,-9.));
#6256 = CARTESIAN_POINT('',(1.131518890415,-9.));
#6257 = ( GEOMETRIC_REPRESENTATION_CONTEXT(2) 
PARAMETRIC_REPRESENTATION_CONTEXT() REPRESENTATION_CONTEXT('2D SPACE',''
  ) );
#6258 = PCURVE('',#4154,#6259);
#6259 = DEFINITIONAL_REPRESENTATION('',(#6260),#6283);
#6260 = B_SPLINE_CURVE_WITH_KNOTS('',6,(#6261,#6262,#6263,#6264,#6265,
    #6266,#6267,#6268,#6269,#6270,#6271,#6272,#6273,#6274,#6275,#6276,
    #6277,#6278,#6279,#6280,#6281,#6282),.UNSPECIFIED.,.F.,.F.,(7,5,5,5,
    7),(0.,0.303886728012,0.475760167281,0.732155496901,1.),
  .UNSPECIFIED.);
#6261 = CARTESIAN_POINT('',(1.377420984638,0.));
#6262 = CARTESIAN_POINT('',(1.377420984638,8.603468410238E-02));
#6263 = CARTESIAN_POINT('',(1.376904771782,0.172099615984));
#6264 = CARTESIAN_POINT('',(1.375871749267,0.257769349854));
#6265 = CARTESIAN_POINT('',(1.374343112882,0.342776102792));
#6266 = CARTESIAN_POINT('',(1.372351397849,0.426898953194));
#6267 = CARTESIAN_POINT('',(1.368575650246,0.556896425438));
#6268 = CARTESIAN_POINT('',(1.367076852871,0.603525236452));
#6269 = CARTESIAN_POINT('',(1.365450513071,0.649796983361));
#6270 = CARTESIAN_POINT('',(1.363704275459,0.695699764045));
#6271 = CARTESIAN_POINT('',(1.361845894075,0.741230572045));
#6272 = CARTESIAN_POINT('',(1.356954625246,0.853765356418));
#6273 = CARTESIAN_POINT('',(1.353793742975,0.92031417849));
#6274 = CARTESIAN_POINT('',(1.350425054651,0.986064060192));
#6275 = CARTESIAN_POINT('',(1.346872604172,1.051061490361));
#6276 = CARTESIAN_POINT('',(1.343159083781,1.115374411059));
#6277 = CARTESIAN_POINT('',(1.335279258096,1.245654003661));
#6278 = CARTESIAN_POINT('',(1.33110053012,1.311560066218));
#6279 = CARTESIAN_POINT('',(1.326792580578,1.376915395778));
#6280 = CARTESIAN_POINT('',(1.322378242454,1.441826199519));
#6281 = CARTESIAN_POINT('',(1.31788002014,1.506408326237));
#6282 = CARTESIAN_POINT('',(1.31332047541,1.570796326795));
#6283 = ( GEOMETRIC_REPRESENTATION_CONTEXT(2) 
PARAMETRIC_REPRESENTATION_CONTEXT() REPRESENTATION_CONTEXT('2D SPACE',''
  ) );
#6284 = ORIENTED_EDGE('',*,*,#4114,.F.);
#6285 = ADVANCED_FACE('',(#6286),#792,.T.);
#6286 = FACE_BOUND('',#6287,.T.);
#6287 = EDGE_LOOP('',(#6288,#6289,#6310,#6311,#6391,#6412));
#6288 = ORIENTED_EDGE('',*,*,#776,.T.);
#6289 = ORIENTED_EDGE('',*,*,#6290,.T.);
#6290 = EDGE_CURVE('',#777,#2741,#6291,.T.);
#6291 = SURFACE_CURVE('',#6292,(#6296,#6303),.PCURVE_S1.);
#6292 = LINE('',#6293,#6294);
#6293 = CARTESIAN_POINT('',(-34.5,11.575735931288,29.957457922578));
#6294 = VECTOR('',#6295,1.);
#6295 = DIRECTION('',(1.,0.,1.110223024625E-16));
#6296 = PCURVE('',#792,#6297);
#6297 = DEFINITIONAL_REPRESENTATION('',(#6298),#6302);
#6298 = LINE('',#6299,#6300);
#6299 = CARTESIAN_POINT('',(0.,0.));
#6300 = VECTOR('',#6301,1.);
#6301 = DIRECTION('',(0.,-1.));
#6302 = ( GEOMETRIC_REPRESENTATION_CONTEXT(2) 
PARAMETRIC_REPRESENTATION_CONTEXT() REPRESENTATION_CONTEXT('2D SPACE',''
  ) );
#6303 = PCURVE('',#820,#6304);
#6304 = DEFINITIONAL_REPRESENTATION('',(#6305),#6309);
#6305 = LINE('',#6306,#6307);
#6306 = CARTESIAN_POINT('',(1.2,1.286871710911E-16));
#6307 = VECTOR('',#6308,1.);
#6308 = DIRECTION('',(0.,-1.));
#6309 = ( GEOMETRIC_REPRESENTATION_CONTEXT(2) 
PARAMETRIC_REPRESENTATION_CONTEXT() REPRESENTATION_CONTEXT('2D SPACE',''
  ) );
#6310 = ORIENTED_EDGE('',*,*,#2740,.F.);
#6311 = ORIENTED_EDGE('',*,*,#6312,.F.);
#6312 = EDGE_CURVE('',#6313,#2712,#6315,.T.);
#6313 = VERTEX_POINT('',#6314);
#6314 = CARTESIAN_POINT('',(-26.3,12.696488735544,30.257762731394));
#6315 = SURFACE_CURVE('',#6316,(#6339,#6365),.PCURVE_S1.);
#6316 = B_SPLINE_CURVE_WITH_KNOTS('',6,(#6317,#6318,#6319,#6320,#6321,
    #6322,#6323,#6324,#6325,#6326,#6327,#6328,#6329,#6330,#6331,#6332,
    #6333,#6334,#6335,#6336,#6337,#6338),.UNSPECIFIED.,.F.,.F.,(7,5,5,5,
    7),(0.,0.303886728013,0.475760167282,0.732155496902,1.),
  .UNSPECIFIED.);
#6317 = CARTESIAN_POINT('',(-26.3,12.696488735544,30.257762731394));
#6318 = CARTESIAN_POINT('',(-26.23117225271,12.696488735544,
    30.257762731394));
#6319 = CARTESIAN_POINT('',(-26.16232012151,12.687383043819,
    30.255322868649));
#6320 = CARTESIAN_POINT('',(-26.09470230168,12.669160405573,
    30.250440127448));
#6321 = CARTESIAN_POINT('',(-26.02944852344,12.64227820333,
    30.243237063066));
#6322 = CARTESIAN_POINT('',(-25.96748114705,12.607465109095,
    30.233908922579));
#6323 = CARTESIAN_POINT('',(-25.87671410466,12.541987374614,
    30.216364216503));
#6324 = CARTESIAN_POINT('',(-25.84519031381,12.516083220198,
    30.209423219247));
#6325 = CARTESIAN_POINT('',(-25.81505209884,12.488086498242,
    30.201921520208));
#6326 = CARTESIAN_POINT('',(-25.78639077033,12.45816276358,
    30.19390347967));
#6327 = CARTESIAN_POINT('',(-25.75927438434,12.426478722749,
    30.185413766517));
#6328 = CARTESIAN_POINT('',(-25.69567847145,12.343543119915,
    30.163191238714));
#6329 = CARTESIAN_POINT('',(-25.66115442197,12.290333910546,
    30.148933874033));
#6330 = CARTESIAN_POINT('',(-25.63033615533,12.234096162444,
    30.133865014845));
#6331 = CARTESIAN_POINT('',(-25.60329647099,12.175331762747,
    30.118119141403));
#6332 = CARTESIAN_POINT('',(-25.58005229441,12.114501111873,
    30.101819617626));
#6333 = CARTESIAN_POINT('',(-25.54026338561,11.986725632507,
    30.067582281117));
#6334 = CARTESIAN_POINT('',(-25.52406601955,11.919635557399,
    30.049605549672));
#6335 = CARTESIAN_POINT('',(-25.51198505447,11.851199178796,
    30.031268077293));
#6336 = CARTESIAN_POINT('',(-25.50397991889,11.781839126865,
    30.012683107391));
#6337 = CARTESIAN_POINT('',(-25.5,11.711945858287,29.993955262519));
#6338 = CARTESIAN_POINT('',(-25.5,11.64188360365,29.975182137969));
#6339 = PCURVE('',#792,#6340);
#6340 = DEFINITIONAL_REPRESENTATION('',(#6341),#6364);
#6341 = B_SPLINE_CURVE_WITH_KNOTS('',6,(#6342,#6343,#6344,#6345,#6346,
    #6347,#6348,#6349,#6350,#6351,#6352,#6353,#6354,#6355,#6356,#6357,
    #6358,#6359,#6360,#6361,#6362,#6363),.UNSPECIFIED.,.F.,.F.,(7,5,5,5,
    7),(0.,0.303886728013,0.475760167282,0.732155496902,1.),
  .UNSPECIFIED.);
#6342 = CARTESIAN_POINT('',(1.160288682374,-8.2));
#6343 = CARTESIAN_POINT('',(1.160288682374,-8.268827747282));
#6344 = CARTESIAN_POINT('',(1.150861776625,-8.337679878489));
#6345 = CARTESIAN_POINT('',(1.131996313305,-8.405297698319));
#6346 = CARTESIAN_POINT('',(1.104165809646,-8.470551476559));
#6347 = CARTESIAN_POINT('',(1.068124642417,-8.532518852942));
#6348 = CARTESIAN_POINT('',(1.000337103562,-8.623285895332));
#6349 = CARTESIAN_POINT('',(0.973519149522,-8.654809686185));
#6350 = CARTESIAN_POINT('',(0.944534810151,-8.684947901157));
#6351 = CARTESIAN_POINT('',(0.913555480427,-8.713609229662));
#6352 = CARTESIAN_POINT('',(0.880753747655,-8.740725615654));
#6353 = CARTESIAN_POINT('',(0.794892493534,-8.804321528542));
#6354 = CARTESIAN_POINT('',(0.739806266495,-8.838845578027));
#6355 = CARTESIAN_POINT('',(0.681584665445,-8.869663844668));
#6356 = CARTESIAN_POINT('',(0.620747282182,-8.896703529004));
#6357 = CARTESIAN_POINT('',(0.557770758294,-8.919947705585));
#6358 = CARTESIAN_POINT('',(0.425487848066,-8.959736614386));
#6359 = CARTESIAN_POINT('',(0.356031091365,-8.975933980448));
#6360 = CARTESIAN_POINT('',(0.285180538724,-8.988014945529));
#6361 = CARTESIAN_POINT('',(0.213373729088,-8.996020081104));
#6362 = CARTESIAN_POINT('',(0.141014892957,-9.));
#6363 = CARTESIAN_POINT('',(6.848110958544E-02,-9.));
#6364 = ( GEOMETRIC_REPRESENTATION_CONTEXT(2) 
PARAMETRIC_REPRESENTATION_CONTEXT() REPRESENTATION_CONTEXT('2D SPACE',''
  ) );
#6365 = PCURVE('',#2728,#6366);
#6366 = DEFINITIONAL_REPRESENTATION('',(#6367),#6390);
#6367 = B_SPLINE_CURVE_WITH_KNOTS('',6,(#6368,#6369,#6370,#6371,#6372,
    #6373,#6374,#6375,#6376,#6377,#6378,#6379,#6380,#6381,#6382,#6383,
    #6384,#6385,#6386,#6387,#6388,#6389),.UNSPECIFIED.,.F.,.F.,(7,5,5,5,
    7),(0.,0.303886728013,0.475760167282,0.732155496902,1.),
  .UNSPECIFIED.);
#6368 = CARTESIAN_POINT('',(2.549569832349,0.));
#6369 = CARTESIAN_POINT('',(2.549569832349,8.603468410274E-02));
#6370 = CARTESIAN_POINT('',(2.550086045205,0.172099615985));
#6371 = CARTESIAN_POINT('',(2.55111906772,0.257769349856));
#6372 = CARTESIAN_POINT('',(2.552647704106,0.342776102794));
#6373 = CARTESIAN_POINT('',(2.554639419138,0.426898953196));
#6374 = CARTESIAN_POINT('',(2.558415166741,0.55689642544));
#6375 = CARTESIAN_POINT('',(2.559913964117,0.603525236454));
#6376 = CARTESIAN_POINT('',(2.561540303916,0.649796983363));
#6377 = CARTESIAN_POINT('',(2.563286541528,0.695699764047));
#6378 = CARTESIAN_POINT('',(2.565144922913,0.741230572047));
#6379 = CARTESIAN_POINT('',(2.570036191742,0.85376535642));
#6380 = CARTESIAN_POINT('',(2.573197074012,0.920314178492));
#6381 = CARTESIAN_POINT('',(2.576565762337,0.986064060194));
#6382 = CARTESIAN_POINT('',(2.580118212816,1.051061490363));
#6383 = CARTESIAN_POINT('',(2.583831733206,1.115374411061));
#6384 = CARTESIAN_POINT('',(2.591711558891,1.245654003662));
#6385 = CARTESIAN_POINT('',(2.595890286867,1.311560066219));
#6386 = CARTESIAN_POINT('',(2.60019823641,1.376915395779));
#6387 = CARTESIAN_POINT('',(2.604612574533,1.44182619952));
#6388 = CARTESIAN_POINT('',(2.609110796847,1.506408326237));
#6389 = CARTESIAN_POINT('',(2.613670341578,1.570796326795));
#6390 = ( GEOMETRIC_REPRESENTATION_CONTEXT(2) 
PARAMETRIC_REPRESENTATION_CONTEXT() REPRESENTATION_CONTEXT('2D SPACE',''
  ) );
#6391 = ORIENTED_EDGE('',*,*,#6392,.T.);
#6392 = EDGE_CURVE('',#6313,#6109,#6393,.T.);
#6393 = SURFACE_CURVE('',#6394,(#6398,#6405),.PCURVE_S1.);
#6394 = LINE('',#6395,#6396);
#6395 = CARTESIAN_POINT('',(-33.5,12.696488735544,30.257762731394));
#6396 = VECTOR('',#6397,1.);
#6397 = DIRECTION('',(-1.,-0.,-1.110223024625E-16));
#6398 = PCURVE('',#792,#6399);
#6399 = DEFINITIONAL_REPRESENTATION('',(#6400),#6404);
#6400 = LINE('',#6401,#6402);
#6401 = CARTESIAN_POINT('',(1.160288682374,-1.));
#6402 = VECTOR('',#6403,1.);
#6403 = DIRECTION('',(0.,1.));
#6404 = ( GEOMETRIC_REPRESENTATION_CONTEXT(2) 
PARAMETRIC_REPRESENTATION_CONTEXT() REPRESENTATION_CONTEXT('2D SPACE',''
  ) );
#6405 = PCURVE('',#5959,#6406);
#6406 = DEFINITIONAL_REPRESENTATION('',(#6407),#6411);
#6407 = LINE('',#6408,#6409);
#6408 = CARTESIAN_POINT('',(-2.549569832349,0.));
#6409 = VECTOR('',#6410,1.);
#6410 = DIRECTION('',(-0.,1.));
#6411 = ( GEOMETRIC_REPRESENTATION_CONTEXT(2) 
PARAMETRIC_REPRESENTATION_CONTEXT() REPRESENTATION_CONTEXT('2D SPACE',''
  ) );
#6412 = ORIENTED_EDGE('',*,*,#6132,.F.);
#6413 = ADVANCED_FACE('',(#6414),#2313,.T.);
#6414 = FACE_BOUND('',#6415,.T.);
#6415 = EDGE_LOOP('',(#6416,#6417,#6418,#6419,#6499,#6527));
#6416 = ORIENTED_EDGE('',*,*,#2297,.T.);
#6417 = ORIENTED_EDGE('',*,*,#6161,.T.);
#6418 = ORIENTED_EDGE('',*,*,#4091,.F.);
#6419 = ORIENTED_EDGE('',*,*,#6420,.F.);
#6420 = EDGE_CURVE('',#6421,#4063,#6423,.T.);
#6421 = VERTEX_POINT('',#6422);
#6422 = CARTESIAN_POINT('',(-26.3,17.351639014385,16.408947226381));
#6423 = SURFACE_CURVE('',#6424,(#6447,#6473),.PCURVE_S1.);
#6424 = B_SPLINE_CURVE_WITH_KNOTS('',6,(#6425,#6426,#6427,#6428,#6429,
    #6430,#6431,#6432,#6433,#6434,#6435,#6436,#6437,#6438,#6439,#6440,
    #6441,#6442,#6443,#6444,#6445,#6446),.UNSPECIFIED.,.F.,.F.,(7,5,5,5,
    7),(0.,0.30388672801,0.475760167279,0.732155496898,1.),
  .UNSPECIFIED.);
#6425 = CARTESIAN_POINT('',(-26.3,17.351639014385,16.408947226381));
#6426 = CARTESIAN_POINT('',(-26.23117225271,17.351639014385,
    16.408947226381));
#6427 = CARTESIAN_POINT('',(-26.16232012151,17.346925561511,
    16.417111166239));
#6428 = CARTESIAN_POINT('',(-26.09470230168,17.337492829851,
    16.433449136727));
#6429 = CARTESIAN_POINT('',(-26.02944852344,17.323577578022,
    16.457551059896));
#6430 = CARTESIAN_POINT('',(-25.96748114706,17.305556994408,
    16.488763626297));
#6431 = CARTESIAN_POINT('',(-25.87671410467,17.271663224981,
    16.547469357005));
#6432 = CARTESIAN_POINT('',(-25.84519031381,17.258254247961,
    16.570694386481));
#6433 = CARTESIAN_POINT('',(-25.81505209884,17.243762078275,
    16.595795560688));
#6434 = CARTESIAN_POINT('',(-25.78639077034,17.228272413414,
    16.622624447221));
#6435 = CARTESIAN_POINT('',(-25.75927438435,17.211871547028,
    16.651031581089));
#6436 = CARTESIAN_POINT('',(-25.69567847146,17.168940919967,
    16.725389608359));
#6437 = CARTESIAN_POINT('',(-25.66115442197,17.141397806448,
    16.773095680373));
#6438 = CARTESIAN_POINT('',(-25.63033615533,17.112287005923,
    16.823517065931));
#6439 = CARTESIAN_POINT('',(-25.60329647099,17.081868314292,
    16.876203785335));
#6440 = CARTESIAN_POINT('',(-25.58005229441,17.050380052348,
    16.930743054865));
#6441 = CARTESIAN_POINT('',(-25.54026338561,16.984238597234,
    17.045303415609));
#6442 = CARTESIAN_POINT('',(-25.52406601955,16.949510218883,
    17.105454731378));
#6443 = CARTESIAN_POINT('',(-25.51198505447,16.914084942562,
    17.166813109838));
#6444 = CARTESIAN_POINT('',(-25.50397991889,16.878181537743,
    17.228999631148));
#6445 = CARTESIAN_POINT('',(-25.5,16.842002119677,17.291664221426));
#6446 = CARTESIAN_POINT('',(-25.5,16.805735227991,17.35448032046));
#6447 = PCURVE('',#2313,#6448);
#6448 = DEFINITIONAL_REPRESENTATION('',(#6449),#6472);
#6449 = B_SPLINE_CURVE_WITH_KNOTS('',6,(#6450,#6451,#6452,#6453,#6454,
    #6455,#6456,#6457,#6458,#6459,#6460,#6461,#6462,#6463,#6464,#6465,
    #6466,#6467,#6468,#6469,#6470,#6471),.UNSPECIFIED.,.F.,.F.,(7,5,5,5,
    7),(0.,0.30388672801,0.475760167279,0.732155496898,1.),
  .UNSPECIFIED.);
#6450 = CARTESIAN_POINT('',(1.160288682374,-8.2));
#6451 = CARTESIAN_POINT('',(1.160288682374,-8.268827747281));
#6452 = CARTESIAN_POINT('',(1.150861776625,-8.337679878488));
#6453 = CARTESIAN_POINT('',(1.131996313306,-8.405297698317));
#6454 = CARTESIAN_POINT('',(1.104165809647,-8.470551476556));
#6455 = CARTESIAN_POINT('',(1.06812464242,-8.532518852938));
#6456 = CARTESIAN_POINT('',(1.000337103565,-8.623285895328));
#6457 = CARTESIAN_POINT('',(0.973519149525,-8.654809686181));
#6458 = CARTESIAN_POINT('',(0.944534810154,-8.684947901153));
#6459 = CARTESIAN_POINT('',(0.913555480431,-8.713609229658));
#6460 = CARTESIAN_POINT('',(0.880753747659,-8.74072561565));
#6461 = CARTESIAN_POINT('',(0.794892493538,-8.804321528539));
#6462 = CARTESIAN_POINT('',(0.7398062665,-8.838845578025));
#6463 = CARTESIAN_POINT('',(0.68158466545,-8.869663844665));
#6464 = CARTESIAN_POINT('',(0.620747282188,-8.896703529001));
#6465 = CARTESIAN_POINT('',(0.5577707583,-8.919947705583));
#6466 = CARTESIAN_POINT('',(0.425487848071,-8.959736614384));
#6467 = CARTESIAN_POINT('',(0.356031091369,-8.975933980447));
#6468 = CARTESIAN_POINT('',(0.285180538727,-8.988014945529));
#6469 = CARTESIAN_POINT('',(0.21337372909,-8.996020081104));
#6470 = CARTESIAN_POINT('',(0.141014892959,-9.));
#6471 = CARTESIAN_POINT('',(6.848110958544E-02,-9.));
#6472 = ( GEOMETRIC_REPRESENTATION_CONTEXT(2) 
PARAMETRIC_REPRESENTATION_CONTEXT() REPRESENTATION_CONTEXT('2D SPACE',''
  ) );
#6473 = PCURVE('',#4079,#6474);
#6474 = DEFINITIONAL_REPRESENTATION('',(#6475),#6498);
#6475 = B_SPLINE_CURVE_WITH_KNOTS('',6,(#6476,#6477,#6478,#6479,#6480,
    #6481,#6482,#6483,#6484,#6485,#6486,#6487,#6488,#6489,#6490,#6491,
    #6492,#6493,#6494,#6495,#6496,#6497),.UNSPECIFIED.,.F.,.F.,(7,5,5,5,
    7),(0.,0.30388672801,0.475760167279,0.732155496898,1.),
  .UNSPECIFIED.);
#6476 = CARTESIAN_POINT('',(1.240572893353,0.));
#6477 = CARTESIAN_POINT('',(1.240572893353,8.603468410169E-02));
#6478 = CARTESIAN_POINT('',(1.24108910621,0.172099615983));
#6479 = CARTESIAN_POINT('',(1.242122128724,0.257769349852));
#6480 = CARTESIAN_POINT('',(1.24365076511,0.34277610279));
#6481 = CARTESIAN_POINT('',(1.245642480142,0.426898953191));
#6482 = CARTESIAN_POINT('',(1.249418227745,0.556896425434));
#6483 = CARTESIAN_POINT('',(1.250917025121,0.603525236448));
#6484 = CARTESIAN_POINT('',(1.25254336492,0.649796983357));
#6485 = CARTESIAN_POINT('',(1.254289602532,0.695699764041));
#6486 = CARTESIAN_POINT('',(1.256147983917,0.741230572041));
#6487 = CARTESIAN_POINT('',(1.261039252746,0.853765356414));
#6488 = CARTESIAN_POINT('',(1.264200135016,0.920314178486));
#6489 = CARTESIAN_POINT('',(1.267568823341,0.986064060188));
#6490 = CARTESIAN_POINT('',(1.27112127382,1.051061490357));
#6491 = CARTESIAN_POINT('',(1.27483479421,1.115374411055));
#6492 = CARTESIAN_POINT('',(1.282714619895,1.245654003657));
#6493 = CARTESIAN_POINT('',(1.286893347871,1.311560066216));
#6494 = CARTESIAN_POINT('',(1.291201297414,1.376915395777));
#6495 = CARTESIAN_POINT('',(1.295615635537,1.441826199518));
#6496 = CARTESIAN_POINT('',(1.300113857851,1.506408326236));
#6497 = CARTESIAN_POINT('',(1.304673402582,1.570796326795));
#6498 = ( GEOMETRIC_REPRESENTATION_CONTEXT(2) 
PARAMETRIC_REPRESENTATION_CONTEXT() REPRESENTATION_CONTEXT('2D SPACE',''
  ) );
#6499 = ORIENTED_EDGE('',*,*,#6500,.T.);
#6500 = EDGE_CURVE('',#6421,#6501,#6503,.T.);
#6501 = VERTEX_POINT('',#6502);
#6502 = CARTESIAN_POINT('',(-32.9,17.351639014385,16.408947226381));
#6503 = SURFACE_CURVE('',#6504,(#6508,#6515),.PCURVE_S1.);
#6504 = LINE('',#6505,#6506);
#6505 = CARTESIAN_POINT('',(-33.5,17.351639014385,16.408947226381));
#6506 = VECTOR('',#6507,1.);
#6507 = DIRECTION('',(-1.,-0.,-1.110223024625E-16));
#6508 = PCURVE('',#2313,#6509);
#6509 = DEFINITIONAL_REPRESENTATION('',(#6510),#6514);
#6510 = LINE('',#6511,#6512);
#6511 = CARTESIAN_POINT('',(1.160288682374,-1.));
#6512 = VECTOR('',#6513,1.);
#6513 = DIRECTION('',(0.,1.));
#6514 = ( GEOMETRIC_REPRESENTATION_CONTEXT(2) 
PARAMETRIC_REPRESENTATION_CONTEXT() REPRESENTATION_CONTEXT('2D SPACE',''
  ) );
#6515 = PCURVE('',#6516,#6521);
#6516 = CYLINDRICAL_SURFACE('',#6517,12.);
#6517 = AXIS2_PLACEMENT_3D('',#6518,#6519,#6520);
#6518 = CARTESIAN_POINT('',(-33.5,6.,20.3));
#6519 = DIRECTION('',(-1.,-0.,-1.110223024625E-16));
#6520 = DIRECTION('',(1.110223024625E-16,0.,-1.));
#6521 = DEFINITIONAL_REPRESENTATION('',(#6522),#6526);
#6522 = LINE('',#6523,#6524);
#6523 = CARTESIAN_POINT('',(-1.240572893353,0.));
#6524 = VECTOR('',#6525,1.);
#6525 = DIRECTION('',(-0.,1.));
#6526 = ( GEOMETRIC_REPRESENTATION_CONTEXT(2) 
PARAMETRIC_REPRESENTATION_CONTEXT() REPRESENTATION_CONTEXT('2D SPACE',''
  ) );
#6527 = ORIENTED_EDGE('',*,*,#6528,.F.);
#6528 = EDGE_CURVE('',#2269,#6501,#6529,.T.);
#6529 = SURFACE_CURVE('',#6530,(#6535,#6542),.PCURVE_S1.);
#6530 = HYPERBOLA('',#6531,7.885281374239,7.885281374239);
#6531 = AXIS2_PLACEMENT_3D('',#6532,#6533,#6534);
#6532 = CARTESIAN_POINT('',(-44.9,12.828853986079,24.242640687119));
#6533 = DIRECTION('',(-5.551115123126E-17,0.866025403784,0.5));
#6534 = DIRECTION('',(1.,0.,1.110223024625E-16));
#6535 = PCURVE('',#2313,#6536);
#6536 = DEFINITIONAL_REPRESENTATION('',(#6537),#6541);
#6537 = HYPERBOLA('',#6538,7.885281374239,7.885281374239);
#6538 = AXIS2_PLACEMENT_2D('',#6539,#6540);
#6539 = CARTESIAN_POINT('',(-7.885281374239,10.4));
#6540 = DIRECTION('',(0.,-1.));
#6541 = ( GEOMETRIC_REPRESENTATION_CONTEXT(2) 
PARAMETRIC_REPRESENTATION_CONTEXT() REPRESENTATION_CONTEXT('2D SPACE',''
  ) );
#6542 = PCURVE('',#2285,#6543);
#6543 = DEFINITIONAL_REPRESENTATION('',(#6544),#6551);
#6544 = B_SPLINE_CURVE_WITH_KNOTS('',5,(#6545,#6546,#6547,#6548,#6549,
    #6550),.UNSPECIFIED.,.F.,.F.,(6,6),(0.912214069878,0.981692184838),
  .PIECEWISE_BEZIER_KNOTS.);
#6545 = CARTESIAN_POINT('',(1.287427171077,-0.6));
#6546 = CARTESIAN_POINT('',(1.27781568887,-0.485597294852));
#6547 = CARTESIAN_POINT('',(1.2683247746,-0.368443080922));
#6548 = CARTESIAN_POINT('',(1.25895426151,-0.248491337474));
#6549 = CARTESIAN_POINT('',(1.24970380145,-0.125693831255));
#6550 = CARTESIAN_POINT('',(1.240572893353,-1.054711873394E-15));
#6551 = ( GEOMETRIC_REPRESENTATION_CONTEXT(2) 
PARAMETRIC_REPRESENTATION_CONTEXT() REPRESENTATION_CONTEXT('2D SPACE',''
  ) );
#6552 = ADVANCED_FACE('',(#6553),#820,.T.);
#6553 = FACE_BOUND('',#6554,.T.);
#6554 = EDGE_LOOP('',(#6555,#6556,#6557,#6584,#6612,#6690));
#6555 = ORIENTED_EDGE('',*,*,#6290,.F.);
#6556 = ORIENTED_EDGE('',*,*,#804,.T.);
#6557 = ORIENTED_EDGE('',*,*,#6558,.F.);
#6558 = EDGE_CURVE('',#6559,#805,#6561,.T.);
#6559 = VERTEX_POINT('',#6560);
#6560 = CARTESIAN_POINT('',(-32.9,11.275431122473,31.078210726834));
#6561 = SURFACE_CURVE('',#6562,(#6567,#6574),.PCURVE_S1.);
#6562 = HYPERBOLA('',#6563,7.885281374239,7.885281374239);
#6563 = AXIS2_PLACEMENT_3D('',#6564,#6565,#6566);
#6564 = CARTESIAN_POINT('',(-44.9,13.616596926933,22.340860995645));
#6565 = DIRECTION('',(-2.873468630843E-17,0.965925826289,0.258819045103)
  );
#6566 = DIRECTION('',(1.,0.,1.110223024625E-16));
#6567 = PCURVE('',#820,#6568);
#6568 = DEFINITIONAL_REPRESENTATION('',(#6569),#6573);
#6569 = HYPERBOLA('',#6570,7.885281374239,7.885281374239);
#6570 = AXIS2_PLACEMENT_2D('',#6571,#6572);
#6571 = CARTESIAN_POINT('',(9.085281374239,10.4));
#6572 = DIRECTION('',(0.,-1.));
#6573 = ( GEOMETRIC_REPRESENTATION_CONTEXT(2) 
PARAMETRIC_REPRESENTATION_CONTEXT() REPRESENTATION_CONTEXT('2D SPACE',''
  ) );
#6574 = PCURVE('',#849,#6575);
#6575 = DEFINITIONAL_REPRESENTATION('',(#6576),#6583);
#6576 = B_SPLINE_CURVE_WITH_KNOTS('',5,(#6577,#6578,#6579,#6580,#6581,
    #6582),.UNSPECIFIED.,.F.,.F.,(6,6),(-0.981692184838,-0.912214069878)
  ,.PIECEWISE_BEZIER_KNOTS.);
#6577 = CARTESIAN_POINT('',(2.686417923634,-1.942890293094E-15));
#6578 = CARTESIAN_POINT('',(2.677287015537,-0.125693831255));
#6579 = CARTESIAN_POINT('',(2.668036555477,-0.248491337474));
#6580 = CARTESIAN_POINT('',(2.658666042388,-0.368443080922));
#6581 = CARTESIAN_POINT('',(2.649175128117,-0.485597294852));
#6582 = CARTESIAN_POINT('',(2.63956364591,-0.6));
#6583 = ( GEOMETRIC_REPRESENTATION_CONTEXT(2) 
PARAMETRIC_REPRESENTATION_CONTEXT() REPRESENTATION_CONTEXT('2D SPACE',''
  ) );
#6584 = ORIENTED_EDGE('',*,*,#6585,.F.);
#6585 = EDGE_CURVE('',#6586,#6559,#6588,.T.);
#6586 = VERTEX_POINT('',#6587);
#6587 = CARTESIAN_POINT('',(-26.3,11.275431122473,31.078210726834));
#6588 = SURFACE_CURVE('',#6589,(#6593,#6600),.PCURVE_S1.);
#6589 = LINE('',#6590,#6591);
#6590 = CARTESIAN_POINT('',(-33.5,11.275431122473,31.078210726834));
#6591 = VECTOR('',#6592,1.);
#6592 = DIRECTION('',(-1.,-0.,-1.110223024625E-16));
#6593 = PCURVE('',#820,#6594);
#6594 = DEFINITIONAL_REPRESENTATION('',(#6595),#6599);
#6595 = LINE('',#6596,#6597);
#6596 = CARTESIAN_POINT('',(3.971131762598E-02,-1.));
#6597 = VECTOR('',#6598,1.);
#6598 = DIRECTION('',(0.,1.));
#6599 = ( GEOMETRIC_REPRESENTATION_CONTEXT(2) 
PARAMETRIC_REPRESENTATION_CONTEXT() REPRESENTATION_CONTEXT('2D SPACE',''
  ) );
#6600 = PCURVE('',#6601,#6606);
#6601 = CYLINDRICAL_SURFACE('',#6602,12.);
#6602 = AXIS2_PLACEMENT_3D('',#6603,#6604,#6605);
#6603 = CARTESIAN_POINT('',(-33.5,6.,20.3));
#6604 = DIRECTION('',(-1.,-0.,-1.110223024625E-16));
#6605 = DIRECTION('',(1.110223024625E-16,0.,-1.));
#6606 = DEFINITIONAL_REPRESENTATION('',(#6607),#6611);
#6607 = LINE('',#6608,#6609);
#6608 = CARTESIAN_POINT('',(-2.686417923634,0.));
#6609 = VECTOR('',#6610,1.);
#6610 = DIRECTION('',(-0.,1.));
#6611 = ( GEOMETRIC_REPRESENTATION_CONTEXT(2) 
PARAMETRIC_REPRESENTATION_CONTEXT() REPRESENTATION_CONTEXT('2D SPACE',''
  ) );
#6612 = ORIENTED_EDGE('',*,*,#6613,.T.);
#6613 = EDGE_CURVE('',#6586,#2764,#6614,.T.);
#6614 = SURFACE_CURVE('',#6615,(#6638,#6664),.PCURVE_S1.);
#6615 = B_SPLINE_CURVE_WITH_KNOTS('',6,(#6616,#6617,#6618,#6619,#6620,
    #6621,#6622,#6623,#6624,#6625,#6626,#6627,#6628,#6629,#6630,#6631,
    #6632,#6633,#6634,#6635,#6636,#6637),.UNSPECIFIED.,.F.,.F.,(7,5,5,5,
    7),(0.,0.303886728021,0.47576016729,0.73215549691,1.),
  .UNSPECIFIED.);
#6616 = CARTESIAN_POINT('',(-26.3,11.275431122473,31.078210726834));
#6617 = CARTESIAN_POINT('',(-26.23117225271,11.275431122473,
    31.078210726834));
#6618 = CARTESIAN_POINT('',(-26.1623201215,11.277870985217,
    31.069105035108));
#6619 = CARTESIAN_POINT('',(-26.09470230167,11.282753726419,
    31.050882396862));
#6620 = CARTESIAN_POINT('',(-26.02944852343,11.289956790801,
    31.024000194618));
#6621 = CARTESIAN_POINT('',(-25.96748114705,11.299284931288,
    30.989187100381));
#6622 = CARTESIAN_POINT('',(-25.87671410466,11.316829637365,
    30.923709365897));
#6623 = CARTESIAN_POINT('',(-25.8451903138,11.323770634622,
    30.897805211481));
#6624 = CARTESIAN_POINT('',(-25.81505209883,11.331272333661,
    30.869808489524));
#6625 = CARTESIAN_POINT('',(-25.78639077033,11.339290374198,
    30.839884754862));
#6626 = CARTESIAN_POINT('',(-25.75927438433,11.347780087352,
    30.80820071403));
#6627 = CARTESIAN_POINT('',(-25.69567847145,11.370002615155,
    30.725265111196));
#6628 = CARTESIAN_POINT('',(-25.66115442196,11.384259979836,
    30.672055901826));
#6629 = CARTESIAN_POINT('',(-25.63033615532,11.399328839024,
    30.615818153724));
#6630 = CARTESIAN_POINT('',(-25.60329647099,11.415074712467,
    30.557053754026));
#6631 = CARTESIAN_POINT('',(-25.58005229441,11.431374236243,
    30.496223103152));
#6632 = CARTESIAN_POINT('',(-25.54026338561,11.465611572752,
    30.368447623787));
#6633 = CARTESIAN_POINT('',(-25.52406601955,11.483588304196,
    30.301357548681));
#6634 = CARTESIAN_POINT('',(-25.51198505447,11.501925776575,
    30.23292117008));
#6635 = CARTESIAN_POINT('',(-25.50397991889,11.520510746477,
    30.163561118152));
#6636 = CARTESIAN_POINT('',(-25.5,11.539238591348,30.093667849575));
#6637 = CARTESIAN_POINT('',(-25.5,11.558011715898,30.02360559494));
#6638 = PCURVE('',#820,#6639);
#6639 = DEFINITIONAL_REPRESENTATION('',(#6640),#6663);
#6640 = B_SPLINE_CURVE_WITH_KNOTS('',6,(#6641,#6642,#6643,#6644,#6645,
    #6646,#6647,#6648,#6649,#6650,#6651,#6652,#6653,#6654,#6655,#6656,
    #6657,#6658,#6659,#6660,#6661,#6662),.UNSPECIFIED.,.F.,.F.,(7,5,5,5,
    7),(0.,0.303886728021,0.47576016729,0.73215549691,1.),
  .UNSPECIFIED.);
#6641 = CARTESIAN_POINT('',(3.971131762599E-02,-8.2));
#6642 = CARTESIAN_POINT('',(3.971131762599E-02,-8.268827747284));
#6643 = CARTESIAN_POINT('',(4.913822337593E-02,-8.337679878493));
#6644 = CARTESIAN_POINT('',(6.800368669629E-02,-8.405297698324));
#6645 = CARTESIAN_POINT('',(9.583419035696E-02,-8.470551476565));
#6646 = CARTESIAN_POINT('',(0.131875357587,-8.532518852949));
#6647 = CARTESIAN_POINT('',(0.199662896445,-8.62328589534));
#6648 = CARTESIAN_POINT('',(0.226480850485,-8.654809686193));
#6649 = CARTESIAN_POINT('',(0.255465189857,-8.684947901164));
#6650 = CARTESIAN_POINT('',(0.286444519582,-8.713609229669));
#6651 = CARTESIAN_POINT('',(0.319246252354,-8.740725615661));
#6652 = CARTESIAN_POINT('',(0.405107506476,-8.804321528548));
#6653 = CARTESIAN_POINT('',(0.460193733516,-8.838845578033));
#6654 = CARTESIAN_POINT('',(0.518415334566,-8.869663844673));
#6655 = CARTESIAN_POINT('',(0.579252717829,-8.896703529008));
#6656 = CARTESIAN_POINT('',(0.642229241718,-8.919947705589));
#6657 = CARTESIAN_POINT('',(0.774512151945,-8.959736614388));
#6658 = CARTESIAN_POINT('',(0.843968908644,-8.97593398045));
#6659 = CARTESIAN_POINT('',(0.914819461283,-8.98801494553));
#6660 = CARTESIAN_POINT('',(0.986626270917,-8.996020081104));
#6661 = CARTESIAN_POINT('',(1.058985107045,-9.));
#6662 = CARTESIAN_POINT('',(1.131518890415,-9.));
#6663 = ( GEOMETRIC_REPRESENTATION_CONTEXT(2) 
PARAMETRIC_REPRESENTATION_CONTEXT() REPRESENTATION_CONTEXT('2D SPACE',''
  ) );
#6664 = PCURVE('',#2803,#6665);
#6665 = DEFINITIONAL_REPRESENTATION('',(#6666),#6689);
#6666 = B_SPLINE_CURVE_WITH_KNOTS('',6,(#6667,#6668,#6669,#6670,#6671,
    #6672,#6673,#6674,#6675,#6676,#6677,#6678,#6679,#6680,#6681,#6682,
    #6683,#6684,#6685,#6686,#6687,#6688),.UNSPECIFIED.,.F.,.F.,(7,5,5,5,
    7),(0.,0.303886728021,0.47576016729,0.73215549691,1.),
  .UNSPECIFIED.);
#6667 = CARTESIAN_POINT('',(2.686417923634,0.));
#6668 = CARTESIAN_POINT('',(2.686417923634,8.603468410479E-02));
#6669 = CARTESIAN_POINT('',(2.685901710777,0.172099615989));
#6670 = CARTESIAN_POINT('',(2.684868688263,0.257769349862));
#6671 = CARTESIAN_POINT('',(2.683340051877,0.342776102802));
#6672 = CARTESIAN_POINT('',(2.681348336845,0.426898953206));
#6673 = CARTESIAN_POINT('',(2.677572589242,0.556896425452));
#6674 = CARTESIAN_POINT('',(2.676073791866,0.603525236466));
#6675 = CARTESIAN_POINT('',(2.674447452066,0.649796983375));
#6676 = CARTESIAN_POINT('',(2.672701214454,0.695699764059));
#6677 = CARTESIAN_POINT('',(2.67084283307,0.741230572059));
#6678 = CARTESIAN_POINT('',(2.665951564241,0.853765356432));
#6679 = CARTESIAN_POINT('',(2.66279068197,0.920314178504));
#6680 = CARTESIAN_POINT('',(2.659421993646,0.986064060206));
#6681 = CARTESIAN_POINT('',(2.655869543167,1.051061490375));
#6682 = CARTESIAN_POINT('',(2.652156022776,1.115374411073));
#6683 = CARTESIAN_POINT('',(2.644276197091,1.245654003672));
#6684 = CARTESIAN_POINT('',(2.640097469116,1.311560066227));
#6685 = CARTESIAN_POINT('',(2.635789519573,1.376915395785));
#6686 = CARTESIAN_POINT('',(2.631375181449,1.441826199524));
#6687 = CARTESIAN_POINT('',(2.626876959136,1.506408326239));
#6688 = CARTESIAN_POINT('',(2.622317414405,1.570796326795));
#6689 = ( GEOMETRIC_REPRESENTATION_CONTEXT(2) 
PARAMETRIC_REPRESENTATION_CONTEXT() REPRESENTATION_CONTEXT('2D SPACE',''
  ) );
#6690 = ORIENTED_EDGE('',*,*,#2763,.F.);
#6691 = ADVANCED_FACE('',(#6692),#2285,.T.);
#6692 = FACE_BOUND('',#6693,.F.);
#6693 = EDGE_LOOP('',(#6694,#6721,#6743,#6744));
#6694 = ORIENTED_EDGE('',*,*,#6695,.F.);
#6695 = EDGE_CURVE('',#6696,#2241,#6698,.T.);
#6696 = VERTEX_POINT('',#6697);
#6697 = CARTESIAN_POINT('',(-32.9,16.778210726834,15.024568877527));
#6698 = SURFACE_CURVE('',#6699,(#6704,#6714),.PCURVE_S1.);
#6699 = HYPERBOLA('',#6700,7.885281374239,7.885281374239);
#6700 = AXIS2_PLACEMENT_3D('',#6701,#6702,#6703);
#6701 = CARTESIAN_POINT('',(-44.9,8.040860995645,12.683403073067));
#6702 = DIRECTION('',(1.072393092426E-16,0.258819045103,-0.965925826289)
  );
#6703 = DIRECTION('',(1.,0.,1.110223024625E-16));
#6704 = PCURVE('',#2285,#6705);
#6705 = DEFINITIONAL_REPRESENTATION('',(#6706),#6713);
#6706 = B_SPLINE_CURVE_WITH_KNOTS('',5,(#6707,#6708,#6709,#6710,#6711,
    #6712),.UNSPECIFIED.,.F.,.F.,(6,6),(-0.981692184838,-0.912214069878)
  ,.PIECEWISE_BEZIER_KNOTS.);
#6707 = CARTESIAN_POINT('',(1.115621596839,7.216449660064E-16));
#6708 = CARTESIAN_POINT('',(1.106490688742,-0.125693831255));
#6709 = CARTESIAN_POINT('',(1.097240228682,-0.248491337474));
#6710 = CARTESIAN_POINT('',(1.087869715593,-0.368443080922));
#6711 = CARTESIAN_POINT('',(1.078378801322,-0.485597294852));
#6712 = CARTESIAN_POINT('',(1.068767319115,-0.6));
#6713 = ( GEOMETRIC_REPRESENTATION_CONTEXT(2) 
PARAMETRIC_REPRESENTATION_CONTEXT() REPRESENTATION_CONTEXT('2D SPACE',''
  ) );
#6714 = PCURVE('',#2256,#6715);
#6715 = DEFINITIONAL_REPRESENTATION('',(#6716),#6720);
#6716 = HYPERBOLA('',#6717,7.885281374239,7.885281374239);
#6717 = AXIS2_PLACEMENT_2D('',#6718,#6719);
#6718 = CARTESIAN_POINT('',(9.085281374239,10.4));
#6719 = DIRECTION('',(0.,-1.));
#6720 = ( GEOMETRIC_REPRESENTATION_CONTEXT(2) 
PARAMETRIC_REPRESENTATION_CONTEXT() REPRESENTATION_CONTEXT('2D SPACE',''
  ) );
#6721 = ORIENTED_EDGE('',*,*,#6722,.T.);
#6722 = EDGE_CURVE('',#6696,#6501,#6723,.T.);
#6723 = SURFACE_CURVE('',#6724,(#6729,#6736),.PCURVE_S1.);
#6724 = CIRCLE('',#6725,12.);
#6725 = AXIS2_PLACEMENT_3D('',#6726,#6727,#6728);
#6726 = CARTESIAN_POINT('',(-32.9,6.,20.3));
#6727 = DIRECTION('',(1.,-0.,1.110223024625E-16));
#6728 = DIRECTION('',(1.110223024625E-16,0.,-1.));
#6729 = PCURVE('',#2285,#6730);
#6730 = DEFINITIONAL_REPRESENTATION('',(#6731),#6735);
#6731 = LINE('',#6732,#6733);
#6732 = CARTESIAN_POINT('',(0.,-0.));
#6733 = VECTOR('',#6734,1.);
#6734 = DIRECTION('',(1.,-0.));
#6735 = ( GEOMETRIC_REPRESENTATION_CONTEXT(2) 
PARAMETRIC_REPRESENTATION_CONTEXT() REPRESENTATION_CONTEXT('2D SPACE',''
  ) );
#6736 = PCURVE('',#6516,#6737);
#6737 = DEFINITIONAL_REPRESENTATION('',(#6738),#6742);
#6738 = LINE('',#6739,#6740);
#6739 = CARTESIAN_POINT('',(-0.,-0.6));
#6740 = VECTOR('',#6741,1.);
#6741 = DIRECTION('',(-1.,0.));
#6742 = ( GEOMETRIC_REPRESENTATION_CONTEXT(2) 
PARAMETRIC_REPRESENTATION_CONTEXT() REPRESENTATION_CONTEXT('2D SPACE',''
  ) );
#6743 = ORIENTED_EDGE('',*,*,#6528,.F.);
#6744 = ORIENTED_EDGE('',*,*,#2268,.F.);
#6745 = ADVANCED_FACE('',(#6746),#849,.T.);
#6746 = FACE_BOUND('',#6747,.F.);
#6747 = EDGE_LOOP('',(#6748,#6749,#6773,#6798));
#6748 = ORIENTED_EDGE('',*,*,#6558,.F.);
#6749 = ORIENTED_EDGE('',*,*,#6750,.T.);
#6750 = EDGE_CURVE('',#6559,#6751,#6753,.T.);
#6751 = VERTEX_POINT('',#6752);
#6752 = CARTESIAN_POINT('',(-32.9,9.891052773619,31.651639014385));
#6753 = SURFACE_CURVE('',#6754,(#6759,#6766),.PCURVE_S1.);
#6754 = CIRCLE('',#6755,12.);
#6755 = AXIS2_PLACEMENT_3D('',#6756,#6757,#6758);
#6756 = CARTESIAN_POINT('',(-32.9,6.,20.3));
#6757 = DIRECTION('',(1.,-0.,1.110223024625E-16));
#6758 = DIRECTION('',(1.110223024625E-16,0.,-1.));
#6759 = PCURVE('',#849,#6760);
#6760 = DEFINITIONAL_REPRESENTATION('',(#6761),#6765);
#6761 = LINE('',#6762,#6763);
#6762 = CARTESIAN_POINT('',(0.,-0.));
#6763 = VECTOR('',#6764,1.);
#6764 = DIRECTION('',(1.,-0.));
#6765 = ( GEOMETRIC_REPRESENTATION_CONTEXT(2) 
PARAMETRIC_REPRESENTATION_CONTEXT() REPRESENTATION_CONTEXT('2D SPACE',''
  ) );
#6766 = PCURVE('',#6601,#6767);
#6767 = DEFINITIONAL_REPRESENTATION('',(#6768),#6772);
#6768 = LINE('',#6769,#6770);
#6769 = CARTESIAN_POINT('',(-0.,-0.6));
#6770 = VECTOR('',#6771,1.);
#6771 = DIRECTION('',(-1.,0.));
#6772 = ( GEOMETRIC_REPRESENTATION_CONTEXT(2) 
PARAMETRIC_REPRESENTATION_CONTEXT() REPRESENTATION_CONTEXT('2D SPACE',''
  ) );
#6773 = ORIENTED_EDGE('',*,*,#6774,.F.);
#6774 = EDGE_CURVE('',#833,#6751,#6775,.T.);
#6775 = SURFACE_CURVE('',#6776,(#6781,#6791),.PCURVE_S1.);
#6776 = HYPERBOLA('',#6777,7.885281374239,7.885281374239);
#6777 = AXIS2_PLACEMENT_3D('',#6778,#6779,#6780);
#6778 = CARTESIAN_POINT('',(-44.9,2.057359312881,27.128853986079));
#6779 = DIRECTION('',(-9.614813431918E-17,-0.5,0.866025403784));
#6780 = DIRECTION('',(1.,0.,1.110223024625E-16));
#6781 = PCURVE('',#849,#6782);
#6782 = DEFINITIONAL_REPRESENTATION('',(#6783),#6790);
#6783 = B_SPLINE_CURVE_WITH_KNOTS('',5,(#6784,#6785,#6786,#6787,#6788,
    #6789),.UNSPECIFIED.,.F.,.F.,(6,6),(0.912214069878,0.981692184838),
  .PIECEWISE_BEZIER_KNOTS.);
#6784 = CARTESIAN_POINT('',(2.858223497872,-0.6));
#6785 = CARTESIAN_POINT('',(2.848612015665,-0.485597294852));
#6786 = CARTESIAN_POINT('',(2.839121101395,-0.368443080922));
#6787 = CARTESIAN_POINT('',(2.829750588305,-0.248491337474));
#6788 = CARTESIAN_POINT('',(2.820500128245,-0.125693831255));
#6789 = CARTESIAN_POINT('',(2.811369220148,-2.831068712794E-15));
#6790 = ( GEOMETRIC_REPRESENTATION_CONTEXT(2) 
PARAMETRIC_REPRESENTATION_CONTEXT() REPRESENTATION_CONTEXT('2D SPACE',''
  ) );
#6791 = PCURVE('',#877,#6792);
#6792 = DEFINITIONAL_REPRESENTATION('',(#6793),#6797);
#6793 = HYPERBOLA('',#6794,7.885281374239,7.885281374239);
#6794 = AXIS2_PLACEMENT_2D('',#6795,#6796);
#6795 = CARTESIAN_POINT('',(-7.885281374239,10.4));
#6796 = DIRECTION('',(0.,-1.));
#6797 = ( GEOMETRIC_REPRESENTATION_CONTEXT(2) 
PARAMETRIC_REPRESENTATION_CONTEXT() REPRESENTATION_CONTEXT('2D SPACE',''
  ) );
#6798 = ORIENTED_EDGE('',*,*,#832,.F.);
#6799 = ADVANCED_FACE('',(#6800),#2256,.T.);
#6800 = FACE_BOUND('',#6801,.T.);
#6801 = EDGE_LOOP('',(#6802,#6823,#6824,#6825,#6848,#6926));
#6802 = ORIENTED_EDGE('',*,*,#6803,.F.);
#6803 = EDGE_CURVE('',#2213,#4017,#6804,.T.);
#6804 = SURFACE_CURVE('',#6805,(#6809,#6816),.PCURVE_S1.);
#6805 = LINE('',#6806,#6807);
#6806 = CARTESIAN_POINT('',(-34.5,15.657457922578,14.724264068712));
#6807 = VECTOR('',#6808,1.);
#6808 = DIRECTION('',(1.,0.,1.110223024625E-16));
#6809 = PCURVE('',#2256,#6810);
#6810 = DEFINITIONAL_REPRESENTATION('',(#6811),#6815);
#6811 = LINE('',#6812,#6813);
#6812 = CARTESIAN_POINT('',(1.2,3.448162357012E-17));
#6813 = VECTOR('',#6814,1.);
#6814 = DIRECTION('',(0.,-1.));
#6815 = ( GEOMETRIC_REPRESENTATION_CONTEXT(2) 
PARAMETRIC_REPRESENTATION_CONTEXT() REPRESENTATION_CONTEXT('2D SPACE',''
  ) );
#6816 = PCURVE('',#2228,#6817);
#6817 = DEFINITIONAL_REPRESENTATION('',(#6818),#6822);
#6818 = LINE('',#6819,#6820);
#6819 = CARTESIAN_POINT('',(0.,0.));
#6820 = VECTOR('',#6821,1.);
#6821 = DIRECTION('',(0.,-1.));
#6822 = ( GEOMETRIC_REPRESENTATION_CONTEXT(2) 
PARAMETRIC_REPRESENTATION_CONTEXT() REPRESENTATION_CONTEXT('2D SPACE',''
  ) );
#6823 = ORIENTED_EDGE('',*,*,#2240,.T.);
#6824 = ORIENTED_EDGE('',*,*,#6695,.F.);
#6825 = ORIENTED_EDGE('',*,*,#6826,.F.);
#6826 = EDGE_CURVE('',#6827,#6696,#6829,.T.);
#6827 = VERTEX_POINT('',#6828);
#6828 = CARTESIAN_POINT('',(-26.3,16.778210726834,15.024568877527));
#6829 = SURFACE_CURVE('',#6830,(#6834,#6841),.PCURVE_S1.);
#6830 = LINE('',#6831,#6832);
#6831 = CARTESIAN_POINT('',(-33.5,16.778210726834,15.024568877527));
#6832 = VECTOR('',#6833,1.);
#6833 = DIRECTION('',(-1.,-0.,-1.110223024625E-16));
#6834 = PCURVE('',#2256,#6835);
#6835 = DEFINITIONAL_REPRESENTATION('',(#6836),#6840);
#6836 = LINE('',#6837,#6838);
#6837 = CARTESIAN_POINT('',(3.971131762598E-02,-1.));
#6838 = VECTOR('',#6839,1.);
#6839 = DIRECTION('',(0.,1.));
#6840 = ( GEOMETRIC_REPRESENTATION_CONTEXT(2) 
PARAMETRIC_REPRESENTATION_CONTEXT() REPRESENTATION_CONTEXT('2D SPACE',''
  ) );
#6841 = PCURVE('',#6516,#6842);
#6842 = DEFINITIONAL_REPRESENTATION('',(#6843),#6847);
#6843 = LINE('',#6844,#6845);
#6844 = CARTESIAN_POINT('',(-1.115621596839,0.));
#6845 = VECTOR('',#6846,1.);
#6846 = DIRECTION('',(-0.,1.));
#6847 = ( GEOMETRIC_REPRESENTATION_CONTEXT(2) 
PARAMETRIC_REPRESENTATION_CONTEXT() REPRESENTATION_CONTEXT('2D SPACE',''
  ) );
#6848 = ORIENTED_EDGE('',*,*,#6849,.T.);
#6849 = EDGE_CURVE('',#6827,#4040,#6850,.T.);
#6850 = SURFACE_CURVE('',#6851,(#6874,#6900),.PCURVE_S1.);
#6851 = B_SPLINE_CURVE_WITH_KNOTS('',6,(#6852,#6853,#6854,#6855,#6856,
    #6857,#6858,#6859,#6860,#6861,#6862,#6863,#6864,#6865,#6866,#6867,
    #6868,#6869,#6870,#6871,#6872,#6873),.UNSPECIFIED.,.F.,.F.,(7,5,5,5,
    7),(0.,0.303886728017,0.475760167286,0.732155496906,1.),
  .UNSPECIFIED.);
#6852 = CARTESIAN_POINT('',(-26.3,16.778210726834,15.024568877527));
#6853 = CARTESIAN_POINT('',(-26.23117225271,16.778210726834,
    15.024568877527));
#6854 = CARTESIAN_POINT('',(-26.1623201215,16.769105035109,
    15.022129014783));
#6855 = CARTESIAN_POINT('',(-26.09470230167,16.750882396863,
    15.017246273581));
#6856 = CARTESIAN_POINT('',(-26.02944852343,16.724000194619,
    15.010043209199));
#6857 = CARTESIAN_POINT('',(-25.96748114705,16.689187100383,
    15.000715068712));
#6858 = CARTESIAN_POINT('',(-25.87671410466,16.623709365901,
    14.983170362636));
#6859 = CARTESIAN_POINT('',(-25.84519031381,16.597805211485,
    14.976229365379));
#6860 = CARTESIAN_POINT('',(-25.81505209883,16.569808489528,
    14.96872766634));
#6861 = CARTESIAN_POINT('',(-25.78639077033,16.539884754866,
    14.960709625803));
#6862 = CARTESIAN_POINT('',(-25.75927438434,16.508200714035,
    14.952219912649));
#6863 = CARTESIAN_POINT('',(-25.69567847145,16.425265111201,
    14.929997384846));
#6864 = CARTESIAN_POINT('',(-25.66115442197,16.372055901831,
    14.915740020166));
#6865 = CARTESIAN_POINT('',(-25.63033615533,16.315818153729,
    14.900671160977));
#6866 = CARTESIAN_POINT('',(-25.60329647099,16.257053754032,
    14.884925287535));
#6867 = CARTESIAN_POINT('',(-25.58005229441,16.196223103157,
    14.868625763758));
#6868 = CARTESIAN_POINT('',(-25.54026338561,16.068447623792,
    14.83438842725));
#6869 = CARTESIAN_POINT('',(-25.52406601955,16.001357548685,
    14.816411695805));
#6870 = CARTESIAN_POINT('',(-25.51198505447,15.932921170083,
    14.798074223425));
#6871 = CARTESIAN_POINT('',(-25.50397991889,15.863561118154,
    14.779489253524));
#6872 = CARTESIAN_POINT('',(-25.5,15.793667849576,14.760761408652));
#6873 = CARTESIAN_POINT('',(-25.5,15.72360559494,14.741988284102));
#6874 = PCURVE('',#2256,#6875);
#6875 = DEFINITIONAL_REPRESENTATION('',(#6876),#6899);
#6876 = B_SPLINE_CURVE_WITH_KNOTS('',6,(#6877,#6878,#6879,#6880,#6881,
    #6882,#6883,#6884,#6885,#6886,#6887,#6888,#6889,#6890,#6891,#6892,
    #6893,#6894,#6895,#6896,#6897,#6898),.UNSPECIFIED.,.F.,.F.,(7,5,5,5,
    7),(0.,0.303886728017,0.475760167286,0.732155496906,1.),
  .UNSPECIFIED.);
#6877 = CARTESIAN_POINT('',(3.971131762598E-02,-8.2));
#6878 = CARTESIAN_POINT('',(3.971131762598E-02,-8.268827747283));
#6879 = CARTESIAN_POINT('',(4.913822337571E-02,-8.337679878491));
#6880 = CARTESIAN_POINT('',(6.80036866956E-02,-8.405297698322));
#6881 = CARTESIAN_POINT('',(9.583419035562E-02,-8.470551476562));
#6882 = CARTESIAN_POINT('',(0.131875357585,-8.532518852946));
#6883 = CARTESIAN_POINT('',(0.199662896442,-8.623285895336));
#6884 = CARTESIAN_POINT('',(0.226480850482,-8.654809686189));
#6885 = CARTESIAN_POINT('',(0.255465189853,-8.684947901161));
#6886 = CARTESIAN_POINT('',(0.286444519578,-8.713609229666));
#6887 = CARTESIAN_POINT('',(0.31924625235,-8.740725615657));
#6888 = CARTESIAN_POINT('',(0.405107506471,-8.804321528545));
#6889 = CARTESIAN_POINT('',(0.460193733511,-8.83884557803));
#6890 = CARTESIAN_POINT('',(0.518415334561,-8.86966384467));
#6891 = CARTESIAN_POINT('',(0.579252717823,-8.896703529006));
#6892 = CARTESIAN_POINT('',(0.642229241712,-8.919947705587));
#6893 = CARTESIAN_POINT('',(0.774512151939,-8.959736614387));
#6894 = CARTESIAN_POINT('',(0.843968908639,-8.975933980449));
#6895 = CARTESIAN_POINT('',(0.91481946128,-8.988014945529));
#6896 = CARTESIAN_POINT('',(0.986626270915,-8.996020081104));
#6897 = CARTESIAN_POINT('',(1.058985107044,-9.));
#6898 = CARTESIAN_POINT('',(1.131518890415,-9.));
#6899 = ( GEOMETRIC_REPRESENTATION_CONTEXT(2) 
PARAMETRIC_REPRESENTATION_CONTEXT() REPRESENTATION_CONTEXT('2D SPACE',''
  ) );
#6900 = PCURVE('',#4079,#6901);
#6901 = DEFINITIONAL_REPRESENTATION('',(#6902),#6925);
#6902 = B_SPLINE_CURVE_WITH_KNOTS('',6,(#6903,#6904,#6905,#6906,#6907,
    #6908,#6909,#6910,#6911,#6912,#6913,#6914,#6915,#6916,#6917,#6918,
    #6919,#6920,#6921,#6922,#6923,#6924),.UNSPECIFIED.,.F.,.F.,(7,5,5,5,
    7),(0.,0.303886728017,0.475760167286,0.732155496906,1.),
  .UNSPECIFIED.);
#6903 = CARTESIAN_POINT('',(1.115621596839,0.));
#6904 = CARTESIAN_POINT('',(1.115621596839,8.603468410378E-02));
#6905 = CARTESIAN_POINT('',(1.115105383983,0.172099615987));
#6906 = CARTESIAN_POINT('',(1.114072361468,0.257769349859));
#6907 = CARTESIAN_POINT('',(1.112543725082,0.342776102798));
#6908 = CARTESIAN_POINT('',(1.11055201005,0.426898953201));
#6909 = CARTESIAN_POINT('',(1.106776262447,0.556896425446));
#6910 = CARTESIAN_POINT('',(1.105277465071,0.60352523646));
#6911 = CARTESIAN_POINT('',(1.103651125271,0.649796983369));
#6912 = CARTESIAN_POINT('',(1.10190488766,0.695699764053));
#6913 = CARTESIAN_POINT('',(1.100046506275,0.741230572053));
#6914 = CARTESIAN_POINT('',(1.095155237446,0.853765356426));
#6915 = CARTESIAN_POINT('',(1.091994355176,0.920314178498));
#6916 = CARTESIAN_POINT('',(1.088625666851,0.9860640602));
#6917 = CARTESIAN_POINT('',(1.085073216372,1.051061490369));
#6918 = CARTESIAN_POINT('',(1.081359695981,1.115374411067));
#6919 = CARTESIAN_POINT('',(1.073479870297,1.245654003667));
#6920 = CARTESIAN_POINT('',(1.069301142321,1.311560066223));
#6921 = CARTESIAN_POINT('',(1.064993192778,1.376915395782));
#6922 = CARTESIAN_POINT('',(1.060578854655,1.441826199522));
#6923 = CARTESIAN_POINT('',(1.056080632341,1.506408326238));
#6924 = CARTESIAN_POINT('',(1.05152108761,1.570796326795));
#6925 = ( GEOMETRIC_REPRESENTATION_CONTEXT(2) 
PARAMETRIC_REPRESENTATION_CONTEXT() REPRESENTATION_CONTEXT('2D SPACE',''
  ) );
#6926 = ORIENTED_EDGE('',*,*,#4039,.F.);
#6927 = ADVANCED_FACE('',(#6928),#877,.T.);
#6928 = FACE_BOUND('',#6929,.T.);
#6929 = EDGE_LOOP('',(#6930,#6931,#6952,#6953,#7033,#7054));
#6930 = ORIENTED_EDGE('',*,*,#861,.T.);
#6931 = ORIENTED_EDGE('',*,*,#6932,.T.);
#6932 = EDGE_CURVE('',#862,#2816,#6933,.T.);
#6933 = SURFACE_CURVE('',#6934,(#6938,#6945),.PCURVE_S1.);
#6934 = LINE('',#6935,#6936);
#6935 = CARTESIAN_POINT('',(-34.5,8.88621329896,31.071494673198));
#6936 = VECTOR('',#6937,1.);
#6937 = DIRECTION('',(1.,0.,1.110223024625E-16));
#6938 = PCURVE('',#877,#6939);
#6939 = DEFINITIONAL_REPRESENTATION('',(#6940),#6944);
#6940 = LINE('',#6941,#6942);
#6941 = CARTESIAN_POINT('',(0.,0.));
#6942 = VECTOR('',#6943,1.);
#6943 = DIRECTION('',(0.,-1.));
#6944 = ( GEOMETRIC_REPRESENTATION_CONTEXT(2) 
PARAMETRIC_REPRESENTATION_CONTEXT() REPRESENTATION_CONTEXT('2D SPACE',''
  ) );
#6945 = PCURVE('',#905,#6946);
#6946 = DEFINITIONAL_REPRESENTATION('',(#6947),#6951);
#6947 = LINE('',#6948,#6949);
#6948 = CARTESIAN_POINT('',(1.2,1.15377761183E-16));
#6949 = VECTOR('',#6950,1.);
#6950 = DIRECTION('',(0.,-1.));
#6951 = ( GEOMETRIC_REPRESENTATION_CONTEXT(2) 
PARAMETRIC_REPRESENTATION_CONTEXT() REPRESENTATION_CONTEXT('2D SPACE',''
  ) );
#6952 = ORIENTED_EDGE('',*,*,#2815,.F.);
#6953 = ORIENTED_EDGE('',*,*,#6954,.F.);
#6954 = EDGE_CURVE('',#6955,#2787,#6957,.T.);
#6955 = VERTEX_POINT('',#6956);
#6956 = CARTESIAN_POINT('',(-26.3,9.891052773619,31.651639014385));
#6957 = SURFACE_CURVE('',#6958,(#6981,#7007),.PCURVE_S1.);
#6958 = B_SPLINE_CURVE_WITH_KNOTS('',6,(#6959,#6960,#6961,#6962,#6963,
    #6964,#6965,#6966,#6967,#6968,#6969,#6970,#6971,#6972,#6973,#6974,
    #6975,#6976,#6977,#6978,#6979,#6980),.UNSPECIFIED.,.F.,.F.,(7,5,5,5,
    7),(0.,0.303886728014,0.475760167282,0.732155496902,1.),
  .UNSPECIFIED.);
#6959 = CARTESIAN_POINT('',(-26.3,9.891052773619,31.651639014385));
#6960 = CARTESIAN_POINT('',(-26.23117225271,9.891052773619,
    31.651639014385));
#6961 = CARTESIAN_POINT('',(-26.16232012151,9.882888833761,
    31.64692556151));
#6962 = CARTESIAN_POINT('',(-26.09470230168,9.866550863272,
    31.637492829851));
#6963 = CARTESIAN_POINT('',(-26.02944852344,9.842448940103,
    31.623577578021));
#6964 = CARTESIAN_POINT('',(-25.96748114705,9.811236373701,
    31.605556994407));
#6965 = CARTESIAN_POINT('',(-25.87671410466,9.752530642992,
    31.571663224979));
#6966 = CARTESIAN_POINT('',(-25.84519031381,9.729305613516,
    31.558254247959));
#6967 = CARTESIAN_POINT('',(-25.81505209884,9.704204439309,
    31.543762078273));
#6968 = CARTESIAN_POINT('',(-25.78639077033,9.677375552776,
    31.528272413411));
#6969 = CARTESIAN_POINT('',(-25.75927438434,9.648968418907,
    31.511871547025));
#6970 = CARTESIAN_POINT('',(-25.69567847145,9.574610391637,
    31.468940919965));
#6971 = CARTESIAN_POINT('',(-25.66115442197,9.526904319623,
    31.441397806445));
#6972 = CARTESIAN_POINT('',(-25.63033615533,9.476482934065,
    31.412287005921));
#6973 = CARTESIAN_POINT('',(-25.60329647099,9.42379621466,
    31.381868314289));
#6974 = CARTESIAN_POINT('',(-25.58005229441,9.36925694513,
    31.350380052345));
#6975 = CARTESIAN_POINT('',(-25.54026338561,9.254696584386,
    31.284238597231));
#6976 = CARTESIAN_POINT('',(-25.52406601955,9.194545268619,
    31.249510218881));
#6977 = CARTESIAN_POINT('',(-25.51198505447,9.133186890159,
    31.21408494256));
#6978 = CARTESIAN_POINT('',(-25.50397991889,9.07100036885,
    31.178181537742));
#6979 = CARTESIAN_POINT('',(-25.5,9.008335778573,31.142002119677));
#6980 = CARTESIAN_POINT('',(-25.5,8.94551967954,31.105735227991));
#6981 = PCURVE('',#877,#6982);
#6982 = DEFINITIONAL_REPRESENTATION('',(#6983),#7006);
#6983 = B_SPLINE_CURVE_WITH_KNOTS('',6,(#6984,#6985,#6986,#6987,#6988,
    #6989,#6990,#6991,#6992,#6993,#6994,#6995,#6996,#6997,#6998,#6999,
    #7000,#7001,#7002,#7003,#7004,#7005),.UNSPECIFIED.,.F.,.F.,(7,5,5,5,
    7),(0.,0.303886728014,0.475760167282,0.732155496902,1.),
  .UNSPECIFIED.);
#6984 = CARTESIAN_POINT('',(1.160288682374,-8.2));
#6985 = CARTESIAN_POINT('',(1.160288682374,-8.268827747282));
#6986 = CARTESIAN_POINT('',(1.150861776625,-8.337679878489));
#6987 = CARTESIAN_POINT('',(1.131996313305,-8.405297698319));
#6988 = CARTESIAN_POINT('',(1.104165809646,-8.470551476559));
#6989 = CARTESIAN_POINT('',(1.068124642417,-8.532518852942));
#6990 = CARTESIAN_POINT('',(1.000337103562,-8.623285895332));
#6991 = CARTESIAN_POINT('',(0.973519149522,-8.654809686185));
#6992 = CARTESIAN_POINT('',(0.944534810151,-8.684947901157));
#6993 = CARTESIAN_POINT('',(0.913555480427,-8.713609229662));
#6994 = CARTESIAN_POINT('',(0.880753747655,-8.740725615654));
#6995 = CARTESIAN_POINT('',(0.794892493534,-8.804321528542));
#6996 = CARTESIAN_POINT('',(0.739806266495,-8.838845578027));
#6997 = CARTESIAN_POINT('',(0.681584665445,-8.869663844668));
#6998 = CARTESIAN_POINT('',(0.620747282182,-8.896703529004));
#6999 = CARTESIAN_POINT('',(0.557770758294,-8.919947705585));
#7000 = CARTESIAN_POINT('',(0.425487848066,-8.959736614386));
#7001 = CARTESIAN_POINT('',(0.356031091365,-8.975933980448));
#7002 = CARTESIAN_POINT('',(0.285180538724,-8.988014945529));
#7003 = CARTESIAN_POINT('',(0.213373729088,-8.996020081104));
#7004 = CARTESIAN_POINT('',(0.141014892957,-9.));
#7005 = CARTESIAN_POINT('',(6.848110958544E-02,-9.));
#7006 = ( GEOMETRIC_REPRESENTATION_CONTEXT(2) 
PARAMETRIC_REPRESENTATION_CONTEXT() REPRESENTATION_CONTEXT('2D SPACE',''
  ) );
#7007 = PCURVE('',#2803,#7008);
#7008 = DEFINITIONAL_REPRESENTATION('',(#7009),#7032);
#7009 = B_SPLINE_CURVE_WITH_KNOTS('',6,(#7010,#7011,#7012,#7013,#7014,
    #7015,#7016,#7017,#7018,#7019,#7020,#7021,#7022,#7023,#7024,#7025,
    #7026,#7027,#7028,#7029,#7030,#7031),.UNSPECIFIED.,.F.,.F.,(7,5,5,5,
    7),(0.,0.303886728014,0.475760167282,0.732155496902,1.),
  .UNSPECIFIED.);
#7010 = CARTESIAN_POINT('',(2.811369220148,0.));
#7011 = CARTESIAN_POINT('',(2.811369220148,8.603468410272E-02));
#7012 = CARTESIAN_POINT('',(2.811885433005,0.172099615985));
#7013 = CARTESIAN_POINT('',(2.812918455519,0.257769349855));
#7014 = CARTESIAN_POINT('',(2.814447091905,0.342776102794));
#7015 = CARTESIAN_POINT('',(2.816438806937,0.426898953196));
#7016 = CARTESIAN_POINT('',(2.82021455454,0.55689642544));
#7017 = CARTESIAN_POINT('',(2.821713351916,0.603525236454));
#7018 = CARTESIAN_POINT('',(2.823339691716,0.649796983363));
#7019 = CARTESIAN_POINT('',(2.825085929327,0.695699764047));
#7020 = CARTESIAN_POINT('',(2.826944310712,0.741230572047));
#7021 = CARTESIAN_POINT('',(2.831835579541,0.85376535642));
#7022 = CARTESIAN_POINT('',(2.834996461811,0.920314178492));
#7023 = CARTESIAN_POINT('',(2.838365150136,0.986064060194));
#7024 = CARTESIAN_POINT('',(2.841917600615,1.051061490363));
#7025 = CARTESIAN_POINT('',(2.845631121005,1.115374411061));
#7026 = CARTESIAN_POINT('',(2.85351094669,1.245654003662));
#7027 = CARTESIAN_POINT('',(2.857689674666,1.311560066219));
#7028 = CARTESIAN_POINT('',(2.861997624209,1.376915395779));
#7029 = CARTESIAN_POINT('',(2.866411962332,1.44182619952));
#7030 = CARTESIAN_POINT('',(2.870910184646,1.506408326237));
#7031 = CARTESIAN_POINT('',(2.875469729377,1.570796326795));
#7032 = ( GEOMETRIC_REPRESENTATION_CONTEXT(2) 
PARAMETRIC_REPRESENTATION_CONTEXT() REPRESENTATION_CONTEXT('2D SPACE',''
  ) );
#7033 = ORIENTED_EDGE('',*,*,#7034,.T.);
#7034 = EDGE_CURVE('',#6955,#6751,#7035,.T.);
#7035 = SURFACE_CURVE('',#7036,(#7040,#7047),.PCURVE_S1.);
#7036 = LINE('',#7037,#7038);
#7037 = CARTESIAN_POINT('',(-33.5,9.891052773619,31.651639014385));
#7038 = VECTOR('',#7039,1.);
#7039 = DIRECTION('',(-1.,-0.,-1.110223024625E-16));
#7040 = PCURVE('',#877,#7041);
#7041 = DEFINITIONAL_REPRESENTATION('',(#7042),#7046);
#7042 = LINE('',#7043,#7044);
#7043 = CARTESIAN_POINT('',(1.160288682374,-1.));
#7044 = VECTOR('',#7045,1.);
#7045 = DIRECTION('',(0.,1.));
#7046 = ( GEOMETRIC_REPRESENTATION_CONTEXT(2) 
PARAMETRIC_REPRESENTATION_CONTEXT() REPRESENTATION_CONTEXT('2D SPACE',''
  ) );
#7047 = PCURVE('',#6601,#7048);
#7048 = DEFINITIONAL_REPRESENTATION('',(#7049),#7053);
#7049 = LINE('',#7050,#7051);
#7050 = CARTESIAN_POINT('',(-2.811369220148,0.));
#7051 = VECTOR('',#7052,1.);
#7052 = DIRECTION('',(-0.,1.));
#7053 = ( GEOMETRIC_REPRESENTATION_CONTEXT(2) 
PARAMETRIC_REPRESENTATION_CONTEXT() REPRESENTATION_CONTEXT('2D SPACE',''
  ) );
#7054 = ORIENTED_EDGE('',*,*,#6774,.F.);
#7055 = ADVANCED_FACE('',(#7056),#2228,.T.);
#7056 = FACE_BOUND('',#7057,.T.);
#7057 = EDGE_LOOP('',(#7058,#7059,#7060,#7061,#7141,#7169));
#7058 = ORIENTED_EDGE('',*,*,#2212,.T.);
#7059 = ORIENTED_EDGE('',*,*,#6803,.T.);
#7060 = ORIENTED_EDGE('',*,*,#4016,.F.);
#7061 = ORIENTED_EDGE('',*,*,#7062,.F.);
#7062 = EDGE_CURVE('',#7063,#3988,#7065,.T.);
#7063 = VERTEX_POINT('',#7064);
#7064 = CARTESIAN_POINT('',(-26.3,15.957762731394,13.603511264456));
#7065 = SURFACE_CURVE('',#7066,(#7089,#7115),.PCURVE_S1.);
#7066 = B_SPLINE_CURVE_WITH_KNOTS('',6,(#7067,#7068,#7069,#7070,#7071,
    #7072,#7073,#7074,#7075,#7076,#7077,#7078,#7079,#7080,#7081,#7082,
    #7083,#7084,#7085,#7086,#7087,#7088),.UNSPECIFIED.,.F.,.F.,(7,5,5,5,
    7),(0.,0.303886728015,0.475760167284,0.732155496903,1.),
  .UNSPECIFIED.);
#7067 = CARTESIAN_POINT('',(-26.3,15.957762731394,13.603511264456));
#7068 = CARTESIAN_POINT('',(-26.23117225271,15.957762731394,
    13.603511264456));
#7069 = CARTESIAN_POINT('',(-26.16232012151,15.955322868649,
    13.612616956181));
#7070 = CARTESIAN_POINT('',(-26.09470230168,15.950440127447,
    13.630839594427));
#7071 = CARTESIAN_POINT('',(-26.02944852344,15.943237063066,
    13.65772179667));
#7072 = CARTESIAN_POINT('',(-25.96748114705,15.933908922579,
    13.692534890906));
#7073 = CARTESIAN_POINT('',(-25.87671410466,15.916364216503,
    13.758012625387));
#7074 = CARTESIAN_POINT('',(-25.84519031381,15.909423219246,
    13.783916779803));
#7075 = CARTESIAN_POINT('',(-25.81505209884,15.901921520207,
    13.81191350176));
#7076 = CARTESIAN_POINT('',(-25.78639077033,15.89390347967,
    13.841837236421));
#7077 = CARTESIAN_POINT('',(-25.75927438434,15.885413766516,
    13.873521277253));
#7078 = CARTESIAN_POINT('',(-25.69567847145,15.863191238713,
    13.956456880086));
#7079 = CARTESIAN_POINT('',(-25.66115442197,15.848933874033,
    14.009666089456));
#7080 = CARTESIAN_POINT('',(-25.63033615533,15.833865014845,
    14.065903837558));
#7081 = CARTESIAN_POINT('',(-25.60329647099,15.818119141402,
    14.124668237255));
#7082 = CARTESIAN_POINT('',(-25.58005229441,15.801819617625,
    14.185498888129));
#7083 = CARTESIAN_POINT('',(-25.54026338561,15.767582281117,
    14.313274367495));
#7084 = CARTESIAN_POINT('',(-25.52406601955,15.749605549672,
    14.380364442602));
#7085 = CARTESIAN_POINT('',(-25.51198505447,15.731268077292,
    14.448800821205));
#7086 = CARTESIAN_POINT('',(-25.50397991889,15.712683107391,
    14.518160873135));
#7087 = CARTESIAN_POINT('',(-25.5,15.693955262519,14.588054141713));
#7088 = CARTESIAN_POINT('',(-25.5,15.675182137969,14.65811639635));
#7089 = PCURVE('',#2228,#7090);
#7090 = DEFINITIONAL_REPRESENTATION('',(#7091),#7114);
#7091 = B_SPLINE_CURVE_WITH_KNOTS('',6,(#7092,#7093,#7094,#7095,#7096,
    #7097,#7098,#7099,#7100,#7101,#7102,#7103,#7104,#7105,#7106,#7107,
    #7108,#7109,#7110,#7111,#7112,#7113),.UNSPECIFIED.,.F.,.F.,(7,5,5,5,
    7),(0.,0.303886728015,0.475760167284,0.732155496903,1.),
  .UNSPECIFIED.);
#7092 = CARTESIAN_POINT('',(1.160288682374,-8.2));
#7093 = CARTESIAN_POINT('',(1.160288682374,-8.268827747282));
#7094 = CARTESIAN_POINT('',(1.150861776624,-8.33767987849));
#7095 = CARTESIAN_POINT('',(1.131996313305,-8.40529769832));
#7096 = CARTESIAN_POINT('',(1.104165809645,-8.47055147656));
#7097 = CARTESIAN_POINT('',(1.068124642417,-8.532518852943));
#7098 = CARTESIAN_POINT('',(1.000337103561,-8.623285895333));
#7099 = CARTESIAN_POINT('',(0.973519149521,-8.654809686187));
#7100 = CARTESIAN_POINT('',(0.944534810149,-8.684947901158));
#7101 = CARTESIAN_POINT('',(0.913555480425,-8.713609229663));
#7102 = CARTESIAN_POINT('',(0.880753747653,-8.740725615655));
#7103 = CARTESIAN_POINT('',(0.794892493532,-8.804321528543));
#7104 = CARTESIAN_POINT('',(0.739806266493,-8.838845578028));
#7105 = CARTESIAN_POINT('',(0.681584665443,-8.869663844669));
#7106 = CARTESIAN_POINT('',(0.620747282181,-8.896703529004));
#7107 = CARTESIAN_POINT('',(0.557770758292,-8.919947705585));
#7108 = CARTESIAN_POINT('',(0.425487848064,-8.959736614386));
#7109 = CARTESIAN_POINT('',(0.356031091363,-8.975933980448));
#7110 = CARTESIAN_POINT('',(0.285180538723,-8.988014945529));
#7111 = CARTESIAN_POINT('',(0.213373729087,-8.996020081104));
#7112 = CARTESIAN_POINT('',(0.141014892957,-9.));
#7113 = CARTESIAN_POINT('',(6.848110958543E-02,-9.));
#7114 = ( GEOMETRIC_REPRESENTATION_CONTEXT(2) 
PARAMETRIC_REPRESENTATION_CONTEXT() REPRESENTATION_CONTEXT('2D SPACE',''
  ) );
#7115 = PCURVE('',#4004,#7116);
#7116 = DEFINITIONAL_REPRESENTATION('',(#7117),#7140);
#7117 = B_SPLINE_CURVE_WITH_KNOTS('',6,(#7118,#7119,#7120,#7121,#7122,
    #7123,#7124,#7125,#7126,#7127,#7128,#7129,#7130,#7131,#7132,#7133,
    #7134,#7135,#7136,#7137,#7138,#7139),.UNSPECIFIED.,.F.,.F.,(7,5,5,5,
    7),(0.,0.303886728015,0.475760167284,0.732155496903,1.),
  .UNSPECIFIED.);
#7118 = CARTESIAN_POINT('',(0.978773505554,0.));
#7119 = CARTESIAN_POINT('',(0.978773505554,8.603468410307E-02));
#7120 = CARTESIAN_POINT('',(0.979289718411,0.172099615986));
#7121 = CARTESIAN_POINT('',(0.980322740925,0.257769349856));
#7122 = CARTESIAN_POINT('',(0.981851377311,0.342776102795));
#7123 = CARTESIAN_POINT('',(0.983843092343,0.426898953197));
#7124 = CARTESIAN_POINT('',(0.987618839946,0.556896425442));
#7125 = CARTESIAN_POINT('',(0.989117637322,0.603525236456));
#7126 = CARTESIAN_POINT('',(0.990743977122,0.649796983365));
#7127 = CARTESIAN_POINT('',(0.992490214733,0.695699764049));
#7128 = CARTESIAN_POINT('',(0.994348596118,0.741230572049));
#7129 = CARTESIAN_POINT('',(0.999239864947,0.853765356422));
#7130 = CARTESIAN_POINT('',(1.002400747217,0.920314178494));
#7131 = CARTESIAN_POINT('',(1.005769435542,0.986064060196));
#7132 = CARTESIAN_POINT('',(1.009321886021,1.051061490365));
#7133 = CARTESIAN_POINT('',(1.013035406411,1.115374411063));
#7134 = CARTESIAN_POINT('',(1.020915232096,1.245654003664));
#7135 = CARTESIAN_POINT('',(1.025093960072,1.311560066221));
#7136 = CARTESIAN_POINT('',(1.029401909615,1.37691539578));
#7137 = CARTESIAN_POINT('',(1.033816247738,1.441826199521));
#7138 = CARTESIAN_POINT('',(1.038314470052,1.506408326238));
#7139 = CARTESIAN_POINT('',(1.042874014783,1.570796326795));
#7140 = ( GEOMETRIC_REPRESENTATION_CONTEXT(2) 
PARAMETRIC_REPRESENTATION_CONTEXT() REPRESENTATION_CONTEXT('2D SPACE',''
  ) );
#7141 = ORIENTED_EDGE('',*,*,#7142,.T.);
#7142 = EDGE_CURVE('',#7063,#7143,#7145,.T.);
#7143 = VERTEX_POINT('',#7144);
#7144 = CARTESIAN_POINT('',(-32.9,15.957762731394,13.603511264456));
#7145 = SURFACE_CURVE('',#7146,(#7150,#7157),.PCURVE_S1.);
#7146 = LINE('',#7147,#7148);
#7147 = CARTESIAN_POINT('',(-33.5,15.957762731394,13.603511264456));
#7148 = VECTOR('',#7149,1.);
#7149 = DIRECTION('',(-1.,-0.,-1.110223024625E-16));
#7150 = PCURVE('',#2228,#7151);
#7151 = DEFINITIONAL_REPRESENTATION('',(#7152),#7156);
#7152 = LINE('',#7153,#7154);
#7153 = CARTESIAN_POINT('',(1.160288682374,-1.));
#7154 = VECTOR('',#7155,1.);
#7155 = DIRECTION('',(0.,1.));
#7156 = ( GEOMETRIC_REPRESENTATION_CONTEXT(2) 
PARAMETRIC_REPRESENTATION_CONTEXT() REPRESENTATION_CONTEXT('2D SPACE',''
  ) );
#7157 = PCURVE('',#7158,#7163);
#7158 = CYLINDRICAL_SURFACE('',#7159,12.);
#7159 = AXIS2_PLACEMENT_3D('',#7160,#7161,#7162);
#7160 = CARTESIAN_POINT('',(-33.5,6.,20.3));
#7161 = DIRECTION('',(-1.,-0.,-1.110223024625E-16));
#7162 = DIRECTION('',(1.110223024625E-16,0.,-1.));
#7163 = DEFINITIONAL_REPRESENTATION('',(#7164),#7168);
#7164 = LINE('',#7165,#7166);
#7165 = CARTESIAN_POINT('',(-0.978773505554,0.));
#7166 = VECTOR('',#7167,1.);
#7167 = DIRECTION('',(-0.,1.));
#7168 = ( GEOMETRIC_REPRESENTATION_CONTEXT(2) 
PARAMETRIC_REPRESENTATION_CONTEXT() REPRESENTATION_CONTEXT('2D SPACE',''
  ) );
#7169 = ORIENTED_EDGE('',*,*,#7170,.F.);
#7170 = EDGE_CURVE('',#2184,#7143,#7171,.T.);
#7171 = SURFACE_CURVE('',#7172,(#7177,#7184),.PCURVE_S1.);
#7172 = HYPERBOLA('',#7173,7.885281374239,7.885281374239);
#7173 = AXIS2_PLACEMENT_3D('',#7174,#7175,#7176);
#7174 = CARTESIAN_POINT('',(-44.9,13.616596926933,22.340860995645));
#7175 = DIRECTION('',(-2.873468630843E-17,0.965925826289,0.258819045103)
  );
#7176 = DIRECTION('',(1.,0.,1.110223024625E-16));
#7177 = PCURVE('',#2228,#7178);
#7178 = DEFINITIONAL_REPRESENTATION('',(#7179),#7183);
#7179 = HYPERBOLA('',#7180,7.885281374239,7.885281374239);
#7180 = AXIS2_PLACEMENT_2D('',#7181,#7182);
#7181 = CARTESIAN_POINT('',(-7.885281374239,10.4));
#7182 = DIRECTION('',(0.,-1.));
#7183 = ( GEOMETRIC_REPRESENTATION_CONTEXT(2) 
PARAMETRIC_REPRESENTATION_CONTEXT() REPRESENTATION_CONTEXT('2D SPACE',''
  ) );
#7184 = PCURVE('',#2200,#7185);
#7185 = DEFINITIONAL_REPRESENTATION('',(#7186),#7193);
#7186 = B_SPLINE_CURVE_WITH_KNOTS('',5,(#7187,#7188,#7189,#7190,#7191,
    #7192),.UNSPECIFIED.,.F.,.F.,(6,6),(0.912214069878,0.981692184838),
  .PIECEWISE_BEZIER_KNOTS.);
#7187 = CARTESIAN_POINT('',(1.025627783278,-0.6));
#7188 = CARTESIAN_POINT('',(1.016016301071,-0.485597294852));
#7189 = CARTESIAN_POINT('',(1.006525386801,-0.368443080922));
#7190 = CARTESIAN_POINT('',(0.997154873711,-0.248491337474));
#7191 = CARTESIAN_POINT('',(0.987904413651,-0.125693831255));
#7192 = CARTESIAN_POINT('',(0.978773505554,1.609823385706E-15));
#7193 = ( GEOMETRIC_REPRESENTATION_CONTEXT(2) 
PARAMETRIC_REPRESENTATION_CONTEXT() REPRESENTATION_CONTEXT('2D SPACE',''
  ) );
#7194 = ADVANCED_FACE('',(#7195),#905,.T.);
#7195 = FACE_BOUND('',#7196,.T.);
#7196 = EDGE_LOOP('',(#7197,#7198,#7199,#7226,#7254,#7332));
#7197 = ORIENTED_EDGE('',*,*,#6932,.F.);
#7198 = ORIENTED_EDGE('',*,*,#889,.T.);
#7199 = ORIENTED_EDGE('',*,*,#7200,.F.);
#7200 = EDGE_CURVE('',#7201,#890,#7203,.T.);
#7201 = VERTEX_POINT('',#7202);
#7202 = CARTESIAN_POINT('',(-32.9,8.306068957773,32.076334147858));
#7203 = SURFACE_CURVE('',#7204,(#7209,#7216),.PCURVE_S1.);
#7204 = HYPERBOLA('',#7205,7.885281374239,7.885281374239);
#7205 = AXIS2_PLACEMENT_3D('',#7206,#7207,#7208);
#7206 = CARTESIAN_POINT('',(-44.9,12.828853986079,24.242640687119));
#7207 = DIRECTION('',(-5.551115123126E-17,0.866025403784,0.5));
#7208 = DIRECTION('',(1.,0.,1.110223024625E-16));
#7209 = PCURVE('',#905,#7210);
#7210 = DEFINITIONAL_REPRESENTATION('',(#7211),#7215);
#7211 = HYPERBOLA('',#7212,7.885281374239,7.885281374239);
#7212 = AXIS2_PLACEMENT_2D('',#7213,#7214);
#7213 = CARTESIAN_POINT('',(9.085281374239,10.4));
#7214 = DIRECTION('',(0.,-1.));
#7215 = ( GEOMETRIC_REPRESENTATION_CONTEXT(2) 
PARAMETRIC_REPRESENTATION_CONTEXT() REPRESENTATION_CONTEXT('2D SPACE',''
  ) );
#7216 = PCURVE('',#934,#7217);
#7217 = DEFINITIONAL_REPRESENTATION('',(#7218),#7225);
#7218 = B_SPLINE_CURVE_WITH_KNOTS('',5,(#7219,#7220,#7221,#7222,#7223,
    #7224),.UNSPECIFIED.,.F.,.F.,(6,6),(-0.981692184838,-0.912214069878)
  ,.PIECEWISE_BEZIER_KNOTS.);
#7219 = CARTESIAN_POINT('',(2.948217311433,-3.719247132494E-15));
#7220 = CARTESIAN_POINT('',(2.939086403337,-0.125693831255));
#7221 = CARTESIAN_POINT('',(2.929835943276,-0.248491337474));
#7222 = CARTESIAN_POINT('',(2.920465430187,-0.368443080922));
#7223 = CARTESIAN_POINT('',(2.910974515916,-0.485597294852));
#7224 = CARTESIAN_POINT('',(2.901363033709,-0.6));
#7225 = ( GEOMETRIC_REPRESENTATION_CONTEXT(2) 
PARAMETRIC_REPRESENTATION_CONTEXT() REPRESENTATION_CONTEXT('2D SPACE',''
  ) );
#7226 = ORIENTED_EDGE('',*,*,#7227,.F.);
#7227 = EDGE_CURVE('',#7228,#7201,#7230,.T.);
#7228 = VERTEX_POINT('',#7229);
#7229 = CARTESIAN_POINT('',(-26.3,8.306068957773,32.076334147858));
#7230 = SURFACE_CURVE('',#7231,(#7235,#7242),.PCURVE_S1.);
#7231 = LINE('',#7232,#7233);
#7232 = CARTESIAN_POINT('',(-33.5,8.306068957773,32.076334147858));
#7233 = VECTOR('',#7234,1.);
#7234 = DIRECTION('',(-1.,-0.,-1.110223024625E-16));
#7235 = PCURVE('',#905,#7236);
#7236 = DEFINITIONAL_REPRESENTATION('',(#7237),#7241);
#7237 = LINE('',#7238,#7239);
#7238 = CARTESIAN_POINT('',(3.971131762598E-02,-1.));
#7239 = VECTOR('',#7240,1.);
#7240 = DIRECTION('',(0.,1.));
#7241 = ( GEOMETRIC_REPRESENTATION_CONTEXT(2) 
PARAMETRIC_REPRESENTATION_CONTEXT() REPRESENTATION_CONTEXT('2D SPACE',''
  ) );
#7242 = PCURVE('',#7243,#7248);
#7243 = CYLINDRICAL_SURFACE('',#7244,12.);
#7244 = AXIS2_PLACEMENT_3D('',#7245,#7246,#7247);
#7245 = CARTESIAN_POINT('',(-33.5,6.,20.3));
#7246 = DIRECTION('',(-1.,-0.,-1.110223024625E-16));
#7247 = DIRECTION('',(1.110223024625E-16,0.,-1.));
#7248 = DEFINITIONAL_REPRESENTATION('',(#7249),#7253);
#7249 = LINE('',#7250,#7251);
#7250 = CARTESIAN_POINT('',(-2.948217311433,0.));
#7251 = VECTOR('',#7252,1.);
#7252 = DIRECTION('',(-0.,1.));
#7253 = ( GEOMETRIC_REPRESENTATION_CONTEXT(2) 
PARAMETRIC_REPRESENTATION_CONTEXT() REPRESENTATION_CONTEXT('2D SPACE',''
  ) );
#7254 = ORIENTED_EDGE('',*,*,#7255,.T.);
#7255 = EDGE_CURVE('',#7228,#2839,#7256,.T.);
#7256 = SURFACE_CURVE('',#7257,(#7280,#7306),.PCURVE_S1.);
#7257 = B_SPLINE_CURVE_WITH_KNOTS('',6,(#7258,#7259,#7260,#7261,#7262,
    #7263,#7264,#7265,#7266,#7267,#7268,#7269,#7270,#7271,#7272,#7273,
    #7274,#7275,#7276,#7277,#7278,#7279),.UNSPECIFIED.,.F.,.F.,(7,5,5,5,
    7),(0.,0.303886728006,0.475760167275,0.732155496894,1.),
  .UNSPECIFIED.);
#7258 = CARTESIAN_POINT('',(-26.3,8.306068957773,32.076334147858));
#7259 = CARTESIAN_POINT('',(-26.23117225271,8.306068957773,
    32.076334147858));
#7260 = CARTESIAN_POINT('',(-26.16232012151,8.310782410647,32.068170208)
  );
#7261 = CARTESIAN_POINT('',(-26.09470230168,8.320215142306,
    32.051832237512));
#7262 = CARTESIAN_POINT('',(-26.02944852344,8.334130394135,
    32.027730314344));
#7263 = CARTESIAN_POINT('',(-25.96748114706,8.352150977749,
    31.996517747944));
#7264 = CARTESIAN_POINT('',(-25.87671410467,8.386044747175,
    31.937812017237));
#7265 = CARTESIAN_POINT('',(-25.84519031382,8.399453724195,
    31.914586987761));
#7266 = CARTESIAN_POINT('',(-25.81505209885,8.41394589388,
    31.889485813554));
#7267 = CARTESIAN_POINT('',(-25.78639077034,8.429435558742,
    31.862656927021));
#7268 = CARTESIAN_POINT('',(-25.75927438435,8.445836425128,
    31.834249793153));
#7269 = CARTESIAN_POINT('',(-25.69567847146,8.488767052188,
    31.759891765884));
#7270 = CARTESIAN_POINT('',(-25.66115442197,8.516310165707,
    31.71218569387));
#7271 = CARTESIAN_POINT('',(-25.63033615533,8.545420966232,
    31.661764308313));
#7272 = CARTESIAN_POINT('',(-25.603296471,8.575839657863,31.609077588908
    ));
#7273 = CARTESIAN_POINT('',(-25.58005229442,8.607327919807,
    31.554538319379));
#7274 = CARTESIAN_POINT('',(-25.54026338561,8.673469374922,
    31.439977958634));
#7275 = CARTESIAN_POINT('',(-25.52406601955,8.708197753273,
    31.379826642864));
#7276 = CARTESIAN_POINT('',(-25.51198505447,8.743623029595,
    31.318468264403));
#7277 = CARTESIAN_POINT('',(-25.50397991889,8.779526434414,
    31.256281743092));
#7278 = CARTESIAN_POINT('',(-25.5,8.81570585248,31.193617152813));
#7279 = CARTESIAN_POINT('',(-25.5,8.851972744167,31.130801053778));
#7280 = PCURVE('',#905,#7281);
#7281 = DEFINITIONAL_REPRESENTATION('',(#7282),#7305);
#7282 = B_SPLINE_CURVE_WITH_KNOTS('',6,(#7283,#7284,#7285,#7286,#7287,
    #7288,#7289,#7290,#7291,#7292,#7293,#7294,#7295,#7296,#7297,#7298,
    #7299,#7300,#7301,#7302,#7303,#7304),.UNSPECIFIED.,.F.,.F.,(7,5,5,5,
    7),(0.,0.303886728006,0.475760167275,0.732155496894,1.),
  .UNSPECIFIED.);
#7283 = CARTESIAN_POINT('',(3.971131762599E-02,-8.2));
#7284 = CARTESIAN_POINT('',(3.971131762599E-02,-8.268827747281));
#7285 = CARTESIAN_POINT('',(4.913822337502E-02,-8.337679878486));
#7286 = CARTESIAN_POINT('',(6.800368669356E-02,-8.405297698314));
#7287 = CARTESIAN_POINT('',(9.583419035163E-02,-8.470551476553));
#7288 = CARTESIAN_POINT('',(0.131875357578,-8.532518852935));
#7289 = CARTESIAN_POINT('',(0.199662896431,-8.623285895324));
#7290 = CARTESIAN_POINT('',(0.226480850471,-8.654809686177));
#7291 = CARTESIAN_POINT('',(0.255465189842,-8.684947901149));
#7292 = CARTESIAN_POINT('',(0.286444519565,-8.713609229655));
#7293 = CARTESIAN_POINT('',(0.319246252337,-8.740725615647));
#7294 = CARTESIAN_POINT('',(0.405107506457,-8.804321528536));
#7295 = CARTESIAN_POINT('',(0.460193733495,-8.838845578022));
#7296 = CARTESIAN_POINT('',(0.518415334544,-8.869663844662));
#7297 = CARTESIAN_POINT('',(0.579252717806,-8.896703528999));
#7298 = CARTESIAN_POINT('',(0.642229241695,-8.91994770558));
#7299 = CARTESIAN_POINT('',(0.774512151924,-8.959736614383));
#7300 = CARTESIAN_POINT('',(0.843968908627,-8.975933980447));
#7301 = CARTESIAN_POINT('',(0.91481946127,-8.988014945528));
#7302 = CARTESIAN_POINT('',(0.986626270908,-8.996020081103));
#7303 = CARTESIAN_POINT('',(1.05898510704,-9.));
#7304 = CARTESIAN_POINT('',(1.131518890415,-9.));
#7305 = ( GEOMETRIC_REPRESENTATION_CONTEXT(2) 
PARAMETRIC_REPRESENTATION_CONTEXT() REPRESENTATION_CONTEXT('2D SPACE',''
  ) );
#7306 = PCURVE('',#2878,#7307);
#7307 = DEFINITIONAL_REPRESENTATION('',(#7308),#7331);
#7308 = B_SPLINE_CURVE_WITH_KNOTS('',6,(#7309,#7310,#7311,#7312,#7313,
    #7314,#7315,#7316,#7317,#7318,#7319,#7320,#7321,#7322,#7323,#7324,
    #7325,#7326,#7327,#7328,#7329,#7330),.UNSPECIFIED.,.F.,.F.,(7,5,5,5,
    7),(0.,0.303886728006,0.475760167275,0.732155496894,1.),
  .UNSPECIFIED.);
#7309 = CARTESIAN_POINT('',(2.948217311433,0.));
#7310 = CARTESIAN_POINT('',(2.948217311433,8.603468410066E-02));
#7311 = CARTESIAN_POINT('',(2.947701098577,0.172099615981));
#7312 = CARTESIAN_POINT('',(2.946668076062,0.257769349849));
#7313 = CARTESIAN_POINT('',(2.945139439677,0.342776102786));
#7314 = CARTESIAN_POINT('',(2.943147724644,0.426898953186));
#7315 = CARTESIAN_POINT('',(2.939371977042,0.556896425428));
#7316 = CARTESIAN_POINT('',(2.937873179666,0.603525236442));
#7317 = CARTESIAN_POINT('',(2.936246839866,0.649796983351));
#7318 = CARTESIAN_POINT('',(2.934500602255,0.695699764035));
#7319 = CARTESIAN_POINT('',(2.93264222087,0.741230572035));
#7320 = CARTESIAN_POINT('',(2.927750952041,0.853765356408));
#7321 = CARTESIAN_POINT('',(2.92459006977,0.92031417848));
#7322 = CARTESIAN_POINT('',(2.921221381446,0.986064060182));
#7323 = CARTESIAN_POINT('',(2.917668930967,1.051061490351));
#7324 = CARTESIAN_POINT('',(2.913955410577,1.115374411049));
#7325 = CARTESIAN_POINT('',(2.906075584892,1.245654003653));
#7326 = CARTESIAN_POINT('',(2.901896856916,1.311560066212));
#7327 = CARTESIAN_POINT('',(2.897588907373,1.376915395774));
#7328 = CARTESIAN_POINT('',(2.893174569249,1.441826199516));
#7329 = CARTESIAN_POINT('',(2.888676346935,1.506408326236));
#7330 = CARTESIAN_POINT('',(2.884116802204,1.570796326795));
#7331 = ( GEOMETRIC_REPRESENTATION_CONTEXT(2) 
PARAMETRIC_REPRESENTATION_CONTEXT() REPRESENTATION_CONTEXT('2D SPACE',''
  ) );
#7332 = ORIENTED_EDGE('',*,*,#2838,.F.);
#7333 = ADVANCED_FACE('',(#7334),#2200,.T.);
#7334 = FACE_BOUND('',#7335,.F.);
#7335 = EDGE_LOOP('',(#7336,#7363,#7385,#7386));
#7336 = ORIENTED_EDGE('',*,*,#7337,.F.);
#7337 = EDGE_CURVE('',#7338,#2156,#7340,.T.);
#7338 = VERTEX_POINT('',#7339);
#7339 = CARTESIAN_POINT('',(-32.9,15.045570056613,12.414718625761));
#7340 = SURFACE_CURVE('',#7341,(#7346,#7356),.PCURVE_S1.);
#7341 = HYPERBOLA('',#7342,7.885281374239,7.885281374239);
#7342 = AXIS2_PLACEMENT_3D('',#7343,#7344,#7345);
#7343 = CARTESIAN_POINT('',(-44.9,6.,12.414718625761));
#7344 = DIRECTION('',(1.110223024625E-16,-2.22044604925E-16,-1.));
#7345 = DIRECTION('',(1.,0.,1.110223024625E-16));
#7346 = PCURVE('',#2200,#7347);
#7347 = DEFINITIONAL_REPRESENTATION('',(#7348),#7355);
#7348 = B_SPLINE_CURVE_WITH_KNOTS('',5,(#7349,#7350,#7351,#7352,#7353,
    #7354),.UNSPECIFIED.,.F.,.F.,(6,6),(-0.981692184838,-0.912214069878)
  ,.PIECEWISE_BEZIER_KNOTS.);
#7349 = CARTESIAN_POINT('',(0.85382220904,-1.942890293094E-15));
#7350 = CARTESIAN_POINT('',(0.844691300943,-0.125693831255));
#7351 = CARTESIAN_POINT('',(0.835440840883,-0.248491337474));
#7352 = CARTESIAN_POINT('',(0.826070327793,-0.368443080922));
#7353 = CARTESIAN_POINT('',(0.816579413523,-0.485597294852));
#7354 = CARTESIAN_POINT('',(0.806967931316,-0.6));
#7355 = ( GEOMETRIC_REPRESENTATION_CONTEXT(2) 
PARAMETRIC_REPRESENTATION_CONTEXT() REPRESENTATION_CONTEXT('2D SPACE',''
  ) );
#7356 = PCURVE('',#2171,#7357);
#7357 = DEFINITIONAL_REPRESENTATION('',(#7358),#7362);
#7358 = HYPERBOLA('',#7359,7.885281374239,7.885281374239);
#7359 = AXIS2_PLACEMENT_2D('',#7360,#7361);
#7360 = CARTESIAN_POINT('',(9.085281374239,10.4));
#7361 = DIRECTION('',(0.,-1.));
#7362 = ( GEOMETRIC_REPRESENTATION_CONTEXT(2) 
PARAMETRIC_REPRESENTATION_CONTEXT() REPRESENTATION_CONTEXT('2D SPACE',''
  ) );
#7363 = ORIENTED_EDGE('',*,*,#7364,.T.);
#7364 = EDGE_CURVE('',#7338,#7143,#7365,.T.);
#7365 = SURFACE_CURVE('',#7366,(#7371,#7378),.PCURVE_S1.);
#7366 = CIRCLE('',#7367,12.);
#7367 = AXIS2_PLACEMENT_3D('',#7368,#7369,#7370);
#7368 = CARTESIAN_POINT('',(-32.9,6.,20.3));
#7369 = DIRECTION('',(1.,-0.,1.110223024625E-16));
#7370 = DIRECTION('',(1.110223024625E-16,0.,-1.));
#7371 = PCURVE('',#2200,#7372);
#7372 = DEFINITIONAL_REPRESENTATION('',(#7373),#7377);
#7373 = LINE('',#7374,#7375);
#7374 = CARTESIAN_POINT('',(0.,-0.));
#7375 = VECTOR('',#7376,1.);
#7376 = DIRECTION('',(1.,-0.));
#7377 = ( GEOMETRIC_REPRESENTATION_CONTEXT(2) 
PARAMETRIC_REPRESENTATION_CONTEXT() REPRESENTATION_CONTEXT('2D SPACE',''
  ) );
#7378 = PCURVE('',#7158,#7379);
#7379 = DEFINITIONAL_REPRESENTATION('',(#7380),#7384);
#7380 = LINE('',#7381,#7382);
#7381 = CARTESIAN_POINT('',(-0.,-0.6));
#7382 = VECTOR('',#7383,1.);
#7383 = DIRECTION('',(-1.,0.));
#7384 = ( GEOMETRIC_REPRESENTATION_CONTEXT(2) 
PARAMETRIC_REPRESENTATION_CONTEXT() REPRESENTATION_CONTEXT('2D SPACE',''
  ) );
#7385 = ORIENTED_EDGE('',*,*,#7170,.F.);
#7386 = ORIENTED_EDGE('',*,*,#2183,.F.);
#7387 = ADVANCED_FACE('',(#7388),#934,.T.);
#7388 = FACE_BOUND('',#7389,.F.);
#7389 = EDGE_LOOP('',(#7390,#7391,#7415,#7440));
#7390 = ORIENTED_EDGE('',*,*,#7200,.F.);
#7391 = ORIENTED_EDGE('',*,*,#7392,.T.);
#7392 = EDGE_CURVE('',#7201,#7393,#7395,.T.);
#7393 = VERTEX_POINT('',#7394);
#7394 = CARTESIAN_POINT('',(-32.9,6.820447995441,32.271919858017));
#7395 = SURFACE_CURVE('',#7396,(#7401,#7408),.PCURVE_S1.);
#7396 = CIRCLE('',#7397,12.);
#7397 = AXIS2_PLACEMENT_3D('',#7398,#7399,#7400);
#7398 = CARTESIAN_POINT('',(-32.9,6.,20.3));
#7399 = DIRECTION('',(1.,-0.,1.110223024625E-16));
#7400 = DIRECTION('',(1.110223024625E-16,0.,-1.));
#7401 = PCURVE('',#934,#7402);
#7402 = DEFINITIONAL_REPRESENTATION('',(#7403),#7407);
#7403 = LINE('',#7404,#7405);
#7404 = CARTESIAN_POINT('',(0.,-0.));
#7405 = VECTOR('',#7406,1.);
#7406 = DIRECTION('',(1.,-0.));
#7407 = ( GEOMETRIC_REPRESENTATION_CONTEXT(2) 
PARAMETRIC_REPRESENTATION_CONTEXT() REPRESENTATION_CONTEXT('2D SPACE',''
  ) );
#7408 = PCURVE('',#7243,#7409);
#7409 = DEFINITIONAL_REPRESENTATION('',(#7410),#7414);
#7410 = LINE('',#7411,#7412);
#7411 = CARTESIAN_POINT('',(-0.,-0.6));
#7412 = VECTOR('',#7413,1.);
#7413 = DIRECTION('',(-1.,0.));
#7414 = ( GEOMETRIC_REPRESENTATION_CONTEXT(2) 
PARAMETRIC_REPRESENTATION_CONTEXT() REPRESENTATION_CONTEXT('2D SPACE',''
  ) );
#7415 = ORIENTED_EDGE('',*,*,#7416,.F.);
#7416 = EDGE_CURVE('',#918,#7393,#7417,.T.);
#7417 = SURFACE_CURVE('',#7418,(#7423,#7433),.PCURVE_S1.);
#7418 = HYPERBOLA('',#7419,7.885281374239,7.885281374239);
#7419 = AXIS2_PLACEMENT_3D('',#7420,#7421,#7422);
#7420 = CARTESIAN_POINT('',(-44.9,0.424264068712,25.875735931288));
#7421 = DIRECTION('',(-7.850462293419E-17,-0.707106781187,0.707106781187
    ));
#7422 = DIRECTION('',(1.,0.,1.110223024625E-16));
#7423 = PCURVE('',#934,#7424);
#7424 = DEFINITIONAL_REPRESENTATION('',(#7425),#7432);
#7425 = B_SPLINE_CURVE_WITH_KNOTS('',5,(#7426,#7427,#7428,#7429,#7430,
    #7431),.UNSPECIFIED.,.F.,.F.,(6,6),(0.912214069878,0.981692184838),
  .PIECEWISE_BEZIER_KNOTS.);
#7426 = CARTESIAN_POINT('',(3.120022885671,-0.6));
#7427 = CARTESIAN_POINT('',(3.110411403464,-0.485597294852));
#7428 = CARTESIAN_POINT('',(3.100920489194,-0.368443080922));
#7429 = CARTESIAN_POINT('',(3.091549976104,-0.248491337474));
#7430 = CARTESIAN_POINT('',(3.082299516044,-0.125693831255));
#7431 = CARTESIAN_POINT('',(3.073168607947,-1.054711873394E-15));
#7432 = ( GEOMETRIC_REPRESENTATION_CONTEXT(2) 
PARAMETRIC_REPRESENTATION_CONTEXT() REPRESENTATION_CONTEXT('2D SPACE',''
  ) );
#7433 = PCURVE('',#962,#7434);
#7434 = DEFINITIONAL_REPRESENTATION('',(#7435),#7439);
#7435 = HYPERBOLA('',#7436,7.885281374239,7.885281374239);
#7436 = AXIS2_PLACEMENT_2D('',#7437,#7438);
#7437 = CARTESIAN_POINT('',(-7.885281374239,10.4));
#7438 = DIRECTION('',(0.,-1.));
#7439 = ( GEOMETRIC_REPRESENTATION_CONTEXT(2) 
PARAMETRIC_REPRESENTATION_CONTEXT() REPRESENTATION_CONTEXT('2D SPACE',''
  ) );
#7440 = ORIENTED_EDGE('',*,*,#917,.F.);
#7441 = ADVANCED_FACE('',(#7442),#2171,.T.);
#7442 = FACE_BOUND('',#7443,.T.);
#7443 = EDGE_LOOP('',(#7444,#7465,#7466,#7467,#7490,#7568));
#7444 = ORIENTED_EDGE('',*,*,#7445,.F.);
#7445 = EDGE_CURVE('',#2128,#3942,#7446,.T.);
#7446 = SURFACE_CURVE('',#7447,(#7451,#7458),.PCURVE_S1.);
#7447 = LINE('',#7448,#7449);
#7448 = CARTESIAN_POINT('',(-34.5,13.885281374239,12.414718625761));
#7449 = VECTOR('',#7450,1.);
#7450 = DIRECTION('',(1.,0.,1.110223024625E-16));
#7451 = PCURVE('',#2171,#7452);
#7452 = DEFINITIONAL_REPRESENTATION('',(#7453),#7457);
#7453 = LINE('',#7454,#7455);
#7454 = CARTESIAN_POINT('',(1.2,-0.));
#7455 = VECTOR('',#7456,1.);
#7456 = DIRECTION('',(0.,-1.));
#7457 = ( GEOMETRIC_REPRESENTATION_CONTEXT(2) 
PARAMETRIC_REPRESENTATION_CONTEXT() REPRESENTATION_CONTEXT('2D SPACE',''
  ) );
#7458 = PCURVE('',#2143,#7459);
#7459 = DEFINITIONAL_REPRESENTATION('',(#7460),#7464);
#7460 = LINE('',#7461,#7462);
#7461 = CARTESIAN_POINT('',(0.,0.));
#7462 = VECTOR('',#7463,1.);
#7463 = DIRECTION('',(0.,-1.));
#7464 = ( GEOMETRIC_REPRESENTATION_CONTEXT(2) 
PARAMETRIC_REPRESENTATION_CONTEXT() REPRESENTATION_CONTEXT('2D SPACE',''
  ) );
#7465 = ORIENTED_EDGE('',*,*,#2155,.T.);
#7466 = ORIENTED_EDGE('',*,*,#7337,.F.);
#7467 = ORIENTED_EDGE('',*,*,#7468,.F.);
#7468 = EDGE_CURVE('',#7469,#7338,#7471,.T.);
#7469 = VERTEX_POINT('',#7470);
#7470 = CARTESIAN_POINT('',(-26.3,15.045570056613,12.414718625761));
#7471 = SURFACE_CURVE('',#7472,(#7476,#7483),.PCURVE_S1.);
#7472 = LINE('',#7473,#7474);
#7473 = CARTESIAN_POINT('',(-33.5,15.045570056613,12.414718625761));
#7474 = VECTOR('',#7475,1.);
#7475 = DIRECTION('',(-1.,-0.,-1.110223024625E-16));
#7476 = PCURVE('',#2171,#7477);
#7477 = DEFINITIONAL_REPRESENTATION('',(#7478),#7482);
#7478 = LINE('',#7479,#7480);
#7479 = CARTESIAN_POINT('',(3.971131762598E-02,-1.));
#7480 = VECTOR('',#7481,1.);
#7481 = DIRECTION('',(0.,1.));
#7482 = ( GEOMETRIC_REPRESENTATION_CONTEXT(2) 
PARAMETRIC_REPRESENTATION_CONTEXT() REPRESENTATION_CONTEXT('2D SPACE',''
  ) );
#7483 = PCURVE('',#7158,#7484);
#7484 = DEFINITIONAL_REPRESENTATION('',(#7485),#7489);
#7485 = LINE('',#7486,#7487);
#7486 = CARTESIAN_POINT('',(-0.85382220904,0.));
#7487 = VECTOR('',#7488,1.);
#7488 = DIRECTION('',(-0.,1.));
#7489 = ( GEOMETRIC_REPRESENTATION_CONTEXT(2) 
PARAMETRIC_REPRESENTATION_CONTEXT() REPRESENTATION_CONTEXT('2D SPACE',''
  ) );
#7490 = ORIENTED_EDGE('',*,*,#7491,.T.);
#7491 = EDGE_CURVE('',#7469,#3965,#7492,.T.);
#7492 = SURFACE_CURVE('',#7493,(#7516,#7542),.PCURVE_S1.);
#7493 = B_SPLINE_CURVE_WITH_KNOTS('',6,(#7494,#7495,#7496,#7497,#7498,
    #7499,#7500,#7501,#7502,#7503,#7504,#7505,#7506,#7507,#7508,#7509,
    #7510,#7511,#7512,#7513,#7514,#7515),.UNSPECIFIED.,.F.,.F.,(7,5,5,5,
    7),(0.,0.303886728017,0.475760167286,0.732155496905,1.),
  .UNSPECIFIED.);
#7494 = CARTESIAN_POINT('',(-26.3,15.045570056613,12.414718625761));
#7495 = CARTESIAN_POINT('',(-26.23117225271,15.045570056613,
    12.414718625761));
#7496 = CARTESIAN_POINT('',(-26.1623201215,15.036143150863,
    12.414718625761));
#7497 = CARTESIAN_POINT('',(-26.09470230167,15.017277687543,
    12.414718625761));
#7498 = CARTESIAN_POINT('',(-26.02944852343,14.989447183883,
    12.414718625761));
#7499 = CARTESIAN_POINT('',(-25.96748114705,14.953406016654,
    12.414718625761));
#7500 = CARTESIAN_POINT('',(-25.87671410466,14.885618477798,
    12.414718625761));
#7501 = CARTESIAN_POINT('',(-25.84519031381,14.858800523757,
    12.414718625761));
#7502 = CARTESIAN_POINT('',(-25.81505209884,14.829816184386,
    12.414718625761));
#7503 = CARTESIAN_POINT('',(-25.78639077033,14.798836854662,
    12.414718625761));
#7504 = CARTESIAN_POINT('',(-25.75927438434,14.76603512189,
    12.414718625761));
#7505 = CARTESIAN_POINT('',(-25.69567847145,14.680173867768,
    12.414718625761));
#7506 = CARTESIAN_POINT('',(-25.66115442197,14.625087640729,
    12.414718625761));
#7507 = CARTESIAN_POINT('',(-25.63033615533,14.566866039679,
    12.414718625761));
#7508 = CARTESIAN_POINT('',(-25.60329647099,14.506028656416,
    12.414718625761));
#7509 = CARTESIAN_POINT('',(-25.58005229441,14.443052132527,
    12.414718625761));
#7510 = CARTESIAN_POINT('',(-25.54026338561,14.3107692223,
    12.414718625761));
#7511 = CARTESIAN_POINT('',(-25.52406601955,14.2413124656,
    12.414718625761));
#7512 = CARTESIAN_POINT('',(-25.51198505447,14.17046191296,
    12.414718625761));
#7513 = CARTESIAN_POINT('',(-25.50397991889,14.098655103324,
    12.414718625761));
#7514 = CARTESIAN_POINT('',(-25.5,14.026296267195,12.414718625761));
#7515 = CARTESIAN_POINT('',(-25.5,13.953762483824,12.414718625761));
#7516 = PCURVE('',#2171,#7517);
#7517 = DEFINITIONAL_REPRESENTATION('',(#7518),#7541);
#7518 = B_SPLINE_CURVE_WITH_KNOTS('',6,(#7519,#7520,#7521,#7522,#7523,
    #7524,#7525,#7526,#7527,#7528,#7529,#7530,#7531,#7532,#7533,#7534,
    #7535,#7536,#7537,#7538,#7539,#7540),.UNSPECIFIED.,.F.,.F.,(7,5,5,5,
    7),(0.,0.303886728017,0.475760167286,0.732155496905,1.),
  .UNSPECIFIED.);
#7519 = CARTESIAN_POINT('',(3.971131762598E-02,-8.2));
#7520 = CARTESIAN_POINT('',(3.971131762598E-02,-8.268827747283));
#7521 = CARTESIAN_POINT('',(4.913822337567E-02,-8.337679878491));
#7522 = CARTESIAN_POINT('',(6.800368669547E-02,-8.405297698321));
#7523 = CARTESIAN_POINT('',(9.58341903554E-02,-8.470551476562));
#7524 = CARTESIAN_POINT('',(0.131875357584,-8.532518852945));
#7525 = CARTESIAN_POINT('',(0.199662896441,-8.623285895335));
#7526 = CARTESIAN_POINT('',(0.226480850481,-8.654809686189));
#7527 = CARTESIAN_POINT('',(0.255465189853,-8.68494790116));
#7528 = CARTESIAN_POINT('',(0.286444519577,-8.713609229665));
#7529 = CARTESIAN_POINT('',(0.319246252349,-8.740725615657));
#7530 = CARTESIAN_POINT('',(0.40510750647,-8.804321528545));
#7531 = CARTESIAN_POINT('',(0.46019373351,-8.83884557803));
#7532 = CARTESIAN_POINT('',(0.51841533456,-8.86966384467));
#7533 = CARTESIAN_POINT('',(0.579252717822,-8.896703529006));
#7534 = CARTESIAN_POINT('',(0.642229241711,-8.919947705586));
#7535 = CARTESIAN_POINT('',(0.774512151939,-8.959736614387));
#7536 = CARTESIAN_POINT('',(0.843968908639,-8.975933980449));
#7537 = CARTESIAN_POINT('',(0.914819461279,-8.988014945529));
#7538 = CARTESIAN_POINT('',(0.986626270914,-8.996020081104));
#7539 = CARTESIAN_POINT('',(1.058985107043,-9.));
#7540 = CARTESIAN_POINT('',(1.131518890415,-9.));
#7541 = ( GEOMETRIC_REPRESENTATION_CONTEXT(2) 
PARAMETRIC_REPRESENTATION_CONTEXT() REPRESENTATION_CONTEXT('2D SPACE',''
  ) );
#7542 = PCURVE('',#4004,#7543);
#7543 = DEFINITIONAL_REPRESENTATION('',(#7544),#7567);
#7544 = B_SPLINE_CURVE_WITH_KNOTS('',6,(#7545,#7546,#7547,#7548,#7549,
    #7550,#7551,#7552,#7553,#7554,#7555,#7556,#7557,#7558,#7559,#7560,
    #7561,#7562,#7563,#7564,#7565,#7566),.UNSPECIFIED.,.F.,.F.,(7,5,5,5,
    7),(0.,0.303886728017,0.475760167286,0.732155496905,1.),
  .UNSPECIFIED.);
#7545 = CARTESIAN_POINT('',(0.85382220904,0.));
#7546 = CARTESIAN_POINT('',(0.85382220904,8.603468410357E-02));
#7547 = CARTESIAN_POINT('',(0.853305996183,0.172099615987));
#7548 = CARTESIAN_POINT('',(0.852272973669,0.257769349858));
#7549 = CARTESIAN_POINT('',(0.850744337283,0.342776102797));
#7550 = CARTESIAN_POINT('',(0.848752622251,0.4268989532));
#7551 = CARTESIAN_POINT('',(0.844976874648,0.556896425445));
#7552 = CARTESIAN_POINT('',(0.843478077272,0.603525236459));
#7553 = CARTESIAN_POINT('',(0.841851737472,0.649796983368));
#7554 = CARTESIAN_POINT('',(0.840105499861,0.695699764052));
#7555 = CARTESIAN_POINT('',(0.838247118476,0.741230572052));
#7556 = CARTESIAN_POINT('',(0.833355849647,0.853765356425));
#7557 = CARTESIAN_POINT('',(0.830194967376,0.920314178497));
#7558 = CARTESIAN_POINT('',(0.826826279052,0.986064060199));
#7559 = CARTESIAN_POINT('',(0.823273828573,1.051061490368));
#7560 = CARTESIAN_POINT('',(0.819560308182,1.115374411066));
#7561 = CARTESIAN_POINT('',(0.811680482498,1.245654003666));
#7562 = CARTESIAN_POINT('',(0.807501754522,1.311560066223));
#7563 = CARTESIAN_POINT('',(0.803193804979,1.376915395782));
#7564 = CARTESIAN_POINT('',(0.798779466856,1.441826199522));
#7565 = CARTESIAN_POINT('',(0.794281244542,1.506408326238));
#7566 = CARTESIAN_POINT('',(0.789721699811,1.570796326795));
#7567 = ( GEOMETRIC_REPRESENTATION_CONTEXT(2) 
PARAMETRIC_REPRESENTATION_CONTEXT() REPRESENTATION_CONTEXT('2D SPACE',''
  ) );
#7568 = ORIENTED_EDGE('',*,*,#3964,.F.);
#7569 = ADVANCED_FACE('',(#7570),#962,.T.);
#7570 = FACE_BOUND('',#7571,.T.);
#7571 = EDGE_LOOP('',(#7572,#7573,#7594,#7595,#7675,#7696));
#7572 = ORIENTED_EDGE('',*,*,#946,.T.);
#7573 = ORIENTED_EDGE('',*,*,#7574,.T.);
#7574 = EDGE_CURVE('',#947,#2891,#7575,.T.);
#7575 = SURFACE_CURVE('',#7576,(#7580,#7587),.PCURVE_S1.);
#7576 = LINE('',#7577,#7578);
#7577 = CARTESIAN_POINT('',(-34.5,6.,31.451471862576));
#7578 = VECTOR('',#7579,1.);
#7579 = DIRECTION('',(1.,0.,1.110223024625E-16));
#7580 = PCURVE('',#962,#7581);
#7581 = DEFINITIONAL_REPRESENTATION('',(#7582),#7586);
#7582 = LINE('',#7583,#7584);
#7583 = CARTESIAN_POINT('',(0.,0.));
#7584 = VECTOR('',#7585,1.);
#7585 = DIRECTION('',(0.,-1.));
#7586 = ( GEOMETRIC_REPRESENTATION_CONTEXT(2) 
PARAMETRIC_REPRESENTATION_CONTEXT() REPRESENTATION_CONTEXT('2D SPACE',''
  ) );
#7587 = PCURVE('',#990,#7588);
#7588 = DEFINITIONAL_REPRESENTATION('',(#7589),#7593);
#7589 = LINE('',#7590,#7591);
#7590 = CARTESIAN_POINT('',(1.2,9.420554752103E-17));
#7591 = VECTOR('',#7592,1.);
#7592 = DIRECTION('',(0.,-1.));
#7593 = ( GEOMETRIC_REPRESENTATION_CONTEXT(2) 
PARAMETRIC_REPRESENTATION_CONTEXT() REPRESENTATION_CONTEXT('2D SPACE',''
  ) );
#7594 = ORIENTED_EDGE('',*,*,#2890,.F.);
#7595 = ORIENTED_EDGE('',*,*,#7596,.F.);
#7596 = EDGE_CURVE('',#7597,#2862,#7599,.T.);
#7597 = VERTEX_POINT('',#7598);
#7598 = CARTESIAN_POINT('',(-26.3,6.820447995441,32.271919858017));
#7599 = SURFACE_CURVE('',#7600,(#7623,#7649),.PCURVE_S1.);
#7600 = B_SPLINE_CURVE_WITH_KNOTS('',6,(#7601,#7602,#7603,#7604,#7605,
    #7606,#7607,#7608,#7609,#7610,#7611,#7612,#7613,#7614,#7615,#7616,
    #7617,#7618,#7619,#7620,#7621,#7622),.UNSPECIFIED.,.F.,.F.,(7,5,5,5,
    7),(0.,0.303886728014,0.475760167283,0.732155496902,1.),
  .UNSPECIFIED.);
#7601 = CARTESIAN_POINT('',(-26.3,6.820447995441,32.271919858017));
#7602 = CARTESIAN_POINT('',(-26.23117225271,6.820447995441,
    32.271919858017));
#7603 = CARTESIAN_POINT('',(-26.16232012151,6.81378216646,
    32.265254029036));
#7604 = CARTESIAN_POINT('',(-26.09470230168,6.800442269416,
    32.251914131992));
#7605 = CARTESIAN_POINT('',(-26.02944852344,6.780763131555,
    32.232234994131));
#7606 = CARTESIAN_POINT('',(-25.96748114705,6.755278177806,
    32.206750040382));
#7607 = CARTESIAN_POINT('',(-25.87671410466,6.707345149401,
    32.158817011977));
#7608 = CARTESIAN_POINT('',(-25.84519031381,6.688381992242,
    32.139853854818));
#7609 = CARTESIAN_POINT('',(-25.81505209884,6.667886969324,32.1193588319
    ));
#7610 = CARTESIAN_POINT('',(-25.78639077033,6.6459812752,32.097453137776
    ));
#7611 = CARTESIAN_POINT('',(-25.75927438434,6.622786947522,
    32.074258810098));
#7612 = CARTESIAN_POINT('',(-25.69567847145,6.562073872492,
    32.013545735068));
#7613 = CARTESIAN_POINT('',(-25.66115442197,6.523122027803,
    31.974593890379));
#7614 = CARTESIAN_POINT('',(-25.63033615533,6.481953138889,
    31.933425001465));
#7615 = CARTESIAN_POINT('',(-25.60329647099,6.438934612634,
    31.89040647521));
#7616 = CARTESIAN_POINT('',(-25.58005229441,6.394403485537,
    31.845875348113));
#7617 = CARTESIAN_POINT('',(-25.54026338561,6.30086534268,
    31.752337205256));
#7618 = CARTESIAN_POINT('',(-25.52406601955,6.251751999017,
    31.703223861593));
#7619 = CARTESIAN_POINT('',(-25.51198505447,6.201653092794,
    31.65312495537));
#7620 = CARTESIAN_POINT('',(-25.50397991889,6.150878010765,
    31.602349873341));
#7621 = CARTESIAN_POINT('',(-25.5,6.099712587059,31.551184449635));
#7622 = CARTESIAN_POINT('',(-25.5,6.048423456971,31.499895319547));
#7623 = PCURVE('',#962,#7624);
#7624 = DEFINITIONAL_REPRESENTATION('',(#7625),#7648);
#7625 = B_SPLINE_CURVE_WITH_KNOTS('',6,(#7626,#7627,#7628,#7629,#7630,
    #7631,#7632,#7633,#7634,#7635,#7636,#7637,#7638,#7639,#7640,#7641,
    #7642,#7643,#7644,#7645,#7646,#7647),.UNSPECIFIED.,.F.,.F.,(7,5,5,5,
    7),(0.,0.303886728014,0.475760167283,0.732155496902,1.),
  .UNSPECIFIED.);
#7626 = CARTESIAN_POINT('',(1.160288682374,-8.2));
#7627 = CARTESIAN_POINT('',(1.160288682374,-8.268827747282));
#7628 = CARTESIAN_POINT('',(1.150861776624,-8.337679878489));
#7629 = CARTESIAN_POINT('',(1.131996313305,-8.405297698319));
#7630 = CARTESIAN_POINT('',(1.104165809646,-8.470551476559));
#7631 = CARTESIAN_POINT('',(1.068124642417,-8.532518852942));
#7632 = CARTESIAN_POINT('',(1.000337103562,-8.623285895332));
#7633 = CARTESIAN_POINT('',(0.973519149522,-8.654809686185));
#7634 = CARTESIAN_POINT('',(0.944534810151,-8.684947901157));
#7635 = CARTESIAN_POINT('',(0.913555480427,-8.713609229662));
#7636 = CARTESIAN_POINT('',(0.880753747655,-8.740725615654));
#7637 = CARTESIAN_POINT('',(0.794892493534,-8.804321528542));
#7638 = CARTESIAN_POINT('',(0.739806266495,-8.838845578027));
#7639 = CARTESIAN_POINT('',(0.681584665445,-8.869663844668));
#7640 = CARTESIAN_POINT('',(0.620747282182,-8.896703529004));
#7641 = CARTESIAN_POINT('',(0.557770758294,-8.919947705585));
#7642 = CARTESIAN_POINT('',(0.425487848066,-8.959736614386));
#7643 = CARTESIAN_POINT('',(0.356031091365,-8.975933980448));
#7644 = CARTESIAN_POINT('',(0.285180538724,-8.988014945529));
#7645 = CARTESIAN_POINT('',(0.213373729088,-8.996020081104));
#7646 = CARTESIAN_POINT('',(0.141014892957,-9.));
#7647 = CARTESIAN_POINT('',(6.848110958544E-02,-9.));
#7648 = ( GEOMETRIC_REPRESENTATION_CONTEXT(2) 
PARAMETRIC_REPRESENTATION_CONTEXT() REPRESENTATION_CONTEXT('2D SPACE',''
  ) );
#7649 = PCURVE('',#2878,#7650);
#7650 = DEFINITIONAL_REPRESENTATION('',(#7651),#7674);
#7651 = B_SPLINE_CURVE_WITH_KNOTS('',6,(#7652,#7653,#7654,#7655,#7656,
    #7657,#7658,#7659,#7660,#7661,#7662,#7663,#7664,#7665,#7666,#7667,
    #7668,#7669,#7670,#7671,#7672,#7673),.UNSPECIFIED.,.F.,.F.,(7,5,5,5,
    7),(0.,0.303886728014,0.475760167283,0.732155496902,1.),
  .UNSPECIFIED.);
#7652 = CARTESIAN_POINT('',(3.073168607947,0.));
#7653 = CARTESIAN_POINT('',(3.073168607947,8.603468410272E-02));
#7654 = CARTESIAN_POINT('',(3.073684820804,0.172099615985));
#7655 = CARTESIAN_POINT('',(3.074717843318,0.257769349855));
#7656 = CARTESIAN_POINT('',(3.076246479704,0.342776102794));
#7657 = CARTESIAN_POINT('',(3.078238194736,0.426898953196));
#7658 = CARTESIAN_POINT('',(3.082013942339,0.55689642544));
#7659 = CARTESIAN_POINT('',(3.083512739715,0.603525236454));
#7660 = CARTESIAN_POINT('',(3.085139079515,0.649796983363));
#7661 = CARTESIAN_POINT('',(3.086885317126,0.695699764047));
#7662 = CARTESIAN_POINT('',(3.088743698511,0.741230572047));
#7663 = CARTESIAN_POINT('',(3.09363496734,0.85376535642));
#7664 = CARTESIAN_POINT('',(3.096795849611,0.920314178492));
#7665 = CARTESIAN_POINT('',(3.100164537935,0.986064060194));
#7666 = CARTESIAN_POINT('',(3.103716988414,1.051061490363));
#7667 = CARTESIAN_POINT('',(3.107430508805,1.115374411061));
#7668 = CARTESIAN_POINT('',(3.115310334489,1.245654003662));
#7669 = CARTESIAN_POINT('',(3.119489062465,1.31156006622));
#7670 = CARTESIAN_POINT('',(3.123797012008,1.376915395779));
#7671 = CARTESIAN_POINT('',(3.128211350132,1.44182619952));
#7672 = CARTESIAN_POINT('',(3.132709572445,1.506408326237));
#7673 = CARTESIAN_POINT('',(3.137269117176,1.570796326795));
#7674 = ( GEOMETRIC_REPRESENTATION_CONTEXT(2) 
PARAMETRIC_REPRESENTATION_CONTEXT() REPRESENTATION_CONTEXT('2D SPACE',''
  ) );
#7675 = ORIENTED_EDGE('',*,*,#7676,.T.);
#7676 = EDGE_CURVE('',#7597,#7393,#7677,.T.);
#7677 = SURFACE_CURVE('',#7678,(#7682,#7689),.PCURVE_S1.);
#7678 = LINE('',#7679,#7680);
#7679 = CARTESIAN_POINT('',(-33.5,6.820447995441,32.271919858017));
#7680 = VECTOR('',#7681,1.);
#7681 = DIRECTION('',(-1.,-0.,-1.110223024625E-16));
#7682 = PCURVE('',#962,#7683);
#7683 = DEFINITIONAL_REPRESENTATION('',(#7684),#7688);
#7684 = LINE('',#7685,#7686);
#7685 = CARTESIAN_POINT('',(1.160288682374,-1.));
#7686 = VECTOR('',#7687,1.);
#7687 = DIRECTION('',(0.,1.));
#7688 = ( GEOMETRIC_REPRESENTATION_CONTEXT(2) 
PARAMETRIC_REPRESENTATION_CONTEXT() REPRESENTATION_CONTEXT('2D SPACE',''
  ) );
#7689 = PCURVE('',#7243,#7690);
#7690 = DEFINITIONAL_REPRESENTATION('',(#7691),#7695);
#7691 = LINE('',#7692,#7693);
#7692 = CARTESIAN_POINT('',(-3.073168607947,0.));
#7693 = VECTOR('',#7694,1.);
#7694 = DIRECTION('',(-0.,1.));
#7695 = ( GEOMETRIC_REPRESENTATION_CONTEXT(2) 
PARAMETRIC_REPRESENTATION_CONTEXT() REPRESENTATION_CONTEXT('2D SPACE',''
  ) );
#7696 = ORIENTED_EDGE('',*,*,#7416,.F.);
#7697 = ADVANCED_FACE('',(#7698),#2143,.T.);
#7698 = FACE_BOUND('',#7699,.T.);
#7699 = EDGE_LOOP('',(#7700,#7701,#7702,#7703,#7783,#7811));
#7700 = ORIENTED_EDGE('',*,*,#2127,.T.);
#7701 = ORIENTED_EDGE('',*,*,#7445,.T.);
#7702 = ORIENTED_EDGE('',*,*,#3941,.F.);
#7703 = ORIENTED_EDGE('',*,*,#7704,.F.);
#7704 = EDGE_CURVE('',#7705,#3913,#7707,.T.);
#7705 = VERTEX_POINT('',#7706);
#7706 = CARTESIAN_POINT('',(-26.3,13.885281374239,11.254429943387));
#7707 = SURFACE_CURVE('',#7708,(#7731,#7757),.PCURVE_S1.);
#7708 = B_SPLINE_CURVE_WITH_KNOTS('',6,(#7709,#7710,#7711,#7712,#7713,
    #7714,#7715,#7716,#7717,#7718,#7719,#7720,#7721,#7722,#7723,#7724,
    #7725,#7726,#7727,#7728,#7729,#7730),.UNSPECIFIED.,.F.,.F.,(7,5,5,5,
    7),(0.,0.303886728015,0.475760167284,0.732155496903,1.),
  .UNSPECIFIED.);
#7709 = CARTESIAN_POINT('',(-26.3,13.885281374239,11.254429943387));
#7710 = CARTESIAN_POINT('',(-26.23117225271,13.885281374239,
    11.254429943387));
#7711 = CARTESIAN_POINT('',(-26.16232012151,13.885281374239,
    11.263856849137));
#7712 = CARTESIAN_POINT('',(-26.09470230168,13.885281374239,
    11.282722312457));
#7713 = CARTESIAN_POINT('',(-26.02944852344,13.885281374239,
    11.310552816116));
#7714 = CARTESIAN_POINT('',(-25.96748114705,13.885281374239,
    11.346593983345));
#7715 = CARTESIAN_POINT('',(-25.87671410466,13.885281374239,
    11.414381522201));
#7716 = CARTESIAN_POINT('',(-25.84519031381,13.885281374239,
    11.441199476241));
#7717 = CARTESIAN_POINT('',(-25.81505209884,13.885281374239,
    11.470183815612));
#7718 = CARTESIAN_POINT('',(-25.78639077033,13.885281374239,
    11.501163145336));
#7719 = CARTESIAN_POINT('',(-25.75927438434,13.885281374239,
    11.533964878108));
#7720 = CARTESIAN_POINT('',(-25.69567847145,13.885281374239,
    11.619826132229));
#7721 = CARTESIAN_POINT('',(-25.66115442197,13.885281374239,
    11.674912359269));
#7722 = CARTESIAN_POINT('',(-25.63033615533,13.885281374239,
    11.733133960318));
#7723 = CARTESIAN_POINT('',(-25.60329647099,13.885281374239,
    11.793971343581));
#7724 = CARTESIAN_POINT('',(-25.58005229441,13.885281374239,
    11.85694786747));
#7725 = CARTESIAN_POINT('',(-25.54026338561,13.885281374239,
    11.989230777697));
#7726 = CARTESIAN_POINT('',(-25.52406601955,13.885281374239,
    12.058687534398));
#7727 = CARTESIAN_POINT('',(-25.51198505447,13.885281374239,
    12.129538087039));
#7728 = CARTESIAN_POINT('',(-25.50397991889,13.885281374239,
    12.201344896674));
#7729 = CARTESIAN_POINT('',(-25.5,13.885281374239,12.273703732804));
#7730 = CARTESIAN_POINT('',(-25.5,13.885281374239,12.346237516176));
#7731 = PCURVE('',#2143,#7732);
#7732 = DEFINITIONAL_REPRESENTATION('',(#7733),#7756);
#7733 = B_SPLINE_CURVE_WITH_KNOTS('',6,(#7734,#7735,#7736,#7737,#7738,
    #7739,#7740,#7741,#7742,#7743,#7744,#7745,#7746,#7747,#7748,#7749,
    #7750,#7751,#7752,#7753,#7754,#7755),.UNSPECIFIED.,.F.,.F.,(7,5,5,5,
    7),(0.,0.303886728015,0.475760167284,0.732155496903,1.),
  .UNSPECIFIED.);
#7734 = CARTESIAN_POINT('',(1.160288682374,-8.2));
#7735 = CARTESIAN_POINT('',(1.160288682374,-8.268827747282));
#7736 = CARTESIAN_POINT('',(1.150861776624,-8.33767987849));
#7737 = CARTESIAN_POINT('',(1.131996313305,-8.40529769832));
#7738 = CARTESIAN_POINT('',(1.104165809645,-8.47055147656));
#7739 = CARTESIAN_POINT('',(1.068124642417,-8.532518852943));
#7740 = CARTESIAN_POINT('',(1.000337103561,-8.623285895333));
#7741 = CARTESIAN_POINT('',(0.973519149521,-8.654809686187));
#7742 = CARTESIAN_POINT('',(0.944534810149,-8.684947901158));
#7743 = CARTESIAN_POINT('',(0.913555480425,-8.713609229663));
#7744 = CARTESIAN_POINT('',(0.880753747653,-8.740725615655));
#7745 = CARTESIAN_POINT('',(0.794892493532,-8.804321528543));
#7746 = CARTESIAN_POINT('',(0.739806266493,-8.838845578028));
#7747 = CARTESIAN_POINT('',(0.681584665443,-8.869663844669));
#7748 = CARTESIAN_POINT('',(0.620747282181,-8.896703529004));
#7749 = CARTESIAN_POINT('',(0.557770758292,-8.919947705585));
#7750 = CARTESIAN_POINT('',(0.425487848064,-8.959736614386));
#7751 = CARTESIAN_POINT('',(0.356031091363,-8.975933980448));
#7752 = CARTESIAN_POINT('',(0.285180538723,-8.988014945529));
#7753 = CARTESIAN_POINT('',(0.213373729087,-8.996020081104));
#7754 = CARTESIAN_POINT('',(0.141014892957,-9.));
#7755 = CARTESIAN_POINT('',(6.848110958544E-02,-9.));
#7756 = ( GEOMETRIC_REPRESENTATION_CONTEXT(2) 
PARAMETRIC_REPRESENTATION_CONTEXT() REPRESENTATION_CONTEXT('2D SPACE',''
  ) );
#7757 = PCURVE('',#3929,#7758);
#7758 = DEFINITIONAL_REPRESENTATION('',(#7759),#7782);
#7759 = B_SPLINE_CURVE_WITH_KNOTS('',6,(#7760,#7761,#7762,#7763,#7764,
    #7765,#7766,#7767,#7768,#7769,#7770,#7771,#7772,#7773,#7774,#7775,
    #7776,#7777,#7778,#7779,#7780,#7781),.UNSPECIFIED.,.F.,.F.,(7,5,5,5,
    7),(0.,0.303886728015,0.475760167284,0.732155496903,1.),
  .UNSPECIFIED.);
#7760 = CARTESIAN_POINT('',(0.716974117755,0.));
#7761 = CARTESIAN_POINT('',(0.716974117755,8.603468410306E-02));
#7762 = CARTESIAN_POINT('',(0.717490330611,0.172099615986));
#7763 = CARTESIAN_POINT('',(0.718523353126,0.257769349856));
#7764 = CARTESIAN_POINT('',(0.720051989512,0.342776102795));
#7765 = CARTESIAN_POINT('',(0.722043704544,0.426898953197));
#7766 = CARTESIAN_POINT('',(0.725819452147,0.556896425442));
#7767 = CARTESIAN_POINT('',(0.727318249523,0.603525236456));
#7768 = CARTESIAN_POINT('',(0.728944589322,0.649796983365));
#7769 = CARTESIAN_POINT('',(0.730690826934,0.695699764049));
#7770 = CARTESIAN_POINT('',(0.732549208319,0.741230572049));
#7771 = CARTESIAN_POINT('',(0.737440477148,0.853765356422));
#7772 = CARTESIAN_POINT('',(0.740601359418,0.920314178494));
#7773 = CARTESIAN_POINT('',(0.743970047743,0.986064060196));
#7774 = CARTESIAN_POINT('',(0.747522498222,1.051061490365));
#7775 = CARTESIAN_POINT('',(0.751236018612,1.115374411063));
#7776 = CARTESIAN_POINT('',(0.759115844297,1.245654003664));
#7777 = CARTESIAN_POINT('',(0.763294572273,1.311560066221));
#7778 = CARTESIAN_POINT('',(0.767602521816,1.37691539578));
#7779 = CARTESIAN_POINT('',(0.772016859939,1.441826199521));
#7780 = CARTESIAN_POINT('',(0.776515082253,1.506408326238));
#7781 = CARTESIAN_POINT('',(0.781074626984,1.570796326795));
#7782 = ( GEOMETRIC_REPRESENTATION_CONTEXT(2) 
PARAMETRIC_REPRESENTATION_CONTEXT() REPRESENTATION_CONTEXT('2D SPACE',''
  ) );
#7783 = ORIENTED_EDGE('',*,*,#7784,.T.);
#7784 = EDGE_CURVE('',#7705,#7785,#7787,.T.);
#7785 = VERTEX_POINT('',#7786);
#7786 = CARTESIAN_POINT('',(-32.9,13.885281374239,11.254429943387));
#7787 = SURFACE_CURVE('',#7788,(#7792,#7799),.PCURVE_S1.);
#7788 = LINE('',#7789,#7790);
#7789 = CARTESIAN_POINT('',(-33.5,13.885281374239,11.254429943387));
#7790 = VECTOR('',#7791,1.);
#7791 = DIRECTION('',(-1.,-0.,-1.110223024625E-16));
#7792 = PCURVE('',#2143,#7793);
#7793 = DEFINITIONAL_REPRESENTATION('',(#7794),#7798);
#7794 = LINE('',#7795,#7796);
#7795 = CARTESIAN_POINT('',(1.160288682374,-1.));
#7796 = VECTOR('',#7797,1.);
#7797 = DIRECTION('',(0.,1.));
#7798 = ( GEOMETRIC_REPRESENTATION_CONTEXT(2) 
PARAMETRIC_REPRESENTATION_CONTEXT() REPRESENTATION_CONTEXT('2D SPACE',''
  ) );
#7799 = PCURVE('',#7800,#7805);
#7800 = CYLINDRICAL_SURFACE('',#7801,12.);
#7801 = AXIS2_PLACEMENT_3D('',#7802,#7803,#7804);
#7802 = CARTESIAN_POINT('',(-33.5,6.,20.3));
#7803 = DIRECTION('',(-1.,-0.,-1.110223024625E-16));
#7804 = DIRECTION('',(1.110223024625E-16,0.,-1.));
#7805 = DEFINITIONAL_REPRESENTATION('',(#7806),#7810);
#7806 = LINE('',#7807,#7808);
#7807 = CARTESIAN_POINT('',(-0.716974117755,0.));
#7808 = VECTOR('',#7809,1.);
#7809 = DIRECTION('',(-0.,1.));
#7810 = ( GEOMETRIC_REPRESENTATION_CONTEXT(2) 
PARAMETRIC_REPRESENTATION_CONTEXT() REPRESENTATION_CONTEXT('2D SPACE',''
  ) );
#7811 = ORIENTED_EDGE('',*,*,#7812,.F.);
#7812 = EDGE_CURVE('',#2099,#7785,#7813,.T.);
#7813 = SURFACE_CURVE('',#7814,(#7819,#7826),.PCURVE_S1.);
#7814 = HYPERBOLA('',#7815,7.885281374239,7.885281374239);
#7815 = AXIS2_PLACEMENT_3D('',#7816,#7817,#7818);
#7816 = CARTESIAN_POINT('',(-44.9,13.885281374239,20.3));
#7817 = DIRECTION('',(2.465190328816E-32,1.,-2.22044604925E-16));
#7818 = DIRECTION('',(1.,0.,1.110223024625E-16));
#7819 = PCURVE('',#2143,#7820);
#7820 = DEFINITIONAL_REPRESENTATION('',(#7821),#7825);
#7821 = HYPERBOLA('',#7822,7.885281374239,7.885281374239);
#7822 = AXIS2_PLACEMENT_2D('',#7823,#7824);
#7823 = CARTESIAN_POINT('',(-7.885281374239,10.4));
#7824 = DIRECTION('',(0.,-1.));
#7825 = ( GEOMETRIC_REPRESENTATION_CONTEXT(2) 
PARAMETRIC_REPRESENTATION_CONTEXT() REPRESENTATION_CONTEXT('2D SPACE',''
  ) );
#7826 = PCURVE('',#2115,#7827);
#7827 = DEFINITIONAL_REPRESENTATION('',(#7828),#7835);
#7828 = B_SPLINE_CURVE_WITH_KNOTS('',5,(#7829,#7830,#7831,#7832,#7833,
    #7834),.UNSPECIFIED.,.F.,.F.,(6,6),(0.912214069878,0.981692184838),
  .PIECEWISE_BEZIER_KNOTS.);
#7829 = CARTESIAN_POINT('',(0.763828395479,-0.6));
#7830 = CARTESIAN_POINT('',(0.754216913272,-0.485597294852));
#7831 = CARTESIAN_POINT('',(0.744725999001,-0.368443080922));
#7832 = CARTESIAN_POINT('',(0.735355485912,-0.248491337474));
#7833 = CARTESIAN_POINT('',(0.726105025852,-0.125693831255));
#7834 = CARTESIAN_POINT('',(0.716974117755,-1.054711873394E-15));
#7835 = ( GEOMETRIC_REPRESENTATION_CONTEXT(2) 
PARAMETRIC_REPRESENTATION_CONTEXT() REPRESENTATION_CONTEXT('2D SPACE',''
  ) );
#7836 = ADVANCED_FACE('',(#7837),#990,.T.);
#7837 = FACE_BOUND('',#7838,.T.);
#7838 = EDGE_LOOP('',(#7839,#7840,#7841,#7868,#7896,#7974));
#7839 = ORIENTED_EDGE('',*,*,#7574,.F.);
#7840 = ORIENTED_EDGE('',*,*,#974,.T.);
#7841 = ORIENTED_EDGE('',*,*,#7842,.F.);
#7842 = EDGE_CURVE('',#7843,#975,#7845,.T.);
#7843 = VERTEX_POINT('',#7844);
#7844 = CARTESIAN_POINT('',(-32.9,5.179552004559,32.271919858017));
#7845 = SURFACE_CURVE('',#7846,(#7851,#7858),.PCURVE_S1.);
#7846 = HYPERBOLA('',#7847,7.885281374239,7.885281374239);
#7847 = AXIS2_PLACEMENT_3D('',#7848,#7849,#7850);
#7848 = CARTESIAN_POINT('',(-44.9,11.575735931288,25.875735931288));
#7849 = DIRECTION('',(-7.850462293419E-17,0.707106781187,0.707106781187)
  );
#7850 = DIRECTION('',(1.,0.,1.110223024625E-16));
#7851 = PCURVE('',#990,#7852);
#7852 = DEFINITIONAL_REPRESENTATION('',(#7853),#7857);
#7853 = HYPERBOLA('',#7854,7.885281374239,7.885281374239);
#7854 = AXIS2_PLACEMENT_2D('',#7855,#7856);
#7855 = CARTESIAN_POINT('',(9.085281374239,10.4));
#7856 = DIRECTION('',(0.,-1.));
#7857 = ( GEOMETRIC_REPRESENTATION_CONTEXT(2) 
PARAMETRIC_REPRESENTATION_CONTEXT() REPRESENTATION_CONTEXT('2D SPACE',''
  ) );
#7858 = PCURVE('',#1019,#7859);
#7859 = DEFINITIONAL_REPRESENTATION('',(#7860),#7867);
#7860 = B_SPLINE_CURVE_WITH_KNOTS('',5,(#7861,#7862,#7863,#7864,#7865,
    #7866),.UNSPECIFIED.,.F.,.F.,(6,6),(-0.981692184838,-0.912214069878)
  ,.PIECEWISE_BEZIER_KNOTS.);
#7861 = CARTESIAN_POINT('',(3.210016699233,-1.942890293094E-15));
#7862 = CARTESIAN_POINT('',(3.200885791136,-0.125693831255));
#7863 = CARTESIAN_POINT('',(3.191635331076,-0.248491337474));
#7864 = CARTESIAN_POINT('',(3.182264817986,-0.368443080922));
#7865 = CARTESIAN_POINT('',(3.172773903716,-0.485597294852));
#7866 = CARTESIAN_POINT('',(3.163162421508,-0.6));
#7867 = ( GEOMETRIC_REPRESENTATION_CONTEXT(2) 
PARAMETRIC_REPRESENTATION_CONTEXT() REPRESENTATION_CONTEXT('2D SPACE',''
  ) );
#7868 = ORIENTED_EDGE('',*,*,#7869,.F.);
#7869 = EDGE_CURVE('',#7870,#7843,#7872,.T.);
#7870 = VERTEX_POINT('',#7871);
#7871 = CARTESIAN_POINT('',(-26.3,5.179552004559,32.271919858017));
#7872 = SURFACE_CURVE('',#7873,(#7877,#7884),.PCURVE_S1.);
#7873 = LINE('',#7874,#7875);
#7874 = CARTESIAN_POINT('',(-33.5,5.179552004559,32.271919858017));
#7875 = VECTOR('',#7876,1.);
#7876 = DIRECTION('',(-1.,-0.,-1.110223024625E-16));
#7877 = PCURVE('',#990,#7878);
#7878 = DEFINITIONAL_REPRESENTATION('',(#7879),#7883);
#7879 = LINE('',#7880,#7881);
#7880 = CARTESIAN_POINT('',(3.971131762598E-02,-1.));
#7881 = VECTOR('',#7882,1.);
#7882 = DIRECTION('',(0.,1.));
#7883 = ( GEOMETRIC_REPRESENTATION_CONTEXT(2) 
PARAMETRIC_REPRESENTATION_CONTEXT() REPRESENTATION_CONTEXT('2D SPACE',''
  ) );
#7884 = PCURVE('',#7885,#7890);
#7885 = CYLINDRICAL_SURFACE('',#7886,12.);
#7886 = AXIS2_PLACEMENT_3D('',#7887,#7888,#7889);
#7887 = CARTESIAN_POINT('',(-33.5,6.,20.3));
#7888 = DIRECTION('',(-1.,-0.,-1.110223024625E-16));
#7889 = DIRECTION('',(1.110223024625E-16,0.,-1.));
#7890 = DEFINITIONAL_REPRESENTATION('',(#7891),#7895);
#7891 = LINE('',#7892,#7893);
#7892 = CARTESIAN_POINT('',(-3.210016699233,0.));
#7893 = VECTOR('',#7894,1.);
#7894 = DIRECTION('',(-0.,1.));
#7895 = ( GEOMETRIC_REPRESENTATION_CONTEXT(2) 
PARAMETRIC_REPRESENTATION_CONTEXT() REPRESENTATION_CONTEXT('2D SPACE',''
  ) );
#7896 = ORIENTED_EDGE('',*,*,#7897,.T.);
#7897 = EDGE_CURVE('',#7870,#2914,#7898,.T.);
#7898 = SURFACE_CURVE('',#7899,(#7922,#7948),.PCURVE_S1.);
#7899 = B_SPLINE_CURVE_WITH_KNOTS('',6,(#7900,#7901,#7902,#7903,#7904,
    #7905,#7906,#7907,#7908,#7909,#7910,#7911,#7912,#7913,#7914,#7915,
    #7916,#7917,#7918,#7919,#7920,#7921),.UNSPECIFIED.,.F.,.F.,(7,5,5,5,
    7),(0.,0.303886728014,0.475760167283,0.732155496902,1.),
  .UNSPECIFIED.);
#7900 = CARTESIAN_POINT('',(-26.3,5.179552004559,32.271919858017));
#7901 = CARTESIAN_POINT('',(-26.23117225271,5.179552004559,
    32.271919858017));
#7902 = CARTESIAN_POINT('',(-26.16232012151,5.18621783354,
    32.265254029036));
#7903 = CARTESIAN_POINT('',(-26.09470230168,5.199557730584,
    32.251914131992));
#7904 = CARTESIAN_POINT('',(-26.02944852344,5.219236868445,
    32.232234994131));
#7905 = CARTESIAN_POINT('',(-25.96748114705,5.244721822194,
    32.206750040382));
#7906 = CARTESIAN_POINT('',(-25.87671410466,5.292654850599,
    32.158817011977));
#7907 = CARTESIAN_POINT('',(-25.84519031381,5.311618007758,
    32.139853854818));
#7908 = CARTESIAN_POINT('',(-25.81505209884,5.332113030676,32.1193588319
    ));
#7909 = CARTESIAN_POINT('',(-25.78639077033,5.3540187248,32.097453137776
    ));
#7910 = CARTESIAN_POINT('',(-25.75927438434,5.377213052478,
    32.074258810098));
#7911 = CARTESIAN_POINT('',(-25.69567847145,5.437926127508,
    32.013545735068));
#7912 = CARTESIAN_POINT('',(-25.66115442197,5.476877972197,
    31.974593890379));
#7913 = CARTESIAN_POINT('',(-25.63033615533,5.518046861111,
    31.933425001465));
#7914 = CARTESIAN_POINT('',(-25.60329647099,5.561065387366,
    31.890406475211));
#7915 = CARTESIAN_POINT('',(-25.58005229441,5.605596514463,
    31.845875348113));
#7916 = CARTESIAN_POINT('',(-25.54026338561,5.69913465732,
    31.752337205256));
#7917 = CARTESIAN_POINT('',(-25.52406601955,5.748248000983,
    31.703223861593));
#7918 = CARTESIAN_POINT('',(-25.51198505447,5.798346907206,
    31.65312495537));
#7919 = CARTESIAN_POINT('',(-25.50397991889,5.849121989235,
    31.602349873341));
#7920 = CARTESIAN_POINT('',(-25.5,5.900287412941,31.551184449635));
#7921 = CARTESIAN_POINT('',(-25.5,5.951576543029,31.499895319547));
#7922 = PCURVE('',#990,#7923);
#7923 = DEFINITIONAL_REPRESENTATION('',(#7924),#7947);
#7924 = B_SPLINE_CURVE_WITH_KNOTS('',6,(#7925,#7926,#7927,#7928,#7929,
    #7930,#7931,#7932,#7933,#7934,#7935,#7936,#7937,#7938,#7939,#7940,
    #7941,#7942,#7943,#7944,#7945,#7946),.UNSPECIFIED.,.F.,.F.,(7,5,5,5,
    7),(0.,0.303886728014,0.475760167283,0.732155496902,1.),
  .UNSPECIFIED.);
#7925 = CARTESIAN_POINT('',(3.971131762598E-02,-8.2));
#7926 = CARTESIAN_POINT('',(3.971131762598E-02,-8.268827747282));
#7927 = CARTESIAN_POINT('',(4.913822337548E-02,-8.337679878489));
#7928 = CARTESIAN_POINT('',(6.800368669492E-02,-8.405297698319));
#7929 = CARTESIAN_POINT('',(9.583419035429E-02,-8.470551476559));
#7930 = CARTESIAN_POINT('',(0.131875357583,-8.532518852942));
#7931 = CARTESIAN_POINT('',(0.199662896438,-8.623285895332));
#7932 = CARTESIAN_POINT('',(0.226480850478,-8.654809686185));
#7933 = CARTESIAN_POINT('',(0.255465189849,-8.684947901157));
#7934 = CARTESIAN_POINT('',(0.286444519573,-8.713609229662));
#7935 = CARTESIAN_POINT('',(0.319246252345,-8.740725615654));
#7936 = CARTESIAN_POINT('',(0.405107506466,-8.804321528542));
#7937 = CARTESIAN_POINT('',(0.460193733505,-8.838845578027));
#7938 = CARTESIAN_POINT('',(0.518415334555,-8.869663844668));
#7939 = CARTESIAN_POINT('',(0.579252717818,-8.896703529004));
#7940 = CARTESIAN_POINT('',(0.642229241706,-8.919947705585));
#7941 = CARTESIAN_POINT('',(0.774512151934,-8.959736614386));
#7942 = CARTESIAN_POINT('',(0.843968908635,-8.975933980448));
#7943 = CARTESIAN_POINT('',(0.914819461276,-8.988014945529));
#7944 = CARTESIAN_POINT('',(0.986626270912,-8.996020081104));
#7945 = CARTESIAN_POINT('',(1.058985107043,-9.));
#7946 = CARTESIAN_POINT('',(1.131518890415,-9.));
#7947 = ( GEOMETRIC_REPRESENTATION_CONTEXT(2) 
PARAMETRIC_REPRESENTATION_CONTEXT() REPRESENTATION_CONTEXT('2D SPACE',''
  ) );
#7948 = PCURVE('',#2953,#7949);
#7949 = DEFINITIONAL_REPRESENTATION('',(#7950),#7973);
#7950 = B_SPLINE_CURVE_WITH_KNOTS('',6,(#7951,#7952,#7953,#7954,#7955,
    #7956,#7957,#7958,#7959,#7960,#7961,#7962,#7963,#7964,#7965,#7966,
    #7967,#7968,#7969,#7970,#7971,#7972),.UNSPECIFIED.,.F.,.F.,(7,5,5,5,
    7),(0.,0.303886728014,0.475760167283,0.732155496902,1.),
  .UNSPECIFIED.);
#7951 = CARTESIAN_POINT('',(3.210016699233,0.));
#7952 = CARTESIAN_POINT('',(3.210016699233,8.603468410272E-02));
#7953 = CARTESIAN_POINT('',(3.209500486376,0.172099615985));
#7954 = CARTESIAN_POINT('',(3.208467463861,0.257769349855));
#7955 = CARTESIAN_POINT('',(3.206938827476,0.342776102794));
#7956 = CARTESIAN_POINT('',(3.204947112443,0.426898953196));
#7957 = CARTESIAN_POINT('',(3.20117136484,0.55689642544));
#7958 = CARTESIAN_POINT('',(3.199672567465,0.603525236454));
#7959 = CARTESIAN_POINT('',(3.198046227665,0.649796983363));
#7960 = CARTESIAN_POINT('',(3.196299990053,0.695699764047));
#7961 = CARTESIAN_POINT('',(3.194441608669,0.741230572047));
#7962 = CARTESIAN_POINT('',(3.18955033984,0.85376535642));
#7963 = CARTESIAN_POINT('',(3.186389457569,0.920314178492));
#7964 = CARTESIAN_POINT('',(3.183020769244,0.986064060194));
#7965 = CARTESIAN_POINT('',(3.179468318766,1.051061490363));
#7966 = CARTESIAN_POINT('',(3.175754798375,1.115374411061));
#7967 = CARTESIAN_POINT('',(3.16787497269,1.245654003662));
#7968 = CARTESIAN_POINT('',(3.163696244714,1.31156006622));
#7969 = CARTESIAN_POINT('',(3.159388295172,1.376915395779));
#7970 = CARTESIAN_POINT('',(3.154973957048,1.44182619952));
#7971 = CARTESIAN_POINT('',(3.150475734734,1.506408326237));
#7972 = CARTESIAN_POINT('',(3.145916190004,1.570796326795));
#7973 = ( GEOMETRIC_REPRESENTATION_CONTEXT(2) 
PARAMETRIC_REPRESENTATION_CONTEXT() REPRESENTATION_CONTEXT('2D SPACE',''
  ) );
#7974 = ORIENTED_EDGE('',*,*,#2913,.F.);
#7975 = ADVANCED_FACE('',(#7976),#2115,.T.);
#7976 = FACE_BOUND('',#7977,.F.);
#7977 = EDGE_LOOP('',(#7978,#8005,#8027,#8028));
#7978 = ORIENTED_EDGE('',*,*,#7979,.F.);
#7979 = EDGE_CURVE('',#7980,#2071,#7982,.T.);
#7980 = VERTEX_POINT('',#7981);
#7981 = CARTESIAN_POINT('',(-32.9,12.696488735544,10.342237268606));
#7982 = SURFACE_CURVE('',#7983,(#7988,#7998),.PCURVE_S1.);
#7983 = HYPERBOLA('',#7984,7.885281374239,7.885281374239);
#7984 = AXIS2_PLACEMENT_3D('',#7985,#7986,#7987);
#7985 = CARTESIAN_POINT('',(-44.9,3.959139004355,12.683403073067));
#7986 = DIRECTION('',(1.072393092426E-16,-0.258819045103,-0.965925826289
    ));
#7987 = DIRECTION('',(1.,0.,1.110223024625E-16));
#7988 = PCURVE('',#2115,#7989);
#7989 = DEFINITIONAL_REPRESENTATION('',(#7990),#7997);
#7990 = B_SPLINE_CURVE_WITH_KNOTS('',5,(#7991,#7992,#7993,#7994,#7995,
    #7996),.UNSPECIFIED.,.F.,.F.,(6,6),(-0.981692184838,-0.912214069878)
  ,.PIECEWISE_BEZIER_KNOTS.);
#7991 = CARTESIAN_POINT('',(0.592022821241,-1.942890293094E-15));
#7992 = CARTESIAN_POINT('',(0.582891913144,-0.125693831255));
#7993 = CARTESIAN_POINT('',(0.573641453084,-0.248491337474));
#7994 = CARTESIAN_POINT('',(0.564270939994,-0.368443080922));
#7995 = CARTESIAN_POINT('',(0.554780025724,-0.485597294852));
#7996 = CARTESIAN_POINT('',(0.545168543517,-0.6));
#7997 = ( GEOMETRIC_REPRESENTATION_CONTEXT(2) 
PARAMETRIC_REPRESENTATION_CONTEXT() REPRESENTATION_CONTEXT('2D SPACE',''
  ) );
#7998 = PCURVE('',#2086,#7999);
#7999 = DEFINITIONAL_REPRESENTATION('',(#8000),#8004);
#8000 = HYPERBOLA('',#8001,7.885281374239,7.885281374239);
#8001 = AXIS2_PLACEMENT_2D('',#8002,#8003);
#8002 = CARTESIAN_POINT('',(9.085281374239,10.4));
#8003 = DIRECTION('',(0.,-1.));
#8004 = ( GEOMETRIC_REPRESENTATION_CONTEXT(2) 
PARAMETRIC_REPRESENTATION_CONTEXT() REPRESENTATION_CONTEXT('2D SPACE',''
  ) );
#8005 = ORIENTED_EDGE('',*,*,#8006,.T.);
#8006 = EDGE_CURVE('',#7980,#7785,#8007,.T.);
#8007 = SURFACE_CURVE('',#8008,(#8013,#8020),.PCURVE_S1.);
#8008 = CIRCLE('',#8009,12.);
#8009 = AXIS2_PLACEMENT_3D('',#8010,#8011,#8012);
#8010 = CARTESIAN_POINT('',(-32.9,6.,20.3));
#8011 = DIRECTION('',(1.,-0.,1.110223024625E-16));
#8012 = DIRECTION('',(1.110223024625E-16,0.,-1.));
#8013 = PCURVE('',#2115,#8014);
#8014 = DEFINITIONAL_REPRESENTATION('',(#8015),#8019);
#8015 = LINE('',#8016,#8017);
#8016 = CARTESIAN_POINT('',(0.,-0.));
#8017 = VECTOR('',#8018,1.);
#8018 = DIRECTION('',(1.,-0.));
#8019 = ( GEOMETRIC_REPRESENTATION_CONTEXT(2) 
PARAMETRIC_REPRESENTATION_CONTEXT() REPRESENTATION_CONTEXT('2D SPACE',''
  ) );
#8020 = PCURVE('',#7800,#8021);
#8021 = DEFINITIONAL_REPRESENTATION('',(#8022),#8026);
#8022 = LINE('',#8023,#8024);
#8023 = CARTESIAN_POINT('',(-0.,-0.6));
#8024 = VECTOR('',#8025,1.);
#8025 = DIRECTION('',(-1.,0.));
#8026 = ( GEOMETRIC_REPRESENTATION_CONTEXT(2) 
PARAMETRIC_REPRESENTATION_CONTEXT() REPRESENTATION_CONTEXT('2D SPACE',''
  ) );
#8027 = ORIENTED_EDGE('',*,*,#7812,.F.);
#8028 = ORIENTED_EDGE('',*,*,#2098,.F.);
#8029 = ADVANCED_FACE('',(#8030),#1019,.T.);
#8030 = FACE_BOUND('',#8031,.F.);
#8031 = EDGE_LOOP('',(#8032,#8033,#8057,#8082));
#8032 = ORIENTED_EDGE('',*,*,#7842,.F.);
#8033 = ORIENTED_EDGE('',*,*,#8034,.T.);
#8034 = EDGE_CURVE('',#7843,#8035,#8037,.T.);
#8035 = VERTEX_POINT('',#8036);
#8036 = CARTESIAN_POINT('',(-32.9,3.693931042227,32.076334147858));
#8037 = SURFACE_CURVE('',#8038,(#8043,#8050),.PCURVE_S1.);
#8038 = CIRCLE('',#8039,12.);
#8039 = AXIS2_PLACEMENT_3D('',#8040,#8041,#8042);
#8040 = CARTESIAN_POINT('',(-32.9,6.,20.3));
#8041 = DIRECTION('',(1.,-0.,1.110223024625E-16));
#8042 = DIRECTION('',(1.110223024625E-16,0.,-1.));
#8043 = PCURVE('',#1019,#8044);
#8044 = DEFINITIONAL_REPRESENTATION('',(#8045),#8049);
#8045 = LINE('',#8046,#8047);
#8046 = CARTESIAN_POINT('',(0.,-0.));
#8047 = VECTOR('',#8048,1.);
#8048 = DIRECTION('',(1.,-0.));
#8049 = ( GEOMETRIC_REPRESENTATION_CONTEXT(2) 
PARAMETRIC_REPRESENTATION_CONTEXT() REPRESENTATION_CONTEXT('2D SPACE',''
  ) );
#8050 = PCURVE('',#7885,#8051);
#8051 = DEFINITIONAL_REPRESENTATION('',(#8052),#8056);
#8052 = LINE('',#8053,#8054);
#8053 = CARTESIAN_POINT('',(-0.,-0.6));
#8054 = VECTOR('',#8055,1.);
#8055 = DIRECTION('',(-1.,0.));
#8056 = ( GEOMETRIC_REPRESENTATION_CONTEXT(2) 
PARAMETRIC_REPRESENTATION_CONTEXT() REPRESENTATION_CONTEXT('2D SPACE',''
  ) );
#8057 = ORIENTED_EDGE('',*,*,#8058,.F.);
#8058 = EDGE_CURVE('',#1003,#8035,#8059,.T.);
#8059 = SURFACE_CURVE('',#8060,(#8065,#8075),.PCURVE_S1.);
#8060 = HYPERBOLA('',#8061,7.885281374239,7.885281374239);
#8061 = AXIS2_PLACEMENT_3D('',#8062,#8063,#8064);
#8062 = CARTESIAN_POINT('',(-44.9,-0.828853986079,24.242640687119));
#8063 = DIRECTION('',(-5.551115123126E-17,-0.866025403784,0.5));
#8064 = DIRECTION('',(1.,0.,1.110223024625E-16));
#8065 = PCURVE('',#1019,#8066);
#8066 = DEFINITIONAL_REPRESENTATION('',(#8067),#8074);
#8067 = B_SPLINE_CURVE_WITH_KNOTS('',5,(#8068,#8069,#8070,#8071,#8072,
    #8073),.UNSPECIFIED.,.F.,.F.,(6,6),(0.912214069878,0.981692184838),
  .PIECEWISE_BEZIER_KNOTS.);
#8068 = CARTESIAN_POINT('',(3.38182227347,-0.6));
#8069 = CARTESIAN_POINT('',(3.372210791263,-0.485597294852));
#8070 = CARTESIAN_POINT('',(3.362719876993,-0.368443080922));
#8071 = CARTESIAN_POINT('',(3.353349363903,-0.248491337474));
#8072 = CARTESIAN_POINT('',(3.344098903843,-0.125693831255));
#8073 = CARTESIAN_POINT('',(3.334967995746,7.216449660064E-16));
#8074 = ( GEOMETRIC_REPRESENTATION_CONTEXT(2) 
PARAMETRIC_REPRESENTATION_CONTEXT() REPRESENTATION_CONTEXT('2D SPACE',''
  ) );
#8075 = PCURVE('',#1047,#8076);
#8076 = DEFINITIONAL_REPRESENTATION('',(#8077),#8081);
#8077 = HYPERBOLA('',#8078,7.885281374239,7.885281374239);
#8078 = AXIS2_PLACEMENT_2D('',#8079,#8080);
#8079 = CARTESIAN_POINT('',(-7.885281374239,10.4));
#8080 = DIRECTION('',(0.,-1.));
#8081 = ( GEOMETRIC_REPRESENTATION_CONTEXT(2) 
PARAMETRIC_REPRESENTATION_CONTEXT() REPRESENTATION_CONTEXT('2D SPACE',''
  ) );
#8082 = ORIENTED_EDGE('',*,*,#1002,.F.);
#8083 = ADVANCED_FACE('',(#8084),#2086,.T.);
#8084 = FACE_BOUND('',#8085,.T.);
#8085 = EDGE_LOOP('',(#8086,#8107,#8108,#8109,#8132,#8210));
#8086 = ORIENTED_EDGE('',*,*,#8087,.F.);
#8087 = EDGE_CURVE('',#2043,#3867,#8088,.T.);
#8088 = SURFACE_CURVE('',#8089,(#8093,#8100),.PCURVE_S1.);
#8089 = LINE('',#8090,#8091);
#8090 = CARTESIAN_POINT('',(-34.5,11.575735931288,10.642542077422));
#8091 = VECTOR('',#8092,1.);
#8092 = DIRECTION('',(1.,0.,1.110223024625E-16));
#8093 = PCURVE('',#2086,#8094);
#8094 = DEFINITIONAL_REPRESENTATION('',(#8095),#8099);
#8095 = LINE('',#8096,#8097);
#8096 = CARTESIAN_POINT('',(1.2,-3.448162357012E-17));
#8097 = VECTOR('',#8098,1.);
#8098 = DIRECTION('',(0.,-1.));
#8099 = ( GEOMETRIC_REPRESENTATION_CONTEXT(2) 
PARAMETRIC_REPRESENTATION_CONTEXT() REPRESENTATION_CONTEXT('2D SPACE',''
  ) );
#8100 = PCURVE('',#2058,#8101);
#8101 = DEFINITIONAL_REPRESENTATION('',(#8102),#8106);
#8102 = LINE('',#8103,#8104);
#8103 = CARTESIAN_POINT('',(0.,0.));
#8104 = VECTOR('',#8105,1.);
#8105 = DIRECTION('',(0.,-1.));
#8106 = ( GEOMETRIC_REPRESENTATION_CONTEXT(2) 
PARAMETRIC_REPRESENTATION_CONTEXT() REPRESENTATION_CONTEXT('2D SPACE',''
  ) );
#8107 = ORIENTED_EDGE('',*,*,#2070,.T.);
#8108 = ORIENTED_EDGE('',*,*,#7979,.F.);
#8109 = ORIENTED_EDGE('',*,*,#8110,.F.);
#8110 = EDGE_CURVE('',#8111,#7980,#8113,.T.);
#8111 = VERTEX_POINT('',#8112);
#8112 = CARTESIAN_POINT('',(-26.3,12.696488735544,10.342237268606));
#8113 = SURFACE_CURVE('',#8114,(#8118,#8125),.PCURVE_S1.);
#8114 = LINE('',#8115,#8116);
#8115 = CARTESIAN_POINT('',(-33.5,12.696488735544,10.342237268606));
#8116 = VECTOR('',#8117,1.);
#8117 = DIRECTION('',(-1.,-0.,-1.110223024625E-16));
#8118 = PCURVE('',#2086,#8119);
#8119 = DEFINITIONAL_REPRESENTATION('',(#8120),#8124);
#8120 = LINE('',#8121,#8122);
#8121 = CARTESIAN_POINT('',(3.971131762598E-02,-1.));
#8122 = VECTOR('',#8123,1.);
#8123 = DIRECTION('',(0.,1.));
#8124 = ( GEOMETRIC_REPRESENTATION_CONTEXT(2) 
PARAMETRIC_REPRESENTATION_CONTEXT() REPRESENTATION_CONTEXT('2D SPACE',''
  ) );
#8125 = PCURVE('',#7800,#8126);
#8126 = DEFINITIONAL_REPRESENTATION('',(#8127),#8131);
#8127 = LINE('',#8128,#8129);
#8128 = CARTESIAN_POINT('',(-0.592022821241,0.));
#8129 = VECTOR('',#8130,1.);
#8130 = DIRECTION('',(-0.,1.));
#8131 = ( GEOMETRIC_REPRESENTATION_CONTEXT(2) 
PARAMETRIC_REPRESENTATION_CONTEXT() REPRESENTATION_CONTEXT('2D SPACE',''
  ) );
#8132 = ORIENTED_EDGE('',*,*,#8133,.T.);
#8133 = EDGE_CURVE('',#8111,#3890,#8134,.T.);
#8134 = SURFACE_CURVE('',#8135,(#8158,#8184),.PCURVE_S1.);
#8135 = B_SPLINE_CURVE_WITH_KNOTS('',6,(#8136,#8137,#8138,#8139,#8140,
    #8141,#8142,#8143,#8144,#8145,#8146,#8147,#8148,#8149,#8150,#8151,
    #8152,#8153,#8154,#8155,#8156,#8157),.UNSPECIFIED.,.F.,.F.,(7,5,5,5,
    7),(0.,0.303886728017,0.475760167286,0.732155496906,1.),
  .UNSPECIFIED.);
#8136 = CARTESIAN_POINT('',(-26.3,12.696488735544,10.342237268606));
#8137 = CARTESIAN_POINT('',(-26.23117225271,12.696488735544,
    10.342237268606));
#8138 = CARTESIAN_POINT('',(-26.1623201215,12.687383043818,
    10.344677131351));
#8139 = CARTESIAN_POINT('',(-26.09470230167,12.669160405573,
    10.349559872553));
#8140 = CARTESIAN_POINT('',(-26.02944852343,12.642278203329,
    10.356762936935));
#8141 = CARTESIAN_POINT('',(-25.96748114705,12.607465109093,
    10.366091077421));
#8142 = CARTESIAN_POINT('',(-25.87671410466,12.541987374611,
    10.383635783498));
#8143 = CARTESIAN_POINT('',(-25.84519031381,12.516083220195,
    10.390576780754));
#8144 = CARTESIAN_POINT('',(-25.81505209884,12.488086498238,
    10.398078479793));
#8145 = CARTESIAN_POINT('',(-25.78639077033,12.458162763577,
    10.40609652033));
#8146 = CARTESIAN_POINT('',(-25.75927438434,12.426478722745,
    10.414586233484));
#8147 = CARTESIAN_POINT('',(-25.69567847145,12.343543119912,
    10.436808761287));
#8148 = CARTESIAN_POINT('',(-25.66115442197,12.290333910542,
    10.451066125968));
#8149 = CARTESIAN_POINT('',(-25.63033615533,12.234096162439,
    10.466134985156));
#8150 = CARTESIAN_POINT('',(-25.60329647099,12.175331762742,
    10.481880858598));
#8151 = CARTESIAN_POINT('',(-25.58005229441,12.114501111868,
    10.498180382375));
#8152 = CARTESIAN_POINT('',(-25.54026338561,11.986725632503,
    10.532417718884));
#8153 = CARTESIAN_POINT('',(-25.52406601955,11.919635557396,
    10.550394450329));
#8154 = CARTESIAN_POINT('',(-25.51198505447,11.851199178794,
    10.568731922708));
#8155 = CARTESIAN_POINT('',(-25.50397991889,11.781839126864,
    10.58731689261));
#8156 = CARTESIAN_POINT('',(-25.5,11.711945858286,10.606044737481));
#8157 = CARTESIAN_POINT('',(-25.5,11.64188360365,10.624817862031));
#8158 = PCURVE('',#2086,#8159);
#8159 = DEFINITIONAL_REPRESENTATION('',(#8160),#8183);
#8160 = B_SPLINE_CURVE_WITH_KNOTS('',6,(#8161,#8162,#8163,#8164,#8165,
    #8166,#8167,#8168,#8169,#8170,#8171,#8172,#8173,#8174,#8175,#8176,
    #8177,#8178,#8179,#8180,#8181,#8182),.UNSPECIFIED.,.F.,.F.,(7,5,5,5,
    7),(0.,0.303886728017,0.475760167286,0.732155496906,1.),
  .UNSPECIFIED.);
#8161 = CARTESIAN_POINT('',(3.971131762598E-02,-8.2));
#8162 = CARTESIAN_POINT('',(3.971131762598E-02,-8.268827747283));
#8163 = CARTESIAN_POINT('',(4.913822337568E-02,-8.337679878491));
#8164 = CARTESIAN_POINT('',(6.800368669547E-02,-8.405297698321));
#8165 = CARTESIAN_POINT('',(9.58341903554E-02,-8.470551476562));
#8166 = CARTESIAN_POINT('',(0.131875357584,-8.532518852945));
#8167 = CARTESIAN_POINT('',(0.199662896441,-8.623285895335));
#8168 = CARTESIAN_POINT('',(0.226480850481,-8.654809686189));
#8169 = CARTESIAN_POINT('',(0.255465189853,-8.68494790116));
#8170 = CARTESIAN_POINT('',(0.286444519577,-8.713609229665));
#8171 = CARTESIAN_POINT('',(0.319246252349,-8.740725615657));
#8172 = CARTESIAN_POINT('',(0.40510750647,-8.804321528545));
#8173 = CARTESIAN_POINT('',(0.46019373351,-8.83884557803));
#8174 = CARTESIAN_POINT('',(0.51841533456,-8.86966384467));
#8175 = CARTESIAN_POINT('',(0.579252717822,-8.896703529006));
#8176 = CARTESIAN_POINT('',(0.642229241711,-8.919947705586));
#8177 = CARTESIAN_POINT('',(0.774512151939,-8.959736614387));
#8178 = CARTESIAN_POINT('',(0.843968908639,-8.975933980449));
#8179 = CARTESIAN_POINT('',(0.914819461279,-8.988014945529));
#8180 = CARTESIAN_POINT('',(0.986626270914,-8.996020081104));
#8181 = CARTESIAN_POINT('',(1.058985107043,-9.));
#8182 = CARTESIAN_POINT('',(1.131518890415,-9.));
#8183 = ( GEOMETRIC_REPRESENTATION_CONTEXT(2) 
PARAMETRIC_REPRESENTATION_CONTEXT() REPRESENTATION_CONTEXT('2D SPACE',''
  ) );
#8184 = PCURVE('',#3929,#8185);
#8185 = DEFINITIONAL_REPRESENTATION('',(#8186),#8209);
#8186 = B_SPLINE_CURVE_WITH_KNOTS('',6,(#8187,#8188,#8189,#8190,#8191,
    #8192,#8193,#8194,#8195,#8196,#8197,#8198,#8199,#8200,#8201,#8202,
    #8203,#8204,#8205,#8206,#8207,#8208),.UNSPECIFIED.,.F.,.F.,(7,5,5,5,
    7),(0.,0.303886728017,0.475760167286,0.732155496906,1.),
  .UNSPECIFIED.);
#8187 = CARTESIAN_POINT('',(0.592022821241,0.));
#8188 = CARTESIAN_POINT('',(0.592022821241,8.603468410359E-02));
#8189 = CARTESIAN_POINT('',(0.591506608384,0.172099615987));
#8190 = CARTESIAN_POINT('',(0.59047358587,0.257769349858));
#8191 = CARTESIAN_POINT('',(0.588944949484,0.342776102797));
#8192 = CARTESIAN_POINT('',(0.586953234452,0.4268989532));
#8193 = CARTESIAN_POINT('',(0.583177486849,0.556896425445));
#8194 = CARTESIAN_POINT('',(0.581678689473,0.603525236459));
#8195 = CARTESIAN_POINT('',(0.580052349673,0.649796983368));
#8196 = CARTESIAN_POINT('',(0.578306112062,0.695699764052));
#8197 = CARTESIAN_POINT('',(0.576447730677,0.741230572052));
#8198 = CARTESIAN_POINT('',(0.571556461848,0.853765356425));
#8199 = CARTESIAN_POINT('',(0.568395579577,0.920314178497));
#8200 = CARTESIAN_POINT('',(0.565026891253,0.986064060199));
#8201 = CARTESIAN_POINT('',(0.561474440774,1.051061490368));
#8202 = CARTESIAN_POINT('',(0.557760920383,1.115374411066));
#8203 = CARTESIAN_POINT('',(0.549881094699,1.245654003666));
#8204 = CARTESIAN_POINT('',(0.545702366723,1.311560066223));
#8205 = CARTESIAN_POINT('',(0.54139441718,1.376915395782));
#8206 = CARTESIAN_POINT('',(0.536980079056,1.441826199522));
#8207 = CARTESIAN_POINT('',(0.532481856743,1.506408326238));
#8208 = CARTESIAN_POINT('',(0.527922312012,1.570796326795));
#8209 = ( GEOMETRIC_REPRESENTATION_CONTEXT(2) 
PARAMETRIC_REPRESENTATION_CONTEXT() REPRESENTATION_CONTEXT('2D SPACE',''
  ) );
#8210 = ORIENTED_EDGE('',*,*,#3889,.F.);
#8211 = ADVANCED_FACE('',(#8212),#1047,.T.);
#8212 = FACE_BOUND('',#8213,.T.);
#8213 = EDGE_LOOP('',(#8214,#8215,#8236,#8237,#8317,#8338));
#8214 = ORIENTED_EDGE('',*,*,#1031,.T.);
#8215 = ORIENTED_EDGE('',*,*,#8216,.T.);
#8216 = EDGE_CURVE('',#1032,#2966,#8217,.T.);
#8217 = SURFACE_CURVE('',#8218,(#8222,#8229),.PCURVE_S1.);
#8218 = LINE('',#8219,#8220);
#8219 = CARTESIAN_POINT('',(-34.5,3.11378670104,31.071494673198));
#8220 = VECTOR('',#8221,1.);
#8221 = DIRECTION('',(1.,0.,1.110223024625E-16));
#8222 = PCURVE('',#1047,#8223);
#8223 = DEFINITIONAL_REPRESENTATION('',(#8224),#8228);
#8224 = LINE('',#8225,#8226);
#8225 = CARTESIAN_POINT('',(0.,0.));
#8226 = VECTOR('',#8227,1.);
#8227 = DIRECTION('',(0.,-1.));
#8228 = ( GEOMETRIC_REPRESENTATION_CONTEXT(2) 
PARAMETRIC_REPRESENTATION_CONTEXT() REPRESENTATION_CONTEXT('2D SPACE',''
  ) );
#8229 = PCURVE('',#1075,#8230);
#8230 = DEFINITIONAL_REPRESENTATION('',(#8231),#8235);
#8231 = LINE('',#8232,#8233);
#8232 = CARTESIAN_POINT('',(1.2,6.661338147751E-17));
#8233 = VECTOR('',#8234,1.);
#8234 = DIRECTION('',(0.,-1.));
#8235 = ( GEOMETRIC_REPRESENTATION_CONTEXT(2) 
PARAMETRIC_REPRESENTATION_CONTEXT() REPRESENTATION_CONTEXT('2D SPACE',''
  ) );
#8236 = ORIENTED_EDGE('',*,*,#2965,.F.);
#8237 = ORIENTED_EDGE('',*,*,#8238,.F.);
#8238 = EDGE_CURVE('',#8239,#2937,#8241,.T.);
#8239 = VERTEX_POINT('',#8240);
#8240 = CARTESIAN_POINT('',(-26.3,3.693931042227,32.076334147858));
#8241 = SURFACE_CURVE('',#8242,(#8265,#8291),.PCURVE_S1.);
#8242 = B_SPLINE_CURVE_WITH_KNOTS('',6,(#8243,#8244,#8245,#8246,#8247,
    #8248,#8249,#8250,#8251,#8252,#8253,#8254,#8255,#8256,#8257,#8258,
    #8259,#8260,#8261,#8262,#8263,#8264),.UNSPECIFIED.,.F.,.F.,(7,5,5,5,
    7),(0.,0.303886728021,0.47576016729,0.73215549691,1.),
  .UNSPECIFIED.);
#8243 = CARTESIAN_POINT('',(-26.3,3.693931042227,32.076334147858));
#8244 = CARTESIAN_POINT('',(-26.23117225271,3.693931042227,
    32.076334147858));
#8245 = CARTESIAN_POINT('',(-26.1623201215,3.689217589352,
    32.068170207999));
#8246 = CARTESIAN_POINT('',(-26.09470230167,3.679784857692,
    32.051832237509));
#8247 = CARTESIAN_POINT('',(-26.02944852343,3.665869605862,
    32.027730314339));
#8248 = CARTESIAN_POINT('',(-25.96748114705,3.647849022247,
    31.996517747936));
#8249 = CARTESIAN_POINT('',(-25.87671410466,3.613955252818,
    31.937812017225));
#8250 = CARTESIAN_POINT('',(-25.8451903138,3.600546275798,
    31.914586987748));
#8251 = CARTESIAN_POINT('',(-25.81505209883,3.586054106112,
    31.889485813541));
#8252 = CARTESIAN_POINT('',(-25.78639077033,3.57056444125,
    31.862656927007));
#8253 = CARTESIAN_POINT('',(-25.75927438433,3.554163574863,
    31.834249793138));
#8254 = CARTESIAN_POINT('',(-25.69567847145,3.511232947802,
    31.759891765867));
#8255 = CARTESIAN_POINT('',(-25.66115442196,3.483689834283,
    31.712185693852));
#8256 = CARTESIAN_POINT('',(-25.63033615532,3.454579033757,
    31.661764308294));
#8257 = CARTESIAN_POINT('',(-25.60329647099,3.424160342126,
    31.609077588889));
#8258 = CARTESIAN_POINT('',(-25.58005229441,3.392672080181,
    31.554538319358));
#8259 = CARTESIAN_POINT('',(-25.54026338561,3.326530625068,
    31.439977958616));
#8260 = CARTESIAN_POINT('',(-25.52406601955,3.291802246719,
    31.37982664285));
#8261 = CARTESIAN_POINT('',(-25.51198505447,3.256376970399,
    31.318468264392));
#8262 = CARTESIAN_POINT('',(-25.50397991889,3.220473565582,
    31.256281743085));
#8263 = CARTESIAN_POINT('',(-25.5,3.184294147518,31.193617152809));
#8264 = CARTESIAN_POINT('',(-25.5,3.148027255833,31.130801053778));
#8265 = PCURVE('',#1047,#8266);
#8266 = DEFINITIONAL_REPRESENTATION('',(#8267),#8290);
#8267 = B_SPLINE_CURVE_WITH_KNOTS('',6,(#8268,#8269,#8270,#8271,#8272,
    #8273,#8274,#8275,#8276,#8277,#8278,#8279,#8280,#8281,#8282,#8283,
    #8284,#8285,#8286,#8287,#8288,#8289),.UNSPECIFIED.,.F.,.F.,(7,5,5,5,
    7),(0.,0.303886728021,0.47576016729,0.73215549691,1.),
  .UNSPECIFIED.);
#8268 = CARTESIAN_POINT('',(1.160288682374,-8.2));
#8269 = CARTESIAN_POINT('',(1.160288682374,-8.268827747284));
#8270 = CARTESIAN_POINT('',(1.150861776624,-8.337679878492));
#8271 = CARTESIAN_POINT('',(1.131996313304,-8.405297698324));
#8272 = CARTESIAN_POINT('',(1.104165809643,-8.470551476565));
#8273 = CARTESIAN_POINT('',(1.068124642413,-8.532518852949));
#8274 = CARTESIAN_POINT('',(1.000337103555,-8.62328589534));
#8275 = CARTESIAN_POINT('',(0.973519149515,-8.654809686193));
#8276 = CARTESIAN_POINT('',(0.944534810143,-8.684947901164));
#8277 = CARTESIAN_POINT('',(0.913555480418,-8.713609229669));
#8278 = CARTESIAN_POINT('',(0.880753747646,-8.740725615661));
#8279 = CARTESIAN_POINT('',(0.794892493524,-8.804321528548));
#8280 = CARTESIAN_POINT('',(0.739806266484,-8.838845578033));
#8281 = CARTESIAN_POINT('',(0.681584665434,-8.869663844673));
#8282 = CARTESIAN_POINT('',(0.620747282171,-8.896703529008));
#8283 = CARTESIAN_POINT('',(0.557770758282,-8.919947705589));
#8284 = CARTESIAN_POINT('',(0.425487848055,-8.959736614388));
#8285 = CARTESIAN_POINT('',(0.356031091356,-8.97593398045));
#8286 = CARTESIAN_POINT('',(0.285180538717,-8.98801494553));
#8287 = CARTESIAN_POINT('',(0.213373729083,-8.996020081104));
#8288 = CARTESIAN_POINT('',(0.141014892955,-9.));
#8289 = CARTESIAN_POINT('',(6.848110958543E-02,-9.));
#8290 = ( GEOMETRIC_REPRESENTATION_CONTEXT(2) 
PARAMETRIC_REPRESENTATION_CONTEXT() REPRESENTATION_CONTEXT('2D SPACE',''
  ) );
#8291 = PCURVE('',#2953,#8292);
#8292 = DEFINITIONAL_REPRESENTATION('',(#8293),#8316);
#8293 = B_SPLINE_CURVE_WITH_KNOTS('',6,(#8294,#8295,#8296,#8297,#8298,
    #8299,#8300,#8301,#8302,#8303,#8304,#8305,#8306,#8307,#8308,#8309,
    #8310,#8311,#8312,#8313,#8314,#8315),.UNSPECIFIED.,.F.,.F.,(7,5,5,5,
    7),(0.,0.303886728021,0.47576016729,0.73215549691,1.),
  .UNSPECIFIED.);
#8294 = CARTESIAN_POINT('',(3.334967995746,0.));
#8295 = CARTESIAN_POINT('',(3.334967995746,8.60346841048E-02));
#8296 = CARTESIAN_POINT('',(3.335484208603,0.172099615989));
#8297 = CARTESIAN_POINT('',(3.336517231117,0.257769349862));
#8298 = CARTESIAN_POINT('',(3.338045867503,0.342776102802));
#8299 = CARTESIAN_POINT('',(3.340037582536,0.426898953206));
#8300 = CARTESIAN_POINT('',(3.343813330139,0.556896425452));
#8301 = CARTESIAN_POINT('',(3.345312127515,0.603525236466));
#8302 = CARTESIAN_POINT('',(3.346938467314,0.649796983375));
#8303 = CARTESIAN_POINT('',(3.348684704926,0.695699764059));
#8304 = CARTESIAN_POINT('',(3.350543086311,0.741230572059));
#8305 = CARTESIAN_POINT('',(3.35543435514,0.853765356432));
#8306 = CARTESIAN_POINT('',(3.35859523741,0.920314178504));
#8307 = CARTESIAN_POINT('',(3.361963925735,0.986064060206));
#8308 = CARTESIAN_POINT('',(3.365516376214,1.051061490375));
#8309 = CARTESIAN_POINT('',(3.369229896604,1.115374411073));
#8310 = CARTESIAN_POINT('',(3.377109722289,1.245654003672));
#8311 = CARTESIAN_POINT('',(3.381288450265,1.311560066227));
#8312 = CARTESIAN_POINT('',(3.385596399807,1.376915395785));
#8313 = CARTESIAN_POINT('',(3.390010737931,1.441826199524));
#8314 = CARTESIAN_POINT('',(3.394508960245,1.506408326239));
#8315 = CARTESIAN_POINT('',(3.399068504975,1.570796326795));
#8316 = ( GEOMETRIC_REPRESENTATION_CONTEXT(2) 
PARAMETRIC_REPRESENTATION_CONTEXT() REPRESENTATION_CONTEXT('2D SPACE',''
  ) );
#8317 = ORIENTED_EDGE('',*,*,#8318,.T.);
#8318 = EDGE_CURVE('',#8239,#8035,#8319,.T.);
#8319 = SURFACE_CURVE('',#8320,(#8324,#8331),.PCURVE_S1.);
#8320 = LINE('',#8321,#8322);
#8321 = CARTESIAN_POINT('',(-33.5,3.693931042227,32.076334147858));
#8322 = VECTOR('',#8323,1.);
#8323 = DIRECTION('',(-1.,-0.,-1.110223024625E-16));
#8324 = PCURVE('',#1047,#8325);
#8325 = DEFINITIONAL_REPRESENTATION('',(#8326),#8330);
#8326 = LINE('',#8327,#8328);
#8327 = CARTESIAN_POINT('',(1.160288682374,-1.));
#8328 = VECTOR('',#8329,1.);
#8329 = DIRECTION('',(0.,1.));
#8330 = ( GEOMETRIC_REPRESENTATION_CONTEXT(2) 
PARAMETRIC_REPRESENTATION_CONTEXT() REPRESENTATION_CONTEXT('2D SPACE',''
  ) );
#8331 = PCURVE('',#7885,#8332);
#8332 = DEFINITIONAL_REPRESENTATION('',(#8333),#8337);
#8333 = LINE('',#8334,#8335);
#8334 = CARTESIAN_POINT('',(-3.334967995746,0.));
#8335 = VECTOR('',#8336,1.);
#8336 = DIRECTION('',(-0.,1.));
#8337 = ( GEOMETRIC_REPRESENTATION_CONTEXT(2) 
PARAMETRIC_REPRESENTATION_CONTEXT() REPRESENTATION_CONTEXT('2D SPACE',''
  ) );
#8338 = ORIENTED_EDGE('',*,*,#8058,.F.);
#8339 = ADVANCED_FACE('',(#8340),#2058,.T.);
#8340 = FACE_BOUND('',#8341,.T.);
#8341 = EDGE_LOOP('',(#8342,#8343,#8344,#8345,#8425,#8448));
#8342 = ORIENTED_EDGE('',*,*,#2042,.T.);
#8343 = ORIENTED_EDGE('',*,*,#8087,.T.);
#8344 = ORIENTED_EDGE('',*,*,#3866,.F.);
#8345 = ORIENTED_EDGE('',*,*,#8346,.F.);
#8346 = EDGE_CURVE('',#8347,#3838,#8349,.T.);
#8347 = VERTEX_POINT('',#8348);
#8348 = CARTESIAN_POINT('',(-26.3,11.275431122473,9.521789273166));
#8349 = SURFACE_CURVE('',#8350,(#8373,#8399),.PCURVE_S1.);
#8350 = B_SPLINE_CURVE_WITH_KNOTS('',6,(#8351,#8352,#8353,#8354,#8355,
    #8356,#8357,#8358,#8359,#8360,#8361,#8362,#8363,#8364,#8365,#8366,
    #8367,#8368,#8369,#8370,#8371,#8372),.UNSPECIFIED.,.F.,.F.,(7,5,5,5,
    7),(0.,0.303886728018,0.475760167287,0.732155496907,1.),
  .UNSPECIFIED.);
#8351 = CARTESIAN_POINT('',(-26.3,11.275431122473,9.521789273166));
#8352 = CARTESIAN_POINT('',(-26.23117225271,11.275431122473,
    9.521789273166));
#8353 = CARTESIAN_POINT('',(-26.1623201215,11.277870985217,
    9.530894964891));
#8354 = CARTESIAN_POINT('',(-26.09470230167,11.282753726419,
    9.549117603137));
#8355 = CARTESIAN_POINT('',(-26.02944852343,11.289956790801,
    9.575999805381));
#8356 = CARTESIAN_POINT('',(-25.96748114705,11.299284931288,
    9.610812899618));
#8357 = CARTESIAN_POINT('',(-25.87671410466,11.316829637365,9.6762906341
    ));
#8358 = CARTESIAN_POINT('',(-25.84519031381,11.323770634621,
    9.702194788516));
#8359 = CARTESIAN_POINT('',(-25.81505209883,11.33127233366,
    9.730191510473));
#8360 = CARTESIAN_POINT('',(-25.78639077033,11.339290374197,
    9.760115245135));
#8361 = CARTESIAN_POINT('',(-25.75927438434,11.347780087351,
    9.791799285966));
#8362 = CARTESIAN_POINT('',(-25.69567847145,11.370002615154,9.8747348888
    ));
#8363 = CARTESIAN_POINT('',(-25.66115442196,11.384259979835,
    9.92794409817));
#8364 = CARTESIAN_POINT('',(-25.63033615532,11.399328839023,
    9.984181846273));
#8365 = CARTESIAN_POINT('',(-25.60329647099,11.415074712465,
    10.04294624597));
#8366 = CARTESIAN_POINT('',(-25.58005229441,11.431374236242,
    10.103776896844));
#8367 = CARTESIAN_POINT('',(-25.54026338561,11.465611572751,
    10.231552376209));
#8368 = CARTESIAN_POINT('',(-25.52406601955,11.483588304196,
    10.298642451316));
#8369 = CARTESIAN_POINT('',(-25.51198505447,11.501925776575,
    10.367078829917));
#8370 = CARTESIAN_POINT('',(-25.50397991889,11.520510746476,
    10.436438881847));
#8371 = CARTESIAN_POINT('',(-25.5,11.539238591348,10.506332150424));
#8372 = CARTESIAN_POINT('',(-25.5,11.558011715898,10.57639440506));
#8373 = PCURVE('',#2058,#8374);
#8374 = DEFINITIONAL_REPRESENTATION('',(#8375),#8398);
#8375 = B_SPLINE_CURVE_WITH_KNOTS('',6,(#8376,#8377,#8378,#8379,#8380,
    #8381,#8382,#8383,#8384,#8385,#8386,#8387,#8388,#8389,#8390,#8391,
    #8392,#8393,#8394,#8395,#8396,#8397),.UNSPECIFIED.,.F.,.F.,(7,5,5,5,
    7),(0.,0.303886728018,0.475760167287,0.732155496907,1.),
  .UNSPECIFIED.);
#8376 = CARTESIAN_POINT('',(1.160288682374,-8.2));
#8377 = CARTESIAN_POINT('',(1.160288682374,-8.268827747283));
#8378 = CARTESIAN_POINT('',(1.150861776624,-8.337679878491));
#8379 = CARTESIAN_POINT('',(1.131996313304,-8.405297698322));
#8380 = CARTESIAN_POINT('',(1.104165809644,-8.470551476563));
#8381 = CARTESIAN_POINT('',(1.068124642415,-8.532518852947));
#8382 = CARTESIAN_POINT('',(1.000337103558,-8.623285895337));
#8383 = CARTESIAN_POINT('',(0.973519149517,-8.65480968619));
#8384 = CARTESIAN_POINT('',(0.944534810146,-8.684947901162));
#8385 = CARTESIAN_POINT('',(0.913555480421,-8.713609229667));
#8386 = CARTESIAN_POINT('',(0.880753747649,-8.740725615658));
#8387 = CARTESIAN_POINT('',(0.794892493528,-8.804321528546));
#8388 = CARTESIAN_POINT('',(0.739806266488,-8.838845578031));
#8389 = CARTESIAN_POINT('',(0.681584665438,-8.869663844671));
#8390 = CARTESIAN_POINT('',(0.620747282175,-8.896703529007));
#8391 = CARTESIAN_POINT('',(0.557770758286,-8.919947705587));
#8392 = CARTESIAN_POINT('',(0.425487848059,-8.959736614387));
#8393 = CARTESIAN_POINT('',(0.356031091359,-8.975933980449));
#8394 = CARTESIAN_POINT('',(0.28518053872,-8.98801494553));
#8395 = CARTESIAN_POINT('',(0.213373729085,-8.996020081104));
#8396 = CARTESIAN_POINT('',(0.141014892956,-9.));
#8397 = CARTESIAN_POINT('',(6.848110958544E-02,-9.));
#8398 = ( GEOMETRIC_REPRESENTATION_CONTEXT(2) 
PARAMETRIC_REPRESENTATION_CONTEXT() REPRESENTATION_CONTEXT('2D SPACE',''
  ) );
#8399 = PCURVE('',#3854,#8400);
#8400 = DEFINITIONAL_REPRESENTATION('',(#8401),#8424);
#8401 = B_SPLINE_CURVE_WITH_KNOTS('',6,(#8402,#8403,#8404,#8405,#8406,
    #8407,#8408,#8409,#8410,#8411,#8412,#8413,#8414,#8415,#8416,#8417,
    #8418,#8419,#8420,#8421,#8422,#8423),.UNSPECIFIED.,.F.,.F.,(7,5,5,5,
    7),(0.,0.303886728018,0.475760167287,0.732155496907,1.),
  .UNSPECIFIED.);
#8402 = CARTESIAN_POINT('',(0.455174729956,0.));
#8403 = CARTESIAN_POINT('',(0.455174729956,8.603468410401E-02));
#8404 = CARTESIAN_POINT('',(0.455690942812,0.172099615988));
#8405 = CARTESIAN_POINT('',(0.456723965327,0.257769349859));
#8406 = CARTESIAN_POINT('',(0.458252601713,0.342776102799));
#8407 = CARTESIAN_POINT('',(0.460244316745,0.426898953202));
#8408 = CARTESIAN_POINT('',(0.464020064348,0.556896425447));
#8409 = CARTESIAN_POINT('',(0.465518861724,0.603525236461));
#8410 = CARTESIAN_POINT('',(0.467145201523,0.64979698337));
#8411 = CARTESIAN_POINT('',(0.468891439135,0.695699764054));
#8412 = CARTESIAN_POINT('',(0.47074982052,0.741230572054));
#8413 = CARTESIAN_POINT('',(0.475641089349,0.853765356427));
#8414 = CARTESIAN_POINT('',(0.478801971619,0.9203141785));
#8415 = CARTESIAN_POINT('',(0.482170659944,0.986064060201));
#8416 = CARTESIAN_POINT('',(0.485723110423,1.051061490371));
#8417 = CARTESIAN_POINT('',(0.489436630813,1.115374411068));
#8418 = CARTESIAN_POINT('',(0.497316456498,1.245654003669));
#8419 = CARTESIAN_POINT('',(0.501495184474,1.311560066224));
#8420 = CARTESIAN_POINT('',(0.505803134017,1.376915395783));
#8421 = CARTESIAN_POINT('',(0.51021747214,1.441826199522));
#8422 = CARTESIAN_POINT('',(0.514715694454,1.506408326239));
#8423 = CARTESIAN_POINT('',(0.519275239185,1.570796326795));
#8424 = ( GEOMETRIC_REPRESENTATION_CONTEXT(2) 
PARAMETRIC_REPRESENTATION_CONTEXT() REPRESENTATION_CONTEXT('2D SPACE',''
  ) );
#8425 = ORIENTED_EDGE('',*,*,#8426,.T.);
#8426 = EDGE_CURVE('',#8347,#8427,#8429,.T.);
#8427 = VERTEX_POINT('',#8428);
#8428 = CARTESIAN_POINT('',(-32.9,11.275431122473,9.521789273166));
#8429 = SURFACE_CURVE('',#8430,(#8434,#8441),.PCURVE_S1.);
#8430 = LINE('',#8431,#8432);
#8431 = CARTESIAN_POINT('',(-33.5,11.275431122473,9.521789273166));
#8432 = VECTOR('',#8433,1.);
#8433 = DIRECTION('',(-1.,-0.,-1.110223024625E-16));
#8434 = PCURVE('',#2058,#8435);
#8435 = DEFINITIONAL_REPRESENTATION('',(#8436),#8440);
#8436 = LINE('',#8437,#8438);
#8437 = CARTESIAN_POINT('',(1.160288682374,-1.));
#8438 = VECTOR('',#8439,1.);
#8439 = DIRECTION('',(0.,1.));
#8440 = ( GEOMETRIC_REPRESENTATION_CONTEXT(2) 
PARAMETRIC_REPRESENTATION_CONTEXT() REPRESENTATION_CONTEXT('2D SPACE',''
  ) );
#8441 = PCURVE('',#4559,#8442);
#8442 = DEFINITIONAL_REPRESENTATION('',(#8443),#8447);
#8443 = LINE('',#8444,#8445);
#8444 = CARTESIAN_POINT('',(-0.455174729956,0.));
#8445 = VECTOR('',#8446,1.);
#8446 = DIRECTION('',(-0.,1.));
#8447 = ( GEOMETRIC_REPRESENTATION_CONTEXT(2) 
PARAMETRIC_REPRESENTATION_CONTEXT() REPRESENTATION_CONTEXT('2D SPACE',''
  ) );
#8448 = ORIENTED_EDGE('',*,*,#8449,.F.);
#8449 = EDGE_CURVE('',#2014,#8427,#8450,.T.);
#8450 = SURFACE_CURVE('',#8451,(#8456,#8463),.PCURVE_S1.);
#8451 = HYPERBOLA('',#8452,7.885281374239,7.885281374239);
#8452 = AXIS2_PLACEMENT_3D('',#8453,#8454,#8455);
#8453 = CARTESIAN_POINT('',(-44.9,13.616596926933,18.259139004355));
#8454 = DIRECTION('',(2.873468630843E-17,0.965925826289,-0.258819045103)
  );
#8455 = DIRECTION('',(1.,0.,1.110223024625E-16));
#8456 = PCURVE('',#2058,#8457);
#8457 = DEFINITIONAL_REPRESENTATION('',(#8458),#8462);
#8458 = HYPERBOLA('',#8459,7.885281374239,7.885281374239);
#8459 = AXIS2_PLACEMENT_2D('',#8460,#8461);
#8460 = CARTESIAN_POINT('',(-7.885281374239,10.4));
#8461 = DIRECTION('',(0.,-1.));
#8462 = ( GEOMETRIC_REPRESENTATION_CONTEXT(2) 
PARAMETRIC_REPRESENTATION_CONTEXT() REPRESENTATION_CONTEXT('2D SPACE',''
  ) );
#8463 = PCURVE('',#2030,#8464);
#8464 = DEFINITIONAL_REPRESENTATION('',(#8465),#8472);
#8465 = B_SPLINE_CURVE_WITH_KNOTS('',5,(#8466,#8467,#8468,#8469,#8470,
    #8471),.UNSPECIFIED.,.F.,.F.,(6,6),(0.912214069878,0.981692184838),
  .PIECEWISE_BEZIER_KNOTS.);
#8466 = CARTESIAN_POINT('',(0.50202900768,-0.6));
#8467 = CARTESIAN_POINT('',(0.492417525472,-0.485597294852));
#8468 = CARTESIAN_POINT('',(0.482926611202,-0.368443080922));
#8469 = CARTESIAN_POINT('',(0.473556098113,-0.248491337474));
#8470 = CARTESIAN_POINT('',(0.464305638052,-0.125693831255));
#8471 = CARTESIAN_POINT('',(0.455174729956,-1.054711873394E-15));
#8472 = ( GEOMETRIC_REPRESENTATION_CONTEXT(2) 
PARAMETRIC_REPRESENTATION_CONTEXT() REPRESENTATION_CONTEXT('2D SPACE',''
  ) );
#8473 = ADVANCED_FACE('',(#8474),#1075,.T.);
#8474 = FACE_BOUND('',#8475,.T.);
#8475 = EDGE_LOOP('',(#8476,#8477,#8478,#8505,#8533,#8611));
#8476 = ORIENTED_EDGE('',*,*,#8216,.F.);
#8477 = ORIENTED_EDGE('',*,*,#1059,.T.);
#8478 = ORIENTED_EDGE('',*,*,#8479,.F.);
#8479 = EDGE_CURVE('',#8480,#1060,#8482,.T.);
#8480 = VERTEX_POINT('',#8481);
#8481 = CARTESIAN_POINT('',(-32.9,2.108947226381,31.651639014385));
#8482 = SURFACE_CURVE('',#8483,(#8488,#8495),.PCURVE_S1.);
#8483 = HYPERBOLA('',#8484,7.885281374239,7.885281374239);
#8484 = AXIS2_PLACEMENT_3D('',#8485,#8486,#8487);
#8485 = CARTESIAN_POINT('',(-44.9,9.942640687119,27.128853986079));
#8486 = DIRECTION('',(-9.614813431918E-17,0.5,0.866025403784));
#8487 = DIRECTION('',(1.,0.,1.110223024625E-16));
#8488 = PCURVE('',#1075,#8489);
#8489 = DEFINITIONAL_REPRESENTATION('',(#8490),#8494);
#8490 = HYPERBOLA('',#8491,7.885281374239,7.885281374239);
#8491 = AXIS2_PLACEMENT_2D('',#8492,#8493);
#8492 = CARTESIAN_POINT('',(9.085281374239,10.4));
#8493 = DIRECTION('',(0.,-1.));
#8494 = ( GEOMETRIC_REPRESENTATION_CONTEXT(2) 
PARAMETRIC_REPRESENTATION_CONTEXT() REPRESENTATION_CONTEXT('2D SPACE',''
  ) );
#8495 = PCURVE('',#1104,#8496);
#8496 = DEFINITIONAL_REPRESENTATION('',(#8497),#8504);
#8497 = B_SPLINE_CURVE_WITH_KNOTS('',5,(#8498,#8499,#8500,#8501,#8502,
    #8503),.UNSPECIFIED.,.F.,.F.,(6,6),(-0.981692184838,-0.912214069878)
  ,.PIECEWISE_BEZIER_KNOTS.);
#8498 = CARTESIAN_POINT('',(3.471816087032,-1.665334536938E-16));
#8499 = CARTESIAN_POINT('',(3.462685178935,-0.125693831255));
#8500 = CARTESIAN_POINT('',(3.453434718875,-0.248491337474));
#8501 = CARTESIAN_POINT('',(3.444064205785,-0.368443080922));
#8502 = CARTESIAN_POINT('',(3.434573291515,-0.485597294852));
#8503 = CARTESIAN_POINT('',(3.424961809308,-0.6));
#8504 = ( GEOMETRIC_REPRESENTATION_CONTEXT(2) 
PARAMETRIC_REPRESENTATION_CONTEXT() REPRESENTATION_CONTEXT('2D SPACE',''
  ) );
#8505 = ORIENTED_EDGE('',*,*,#8506,.F.);
#8506 = EDGE_CURVE('',#8507,#8480,#8509,.T.);
#8507 = VERTEX_POINT('',#8508);
#8508 = CARTESIAN_POINT('',(-26.3,2.108947226381,31.651639014385));
#8509 = SURFACE_CURVE('',#8510,(#8514,#8521),.PCURVE_S1.);
#8510 = LINE('',#8511,#8512);
#8511 = CARTESIAN_POINT('',(-33.5,2.108947226381,31.651639014385));
#8512 = VECTOR('',#8513,1.);
#8513 = DIRECTION('',(-1.,-0.,-1.110223024625E-16));
#8514 = PCURVE('',#1075,#8515);
#8515 = DEFINITIONAL_REPRESENTATION('',(#8516),#8520);
#8516 = LINE('',#8517,#8518);
#8517 = CARTESIAN_POINT('',(3.971131762598E-02,-1.));
#8518 = VECTOR('',#8519,1.);
#8519 = DIRECTION('',(0.,1.));
#8520 = ( GEOMETRIC_REPRESENTATION_CONTEXT(2) 
PARAMETRIC_REPRESENTATION_CONTEXT() REPRESENTATION_CONTEXT('2D SPACE',''
  ) );
#8521 = PCURVE('',#8522,#8527);
#8522 = CYLINDRICAL_SURFACE('',#8523,12.);
#8523 = AXIS2_PLACEMENT_3D('',#8524,#8525,#8526);
#8524 = CARTESIAN_POINT('',(-33.5,6.,20.3));
#8525 = DIRECTION('',(-1.,-0.,-1.110223024625E-16));
#8526 = DIRECTION('',(1.110223024625E-16,0.,-1.));
#8527 = DEFINITIONAL_REPRESENTATION('',(#8528),#8532);
#8528 = LINE('',#8529,#8530);
#8529 = CARTESIAN_POINT('',(-3.471816087032,0.));
#8530 = VECTOR('',#8531,1.);
#8531 = DIRECTION('',(-0.,1.));
#8532 = ( GEOMETRIC_REPRESENTATION_CONTEXT(2) 
PARAMETRIC_REPRESENTATION_CONTEXT() REPRESENTATION_CONTEXT('2D SPACE',''
  ) );
#8533 = ORIENTED_EDGE('',*,*,#8534,.T.);
#8534 = EDGE_CURVE('',#8507,#2989,#8535,.T.);
#8535 = SURFACE_CURVE('',#8536,(#8559,#8585),.PCURVE_S1.);
#8536 = B_SPLINE_CURVE_WITH_KNOTS('',6,(#8537,#8538,#8539,#8540,#8541,
    #8542,#8543,#8544,#8545,#8546,#8547,#8548,#8549,#8550,#8551,#8552,
    #8553,#8554,#8555,#8556,#8557,#8558),.UNSPECIFIED.,.F.,.F.,(7,5,5,5,
    7),(0.,0.303886728011,0.47576016728,0.732155496899,1.),
  .UNSPECIFIED.);
#8537 = CARTESIAN_POINT('',(-26.3,2.108947226381,31.651639014385));
#8538 = CARTESIAN_POINT('',(-26.23117225271,2.108947226381,
    31.651639014385));
#8539 = CARTESIAN_POINT('',(-26.16232012151,2.117111166239,
    31.646925561511));
#8540 = CARTESIAN_POINT('',(-26.09470230168,2.133449136728,
    31.637492829851));
#8541 = CARTESIAN_POINT('',(-26.02944852344,2.157551059896,
    31.623577578022));
#8542 = CARTESIAN_POINT('',(-25.96748114706,2.188763626298,
    31.605556994408));
#8543 = CARTESIAN_POINT('',(-25.87671410467,2.247469357006,
    31.57166322498));
#8544 = CARTESIAN_POINT('',(-25.84519031381,2.270694386482,
    31.55825424796));
#8545 = CARTESIAN_POINT('',(-25.81505209884,2.295795560689,
    31.543762078275));
#8546 = CARTESIAN_POINT('',(-25.78639077034,2.322624447222,
    31.528272413413));
#8547 = CARTESIAN_POINT('',(-25.75927438434,2.35103158109,
    31.511871547027));
#8548 = CARTESIAN_POINT('',(-25.69567847146,2.42538960836,
    31.468940919967));
#8549 = CARTESIAN_POINT('',(-25.66115442197,2.473095680374,
    31.441397806447));
#8550 = CARTESIAN_POINT('',(-25.63033615533,2.523517065932,
    31.412287005922));
#8551 = CARTESIAN_POINT('',(-25.60329647099,2.576203785337,
    31.381868314291));
#8552 = CARTESIAN_POINT('',(-25.58005229441,2.630743054866,
    31.350380052347));
#8553 = CARTESIAN_POINT('',(-25.54026338561,2.745303415611,
    31.284238597233));
#8554 = CARTESIAN_POINT('',(-25.52406601955,2.805454731379,
    31.249510218882));
#8555 = CARTESIAN_POINT('',(-25.51198505447,2.866813109839,
    31.214084942561));
#8556 = CARTESIAN_POINT('',(-25.50397991889,2.928999631149,
    31.178181537743));
#8557 = CARTESIAN_POINT('',(-25.5,2.991664221427,31.142002119677));
#8558 = CARTESIAN_POINT('',(-25.5,3.05448032046,31.105735227991));
#8559 = PCURVE('',#1075,#8560);
#8560 = DEFINITIONAL_REPRESENTATION('',(#8561),#8584);
#8561 = B_SPLINE_CURVE_WITH_KNOTS('',6,(#8562,#8563,#8564,#8565,#8566,
    #8567,#8568,#8569,#8570,#8571,#8572,#8573,#8574,#8575,#8576,#8577,
    #8578,#8579,#8580,#8581,#8582,#8583),.UNSPECIFIED.,.F.,.F.,(7,5,5,5,
    7),(0.,0.303886728011,0.47576016728,0.732155496899,1.),
  .UNSPECIFIED.);
#8562 = CARTESIAN_POINT('',(3.971131762598E-02,-8.2));
#8563 = CARTESIAN_POINT('',(3.971131762598E-02,-8.268827747282));
#8564 = CARTESIAN_POINT('',(4.913822337529E-02,-8.337679878488));
#8565 = CARTESIAN_POINT('',(6.800368669452E-02,-8.405297698318));
#8566 = CARTESIAN_POINT('',(9.583419035329E-02,-8.470551476557));
#8567 = CARTESIAN_POINT('',(0.131875357581,-8.532518852939));
#8568 = CARTESIAN_POINT('',(0.199662896436,-8.623285895329));
#8569 = CARTESIAN_POINT('',(0.226480850476,-8.654809686183));
#8570 = CARTESIAN_POINT('',(0.255465189847,-8.684947901154));
#8571 = CARTESIAN_POINT('',(0.286444519571,-8.713609229659));
#8572 = CARTESIAN_POINT('',(0.319246252342,-8.740725615651));
#8573 = CARTESIAN_POINT('',(0.405107506463,-8.80432152854));
#8574 = CARTESIAN_POINT('',(0.460193733502,-8.838845578025));
#8575 = CARTESIAN_POINT('',(0.518415334551,-8.869663844666));
#8576 = CARTESIAN_POINT('',(0.579252717814,-8.896703529002));
#8577 = CARTESIAN_POINT('',(0.642229241702,-8.919947705583));
#8578 = CARTESIAN_POINT('',(0.774512151931,-8.959736614385));
#8579 = CARTESIAN_POINT('',(0.843968908632,-8.975933980448));
#8580 = CARTESIAN_POINT('',(0.914819461274,-8.988014945529));
#8581 = CARTESIAN_POINT('',(0.986626270911,-8.996020081104));
#8582 = CARTESIAN_POINT('',(1.058985107042,-9.));
#8583 = CARTESIAN_POINT('',(1.131518890415,-9.));
#8584 = ( GEOMETRIC_REPRESENTATION_CONTEXT(2) 
PARAMETRIC_REPRESENTATION_CONTEXT() REPRESENTATION_CONTEXT('2D SPACE',''
  ) );
#8585 = PCURVE('',#3028,#8586);
#8586 = DEFINITIONAL_REPRESENTATION('',(#8587),#8610);
#8587 = B_SPLINE_CURVE_WITH_KNOTS('',6,(#8588,#8589,#8590,#8591,#8592,
    #8593,#8594,#8595,#8596,#8597,#8598,#8599,#8600,#8601,#8602,#8603,
    #8604,#8605,#8606,#8607,#8608,#8609),.UNSPECIFIED.,.F.,.F.,(7,5,5,5,
    7),(0.,0.303886728011,0.47576016728,0.732155496899,1.),
  .UNSPECIFIED.);
#8588 = CARTESIAN_POINT('',(3.471816087032,0.));
#8589 = CARTESIAN_POINT('',(3.471816087032,8.603468410206E-02));
#8590 = CARTESIAN_POINT('',(3.471299874175,0.172099615984));
#8591 = CARTESIAN_POINT('',(3.470266851661,0.257769349854));
#8592 = CARTESIAN_POINT('',(3.468738215275,0.342776102791));
#8593 = CARTESIAN_POINT('',(3.466746500243,0.426898953192));
#8594 = CARTESIAN_POINT('',(3.46297075264,0.556896425436));
#8595 = CARTESIAN_POINT('',(3.461471955264,0.603525236449));
#8596 = CARTESIAN_POINT('',(3.459845615464,0.649796983359));
#8597 = CARTESIAN_POINT('',(3.458099377853,0.695699764043));
#8598 = CARTESIAN_POINT('',(3.456240996468,0.741230572042));
#8599 = CARTESIAN_POINT('',(3.451349727639,0.853765356416));
#8600 = CARTESIAN_POINT('',(3.448188845368,0.920314178488));
#8601 = CARTESIAN_POINT('',(3.444820157044,0.986064060189));
#8602 = CARTESIAN_POINT('',(3.441267706565,1.051061490359));
#8603 = CARTESIAN_POINT('',(3.437554186174,1.115374411057));
#8604 = CARTESIAN_POINT('',(3.42967436049,1.245654003659));
#8605 = CARTESIAN_POINT('',(3.425495632514,1.311560066217));
#8606 = CARTESIAN_POINT('',(3.421187682971,1.376915395777));
#8607 = CARTESIAN_POINT('',(3.416773344847,1.441826199519));
#8608 = CARTESIAN_POINT('',(3.412275122534,1.506408326237));
#8609 = CARTESIAN_POINT('',(3.407715577803,1.570796326795));
#8610 = ( GEOMETRIC_REPRESENTATION_CONTEXT(2) 
PARAMETRIC_REPRESENTATION_CONTEXT() REPRESENTATION_CONTEXT('2D SPACE',''
  ) );
#8611 = ORIENTED_EDGE('',*,*,#2988,.F.);
#8612 = ADVANCED_FACE('',(#8613),#2030,.T.);
#8613 = FACE_BOUND('',#8614,.F.);
#8614 = EDGE_LOOP('',(#8615,#8616,#8638,#8639));
#8615 = ORIENTED_EDGE('',*,*,#4516,.F.);
#8616 = ORIENTED_EDGE('',*,*,#8617,.T.);
#8617 = EDGE_CURVE('',#4517,#8427,#8618,.T.);
#8618 = SURFACE_CURVE('',#8619,(#8624,#8631),.PCURVE_S1.);
#8619 = CIRCLE('',#8620,12.);
#8620 = AXIS2_PLACEMENT_3D('',#8621,#8622,#8623);
#8621 = CARTESIAN_POINT('',(-32.9,6.,20.3));
#8622 = DIRECTION('',(1.,-0.,1.110223024625E-16));
#8623 = DIRECTION('',(1.110223024625E-16,0.,-1.));
#8624 = PCURVE('',#2030,#8625);
#8625 = DEFINITIONAL_REPRESENTATION('',(#8626),#8630);
#8626 = LINE('',#8627,#8628);
#8627 = CARTESIAN_POINT('',(0.,-0.));
#8628 = VECTOR('',#8629,1.);
#8629 = DIRECTION('',(1.,-0.));
#8630 = ( GEOMETRIC_REPRESENTATION_CONTEXT(2) 
PARAMETRIC_REPRESENTATION_CONTEXT() REPRESENTATION_CONTEXT('2D SPACE',''
  ) );
#8631 = PCURVE('',#4559,#8632);
#8632 = DEFINITIONAL_REPRESENTATION('',(#8633),#8637);
#8633 = LINE('',#8634,#8635);
#8634 = CARTESIAN_POINT('',(-0.,-0.6));
#8635 = VECTOR('',#8636,1.);
#8636 = DIRECTION('',(-1.,0.));
#8637 = ( GEOMETRIC_REPRESENTATION_CONTEXT(2) 
PARAMETRIC_REPRESENTATION_CONTEXT() REPRESENTATION_CONTEXT('2D SPACE',''
  ) );
#8638 = ORIENTED_EDGE('',*,*,#8449,.F.);
#8639 = ORIENTED_EDGE('',*,*,#2013,.F.);
#8640 = ADVANCED_FACE('',(#8641),#1104,.T.);
#8641 = FACE_BOUND('',#8642,.F.);
#8642 = EDGE_LOOP('',(#8643,#8644,#8668,#8693));
#8643 = ORIENTED_EDGE('',*,*,#8479,.F.);
#8644 = ORIENTED_EDGE('',*,*,#8645,.T.);
#8645 = EDGE_CURVE('',#8480,#8646,#8648,.T.);
#8646 = VERTEX_POINT('',#8647);
#8647 = CARTESIAN_POINT('',(-32.9,0.724568877527,31.078210726834));
#8648 = SURFACE_CURVE('',#8649,(#8654,#8661),.PCURVE_S1.);
#8649 = CIRCLE('',#8650,12.);
#8650 = AXIS2_PLACEMENT_3D('',#8651,#8652,#8653);
#8651 = CARTESIAN_POINT('',(-32.9,6.,20.3));
#8652 = DIRECTION('',(1.,-0.,1.110223024625E-16));
#8653 = DIRECTION('',(1.110223024625E-16,0.,-1.));
#8654 = PCURVE('',#1104,#8655);
#8655 = DEFINITIONAL_REPRESENTATION('',(#8656),#8660);
#8656 = LINE('',#8657,#8658);
#8657 = CARTESIAN_POINT('',(0.,-0.));
#8658 = VECTOR('',#8659,1.);
#8659 = DIRECTION('',(1.,-0.));
#8660 = ( GEOMETRIC_REPRESENTATION_CONTEXT(2) 
PARAMETRIC_REPRESENTATION_CONTEXT() REPRESENTATION_CONTEXT('2D SPACE',''
  ) );
#8661 = PCURVE('',#8522,#8662);
#8662 = DEFINITIONAL_REPRESENTATION('',(#8663),#8667);
#8663 = LINE('',#8664,#8665);
#8664 = CARTESIAN_POINT('',(-0.,-0.6));
#8665 = VECTOR('',#8666,1.);
#8666 = DIRECTION('',(-1.,0.));
#8667 = ( GEOMETRIC_REPRESENTATION_CONTEXT(2) 
PARAMETRIC_REPRESENTATION_CONTEXT() REPRESENTATION_CONTEXT('2D SPACE',''
  ) );
#8668 = ORIENTED_EDGE('',*,*,#8669,.F.);
#8669 = EDGE_CURVE('',#1088,#8646,#8670,.T.);
#8670 = SURFACE_CURVE('',#8671,(#8676,#8686),.PCURVE_S1.);
#8671 = HYPERBOLA('',#8672,7.885281374239,7.885281374239);
#8672 = AXIS2_PLACEMENT_3D('',#8673,#8674,#8675);
#8673 = CARTESIAN_POINT('',(-44.9,-1.616596926933,22.340860995645));
#8674 = DIRECTION('',(-2.873468630843E-17,-0.965925826289,0.258819045103
    ));
#8675 = DIRECTION('',(1.,0.,1.110223024625E-16));
#8676 = PCURVE('',#1104,#8677);
#8677 = DEFINITIONAL_REPRESENTATION('',(#8678),#8685);
#8678 = B_SPLINE_CURVE_WITH_KNOTS('',5,(#8679,#8680,#8681,#8682,#8683,
    #8684),.UNSPECIFIED.,.F.,.F.,(6,6),(0.912214069878,0.981692184838),
  .PIECEWISE_BEZIER_KNOTS.);
#8679 = CARTESIAN_POINT('',(3.643621661269,-0.6));
#8680 = CARTESIAN_POINT('',(3.634010179062,-0.485597294852));
#8681 = CARTESIAN_POINT('',(3.624519264792,-0.368443080922));
#8682 = CARTESIAN_POINT('',(3.615148751702,-0.248491337474));
#8683 = CARTESIAN_POINT('',(3.605898291642,-0.125693831255));
#8684 = CARTESIAN_POINT('',(3.596767383545,-1.665334536938E-16));
#8685 = ( GEOMETRIC_REPRESENTATION_CONTEXT(2) 
PARAMETRIC_REPRESENTATION_CONTEXT() REPRESENTATION_CONTEXT('2D SPACE',''
  ) );
#8686 = PCURVE('',#1132,#8687);
#8687 = DEFINITIONAL_REPRESENTATION('',(#8688),#8692);
#8688 = HYPERBOLA('',#8689,7.885281374239,7.885281374239);
#8689 = AXIS2_PLACEMENT_2D('',#8690,#8691);
#8690 = CARTESIAN_POINT('',(-7.885281374239,10.4));
#8691 = DIRECTION('',(0.,-1.));
#8692 = ( GEOMETRIC_REPRESENTATION_CONTEXT(2) 
PARAMETRIC_REPRESENTATION_CONTEXT() REPRESENTATION_CONTEXT('2D SPACE',''
  ) );
#8693 = ORIENTED_EDGE('',*,*,#1087,.F.);
#8694 = ADVANCED_FACE('',(#8695),#1132,.T.);
#8695 = FACE_BOUND('',#8696,.T.);
#8696 = EDGE_LOOP('',(#8697,#8698,#8719,#8720,#8800,#8821));
#8697 = ORIENTED_EDGE('',*,*,#1116,.T.);
#8698 = ORIENTED_EDGE('',*,*,#8699,.T.);
#8699 = EDGE_CURVE('',#1117,#3041,#8700,.T.);
#8700 = SURFACE_CURVE('',#8701,(#8705,#8712),.PCURVE_S1.);
#8701 = LINE('',#8702,#8703);
#8702 = CARTESIAN_POINT('',(-34.5,0.424264068712,29.957457922578));
#8703 = VECTOR('',#8704,1.);
#8704 = DIRECTION('',(1.,0.,1.110223024625E-16));
#8705 = PCURVE('',#1132,#8706);
#8706 = DEFINITIONAL_REPRESENTATION('',(#8707),#8711);
#8707 = LINE('',#8708,#8709);
#8708 = CARTESIAN_POINT('',(0.,0.));
#8709 = VECTOR('',#8710,1.);
#8710 = DIRECTION('',(0.,-1.));
#8711 = ( GEOMETRIC_REPRESENTATION_CONTEXT(2) 
PARAMETRIC_REPRESENTATION_CONTEXT() REPRESENTATION_CONTEXT('2D SPACE',''
  ) );
#8712 = PCURVE('',#1160,#8713);
#8713 = DEFINITIONAL_REPRESENTATION('',(#8714),#8718);
#8714 = LINE('',#8715,#8716);
#8715 = CARTESIAN_POINT('',(1.2,3.448162357012E-17));
#8716 = VECTOR('',#8717,1.);
#8717 = DIRECTION('',(0.,-1.));
#8718 = ( GEOMETRIC_REPRESENTATION_CONTEXT(2) 
PARAMETRIC_REPRESENTATION_CONTEXT() REPRESENTATION_CONTEXT('2D SPACE',''
  ) );
#8719 = ORIENTED_EDGE('',*,*,#3040,.F.);
#8720 = ORIENTED_EDGE('',*,*,#8721,.F.);
#8721 = EDGE_CURVE('',#8722,#3012,#8724,.T.);
#8722 = VERTEX_POINT('',#8723);
#8723 = CARTESIAN_POINT('',(-26.3,0.724568877527,31.078210726834));
#8724 = SURFACE_CURVE('',#8725,(#8748,#8774),.PCURVE_S1.);
#8725 = B_SPLINE_CURVE_WITH_KNOTS('',6,(#8726,#8727,#8728,#8729,#8730,
    #8731,#8732,#8733,#8734,#8735,#8736,#8737,#8738,#8739,#8740,#8741,
    #8742,#8743,#8744,#8745,#8746,#8747),.UNSPECIFIED.,.F.,.F.,(7,5,5,5,
    7),(0.,0.303886728013,0.475760167282,0.732155496902,1.),
  .UNSPECIFIED.);
#8726 = CARTESIAN_POINT('',(-26.3,0.724568877527,31.078210726834));
#8727 = CARTESIAN_POINT('',(-26.23117225271,0.724568877527,
    31.078210726834));
#8728 = CARTESIAN_POINT('',(-26.16232012151,0.722129014783,
    31.069105035109));
#8729 = CARTESIAN_POINT('',(-26.09470230168,0.717246273581,
    31.050882396864));
#8730 = CARTESIAN_POINT('',(-26.02944852344,0.710043209199,
    31.02400019462));
#8731 = CARTESIAN_POINT('',(-25.96748114705,0.700715068713,
    30.989187100385));
#8732 = CARTESIAN_POINT('',(-25.87671410466,0.683170362636,
    30.923709365904));
#8733 = CARTESIAN_POINT('',(-25.84519031381,0.67622936538,
    30.897805211488));
#8734 = CARTESIAN_POINT('',(-25.81505209884,0.668727666341,
    30.869808489532));
#8735 = CARTESIAN_POINT('',(-25.78639077033,0.660709625804,
    30.83988475487));
#8736 = CARTESIAN_POINT('',(-25.75927438434,0.65221991265,
    30.808200714039));
#8737 = CARTESIAN_POINT('',(-25.69567847145,0.629997384847,
    30.725265111206));
#8738 = CARTESIAN_POINT('',(-25.66115442197,0.615740020167,
    30.672055901836));
#8739 = CARTESIAN_POINT('',(-25.63033615533,0.600671160979,
    30.615818153734));
#8740 = CARTESIAN_POINT('',(-25.60329647099,0.584925287536,
    30.557053754037));
#8741 = CARTESIAN_POINT('',(-25.58005229441,0.56862576376,
    30.496223103163));
#8742 = CARTESIAN_POINT('',(-25.54026338561,0.534388427251,
    30.368447623797));
#8743 = CARTESIAN_POINT('',(-25.52406601955,0.516411695806,
    30.301357548689));
#8744 = CARTESIAN_POINT('',(-25.51198505447,0.498074223426,
    30.232921170086));
#8745 = CARTESIAN_POINT('',(-25.50397991889,0.479489253524,
    30.163561118156));
#8746 = CARTESIAN_POINT('',(-25.5,0.460761408652,30.093667849577));
#8747 = CARTESIAN_POINT('',(-25.5,0.441988284102,30.02360559494));
#8748 = PCURVE('',#1132,#8749);
#8749 = DEFINITIONAL_REPRESENTATION('',(#8750),#8773);
#8750 = B_SPLINE_CURVE_WITH_KNOTS('',6,(#8751,#8752,#8753,#8754,#8755,
    #8756,#8757,#8758,#8759,#8760,#8761,#8762,#8763,#8764,#8765,#8766,
    #8767,#8768,#8769,#8770,#8771,#8772),.UNSPECIFIED.,.F.,.F.,(7,5,5,5,
    7),(0.,0.303886728013,0.475760167282,0.732155496902,1.),
  .UNSPECIFIED.);
#8751 = CARTESIAN_POINT('',(1.160288682374,-8.2));
#8752 = CARTESIAN_POINT('',(1.160288682374,-8.268827747282));
#8753 = CARTESIAN_POINT('',(1.150861776624,-8.337679878489));
#8754 = CARTESIAN_POINT('',(1.131996313305,-8.405297698319));
#8755 = CARTESIAN_POINT('',(1.104165809646,-8.470551476559));
#8756 = CARTESIAN_POINT('',(1.068124642417,-8.532518852942));
#8757 = CARTESIAN_POINT('',(1.000337103562,-8.623285895332));
#8758 = CARTESIAN_POINT('',(0.973519149522,-8.654809686185));
#8759 = CARTESIAN_POINT('',(0.944534810151,-8.684947901157));
#8760 = CARTESIAN_POINT('',(0.913555480427,-8.713609229662));
#8761 = CARTESIAN_POINT('',(0.880753747655,-8.740725615654));
#8762 = CARTESIAN_POINT('',(0.794892493534,-8.804321528542));
#8763 = CARTESIAN_POINT('',(0.739806266495,-8.838845578027));
#8764 = CARTESIAN_POINT('',(0.681584665445,-8.869663844668));
#8765 = CARTESIAN_POINT('',(0.620747282182,-8.896703529004));
#8766 = CARTESIAN_POINT('',(0.557770758294,-8.919947705585));
#8767 = CARTESIAN_POINT('',(0.425487848066,-8.959736614386));
#8768 = CARTESIAN_POINT('',(0.356031091365,-8.975933980448));
#8769 = CARTESIAN_POINT('',(0.285180538724,-8.988014945529));
#8770 = CARTESIAN_POINT('',(0.213373729088,-8.996020081104));
#8771 = CARTESIAN_POINT('',(0.141014892957,-9.));
#8772 = CARTESIAN_POINT('',(6.848110958544E-02,-9.));
#8773 = ( GEOMETRIC_REPRESENTATION_CONTEXT(2) 
PARAMETRIC_REPRESENTATION_CONTEXT() REPRESENTATION_CONTEXT('2D SPACE',''
  ) );
#8774 = PCURVE('',#3028,#8775);
#8775 = DEFINITIONAL_REPRESENTATION('',(#8776),#8799);
#8776 = B_SPLINE_CURVE_WITH_KNOTS('',6,(#8777,#8778,#8779,#8780,#8781,
    #8782,#8783,#8784,#8785,#8786,#8787,#8788,#8789,#8790,#8791,#8792,
    #8793,#8794,#8795,#8796,#8797,#8798),.UNSPECIFIED.,.F.,.F.,(7,5,5,5,
    7),(0.,0.303886728013,0.475760167282,0.732155496902,1.),
  .UNSPECIFIED.);
#8777 = CARTESIAN_POINT('',(3.596767383545,0.));
#8778 = CARTESIAN_POINT('',(3.596767383545,8.603468410276E-02));
#8779 = CARTESIAN_POINT('',(3.597283596402,0.172099615985));
#8780 = CARTESIAN_POINT('',(3.598316618916,0.257769349856));
#8781 = CARTESIAN_POINT('',(3.599845255302,0.342776102794));
#8782 = CARTESIAN_POINT('',(3.601836970335,0.426898953196));
#8783 = CARTESIAN_POINT('',(3.605612717938,0.55689642544));
#8784 = CARTESIAN_POINT('',(3.607111515313,0.603525236454));
#8785 = CARTESIAN_POINT('',(3.608737855113,0.649796983363));
#8786 = CARTESIAN_POINT('',(3.610484092725,0.695699764047));
#8787 = CARTESIAN_POINT('',(3.612342474109,0.741230572047));
#8788 = CARTESIAN_POINT('',(3.617233742938,0.85376535642));
#8789 = CARTESIAN_POINT('',(3.620394625209,0.920314178492));
#8790 = CARTESIAN_POINT('',(3.623763313533,0.986064060194));
#8791 = CARTESIAN_POINT('',(3.627315764012,1.051061490363));
#8792 = CARTESIAN_POINT('',(3.631029284403,1.115374411061));
#8793 = CARTESIAN_POINT('',(3.638909110088,1.245654003662));
#8794 = CARTESIAN_POINT('',(3.643087838064,1.311560066219));
#8795 = CARTESIAN_POINT('',(3.647395787606,1.376915395779));
#8796 = CARTESIAN_POINT('',(3.65181012573,1.44182619952));
#8797 = CARTESIAN_POINT('',(3.656308348044,1.506408326237));
#8798 = CARTESIAN_POINT('',(3.660867892774,1.570796326795));
#8799 = ( GEOMETRIC_REPRESENTATION_CONTEXT(2) 
PARAMETRIC_REPRESENTATION_CONTEXT() REPRESENTATION_CONTEXT('2D SPACE',''
  ) );
#8800 = ORIENTED_EDGE('',*,*,#8801,.T.);
#8801 = EDGE_CURVE('',#8722,#8646,#8802,.T.);
#8802 = SURFACE_CURVE('',#8803,(#8807,#8814),.PCURVE_S1.);
#8803 = LINE('',#8804,#8805);
#8804 = CARTESIAN_POINT('',(-33.5,0.724568877527,31.078210726834));
#8805 = VECTOR('',#8806,1.);
#8806 = DIRECTION('',(-1.,-0.,-1.110223024625E-16));
#8807 = PCURVE('',#1132,#8808);
#8808 = DEFINITIONAL_REPRESENTATION('',(#8809),#8813);
#8809 = LINE('',#8810,#8811);
#8810 = CARTESIAN_POINT('',(1.160288682374,-1.));
#8811 = VECTOR('',#8812,1.);
#8812 = DIRECTION('',(0.,1.));
#8813 = ( GEOMETRIC_REPRESENTATION_CONTEXT(2) 
PARAMETRIC_REPRESENTATION_CONTEXT() REPRESENTATION_CONTEXT('2D SPACE',''
  ) );
#8814 = PCURVE('',#8522,#8815);
#8815 = DEFINITIONAL_REPRESENTATION('',(#8816),#8820);
#8816 = LINE('',#8817,#8818);
#8817 = CARTESIAN_POINT('',(-3.596767383545,0.));
#8818 = VECTOR('',#8819,1.);
#8819 = DIRECTION('',(-0.,1.));
#8820 = ( GEOMETRIC_REPRESENTATION_CONTEXT(2) 
PARAMETRIC_REPRESENTATION_CONTEXT() REPRESENTATION_CONTEXT('2D SPACE',''
  ) );
#8821 = ORIENTED_EDGE('',*,*,#8669,.F.);
#8822 = ADVANCED_FACE('',(#8823),#1160,.T.);
#8823 = FACE_BOUND('',#8824,.T.);
#8824 = EDGE_LOOP('',(#8825,#8826,#8827,#8854,#8882,#8960));
#8825 = ORIENTED_EDGE('',*,*,#8699,.F.);
#8826 = ORIENTED_EDGE('',*,*,#1144,.T.);
#8827 = ORIENTED_EDGE('',*,*,#8828,.F.);
#8828 = EDGE_CURVE('',#8829,#1145,#8831,.T.);
#8829 = VERTEX_POINT('',#8830);
#8830 = CARTESIAN_POINT('',(-32.9,-0.696488735544,30.257762731394));
#8831 = SURFACE_CURVE('',#8832,(#8837,#8844),.PCURVE_S1.);
#8832 = HYPERBOLA('',#8833,7.885281374239,7.885281374239);
#8833 = AXIS2_PLACEMENT_3D('',#8834,#8835,#8836);
#8834 = CARTESIAN_POINT('',(-44.9,8.040860995645,27.916596926933));
#8835 = DIRECTION('',(-1.072393092426E-16,0.258819045103,0.965925826289)
  );
#8836 = DIRECTION('',(1.,0.,1.110223024625E-16));
#8837 = PCURVE('',#1160,#8838);
#8838 = DEFINITIONAL_REPRESENTATION('',(#8839),#8843);
#8839 = HYPERBOLA('',#8840,7.885281374239,7.885281374239);
#8840 = AXIS2_PLACEMENT_2D('',#8841,#8842);
#8841 = CARTESIAN_POINT('',(9.085281374239,10.4));
#8842 = DIRECTION('',(0.,-1.));
#8843 = ( GEOMETRIC_REPRESENTATION_CONTEXT(2) 
PARAMETRIC_REPRESENTATION_CONTEXT() REPRESENTATION_CONTEXT('2D SPACE',''
  ) );
#8844 = PCURVE('',#1189,#8845);
#8845 = DEFINITIONAL_REPRESENTATION('',(#8846),#8853);
#8846 = B_SPLINE_CURVE_WITH_KNOTS('',5,(#8847,#8848,#8849,#8850,#8851,
    #8852),.UNSPECIFIED.,.F.,.F.,(6,6),(-0.981692184838,-0.912214069878)
  ,.PIECEWISE_BEZIER_KNOTS.);
#8847 = CARTESIAN_POINT('',(3.733615474831,-1.054711873394E-15));
#8848 = CARTESIAN_POINT('',(3.724484566734,-0.125693831255));
#8849 = CARTESIAN_POINT('',(3.715234106674,-0.248491337474));
#8850 = CARTESIAN_POINT('',(3.705863593584,-0.368443080922));
#8851 = CARTESIAN_POINT('',(3.696372679314,-0.485597294852));
#8852 = CARTESIAN_POINT('',(3.686761197107,-0.6));
#8853 = ( GEOMETRIC_REPRESENTATION_CONTEXT(2) 
PARAMETRIC_REPRESENTATION_CONTEXT() REPRESENTATION_CONTEXT('2D SPACE',''
  ) );
#8854 = ORIENTED_EDGE('',*,*,#8855,.F.);
#8855 = EDGE_CURVE('',#8856,#8829,#8858,.T.);
#8856 = VERTEX_POINT('',#8857);
#8857 = CARTESIAN_POINT('',(-26.3,-0.696488735544,30.257762731394));
#8858 = SURFACE_CURVE('',#8859,(#8863,#8870),.PCURVE_S1.);
#8859 = LINE('',#8860,#8861);
#8860 = CARTESIAN_POINT('',(-33.5,-0.696488735544,30.257762731394));
#8861 = VECTOR('',#8862,1.);
#8862 = DIRECTION('',(-1.,-0.,-1.110223024625E-16));
#8863 = PCURVE('',#1160,#8864);
#8864 = DEFINITIONAL_REPRESENTATION('',(#8865),#8869);
#8865 = LINE('',#8866,#8867);
#8866 = CARTESIAN_POINT('',(3.971131762599E-02,-1.));
#8867 = VECTOR('',#8868,1.);
#8868 = DIRECTION('',(0.,1.));
#8869 = ( GEOMETRIC_REPRESENTATION_CONTEXT(2) 
PARAMETRIC_REPRESENTATION_CONTEXT() REPRESENTATION_CONTEXT('2D SPACE',''
  ) );
#8870 = PCURVE('',#8871,#8876);
#8871 = CYLINDRICAL_SURFACE('',#8872,12.);
#8872 = AXIS2_PLACEMENT_3D('',#8873,#8874,#8875);
#8873 = CARTESIAN_POINT('',(-33.5,6.,20.3));
#8874 = DIRECTION('',(-1.,-0.,-1.110223024625E-16));
#8875 = DIRECTION('',(1.110223024625E-16,0.,-1.));
#8876 = DEFINITIONAL_REPRESENTATION('',(#8877),#8881);
#8877 = LINE('',#8878,#8879);
#8878 = CARTESIAN_POINT('',(-3.733615474831,0.));
#8879 = VECTOR('',#8880,1.);
#8880 = DIRECTION('',(-0.,1.));
#8881 = ( GEOMETRIC_REPRESENTATION_CONTEXT(2) 
PARAMETRIC_REPRESENTATION_CONTEXT() REPRESENTATION_CONTEXT('2D SPACE',''
  ) );
#8882 = ORIENTED_EDGE('',*,*,#8883,.T.);
#8883 = EDGE_CURVE('',#8856,#3064,#8884,.T.);
#8884 = SURFACE_CURVE('',#8885,(#8908,#8934),.PCURVE_S1.);
#8885 = B_SPLINE_CURVE_WITH_KNOTS('',6,(#8886,#8887,#8888,#8889,#8890,
    #8891,#8892,#8893,#8894,#8895,#8896,#8897,#8898,#8899,#8900,#8901,
    #8902,#8903,#8904,#8905,#8906,#8907),.UNSPECIFIED.,.F.,.F.,(7,5,5,5,
    7),(0.,0.303886728014,0.475760167282,0.732155496902,1.),
  .UNSPECIFIED.);
#8886 = CARTESIAN_POINT('',(-26.3,-0.696488735544,30.257762731394));
#8887 = CARTESIAN_POINT('',(-26.23117225271,-0.696488735544,
    30.257762731394));
#8888 = CARTESIAN_POINT('',(-26.16232012151,-0.687383043819,
    30.255322868649));
#8889 = CARTESIAN_POINT('',(-26.09470230168,-0.669160405573,
    30.250440127448));
#8890 = CARTESIAN_POINT('',(-26.02944852344,-0.64227820333,
    30.243237063066));
#8891 = CARTESIAN_POINT('',(-25.96748114705,-0.607465109095,
    30.233908922579));
#8892 = CARTESIAN_POINT('',(-25.87671410466,-0.541987374614,
    30.216364216503));
#8893 = CARTESIAN_POINT('',(-25.84519031381,-0.516083220198,
    30.209423219247));
#8894 = CARTESIAN_POINT('',(-25.81505209884,-0.488086498242,
    30.201921520208));
#8895 = CARTESIAN_POINT('',(-25.78639077033,-0.45816276358,
    30.19390347967));
#8896 = CARTESIAN_POINT('',(-25.75927438434,-0.426478722749,
    30.185413766517));
#8897 = CARTESIAN_POINT('',(-25.69567847145,-0.343543119915,
    30.163191238714));
#8898 = CARTESIAN_POINT('',(-25.66115442197,-0.290333910546,
    30.148933874033));
#8899 = CARTESIAN_POINT('',(-25.63033615533,-0.234096162444,
    30.133865014845));
#8900 = CARTESIAN_POINT('',(-25.60329647099,-0.175331762747,
    30.118119141403));
#8901 = CARTESIAN_POINT('',(-25.58005229441,-0.114501111873,
    30.101819617626));
#8902 = CARTESIAN_POINT('',(-25.54026338561,1.327436749311E-02,
    30.067582281117));
#8903 = CARTESIAN_POINT('',(-25.52406601955,8.036444260076E-02,
    30.049605549672));
#8904 = CARTESIAN_POINT('',(-25.51198505447,0.148800821204,
    30.031268077293));
#8905 = CARTESIAN_POINT('',(-25.50397991889,0.218160873135,
    30.012683107391));
#8906 = CARTESIAN_POINT('',(-25.5,0.288054141713,29.993955262519));
#8907 = CARTESIAN_POINT('',(-25.5,0.35811639635,29.975182137969));
#8908 = PCURVE('',#1160,#8909);
#8909 = DEFINITIONAL_REPRESENTATION('',(#8910),#8933);
#8910 = B_SPLINE_CURVE_WITH_KNOTS('',6,(#8911,#8912,#8913,#8914,#8915,
    #8916,#8917,#8918,#8919,#8920,#8921,#8922,#8923,#8924,#8925,#8926,
    #8927,#8928,#8929,#8930,#8931,#8932),.UNSPECIFIED.,.F.,.F.,(7,5,5,5,
    7),(0.,0.303886728014,0.475760167282,0.732155496902,1.),
  .UNSPECIFIED.);
#8911 = CARTESIAN_POINT('',(3.971131762598E-02,-8.2));
#8912 = CARTESIAN_POINT('',(3.971131762598E-02,-8.268827747282));
#8913 = CARTESIAN_POINT('',(4.913822337548E-02,-8.337679878489));
#8914 = CARTESIAN_POINT('',(6.800368669493E-02,-8.405297698319));
#8915 = CARTESIAN_POINT('',(9.583419035429E-02,-8.470551476559));
#8916 = CARTESIAN_POINT('',(0.131875357583,-8.532518852942));
#8917 = CARTESIAN_POINT('',(0.199662896438,-8.623285895332));
#8918 = CARTESIAN_POINT('',(0.226480850478,-8.654809686185));
#8919 = CARTESIAN_POINT('',(0.255465189849,-8.684947901157));
#8920 = CARTESIAN_POINT('',(0.286444519573,-8.713609229662));
#8921 = CARTESIAN_POINT('',(0.319246252345,-8.740725615654));
#8922 = CARTESIAN_POINT('',(0.405107506466,-8.804321528542));
#8923 = CARTESIAN_POINT('',(0.460193733505,-8.838845578027));
#8924 = CARTESIAN_POINT('',(0.518415334555,-8.869663844668));
#8925 = CARTESIAN_POINT('',(0.579252717818,-8.896703529004));
#8926 = CARTESIAN_POINT('',(0.642229241706,-8.919947705585));
#8927 = CARTESIAN_POINT('',(0.774512151934,-8.959736614386));
#8928 = CARTESIAN_POINT('',(0.843968908635,-8.975933980448));
#8929 = CARTESIAN_POINT('',(0.914819461276,-8.988014945529));
#8930 = CARTESIAN_POINT('',(0.986626270912,-8.996020081104));
#8931 = CARTESIAN_POINT('',(1.058985107042,-9.));
#8932 = CARTESIAN_POINT('',(1.131518890415,-9.));
#8933 = ( GEOMETRIC_REPRESENTATION_CONTEXT(2) 
PARAMETRIC_REPRESENTATION_CONTEXT() REPRESENTATION_CONTEXT('2D SPACE',''
  ) );
#8934 = PCURVE('',#3103,#8935);
#8935 = DEFINITIONAL_REPRESENTATION('',(#8936),#8959);
#8936 = B_SPLINE_CURVE_WITH_KNOTS('',6,(#8937,#8938,#8939,#8940,#8941,
    #8942,#8943,#8944,#8945,#8946,#8947,#8948,#8949,#8950,#8951,#8952,
    #8953,#8954,#8955,#8956,#8957,#8958),.UNSPECIFIED.,.F.,.F.,(7,5,5,5,
    7),(0.,0.303886728014,0.475760167282,0.732155496902,1.),
  .UNSPECIFIED.);
#8937 = CARTESIAN_POINT('',(3.733615474831,0.));
#8938 = CARTESIAN_POINT('',(3.733615474831,8.603468410273E-02));
#8939 = CARTESIAN_POINT('',(3.733099261974,0.172099615985));
#8940 = CARTESIAN_POINT('',(3.73206623946,0.257769349855));
#8941 = CARTESIAN_POINT('',(3.730537603074,0.342776102794));
#8942 = CARTESIAN_POINT('',(3.728545888042,0.426898953196));
#8943 = CARTESIAN_POINT('',(3.724770140439,0.55689642544));
#8944 = CARTESIAN_POINT('',(3.723271343063,0.603525236454));
#8945 = CARTESIAN_POINT('',(3.721645003263,0.649796983363));
#8946 = CARTESIAN_POINT('',(3.719898765651,0.695699764047));
#8947 = CARTESIAN_POINT('',(3.718040384267,0.741230572047));
#8948 = CARTESIAN_POINT('',(3.713149115438,0.85376535642));
#8949 = CARTESIAN_POINT('',(3.709988233167,0.920314178492));
#8950 = CARTESIAN_POINT('',(3.706619544843,0.986064060194));
#8951 = CARTESIAN_POINT('',(3.703067094364,1.051061490363));
#8952 = CARTESIAN_POINT('',(3.699353573973,1.115374411061));
#8953 = CARTESIAN_POINT('',(3.691473748289,1.245654003662));
#8954 = CARTESIAN_POINT('',(3.687295020313,1.311560066219));
#8955 = CARTESIAN_POINT('',(3.68298707077,1.376915395779));
#8956 = CARTESIAN_POINT('',(3.678572732646,1.44182619952));
#8957 = CARTESIAN_POINT('',(3.674074510333,1.506408326237));
#8958 = CARTESIAN_POINT('',(3.669514965602,1.570796326795));
#8959 = ( GEOMETRIC_REPRESENTATION_CONTEXT(2) 
PARAMETRIC_REPRESENTATION_CONTEXT() REPRESENTATION_CONTEXT('2D SPACE',''
  ) );
#8960 = ORIENTED_EDGE('',*,*,#3063,.F.);
#8961 = ADVANCED_FACE('',(#8962),#1189,.T.);
#8962 = FACE_BOUND('',#8963,.F.);
#8963 = EDGE_LOOP('',(#8964,#8965,#8989,#9014));
#8964 = ORIENTED_EDGE('',*,*,#8828,.F.);
#8965 = ORIENTED_EDGE('',*,*,#8966,.T.);
#8966 = EDGE_CURVE('',#8829,#8967,#8969,.T.);
#8967 = VERTEX_POINT('',#8968);
#8968 = CARTESIAN_POINT('',(-32.9,-1.885281374239,29.345570056613));
#8969 = SURFACE_CURVE('',#8970,(#8975,#8982),.PCURVE_S1.);
#8970 = CIRCLE('',#8971,12.);
#8971 = AXIS2_PLACEMENT_3D('',#8972,#8973,#8974);
#8972 = CARTESIAN_POINT('',(-32.9,6.,20.3));
#8973 = DIRECTION('',(1.,-0.,1.110223024625E-16));
#8974 = DIRECTION('',(1.110223024625E-16,0.,-1.));
#8975 = PCURVE('',#1189,#8976);
#8976 = DEFINITIONAL_REPRESENTATION('',(#8977),#8981);
#8977 = LINE('',#8978,#8979);
#8978 = CARTESIAN_POINT('',(0.,-0.));
#8979 = VECTOR('',#8980,1.);
#8980 = DIRECTION('',(1.,-0.));
#8981 = ( GEOMETRIC_REPRESENTATION_CONTEXT(2) 
PARAMETRIC_REPRESENTATION_CONTEXT() REPRESENTATION_CONTEXT('2D SPACE',''
  ) );
#8982 = PCURVE('',#8871,#8983);
#8983 = DEFINITIONAL_REPRESENTATION('',(#8984),#8988);
#8984 = LINE('',#8985,#8986);
#8985 = CARTESIAN_POINT('',(-0.,-0.6));
#8986 = VECTOR('',#8987,1.);
#8987 = DIRECTION('',(-1.,0.));
#8988 = ( GEOMETRIC_REPRESENTATION_CONTEXT(2) 
PARAMETRIC_REPRESENTATION_CONTEXT() REPRESENTATION_CONTEXT('2D SPACE',''
  ) );
#8989 = ORIENTED_EDGE('',*,*,#8990,.F.);
#8990 = EDGE_CURVE('',#1173,#8967,#8991,.T.);
#8991 = SURFACE_CURVE('',#8992,(#8997,#9007),.PCURVE_S1.);
#8992 = HYPERBOLA('',#8993,7.885281374239,7.885281374239);
#8993 = AXIS2_PLACEMENT_3D('',#8994,#8995,#8996);
#8994 = CARTESIAN_POINT('',(-44.9,-1.885281374239,20.3));
#8995 = DIRECTION('',(-2.465190328816E-32,-1.,2.22044604925E-16));
#8996 = DIRECTION('',(1.,0.,1.110223024625E-16));
#8997 = PCURVE('',#1189,#8998);
#8998 = DEFINITIONAL_REPRESENTATION('',(#8999),#9006);
#8999 = B_SPLINE_CURVE_WITH_KNOTS('',5,(#9000,#9001,#9002,#9003,#9004,
    #9005),.UNSPECIFIED.,.F.,.F.,(6,6),(0.912214069878,0.981692184838),
  .PIECEWISE_BEZIER_KNOTS.);
#9000 = CARTESIAN_POINT('',(3.905421049069,-0.6));
#9001 = CARTESIAN_POINT('',(3.895809566861,-0.485597294852));
#9002 = CARTESIAN_POINT('',(3.886318652591,-0.368443080922));
#9003 = CARTESIAN_POINT('',(3.876948139502,-0.248491337474));
#9004 = CARTESIAN_POINT('',(3.867697679441,-0.125693831255));
#9005 = CARTESIAN_POINT('',(3.858566771344,-1.054711873394E-15));
#9006 = ( GEOMETRIC_REPRESENTATION_CONTEXT(2) 
PARAMETRIC_REPRESENTATION_CONTEXT() REPRESENTATION_CONTEXT('2D SPACE',''
  ) );
#9007 = PCURVE('',#1217,#9008);
#9008 = DEFINITIONAL_REPRESENTATION('',(#9009),#9013);
#9009 = HYPERBOLA('',#9010,7.885281374239,7.885281374239);
#9010 = AXIS2_PLACEMENT_2D('',#9011,#9012);
#9011 = CARTESIAN_POINT('',(-7.885281374239,10.4));
#9012 = DIRECTION('',(0.,-1.));
#9013 = ( GEOMETRIC_REPRESENTATION_CONTEXT(2) 
PARAMETRIC_REPRESENTATION_CONTEXT() REPRESENTATION_CONTEXT('2D SPACE',''
  ) );
#9014 = ORIENTED_EDGE('',*,*,#1172,.F.);
#9015 = ADVANCED_FACE('',(#9016),#1217,.T.);
#9016 = FACE_BOUND('',#9017,.T.);
#9017 = EDGE_LOOP('',(#9018,#9019,#9040,#9041,#9121,#9142));
#9018 = ORIENTED_EDGE('',*,*,#1201,.T.);
#9019 = ORIENTED_EDGE('',*,*,#9020,.T.);
#9020 = EDGE_CURVE('',#1202,#3116,#9021,.T.);
#9021 = SURFACE_CURVE('',#9022,(#9026,#9033),.PCURVE_S1.);
#9022 = LINE('',#9023,#9024);
#9023 = CARTESIAN_POINT('',(-34.5,-1.885281374239,28.185281374239));
#9024 = VECTOR('',#9025,1.);
#9025 = DIRECTION('',(1.,0.,1.110223024625E-16));
#9026 = PCURVE('',#1217,#9027);
#9027 = DEFINITIONAL_REPRESENTATION('',(#9028),#9032);
#9028 = LINE('',#9029,#9030);
#9029 = CARTESIAN_POINT('',(0.,0.));
#9030 = VECTOR('',#9031,1.);
#9031 = DIRECTION('',(0.,-1.));
#9032 = ( GEOMETRIC_REPRESENTATION_CONTEXT(2) 
PARAMETRIC_REPRESENTATION_CONTEXT() REPRESENTATION_CONTEXT('2D SPACE',''
  ) );
#9033 = PCURVE('',#1245,#9034);
#9034 = DEFINITIONAL_REPRESENTATION('',(#9035),#9039);
#9035 = LINE('',#9036,#9037);
#9036 = CARTESIAN_POINT('',(1.2,0.));
#9037 = VECTOR('',#9038,1.);
#9038 = DIRECTION('',(0.,-1.));
#9039 = ( GEOMETRIC_REPRESENTATION_CONTEXT(2) 
PARAMETRIC_REPRESENTATION_CONTEXT() REPRESENTATION_CONTEXT('2D SPACE',''
  ) );
#9040 = ORIENTED_EDGE('',*,*,#3115,.F.);
#9041 = ORIENTED_EDGE('',*,*,#9042,.F.);
#9042 = EDGE_CURVE('',#9043,#3087,#9045,.T.);
#9043 = VERTEX_POINT('',#9044);
#9044 = CARTESIAN_POINT('',(-26.3,-1.885281374239,29.345570056613));
#9045 = SURFACE_CURVE('',#9046,(#9069,#9095),.PCURVE_S1.);
#9046 = B_SPLINE_CURVE_WITH_KNOTS('',6,(#9047,#9048,#9049,#9050,#9051,
    #9052,#9053,#9054,#9055,#9056,#9057,#9058,#9059,#9060,#9061,#9062,
    #9063,#9064,#9065,#9066,#9067,#9068),.UNSPECIFIED.,.F.,.F.,(7,5,5,5,
    7),(0.,0.303886728021,0.47576016729,0.73215549691,1.),
  .UNSPECIFIED.);
#9047 = CARTESIAN_POINT('',(-26.3,-1.885281374239,29.345570056613));
#9048 = CARTESIAN_POINT('',(-26.23117225271,-1.885281374239,
    29.345570056613));
#9049 = CARTESIAN_POINT('',(-26.1623201215,-1.885281374239,
    29.336143150863));
#9050 = CARTESIAN_POINT('',(-26.09470230167,-1.885281374239,
    29.317277687542));
#9051 = CARTESIAN_POINT('',(-26.02944852343,-1.885281374239,
    29.289447183882));
#9052 = CARTESIAN_POINT('',(-25.96748114705,-1.885281374239,
    29.253406016652));
#9053 = CARTESIAN_POINT('',(-25.87671410466,-1.885281374239,
    29.185618477794));
#9054 = CARTESIAN_POINT('',(-25.8451903138,-1.885281374239,
    29.158800523753));
#9055 = CARTESIAN_POINT('',(-25.81505209883,-1.885281374239,
    29.129816184381));
#9056 = CARTESIAN_POINT('',(-25.78639077033,-1.885281374239,
    29.098836854657));
#9057 = CARTESIAN_POINT('',(-25.75927438433,-1.885281374239,
    29.066035121885));
#9058 = CARTESIAN_POINT('',(-25.69567847145,-1.885281374239,
    28.980173867762));
#9059 = CARTESIAN_POINT('',(-25.66115442196,-1.885281374239,
    28.925087640723));
#9060 = CARTESIAN_POINT('',(-25.63033615532,-1.885281374239,
    28.866866039672));
#9061 = CARTESIAN_POINT('',(-25.60329647099,-1.885281374239,
    28.80602865641));
#9062 = CARTESIAN_POINT('',(-25.58005229441,-1.885281374239,
    28.74305213252));
#9063 = CARTESIAN_POINT('',(-25.54026338561,-1.885281374239,
    28.610769222294));
#9064 = CARTESIAN_POINT('',(-25.52406601955,-1.885281374239,
    28.541312465595));
#9065 = CARTESIAN_POINT('',(-25.51198505447,-1.885281374239,
    28.470461912956));
#9066 = CARTESIAN_POINT('',(-25.50397991889,-1.885281374239,
    28.398655103322));
#9067 = CARTESIAN_POINT('',(-25.5,-1.885281374239,28.326296267194));
#9068 = CARTESIAN_POINT('',(-25.5,-1.885281374239,28.253762483824));
#9069 = PCURVE('',#1217,#9070);
#9070 = DEFINITIONAL_REPRESENTATION('',(#9071),#9094);
#9071 = B_SPLINE_CURVE_WITH_KNOTS('',6,(#9072,#9073,#9074,#9075,#9076,
    #9077,#9078,#9079,#9080,#9081,#9082,#9083,#9084,#9085,#9086,#9087,
    #9088,#9089,#9090,#9091,#9092,#9093),.UNSPECIFIED.,.F.,.F.,(7,5,5,5,
    7),(0.,0.303886728021,0.47576016729,0.73215549691,1.),
  .UNSPECIFIED.);
#9072 = CARTESIAN_POINT('',(1.160288682374,-8.2));
#9073 = CARTESIAN_POINT('',(1.160288682374,-8.268827747284));
#9074 = CARTESIAN_POINT('',(1.150861776624,-8.337679878492));
#9075 = CARTESIAN_POINT('',(1.131996313304,-8.405297698324));
#9076 = CARTESIAN_POINT('',(1.104165809643,-8.470551476565));
#9077 = CARTESIAN_POINT('',(1.068124642413,-8.532518852949));
#9078 = CARTESIAN_POINT('',(1.000337103555,-8.62328589534));
#9079 = CARTESIAN_POINT('',(0.973519149515,-8.654809686193));
#9080 = CARTESIAN_POINT('',(0.944534810143,-8.684947901164));
#9081 = CARTESIAN_POINT('',(0.913555480418,-8.713609229669));
#9082 = CARTESIAN_POINT('',(0.880753747646,-8.740725615661));
#9083 = CARTESIAN_POINT('',(0.794892493524,-8.804321528548));
#9084 = CARTESIAN_POINT('',(0.739806266484,-8.838845578033));
#9085 = CARTESIAN_POINT('',(0.681584665434,-8.869663844673));
#9086 = CARTESIAN_POINT('',(0.620747282171,-8.896703529008));
#9087 = CARTESIAN_POINT('',(0.557770758282,-8.919947705589));
#9088 = CARTESIAN_POINT('',(0.425487848055,-8.959736614388));
#9089 = CARTESIAN_POINT('',(0.356031091356,-8.97593398045));
#9090 = CARTESIAN_POINT('',(0.285180538717,-8.98801494553));
#9091 = CARTESIAN_POINT('',(0.213373729083,-8.996020081104));
#9092 = CARTESIAN_POINT('',(0.141014892955,-9.));
#9093 = CARTESIAN_POINT('',(6.848110958544E-02,-9.));
#9094 = ( GEOMETRIC_REPRESENTATION_CONTEXT(2) 
PARAMETRIC_REPRESENTATION_CONTEXT() REPRESENTATION_CONTEXT('2D SPACE',''
  ) );
#9095 = PCURVE('',#3103,#9096);
#9096 = DEFINITIONAL_REPRESENTATION('',(#9097),#9120);
#9097 = B_SPLINE_CURVE_WITH_KNOTS('',6,(#9098,#9099,#9100,#9101,#9102,
    #9103,#9104,#9105,#9106,#9107,#9108,#9109,#9110,#9111,#9112,#9113,
    #9114,#9115,#9116,#9117,#9118,#9119),.UNSPECIFIED.,.F.,.F.,(7,5,5,5,
    7),(0.,0.303886728021,0.47576016729,0.73215549691,1.),
  .UNSPECIFIED.);
#9098 = CARTESIAN_POINT('',(3.858566771344,0.));
#9099 = CARTESIAN_POINT('',(3.858566771344,8.603468410481E-02));
#9100 = CARTESIAN_POINT('',(3.859082984201,0.172099615989));
#9101 = CARTESIAN_POINT('',(3.860116006716,0.257769349862));
#9102 = CARTESIAN_POINT('',(3.861644643102,0.342776102802));
#9103 = CARTESIAN_POINT('',(3.863636358134,0.426898953206));
#9104 = CARTESIAN_POINT('',(3.867412105737,0.556896425452));
#9105 = CARTESIAN_POINT('',(3.868910903113,0.603525236466));
#9106 = CARTESIAN_POINT('',(3.870537242913,0.649796983375));
#9107 = CARTESIAN_POINT('',(3.872283480524,0.695699764059));
#9108 = CARTESIAN_POINT('',(3.874141861909,0.741230572059));
#9109 = CARTESIAN_POINT('',(3.879033130738,0.853765356432));
#9110 = CARTESIAN_POINT('',(3.882194013009,0.920314178504));
#9111 = CARTESIAN_POINT('',(3.885562701333,0.986064060206));
#9112 = CARTESIAN_POINT('',(3.889115151812,1.051061490375));
#9113 = CARTESIAN_POINT('',(3.892828672203,1.115374411073));
#9114 = CARTESIAN_POINT('',(3.900708497887,1.245654003672));
#9115 = CARTESIAN_POINT('',(3.904887225863,1.311560066227));
#9116 = CARTESIAN_POINT('',(3.909195175406,1.376915395785));
#9117 = CARTESIAN_POINT('',(3.913609513529,1.441826199524));
#9118 = CARTESIAN_POINT('',(3.918107735843,1.506408326239));
#9119 = CARTESIAN_POINT('',(3.922667280573,1.570796326795));
#9120 = ( GEOMETRIC_REPRESENTATION_CONTEXT(2) 
PARAMETRIC_REPRESENTATION_CONTEXT() REPRESENTATION_CONTEXT('2D SPACE',''
  ) );
#9121 = ORIENTED_EDGE('',*,*,#9122,.T.);
#9122 = EDGE_CURVE('',#9043,#8967,#9123,.T.);
#9123 = SURFACE_CURVE('',#9124,(#9128,#9135),.PCURVE_S1.);
#9124 = LINE('',#9125,#9126);
#9125 = CARTESIAN_POINT('',(-33.5,-1.885281374239,29.345570056613));
#9126 = VECTOR('',#9127,1.);
#9127 = DIRECTION('',(-1.,-0.,-1.110223024625E-16));
#9128 = PCURVE('',#1217,#9129);
#9129 = DEFINITIONAL_REPRESENTATION('',(#9130),#9134);
#9130 = LINE('',#9131,#9132);
#9131 = CARTESIAN_POINT('',(1.160288682374,-1.));
#9132 = VECTOR('',#9133,1.);
#9133 = DIRECTION('',(0.,1.));
#9134 = ( GEOMETRIC_REPRESENTATION_CONTEXT(2) 
PARAMETRIC_REPRESENTATION_CONTEXT() REPRESENTATION_CONTEXT('2D SPACE',''
  ) );
#9135 = PCURVE('',#8871,#9136);
#9136 = DEFINITIONAL_REPRESENTATION('',(#9137),#9141);
#9137 = LINE('',#9138,#9139);
#9138 = CARTESIAN_POINT('',(-3.858566771344,0.));
#9139 = VECTOR('',#9140,1.);
#9140 = DIRECTION('',(-0.,1.));
#9141 = ( GEOMETRIC_REPRESENTATION_CONTEXT(2) 
PARAMETRIC_REPRESENTATION_CONTEXT() REPRESENTATION_CONTEXT('2D SPACE',''
  ) );
#9142 = ORIENTED_EDGE('',*,*,#8990,.F.);
#9143 = ADVANCED_FACE('',(#9144),#1245,.T.);
#9144 = FACE_BOUND('',#9145,.T.);
#9145 = EDGE_LOOP('',(#9146,#9147,#9148,#9175,#9203,#9281));
#9146 = ORIENTED_EDGE('',*,*,#9020,.F.);
#9147 = ORIENTED_EDGE('',*,*,#1229,.T.);
#9148 = ORIENTED_EDGE('',*,*,#9149,.F.);
#9149 = EDGE_CURVE('',#9150,#1230,#9152,.T.);
#9150 = VERTEX_POINT('',#9151);
#9151 = CARTESIAN_POINT('',(-32.9,-3.045570056613,28.185281374239));
#9152 = SURFACE_CURVE('',#9153,(#9158,#9165),.PCURVE_S1.);
#9153 = HYPERBOLA('',#9154,7.885281374239,7.885281374239);
#9154 = AXIS2_PLACEMENT_3D('',#9155,#9156,#9157);
#9155 = CARTESIAN_POINT('',(-44.9,6.,28.185281374239));
#9156 = DIRECTION('',(-1.110223024625E-16,2.22044604925E-16,1.));
#9157 = DIRECTION('',(1.,0.,1.110223024625E-16));
#9158 = PCURVE('',#1245,#9159);
#9159 = DEFINITIONAL_REPRESENTATION('',(#9160),#9164);
#9160 = HYPERBOLA('',#9161,7.885281374239,7.885281374239);
#9161 = AXIS2_PLACEMENT_2D('',#9162,#9163);
#9162 = CARTESIAN_POINT('',(9.085281374239,10.4));
#9163 = DIRECTION('',(0.,-1.));
#9164 = ( GEOMETRIC_REPRESENTATION_CONTEXT(2) 
PARAMETRIC_REPRESENTATION_CONTEXT() REPRESENTATION_CONTEXT('2D SPACE',''
  ) );
#9165 = PCURVE('',#1274,#9166);
#9166 = DEFINITIONAL_REPRESENTATION('',(#9167),#9174);
#9167 = B_SPLINE_CURVE_WITH_KNOTS('',5,(#9168,#9169,#9170,#9171,#9172,
    #9173),.UNSPECIFIED.,.F.,.F.,(6,6),(-0.981692184838,-0.912214069878)
  ,.PIECEWISE_BEZIER_KNOTS.);
#9168 = CARTESIAN_POINT('',(3.99541486263,-1.054711873394E-15));
#9169 = CARTESIAN_POINT('',(3.986283954533,-0.125693831255));
#9170 = CARTESIAN_POINT('',(3.977033494473,-0.248491337474));
#9171 = CARTESIAN_POINT('',(3.967662981383,-0.368443080922));
#9172 = CARTESIAN_POINT('',(3.958172067113,-0.485597294852));
#9173 = CARTESIAN_POINT('',(3.948560584906,-0.6));
#9174 = ( GEOMETRIC_REPRESENTATION_CONTEXT(2) 
PARAMETRIC_REPRESENTATION_CONTEXT() REPRESENTATION_CONTEXT('2D SPACE',''
  ) );
#9175 = ORIENTED_EDGE('',*,*,#9176,.F.);
#9176 = EDGE_CURVE('',#9177,#9150,#9179,.T.);
#9177 = VERTEX_POINT('',#9178);
#9178 = CARTESIAN_POINT('',(-26.3,-3.045570056613,28.185281374239));
#9179 = SURFACE_CURVE('',#9180,(#9184,#9191),.PCURVE_S1.);
#9180 = LINE('',#9181,#9182);
#9181 = CARTESIAN_POINT('',(-33.5,-3.045570056613,28.185281374239));
#9182 = VECTOR('',#9183,1.);
#9183 = DIRECTION('',(-1.,-0.,-1.110223024625E-16));
#9184 = PCURVE('',#1245,#9185);
#9185 = DEFINITIONAL_REPRESENTATION('',(#9186),#9190);
#9186 = LINE('',#9187,#9188);
#9187 = CARTESIAN_POINT('',(3.971131762598E-02,-1.));
#9188 = VECTOR('',#9189,1.);
#9189 = DIRECTION('',(0.,1.));
#9190 = ( GEOMETRIC_REPRESENTATION_CONTEXT(2) 
PARAMETRIC_REPRESENTATION_CONTEXT() REPRESENTATION_CONTEXT('2D SPACE',''
  ) );
#9191 = PCURVE('',#9192,#9197);
#9192 = CYLINDRICAL_SURFACE('',#9193,12.);
#9193 = AXIS2_PLACEMENT_3D('',#9194,#9195,#9196);
#9194 = CARTESIAN_POINT('',(-33.5,6.,20.3));
#9195 = DIRECTION('',(-1.,-0.,-1.110223024625E-16));
#9196 = DIRECTION('',(1.110223024625E-16,0.,-1.));
#9197 = DEFINITIONAL_REPRESENTATION('',(#9198),#9202);
#9198 = LINE('',#9199,#9200);
#9199 = CARTESIAN_POINT('',(-3.99541486263,0.));
#9200 = VECTOR('',#9201,1.);
#9201 = DIRECTION('',(-0.,1.));
#9202 = ( GEOMETRIC_REPRESENTATION_CONTEXT(2) 
PARAMETRIC_REPRESENTATION_CONTEXT() REPRESENTATION_CONTEXT('2D SPACE',''
  ) );
#9203 = ORIENTED_EDGE('',*,*,#9204,.T.);
#9204 = EDGE_CURVE('',#9177,#3139,#9205,.T.);
#9205 = SURFACE_CURVE('',#9206,(#9229,#9255),.PCURVE_S1.);
#9206 = B_SPLINE_CURVE_WITH_KNOTS('',6,(#9207,#9208,#9209,#9210,#9211,
    #9212,#9213,#9214,#9215,#9216,#9217,#9218,#9219,#9220,#9221,#9222,
    #9223,#9224,#9225,#9226,#9227,#9228),.UNSPECIFIED.,.F.,.F.,(7,5,5,5,
    7),(0.,0.303886728004,0.475760167272,0.732155496891,1.),
  .UNSPECIFIED.);
#9207 = CARTESIAN_POINT('',(-26.3,-3.045570056613,28.185281374239));
#9208 = CARTESIAN_POINT('',(-26.23117225272,-3.045570056613,
    28.185281374239));
#9209 = CARTESIAN_POINT('',(-26.16232012151,-3.036143150864,
    28.185281374239));
#9210 = CARTESIAN_POINT('',(-26.09470230168,-3.017277687545,
    28.185281374239));
#9211 = CARTESIAN_POINT('',(-26.02944852344,-2.989447183888,
    28.185281374239));
#9212 = CARTESIAN_POINT('',(-25.96748114706,-2.953406016662,
    28.185281374239));
#9213 = CARTESIAN_POINT('',(-25.87671410467,-2.885618477809,
    28.185281374239));
#9214 = CARTESIAN_POINT('',(-25.84519031382,-2.85880052377,
    28.185281374239));
#9215 = CARTESIAN_POINT('',(-25.81505209885,-2.8298161844,
    28.185281374239));
#9216 = CARTESIAN_POINT('',(-25.78639077034,-2.798836854676,
    28.185281374239));
#9217 = CARTESIAN_POINT('',(-25.75927438435,-2.766035121905,
    28.185281374239));
#9218 = CARTESIAN_POINT('',(-25.69567847146,-2.680173867785,
    28.185281374239));
#9219 = CARTESIAN_POINT('',(-25.66115442198,-2.625087640747,
    28.185281374239));
#9220 = CARTESIAN_POINT('',(-25.63033615533,-2.566866039698,
    28.185281374239));
#9221 = CARTESIAN_POINT('',(-25.603296471,-2.506028656436,
    28.185281374239));
#9222 = CARTESIAN_POINT('',(-25.58005229442,-2.443052132548,
    28.185281374239));
#9223 = CARTESIAN_POINT('',(-25.54026338561,-2.310769222318,
    28.185281374239));
#9224 = CARTESIAN_POINT('',(-25.52406601955,-2.241312465615,
    28.185281374239));
#9225 = CARTESIAN_POINT('',(-25.51198505447,-2.170461912971,
    28.185281374239));
#9226 = CARTESIAN_POINT('',(-25.50397991889,-2.098655103332,
    28.185281374239));
#9227 = CARTESIAN_POINT('',(-25.5,-2.026296267199,28.185281374239));
#9228 = CARTESIAN_POINT('',(-25.5,-1.953762483824,28.185281374239));
#9229 = PCURVE('',#1245,#9230);
#9230 = DEFINITIONAL_REPRESENTATION('',(#9231),#9254);
#9231 = B_SPLINE_CURVE_WITH_KNOTS('',6,(#9232,#9233,#9234,#9235,#9236,
    #9237,#9238,#9239,#9240,#9241,#9242,#9243,#9244,#9245,#9246,#9247,
    #9248,#9249,#9250,#9251,#9252,#9253),.UNSPECIFIED.,.F.,.F.,(7,5,5,5,
    7),(0.,0.303886728004,0.475760167272,0.732155496891,1.),
  .UNSPECIFIED.);
#9232 = CARTESIAN_POINT('',(3.971131762598E-02,-8.2));
#9233 = CARTESIAN_POINT('',(3.971131762598E-02,-8.26882774728));
#9234 = CARTESIAN_POINT('',(4.913822337487E-02,-8.337679878485));
#9235 = CARTESIAN_POINT('',(6.80036866931E-02,-8.405297698313));
#9236 = CARTESIAN_POINT('',(9.583419035069E-02,-8.470551476551));
#9237 = CARTESIAN_POINT('',(0.131875357577,-8.532518852932));
#9238 = CARTESIAN_POINT('',(0.199662896429,-8.623285895321));
#9239 = CARTESIAN_POINT('',(0.226480850468,-8.654809686175));
#9240 = CARTESIAN_POINT('',(0.255465189839,-8.684947901146));
#9241 = CARTESIAN_POINT('',(0.286444519562,-8.713609229652));
#9242 = CARTESIAN_POINT('',(0.319246252334,-8.740725615644));
#9243 = CARTESIAN_POINT('',(0.405107506453,-8.804321528534));
#9244 = CARTESIAN_POINT('',(0.460193733492,-8.83884557802));
#9245 = CARTESIAN_POINT('',(0.518415334541,-8.869663844661));
#9246 = CARTESIAN_POINT('',(0.579252717802,-8.896703528997));
#9247 = CARTESIAN_POINT('',(0.642229241691,-8.919947705579));
#9248 = CARTESIAN_POINT('',(0.77451215192,-8.959736614382));
#9249 = CARTESIAN_POINT('',(0.843968908624,-8.975933980446));
#9250 = CARTESIAN_POINT('',(0.914819461268,-8.988014945528));
#9251 = CARTESIAN_POINT('',(0.986626270907,-8.996020081103));
#9252 = CARTESIAN_POINT('',(1.05898510704,-9.));
#9253 = CARTESIAN_POINT('',(1.131518890415,-9.));
#9254 = ( GEOMETRIC_REPRESENTATION_CONTEXT(2) 
PARAMETRIC_REPRESENTATION_CONTEXT() REPRESENTATION_CONTEXT('2D SPACE',''
  ) );
#9255 = PCURVE('',#3178,#9256);
#9256 = DEFINITIONAL_REPRESENTATION('',(#9257),#9280);
#9257 = B_SPLINE_CURVE_WITH_KNOTS('',6,(#9258,#9259,#9260,#9261,#9262,
    #9263,#9264,#9265,#9266,#9267,#9268,#9269,#9270,#9271,#9272,#9273,
    #9274,#9275,#9276,#9277,#9278,#9279),.UNSPECIFIED.,.F.,.F.,(7,5,5,5,
    7),(0.,0.303886728004,0.475760167272,0.732155496891,1.),
  .UNSPECIFIED.);
#9258 = CARTESIAN_POINT('',(3.99541486263,0.));
#9259 = CARTESIAN_POINT('',(3.99541486263,8.603468409994E-02));
#9260 = CARTESIAN_POINT('',(3.994898649773,0.17209961598));
#9261 = CARTESIAN_POINT('',(3.993865627259,0.257769349847));
#9262 = CARTESIAN_POINT('',(3.992336990873,0.342776102783));
#9263 = CARTESIAN_POINT('',(3.990345275841,0.426898953182));
#9264 = CARTESIAN_POINT('',(3.986569528238,0.556896425424));
#9265 = CARTESIAN_POINT('',(3.985070730863,0.603525236438));
#9266 = CARTESIAN_POINT('',(3.983444391063,0.649796983347));
#9267 = CARTESIAN_POINT('',(3.981698153451,0.695699764031));
#9268 = CARTESIAN_POINT('',(3.979839772067,0.741230572031));
#9269 = CARTESIAN_POINT('',(3.974948503238,0.853765356404));
#9270 = CARTESIAN_POINT('',(3.971787620967,0.920314178476));
#9271 = CARTESIAN_POINT('',(3.968418932643,0.986064060178));
#9272 = CARTESIAN_POINT('',(3.964866482164,1.051061490347));
#9273 = CARTESIAN_POINT('',(3.961152961773,1.115374411045));
#9274 = CARTESIAN_POINT('',(3.953273136089,1.245654003649));
#9275 = CARTESIAN_POINT('',(3.949094408113,1.311560066209));
#9276 = CARTESIAN_POINT('',(3.94478645857,1.376915395772));
#9277 = CARTESIAN_POINT('',(3.940372120446,1.441826199515));
#9278 = CARTESIAN_POINT('',(3.935873898132,1.506408326235));
#9279 = CARTESIAN_POINT('',(3.931314353401,1.570796326795));
#9280 = ( GEOMETRIC_REPRESENTATION_CONTEXT(2) 
PARAMETRIC_REPRESENTATION_CONTEXT() REPRESENTATION_CONTEXT('2D SPACE',''
  ) );
#9281 = ORIENTED_EDGE('',*,*,#3138,.F.);
#9282 = ADVANCED_FACE('',(#9283),#1954,.T.);
#9283 = FACE_BOUND('',#9284,.F.);
#9284 = EDGE_LOOP('',(#9285,#9312,#9334,#9335));
#9285 = ORIENTED_EDGE('',*,*,#9286,.F.);
#9286 = EDGE_CURVE('',#9287,#1910,#9289,.T.);
#9287 = VERTEX_POINT('',#9288);
#9288 = CARTESIAN_POINT('',(-32.9,3.693931042227,8.523665852142));
#9289 = SURFACE_CURVE('',#9290,(#9295,#9305),.PCURVE_S1.);
#9290 = HYPERBOLA('',#9291,7.885281374239,7.885281374239);
#9291 = AXIS2_PLACEMENT_3D('',#9292,#9293,#9294);
#9292 = CARTESIAN_POINT('',(-44.9,-0.828853986079,16.357359312881));
#9293 = DIRECTION('',(5.551115123126E-17,-0.866025403784,-0.5));
#9294 = DIRECTION('',(1.,0.,1.110223024625E-16));
#9295 = PCURVE('',#1954,#9296);
#9296 = DEFINITIONAL_REPRESENTATION('',(#9297),#9304);
#9297 = B_SPLINE_CURVE_WITH_KNOTS('',5,(#9298,#9299,#9300,#9301,#9302,
    #9303),.UNSPECIFIED.,.F.,.F.,(6,6),(-0.981692184838,-0.912214069878)
  ,.PIECEWISE_BEZIER_KNOTS.);
#9298 = CARTESIAN_POINT('',(6.089809965023,-1.665334536938E-16));
#9299 = CARTESIAN_POINT('',(6.080679056926,-0.125693831255));
#9300 = CARTESIAN_POINT('',(6.071428596866,-0.248491337474));
#9301 = CARTESIAN_POINT('',(6.062058083777,-0.368443080922));
#9302 = CARTESIAN_POINT('',(6.052567169506,-0.485597294852));
#9303 = CARTESIAN_POINT('',(6.042955687299,-0.6));
#9304 = ( GEOMETRIC_REPRESENTATION_CONTEXT(2) 
PARAMETRIC_REPRESENTATION_CONTEXT() REPRESENTATION_CONTEXT('2D SPACE',''
  ) );
#9305 = PCURVE('',#1925,#9306);
#9306 = DEFINITIONAL_REPRESENTATION('',(#9307),#9311);
#9307 = HYPERBOLA('',#9308,7.885281374239,7.885281374239);
#9308 = AXIS2_PLACEMENT_2D('',#9309,#9310);
#9309 = CARTESIAN_POINT('',(9.085281374239,10.4));
#9310 = DIRECTION('',(0.,-1.));
#9311 = ( GEOMETRIC_REPRESENTATION_CONTEXT(2) 
PARAMETRIC_REPRESENTATION_CONTEXT() REPRESENTATION_CONTEXT('2D SPACE',''
  ) );
#9312 = ORIENTED_EDGE('',*,*,#9313,.T.);
#9313 = EDGE_CURVE('',#9287,#4737,#9314,.T.);
#9314 = SURFACE_CURVE('',#9315,(#9320,#9327),.PCURVE_S1.);
#9315 = CIRCLE('',#9316,12.);
#9316 = AXIS2_PLACEMENT_3D('',#9317,#9318,#9319);
#9317 = CARTESIAN_POINT('',(-32.9,6.,20.3));
#9318 = DIRECTION('',(1.,-0.,1.110223024625E-16));
#9319 = DIRECTION('',(1.110223024625E-16,0.,-1.));
#9320 = PCURVE('',#1954,#9321);
#9321 = DEFINITIONAL_REPRESENTATION('',(#9322),#9326);
#9322 = LINE('',#9323,#9324);
#9323 = CARTESIAN_POINT('',(0.,-0.));
#9324 = VECTOR('',#9325,1.);
#9325 = DIRECTION('',(1.,-0.));
#9326 = ( GEOMETRIC_REPRESENTATION_CONTEXT(2) 
PARAMETRIC_REPRESENTATION_CONTEXT() REPRESENTATION_CONTEXT('2D SPACE',''
  ) );
#9327 = PCURVE('',#4752,#9328);
#9328 = DEFINITIONAL_REPRESENTATION('',(#9329),#9333);
#9329 = LINE('',#9330,#9331);
#9330 = CARTESIAN_POINT('',(-0.,-0.6));
#9331 = VECTOR('',#9332,1.);
#9332 = DIRECTION('',(-1.,0.));
#9333 = ( GEOMETRIC_REPRESENTATION_CONTEXT(2) 
PARAMETRIC_REPRESENTATION_CONTEXT() REPRESENTATION_CONTEXT('2D SPACE',''
  ) );
#9334 = ORIENTED_EDGE('',*,*,#4764,.F.);
#9335 = ORIENTED_EDGE('',*,*,#1937,.F.);
#9336 = ADVANCED_FACE('',(#9337),#1274,.T.);
#9337 = FACE_BOUND('',#9338,.F.);
#9338 = EDGE_LOOP('',(#9339,#9340,#9364,#9389));
#9339 = ORIENTED_EDGE('',*,*,#9149,.F.);
#9340 = ORIENTED_EDGE('',*,*,#9341,.T.);
#9341 = EDGE_CURVE('',#9150,#9342,#9344,.T.);
#9342 = VERTEX_POINT('',#9343);
#9343 = CARTESIAN_POINT('',(-32.9,-3.957762731394,26.996488735544));
#9344 = SURFACE_CURVE('',#9345,(#9350,#9357),.PCURVE_S1.);
#9345 = CIRCLE('',#9346,12.);
#9346 = AXIS2_PLACEMENT_3D('',#9347,#9348,#9349);
#9347 = CARTESIAN_POINT('',(-32.9,6.,20.3));
#9348 = DIRECTION('',(1.,-0.,1.110223024625E-16));
#9349 = DIRECTION('',(1.110223024625E-16,0.,-1.));
#9350 = PCURVE('',#1274,#9351);
#9351 = DEFINITIONAL_REPRESENTATION('',(#9352),#9356);
#9352 = LINE('',#9353,#9354);
#9353 = CARTESIAN_POINT('',(0.,-0.));
#9354 = VECTOR('',#9355,1.);
#9355 = DIRECTION('',(1.,-0.));
#9356 = ( GEOMETRIC_REPRESENTATION_CONTEXT(2) 
PARAMETRIC_REPRESENTATION_CONTEXT() REPRESENTATION_CONTEXT('2D SPACE',''
  ) );
#9357 = PCURVE('',#9192,#9358);
#9358 = DEFINITIONAL_REPRESENTATION('',(#9359),#9363);
#9359 = LINE('',#9360,#9361);
#9360 = CARTESIAN_POINT('',(-0.,-0.6));
#9361 = VECTOR('',#9362,1.);
#9362 = DIRECTION('',(-1.,0.));
#9363 = ( GEOMETRIC_REPRESENTATION_CONTEXT(2) 
PARAMETRIC_REPRESENTATION_CONTEXT() REPRESENTATION_CONTEXT('2D SPACE',''
  ) );
#9364 = ORIENTED_EDGE('',*,*,#9365,.F.);
#9365 = EDGE_CURVE('',#1258,#9342,#9366,.T.);
#9366 = SURFACE_CURVE('',#9367,(#9372,#9382),.PCURVE_S1.);
#9367 = HYPERBOLA('',#9368,7.885281374239,7.885281374239);
#9368 = AXIS2_PLACEMENT_3D('',#9369,#9370,#9371);
#9369 = CARTESIAN_POINT('',(-44.9,-1.616596926933,18.259139004355));
#9370 = DIRECTION('',(2.873468630843E-17,-0.965925826289,-0.258819045103
    ));
#9371 = DIRECTION('',(1.,0.,1.110223024625E-16));
#9372 = PCURVE('',#1274,#9373);
#9373 = DEFINITIONAL_REPRESENTATION('',(#9374),#9381);
#9374 = B_SPLINE_CURVE_WITH_KNOTS('',5,(#9375,#9376,#9377,#9378,#9379,
    #9380),.UNSPECIFIED.,.F.,.F.,(6,6),(0.912214069878,0.981692184838),
  .PIECEWISE_BEZIER_KNOTS.);
#9375 = CARTESIAN_POINT('',(4.167220436868,-0.6));
#9376 = CARTESIAN_POINT('',(4.157608954661,-0.485597294852));
#9377 = CARTESIAN_POINT('',(4.14811804039,-0.368443080922));
#9378 = CARTESIAN_POINT('',(4.138747527301,-0.248491337474));
#9379 = CARTESIAN_POINT('',(4.129497067241,-0.125693831255));
#9380 = CARTESIAN_POINT('',(4.120366159144,-1.054711873394E-15));
#9381 = ( GEOMETRIC_REPRESENTATION_CONTEXT(2) 
PARAMETRIC_REPRESENTATION_CONTEXT() REPRESENTATION_CONTEXT('2D SPACE',''
  ) );
#9382 = PCURVE('',#1302,#9383);
#9383 = DEFINITIONAL_REPRESENTATION('',(#9384),#9388);
#9384 = HYPERBOLA('',#9385,7.885281374239,7.885281374239);
#9385 = AXIS2_PLACEMENT_2D('',#9386,#9387);
#9386 = CARTESIAN_POINT('',(-7.885281374239,10.4));
#9387 = DIRECTION('',(0.,-1.));
#9388 = ( GEOMETRIC_REPRESENTATION_CONTEXT(2) 
PARAMETRIC_REPRESENTATION_CONTEXT() REPRESENTATION_CONTEXT('2D SPACE',''
  ) );
#9389 = ORIENTED_EDGE('',*,*,#1257,.F.);
#9390 = ADVANCED_FACE('',(#9391),#1925,.T.);
#9391 = FACE_BOUND('',#9392,.T.);
#9392 = EDGE_LOOP('',(#9393,#9414,#9415,#9416,#9439,#9517));
#9393 = ORIENTED_EDGE('',*,*,#9394,.F.);
#9394 = EDGE_CURVE('',#1882,#3716,#9395,.T.);
#9395 = SURFACE_CURVE('',#9396,(#9400,#9407),.PCURVE_S1.);
#9396 = LINE('',#9397,#9398);
#9397 = CARTESIAN_POINT('',(-34.5,3.11378670104,9.528505326802));
#9398 = VECTOR('',#9399,1.);
#9399 = DIRECTION('',(1.,0.,1.110223024625E-16));
#9400 = PCURVE('',#1925,#9401);
#9401 = DEFINITIONAL_REPRESENTATION('',(#9402),#9406);
#9402 = LINE('',#9403,#9404);
#9403 = CARTESIAN_POINT('',(1.2,-1.15377761183E-16));
#9404 = VECTOR('',#9405,1.);
#9405 = DIRECTION('',(0.,-1.));
#9406 = ( GEOMETRIC_REPRESENTATION_CONTEXT(2) 
PARAMETRIC_REPRESENTATION_CONTEXT() REPRESENTATION_CONTEXT('2D SPACE',''
  ) );
#9407 = PCURVE('',#1897,#9408);
#9408 = DEFINITIONAL_REPRESENTATION('',(#9409),#9413);
#9409 = LINE('',#9410,#9411);
#9410 = CARTESIAN_POINT('',(0.,0.));
#9411 = VECTOR('',#9412,1.);
#9412 = DIRECTION('',(0.,-1.));
#9413 = ( GEOMETRIC_REPRESENTATION_CONTEXT(2) 
PARAMETRIC_REPRESENTATION_CONTEXT() REPRESENTATION_CONTEXT('2D SPACE',''
  ) );
#9414 = ORIENTED_EDGE('',*,*,#1909,.T.);
#9415 = ORIENTED_EDGE('',*,*,#9286,.F.);
#9416 = ORIENTED_EDGE('',*,*,#9417,.F.);
#9417 = EDGE_CURVE('',#9418,#9287,#9420,.T.);
#9418 = VERTEX_POINT('',#9419);
#9419 = CARTESIAN_POINT('',(-26.3,3.693931042227,8.523665852142));
#9420 = SURFACE_CURVE('',#9421,(#9425,#9432),.PCURVE_S1.);
#9421 = LINE('',#9422,#9423);
#9422 = CARTESIAN_POINT('',(-33.5,3.693931042227,8.523665852142));
#9423 = VECTOR('',#9424,1.);
#9424 = DIRECTION('',(-1.,-0.,-1.110223024625E-16));
#9425 = PCURVE('',#1925,#9426);
#9426 = DEFINITIONAL_REPRESENTATION('',(#9427),#9431);
#9427 = LINE('',#9428,#9429);
#9428 = CARTESIAN_POINT('',(3.971131762598E-02,-1.));
#9429 = VECTOR('',#9430,1.);
#9430 = DIRECTION('',(0.,1.));
#9431 = ( GEOMETRIC_REPRESENTATION_CONTEXT(2) 
PARAMETRIC_REPRESENTATION_CONTEXT() REPRESENTATION_CONTEXT('2D SPACE',''
  ) );
#9432 = PCURVE('',#4752,#9433);
#9433 = DEFINITIONAL_REPRESENTATION('',(#9434),#9438);
#9434 = LINE('',#9435,#9436);
#9435 = CARTESIAN_POINT('',(-6.089809965023,0.));
#9436 = VECTOR('',#9437,1.);
#9437 = DIRECTION('',(-0.,1.));
#9438 = ( GEOMETRIC_REPRESENTATION_CONTEXT(2) 
PARAMETRIC_REPRESENTATION_CONTEXT() REPRESENTATION_CONTEXT('2D SPACE',''
  ) );
#9439 = ORIENTED_EDGE('',*,*,#9440,.T.);
#9440 = EDGE_CURVE('',#9418,#3739,#9441,.T.);
#9441 = SURFACE_CURVE('',#9442,(#9465,#9491),.PCURVE_S1.);
#9442 = B_SPLINE_CURVE_WITH_KNOTS('',6,(#9443,#9444,#9445,#9446,#9447,
    #9448,#9449,#9450,#9451,#9452,#9453,#9454,#9455,#9456,#9457,#9458,
    #9459,#9460,#9461,#9462,#9463,#9464),.UNSPECIFIED.,.F.,.F.,(7,5,5,5,
    7),(0.,0.303886728023,0.475760167293,0.732155496913,1.),
  .UNSPECIFIED.);
#9443 = CARTESIAN_POINT('',(-26.3,3.693931042227,8.523665852142));
#9444 = CARTESIAN_POINT('',(-26.23117225271,3.693931042227,
    8.523665852142));
#9445 = CARTESIAN_POINT('',(-26.1623201215,3.689217589352,8.531829792001
    ));
#9446 = CARTESIAN_POINT('',(-26.09470230167,3.679784857692,
    8.548167762491));
#9447 = CARTESIAN_POINT('',(-26.02944852343,3.665869605861,
    8.572269685662));
#9448 = CARTESIAN_POINT('',(-25.96748114704,3.647849022246,
    8.603482252065));
#9449 = CARTESIAN_POINT('',(-25.87671410465,3.613955252817,
    8.662187982777));
#9450 = CARTESIAN_POINT('',(-25.8451903138,3.600546275796,8.685413012254
    ));
#9451 = CARTESIAN_POINT('',(-25.81505209883,3.58605410611,8.710514186462
    ));
#9452 = CARTESIAN_POINT('',(-25.78639077032,3.570564441248,
    8.737343072996));
#9453 = CARTESIAN_POINT('',(-25.75927438433,3.554163574862,
    8.765750206865));
#9454 = CARTESIAN_POINT('',(-25.69567847144,3.511232947801,
    8.840108234136));
#9455 = CARTESIAN_POINT('',(-25.66115442196,3.483689834281,
    8.887814306151));
#9456 = CARTESIAN_POINT('',(-25.63033615532,3.454579033755,
    8.938235691709));
#9457 = CARTESIAN_POINT('',(-25.60329647099,3.424160342124,
    8.990922411115));
#9458 = CARTESIAN_POINT('',(-25.58005229441,3.392672080179,
    9.045461680645));
#9459 = CARTESIAN_POINT('',(-25.54026338561,3.326530625066,
    9.160022041388));
#9460 = CARTESIAN_POINT('',(-25.52406601955,3.291802246717,
    9.220173357153));
#9461 = CARTESIAN_POINT('',(-25.51198505447,3.256376970398,9.28153173561
    ));
#9462 = CARTESIAN_POINT('',(-25.50397991889,3.220473565581,
    9.343718256917));
#9463 = CARTESIAN_POINT('',(-25.5,3.184294147518,9.406382847191));
#9464 = CARTESIAN_POINT('',(-25.5,3.148027255833,9.469198946222));
#9465 = PCURVE('',#1925,#9466);
#9466 = DEFINITIONAL_REPRESENTATION('',(#9467),#9490);
#9467 = B_SPLINE_CURVE_WITH_KNOTS('',6,(#9468,#9469,#9470,#9471,#9472,
    #9473,#9474,#9475,#9476,#9477,#9478,#9479,#9480,#9481,#9482,#9483,
    #9484,#9485,#9486,#9487,#9488,#9489),.UNSPECIFIED.,.F.,.F.,(7,5,5,5,
    7),(0.,0.303886728023,0.475760167293,0.732155496913,1.),
  .UNSPECIFIED.);
#9468 = CARTESIAN_POINT('',(3.971131762598E-02,-8.2));
#9469 = CARTESIAN_POINT('',(3.971131762598E-02,-8.268827747284));
#9470 = CARTESIAN_POINT('',(4.913822337609E-02,-8.337679878494));
#9471 = CARTESIAN_POINT('',(6.800368669675E-02,-8.405297698326));
#9472 = CARTESIAN_POINT('',(9.583419035789E-02,-8.470551476568));
#9473 = CARTESIAN_POINT('',(0.131875357588,-8.532518852952));
#9474 = CARTESIAN_POINT('',(0.199662896447,-8.623285895343));
#9475 = CARTESIAN_POINT('',(0.226480850488,-8.654809686196));
#9476 = CARTESIAN_POINT('',(0.25546518986,-8.684947901167));
#9477 = CARTESIAN_POINT('',(0.286444519585,-8.713609229672));
#9478 = CARTESIAN_POINT('',(0.319246252357,-8.740725615663));
#9479 = CARTESIAN_POINT('',(0.40510750648,-8.804321528551));
#9480 = CARTESIAN_POINT('',(0.460193733519,-8.838845578035));
#9481 = CARTESIAN_POINT('',(0.51841533457,-8.869663844675));
#9482 = CARTESIAN_POINT('',(0.579252717833,-8.89670352901));
#9483 = CARTESIAN_POINT('',(0.642229241722,-8.91994770559));
#9484 = CARTESIAN_POINT('',(0.774512151948,-8.959736614389));
#9485 = CARTESIAN_POINT('',(0.843968908647,-8.97593398045));
#9486 = CARTESIAN_POINT('',(0.914819461285,-8.98801494553));
#9487 = CARTESIAN_POINT('',(0.986626270918,-8.996020081104));
#9488 = CARTESIAN_POINT('',(1.058985107045,-9.));
#9489 = CARTESIAN_POINT('',(1.131518890415,-9.));
#9490 = ( GEOMETRIC_REPRESENTATION_CONTEXT(2) 
PARAMETRIC_REPRESENTATION_CONTEXT() REPRESENTATION_CONTEXT('2D SPACE',''
  ) );
#9491 = PCURVE('',#3778,#9492);
#9492 = DEFINITIONAL_REPRESENTATION('',(#9493),#9516);
#9493 = B_SPLINE_CURVE_WITH_KNOTS('',6,(#9494,#9495,#9496,#9497,#9498,
    #9499,#9500,#9501,#9502,#9503,#9504,#9505,#9506,#9507,#9508,#9509,
    #9510,#9511,#9512,#9513,#9514,#9515),.UNSPECIFIED.,.F.,.F.,(7,5,5,5,
    7),(0.,0.303886728023,0.475760167293,0.732155496913,1.),
  .UNSPECIFIED.);
#9494 = CARTESIAN_POINT('',(6.089809965023,0.));
#9495 = CARTESIAN_POINT('',(6.089809965023,8.603468410549E-02));
#9496 = CARTESIAN_POINT('',(6.089293752166,0.172099615991));
#9497 = CARTESIAN_POINT('',(6.088260729652,0.257769349864));
#9498 = CARTESIAN_POINT('',(6.086732093266,0.342776102805));
#9499 = CARTESIAN_POINT('',(6.084740378234,0.426898953209));
#9500 = CARTESIAN_POINT('',(6.08096463063,0.556896425456));
#9501 = CARTESIAN_POINT('',(6.079465833255,0.60352523647));
#9502 = CARTESIAN_POINT('',(6.077839493455,0.649796983379));
#9503 = CARTESIAN_POINT('',(6.076093255843,0.695699764063));
#9504 = CARTESIAN_POINT('',(6.074234874459,0.741230572063));
#9505 = CARTESIAN_POINT('',(6.06934360563,0.853765356436));
#9506 = CARTESIAN_POINT('',(6.066182723359,0.920314178508));
#9507 = CARTESIAN_POINT('',(6.062814035034,0.98606406021));
#9508 = CARTESIAN_POINT('',(6.059261584555,1.051061490379));
#9509 = CARTESIAN_POINT('',(6.055548064165,1.115374411077));
#9510 = CARTESIAN_POINT('',(6.04766823848,1.245654003676));
#9511 = CARTESIAN_POINT('',(6.043489510504,1.31156006623));
#9512 = CARTESIAN_POINT('',(6.039181560962,1.376915395787));
#9513 = CARTESIAN_POINT('',(6.034767222838,1.441826199525));
#9514 = CARTESIAN_POINT('',(6.030269000525,1.50640832624));
#9515 = CARTESIAN_POINT('',(6.025709455794,1.570796326795));
#9516 = ( GEOMETRIC_REPRESENTATION_CONTEXT(2) 
PARAMETRIC_REPRESENTATION_CONTEXT() REPRESENTATION_CONTEXT('2D SPACE',''
  ) );
#9517 = ORIENTED_EDGE('',*,*,#3738,.F.);
#9518 = ADVANCED_FACE('',(#9519),#1302,.T.);
#9519 = FACE_BOUND('',#9520,.T.);
#9520 = EDGE_LOOP('',(#9521,#9522,#9543,#9544,#9624,#9645));
#9521 = ORIENTED_EDGE('',*,*,#1286,.T.);
#9522 = ORIENTED_EDGE('',*,*,#9523,.T.);
#9523 = EDGE_CURVE('',#1287,#3191,#9524,.T.);
#9524 = SURFACE_CURVE('',#9525,(#9529,#9536),.PCURVE_S1.);
#9525 = LINE('',#9526,#9527);
#9526 = CARTESIAN_POINT('',(-34.5,-3.657457922578,25.875735931288));
#9527 = VECTOR('',#9528,1.);
#9528 = DIRECTION('',(1.,0.,1.110223024625E-16));
#9529 = PCURVE('',#1302,#9530);
#9530 = DEFINITIONAL_REPRESENTATION('',(#9531),#9535);
#9531 = LINE('',#9532,#9533);
#9532 = CARTESIAN_POINT('',(0.,0.));
#9533 = VECTOR('',#9534,1.);
#9534 = DIRECTION('',(0.,-1.));
#9535 = ( GEOMETRIC_REPRESENTATION_CONTEXT(2) 
PARAMETRIC_REPRESENTATION_CONTEXT() REPRESENTATION_CONTEXT('2D SPACE',''
  ) );
#9536 = PCURVE('',#1330,#9537);
#9537 = DEFINITIONAL_REPRESENTATION('',(#9538),#9542);
#9538 = LINE('',#9539,#9540);
#9539 = CARTESIAN_POINT('',(1.2,-3.448162357012E-17));
#9540 = VECTOR('',#9541,1.);
#9541 = DIRECTION('',(0.,-1.));
#9542 = ( GEOMETRIC_REPRESENTATION_CONTEXT(2) 
PARAMETRIC_REPRESENTATION_CONTEXT() REPRESENTATION_CONTEXT('2D SPACE',''
  ) );
#9543 = ORIENTED_EDGE('',*,*,#3190,.F.);
#9544 = ORIENTED_EDGE('',*,*,#9545,.F.);
#9545 = EDGE_CURVE('',#9546,#3162,#9548,.T.);
#9546 = VERTEX_POINT('',#9547);
#9547 = CARTESIAN_POINT('',(-26.3,-3.957762731394,26.996488735544));
#9548 = SURFACE_CURVE('',#9549,(#9572,#9598),.PCURVE_S1.);
#9549 = B_SPLINE_CURVE_WITH_KNOTS('',6,(#9550,#9551,#9552,#9553,#9554,
    #9555,#9556,#9557,#9558,#9559,#9560,#9561,#9562,#9563,#9564,#9565,
    #9566,#9567,#9568,#9569,#9570,#9571),.UNSPECIFIED.,.F.,.F.,(7,5,5,5,
    7),(0.,0.303886728018,0.475760167287,0.732155496907,1.),
  .UNSPECIFIED.);
#9550 = CARTESIAN_POINT('',(-26.3,-3.957762731394,26.996488735544));
#9551 = CARTESIAN_POINT('',(-26.23117225271,-3.957762731394,
    26.996488735544));
#9552 = CARTESIAN_POINT('',(-26.1623201215,-3.955322868649,
    26.987383043818));
#9553 = CARTESIAN_POINT('',(-26.09470230167,-3.950440127447,
    26.969160405573));
#9554 = CARTESIAN_POINT('',(-26.02944852343,-3.943237063065,
    26.942278203329));
#9555 = CARTESIAN_POINT('',(-25.96748114705,-3.933908922579,
    26.907465109092));
#9556 = CARTESIAN_POINT('',(-25.87671410466,-3.916364216502,
    26.841987374609));
#9557 = CARTESIAN_POINT('',(-25.8451903138,-3.909423219245,
    26.816083220194));
#9558 = CARTESIAN_POINT('',(-25.81505209883,-3.901921520206,
    26.788086498237));
#9559 = CARTESIAN_POINT('',(-25.78639077033,-3.893903479669,
    26.758162763575));
#9560 = CARTESIAN_POINT('',(-25.75927438434,-3.885413766515,
    26.726478722743));
#9561 = CARTESIAN_POINT('',(-25.69567847145,-3.863191238712,
    26.643543119909));
#9562 = CARTESIAN_POINT('',(-25.66115442196,-3.848933874032,
    26.590333910539));
#9563 = CARTESIAN_POINT('',(-25.63033615532,-3.833865014843,
    26.534096162437));
#9564 = CARTESIAN_POINT('',(-25.60329647099,-3.818119141401,
    26.47533176274));
#9565 = CARTESIAN_POINT('',(-25.58005229441,-3.801819617624,
    26.414501111865));
#9566 = CARTESIAN_POINT('',(-25.54026338561,-3.767582281116,
    26.2867256325));
#9567 = CARTESIAN_POINT('',(-25.52406601955,-3.749605549671,
    26.219635557394));
#9568 = CARTESIAN_POINT('',(-25.51198505447,-3.731268077291,
    26.151199178792));
#9569 = CARTESIAN_POINT('',(-25.50397991889,-3.71268310739,
    26.081839126863));
#9570 = CARTESIAN_POINT('',(-25.5,-3.693955262518,26.011945858286));
#9571 = CARTESIAN_POINT('',(-25.5,-3.675182137969,25.94188360365));
#9572 = PCURVE('',#1302,#9573);
#9573 = DEFINITIONAL_REPRESENTATION('',(#9574),#9597);
#9574 = B_SPLINE_CURVE_WITH_KNOTS('',6,(#9575,#9576,#9577,#9578,#9579,
    #9580,#9581,#9582,#9583,#9584,#9585,#9586,#9587,#9588,#9589,#9590,
    #9591,#9592,#9593,#9594,#9595,#9596),.UNSPECIFIED.,.F.,.F.,(7,5,5,5,
    7),(0.,0.303886728018,0.475760167287,0.732155496907,1.),
  .UNSPECIFIED.);
#9575 = CARTESIAN_POINT('',(1.160288682374,-8.2));
#9576 = CARTESIAN_POINT('',(1.160288682374,-8.268827747283));
#9577 = CARTESIAN_POINT('',(1.150861776624,-8.337679878491));
#9578 = CARTESIAN_POINT('',(1.131996313304,-8.405297698322));
#9579 = CARTESIAN_POINT('',(1.104165809644,-8.470551476563));
#9580 = CARTESIAN_POINT('',(1.068124642415,-8.532518852947));
#9581 = CARTESIAN_POINT('',(1.000337103557,-8.623285895337));
#9582 = CARTESIAN_POINT('',(0.973519149517,-8.654809686191));
#9583 = CARTESIAN_POINT('',(0.944534810145,-8.684947901162));
#9584 = CARTESIAN_POINT('',(0.913555480421,-8.713609229667));
#9585 = CARTESIAN_POINT('',(0.880753747649,-8.740725615658));
#9586 = CARTESIAN_POINT('',(0.794892493527,-8.804321528546));
#9587 = CARTESIAN_POINT('',(0.739806266488,-8.838845578031));
#9588 = CARTESIAN_POINT('',(0.681584665438,-8.869663844671));
#9589 = CARTESIAN_POINT('',(0.620747282175,-8.896703529007));
#9590 = CARTESIAN_POINT('',(0.557770758286,-8.919947705587));
#9591 = CARTESIAN_POINT('',(0.425487848059,-8.959736614387));
#9592 = CARTESIAN_POINT('',(0.356031091359,-8.975933980449));
#9593 = CARTESIAN_POINT('',(0.285180538719,-8.98801494553));
#9594 = CARTESIAN_POINT('',(0.213373729085,-8.996020081104));
#9595 = CARTESIAN_POINT('',(0.141014892956,-9.));
#9596 = CARTESIAN_POINT('',(6.848110958544E-02,-9.));
#9597 = ( GEOMETRIC_REPRESENTATION_CONTEXT(2) 
PARAMETRIC_REPRESENTATION_CONTEXT() REPRESENTATION_CONTEXT('2D SPACE',''
  ) );
#9598 = PCURVE('',#3178,#9599);
#9599 = DEFINITIONAL_REPRESENTATION('',(#9600),#9623);
#9600 = B_SPLINE_CURVE_WITH_KNOTS('',6,(#9601,#9602,#9603,#9604,#9605,
    #9606,#9607,#9608,#9609,#9610,#9611,#9612,#9613,#9614,#9615,#9616,
    #9617,#9618,#9619,#9620,#9621,#9622),.UNSPECIFIED.,.F.,.F.,(7,5,5,5,
    7),(0.,0.303886728018,0.475760167287,0.732155496907,1.),
  .UNSPECIFIED.);
#9601 = CARTESIAN_POINT('',(4.120366159144,0.));
#9602 = CARTESIAN_POINT('',(4.120366159144,8.603468410408E-02));
#9603 = CARTESIAN_POINT('',(4.120882372,0.172099615988));
#9604 = CARTESIAN_POINT('',(4.121915394515,0.257769349859));
#9605 = CARTESIAN_POINT('',(4.123444030901,0.342776102799));
#9606 = CARTESIAN_POINT('',(4.125435745933,0.426898953202));
#9607 = CARTESIAN_POINT('',(4.129211493536,0.556896425447));
#9608 = CARTESIAN_POINT('',(4.130710290912,0.603525236461));
#9609 = CARTESIAN_POINT('',(4.132336630712,0.649796983371));
#9610 = CARTESIAN_POINT('',(4.134082868323,0.695699764055));
#9611 = CARTESIAN_POINT('',(4.135941249708,0.741230572054));
#9612 = CARTESIAN_POINT('',(4.140832518537,0.853765356428));
#9613 = CARTESIAN_POINT('',(4.143993400808,0.9203141785));
#9614 = CARTESIAN_POINT('',(4.147362089132,0.986064060201));
#9615 = CARTESIAN_POINT('',(4.150914539611,1.051061490371));
#9616 = CARTESIAN_POINT('',(4.154628060002,1.115374411068));
#9617 = CARTESIAN_POINT('',(4.162507885686,1.245654003669));
#9618 = CARTESIAN_POINT('',(4.166686613662,1.311560066225));
#9619 = CARTESIAN_POINT('',(4.170994563205,1.376915395783));
#9620 = CARTESIAN_POINT('',(4.175408901328,1.441826199523));
#9621 = CARTESIAN_POINT('',(4.179907123642,1.506408326239));
#9622 = CARTESIAN_POINT('',(4.184466668373,1.570796326795));
#9623 = ( GEOMETRIC_REPRESENTATION_CONTEXT(2) 
PARAMETRIC_REPRESENTATION_CONTEXT() REPRESENTATION_CONTEXT('2D SPACE',''
  ) );
#9624 = ORIENTED_EDGE('',*,*,#9625,.T.);
#9625 = EDGE_CURVE('',#9546,#9342,#9626,.T.);
#9626 = SURFACE_CURVE('',#9627,(#9631,#9638),.PCURVE_S1.);
#9627 = LINE('',#9628,#9629);
#9628 = CARTESIAN_POINT('',(-33.5,-3.957762731394,26.996488735544));
#9629 = VECTOR('',#9630,1.);
#9630 = DIRECTION('',(-1.,-0.,-1.110223024625E-16));
#9631 = PCURVE('',#1302,#9632);
#9632 = DEFINITIONAL_REPRESENTATION('',(#9633),#9637);
#9633 = LINE('',#9634,#9635);
#9634 = CARTESIAN_POINT('',(1.160288682374,-1.));
#9635 = VECTOR('',#9636,1.);
#9636 = DIRECTION('',(0.,1.));
#9637 = ( GEOMETRIC_REPRESENTATION_CONTEXT(2) 
PARAMETRIC_REPRESENTATION_CONTEXT() REPRESENTATION_CONTEXT('2D SPACE',''
  ) );
#9638 = PCURVE('',#9192,#9639);
#9639 = DEFINITIONAL_REPRESENTATION('',(#9640),#9644);
#9640 = LINE('',#9641,#9642);
#9641 = CARTESIAN_POINT('',(-4.120366159144,0.));
#9642 = VECTOR('',#9643,1.);
#9643 = DIRECTION('',(-0.,1.));
#9644 = ( GEOMETRIC_REPRESENTATION_CONTEXT(2) 
PARAMETRIC_REPRESENTATION_CONTEXT() REPRESENTATION_CONTEXT('2D SPACE',''
  ) );
#9645 = ORIENTED_EDGE('',*,*,#9365,.F.);
#9646 = ADVANCED_FACE('',(#9647),#1897,.T.);
#9647 = FACE_BOUND('',#9648,.T.);
#9648 = EDGE_LOOP('',(#9649,#9650,#9651,#9652,#9732,#9760));
#9649 = ORIENTED_EDGE('',*,*,#1881,.T.);
#9650 = ORIENTED_EDGE('',*,*,#9394,.T.);
#9651 = ORIENTED_EDGE('',*,*,#3715,.F.);
#9652 = ORIENTED_EDGE('',*,*,#9653,.F.);
#9653 = EDGE_CURVE('',#9654,#3687,#9656,.T.);
#9654 = VERTEX_POINT('',#9655);
#9655 = CARTESIAN_POINT('',(-26.3,2.108947226381,8.948360985615));
#9656 = SURFACE_CURVE('',#9657,(#9680,#9706),.PCURVE_S1.);
#9657 = B_SPLINE_CURVE_WITH_KNOTS('',6,(#9658,#9659,#9660,#9661,#9662,
    #9663,#9664,#9665,#9666,#9667,#9668,#9669,#9670,#9671,#9672,#9673,
    #9674,#9675,#9676,#9677,#9678,#9679),.UNSPECIFIED.,.F.,.F.,(7,5,5,5,
    7),(0.,0.303886728018,0.475760167287,0.732155496907,1.),
  .UNSPECIFIED.);
#9658 = CARTESIAN_POINT('',(-26.3,2.108947226381,8.948360985615));
#9659 = CARTESIAN_POINT('',(-26.23117225271,2.108947226381,
    8.948360985615));
#9660 = CARTESIAN_POINT('',(-26.1623201215,2.117111166239,8.95307443849)
  );
#9661 = CARTESIAN_POINT('',(-26.09470230167,2.133449136729,8.96250717015
    ));
#9662 = CARTESIAN_POINT('',(-26.02944852343,2.157551059899,8.97642242198
    ));
#9663 = CARTESIAN_POINT('',(-25.96748114705,2.188763626301,
    8.994443005595));
#9664 = CARTESIAN_POINT('',(-25.87671410466,2.247469357012,
    9.028336775023));
#9665 = CARTESIAN_POINT('',(-25.8451903138,2.270694386488,9.041745752043
    ));
#9666 = CARTESIAN_POINT('',(-25.81505209883,2.295795560696,
    9.056237921729));
#9667 = CARTESIAN_POINT('',(-25.78639077033,2.322624447229,
    9.071727586591));
#9668 = CARTESIAN_POINT('',(-25.75927438434,2.351031581098,
    9.088128452977));
#9669 = CARTESIAN_POINT('',(-25.69567847145,2.425389608368,
    9.131059080038));
#9670 = CARTESIAN_POINT('',(-25.66115442196,2.473095680383,
    9.158602193558));
#9671 = CARTESIAN_POINT('',(-25.63033615532,2.523517065941,
    9.187712994083));
#9672 = CARTESIAN_POINT('',(-25.60329647099,2.576203785347,
    9.218131685714));
#9673 = CARTESIAN_POINT('',(-25.58005229441,2.630743054877,
    9.249619947659));
#9674 = CARTESIAN_POINT('',(-25.54026338561,2.74530341562,9.315761402772
    ));
#9675 = CARTESIAN_POINT('',(-25.52406601955,2.805454731386,
    9.350489781122));
#9676 = CARTESIAN_POINT('',(-25.51198505447,2.866813109844,
    9.385915057442));
#9677 = CARTESIAN_POINT('',(-25.50397991889,2.928999631153,
    9.421818462259));
#9678 = CARTESIAN_POINT('',(-25.5,2.991664221428,9.457997880324));
#9679 = CARTESIAN_POINT('',(-25.5,3.05448032046,9.494264772009));
#9680 = PCURVE('',#1897,#9681);
#9681 = DEFINITIONAL_REPRESENTATION('',(#9682),#9705);
#9682 = B_SPLINE_CURVE_WITH_KNOTS('',6,(#9683,#9684,#9685,#9686,#9687,
    #9688,#9689,#9690,#9691,#9692,#9693,#9694,#9695,#9696,#9697,#9698,
    #9699,#9700,#9701,#9702,#9703,#9704),.UNSPECIFIED.,.F.,.F.,(7,5,5,5,
    7),(0.,0.303886728018,0.475760167287,0.732155496907,1.),
  .UNSPECIFIED.);
#9683 = CARTESIAN_POINT('',(1.160288682374,-8.2));
#9684 = CARTESIAN_POINT('',(1.160288682374,-8.268827747283));
#9685 = CARTESIAN_POINT('',(1.150861776624,-8.337679878491));
#9686 = CARTESIAN_POINT('',(1.131996313304,-8.405297698322));
#9687 = CARTESIAN_POINT('',(1.104165809644,-8.470551476563));
#9688 = CARTESIAN_POINT('',(1.068124642415,-8.532518852947));
#9689 = CARTESIAN_POINT('',(1.000337103557,-8.623285895337));
#9690 = CARTESIAN_POINT('',(0.973519149517,-8.654809686191));
#9691 = CARTESIAN_POINT('',(0.944534810145,-8.684947901162));
#9692 = CARTESIAN_POINT('',(0.913555480421,-8.713609229667));
#9693 = CARTESIAN_POINT('',(0.880753747649,-8.740725615658));
#9694 = CARTESIAN_POINT('',(0.794892493527,-8.804321528546));
#9695 = CARTESIAN_POINT('',(0.739806266488,-8.838845578031));
#9696 = CARTESIAN_POINT('',(0.681584665438,-8.869663844671));
#9697 = CARTESIAN_POINT('',(0.620747282175,-8.896703529007));
#9698 = CARTESIAN_POINT('',(0.557770758286,-8.919947705587));
#9699 = CARTESIAN_POINT('',(0.425487848059,-8.959736614387));
#9700 = CARTESIAN_POINT('',(0.356031091359,-8.975933980449));
#9701 = CARTESIAN_POINT('',(0.285180538719,-8.98801494553));
#9702 = CARTESIAN_POINT('',(0.213373729085,-8.996020081104));
#9703 = CARTESIAN_POINT('',(0.141014892956,-9.));
#9704 = CARTESIAN_POINT('',(6.848110958544E-02,-9.));
#9705 = ( GEOMETRIC_REPRESENTATION_CONTEXT(2) 
PARAMETRIC_REPRESENTATION_CONTEXT() REPRESENTATION_CONTEXT('2D SPACE',''
  ) );
#9706 = PCURVE('',#3703,#9707);
#9707 = DEFINITIONAL_REPRESENTATION('',(#9708),#9731);
#9708 = B_SPLINE_CURVE_WITH_KNOTS('',6,(#9709,#9710,#9711,#9712,#9713,
    #9714,#9715,#9716,#9717,#9718,#9719,#9720,#9721,#9722,#9723,#9724,
    #9725,#9726,#9727,#9728,#9729,#9730),.UNSPECIFIED.,.F.,.F.,(7,5,5,5,
    7),(0.,0.303886728018,0.475760167287,0.732155496907,1.),
  .UNSPECIFIED.);
#9709 = CARTESIAN_POINT('',(5.952961873738,0.));
#9710 = CARTESIAN_POINT('',(5.952961873738,8.60346841041E-02));
#9711 = CARTESIAN_POINT('',(5.953478086594,0.172099615988));
#9712 = CARTESIAN_POINT('',(5.954511109109,0.25776934986));
#9713 = CARTESIAN_POINT('',(5.956039745495,0.342776102799));
#9714 = CARTESIAN_POINT('',(5.958031460527,0.426898953202));
#9715 = CARTESIAN_POINT('',(5.96180720813,0.556896425447));
#9716 = CARTESIAN_POINT('',(5.963306005506,0.603525236461));
#9717 = CARTESIAN_POINT('',(5.964932345306,0.649796983371));
#9718 = CARTESIAN_POINT('',(5.966678582917,0.695699764055));
#9719 = CARTESIAN_POINT('',(5.968536964302,0.741230572054));
#9720 = CARTESIAN_POINT('',(5.973428233131,0.853765356428));
#9721 = CARTESIAN_POINT('',(5.976589115402,0.9203141785));
#9722 = CARTESIAN_POINT('',(5.979957803726,0.986064060201));
#9723 = CARTESIAN_POINT('',(5.983510254205,1.051061490371));
#9724 = CARTESIAN_POINT('',(5.987223774596,1.115374411068));
#9725 = CARTESIAN_POINT('',(5.99510360028,1.245654003669));
#9726 = CARTESIAN_POINT('',(5.999282328256,1.311560066225));
#9727 = CARTESIAN_POINT('',(6.003590277799,1.376915395783));
#9728 = CARTESIAN_POINT('',(6.008004615922,1.441826199522));
#9729 = CARTESIAN_POINT('',(6.012502838236,1.506408326239));
#9730 = CARTESIAN_POINT('',(6.017062382967,1.570796326795));
#9731 = ( GEOMETRIC_REPRESENTATION_CONTEXT(2) 
PARAMETRIC_REPRESENTATION_CONTEXT() REPRESENTATION_CONTEXT('2D SPACE',''
  ) );
#9732 = ORIENTED_EDGE('',*,*,#9733,.T.);
#9733 = EDGE_CURVE('',#9654,#9734,#9736,.T.);
#9734 = VERTEX_POINT('',#9735);
#9735 = CARTESIAN_POINT('',(-32.9,2.108947226381,8.948360985615));
#9736 = SURFACE_CURVE('',#9737,(#9741,#9748),.PCURVE_S1.);
#9737 = LINE('',#9738,#9739);
#9738 = CARTESIAN_POINT('',(-33.5,2.108947226381,8.948360985615));
#9739 = VECTOR('',#9740,1.);
#9740 = DIRECTION('',(-1.,-0.,-1.110223024625E-16));
#9741 = PCURVE('',#1897,#9742);
#9742 = DEFINITIONAL_REPRESENTATION('',(#9743),#9747);
#9743 = LINE('',#9744,#9745);
#9744 = CARTESIAN_POINT('',(1.160288682374,-1.));
#9745 = VECTOR('',#9746,1.);
#9746 = DIRECTION('',(0.,1.));
#9747 = ( GEOMETRIC_REPRESENTATION_CONTEXT(2) 
PARAMETRIC_REPRESENTATION_CONTEXT() REPRESENTATION_CONTEXT('2D SPACE',''
  ) );
#9748 = PCURVE('',#9749,#9754);
#9749 = CYLINDRICAL_SURFACE('',#9750,12.);
#9750 = AXIS2_PLACEMENT_3D('',#9751,#9752,#9753);
#9751 = CARTESIAN_POINT('',(-33.5,6.,20.3));
#9752 = DIRECTION('',(-1.,-0.,-1.110223024625E-16));
#9753 = DIRECTION('',(1.110223024625E-16,0.,-1.));
#9754 = DEFINITIONAL_REPRESENTATION('',(#9755),#9759);
#9755 = LINE('',#9756,#9757);
#9756 = CARTESIAN_POINT('',(-5.952961873738,0.));
#9757 = VECTOR('',#9758,1.);
#9758 = DIRECTION('',(-0.,1.));
#9759 = ( GEOMETRIC_REPRESENTATION_CONTEXT(2) 
PARAMETRIC_REPRESENTATION_CONTEXT() REPRESENTATION_CONTEXT('2D SPACE',''
  ) );
#9760 = ORIENTED_EDGE('',*,*,#9761,.F.);
#9761 = EDGE_CURVE('',#1853,#9734,#9762,.T.);
#9762 = SURFACE_CURVE('',#9763,(#9768,#9775),.PCURVE_S1.);
#9763 = HYPERBOLA('',#9764,7.885281374239,7.885281374239);
#9764 = AXIS2_PLACEMENT_3D('',#9765,#9766,#9767);
#9765 = CARTESIAN_POINT('',(-44.9,9.942640687119,13.471146013921));
#9766 = DIRECTION('',(9.614813431918E-17,0.5,-0.866025403784));
#9767 = DIRECTION('',(1.,0.,1.110223024625E-16));
#9768 = PCURVE('',#1897,#9769);
#9769 = DEFINITIONAL_REPRESENTATION('',(#9770),#9774);
#9770 = HYPERBOLA('',#9771,7.885281374239,7.885281374239);
#9771 = AXIS2_PLACEMENT_2D('',#9772,#9773);
#9772 = CARTESIAN_POINT('',(-7.885281374239,10.4));
#9773 = DIRECTION('',(0.,-1.));
#9774 = ( GEOMETRIC_REPRESENTATION_CONTEXT(2) 
PARAMETRIC_REPRESENTATION_CONTEXT() REPRESENTATION_CONTEXT('2D SPACE',''
  ) );
#9775 = PCURVE('',#1869,#9776);
#9776 = DEFINITIONAL_REPRESENTATION('',(#9777),#9784);
#9777 = B_SPLINE_CURVE_WITH_KNOTS('',5,(#9778,#9779,#9780,#9781,#9782,
    #9783),.UNSPECIFIED.,.F.,.F.,(6,6),(0.912214069878,0.981692184838),
  .PIECEWISE_BEZIER_KNOTS.);
#9778 = CARTESIAN_POINT('',(5.999816151462,-0.6));
#9779 = CARTESIAN_POINT('',(5.990204669255,-0.485597294852));
#9780 = CARTESIAN_POINT('',(5.980713754984,-0.368443080922));
#9781 = CARTESIAN_POINT('',(5.971343241895,-0.248491337474));
#9782 = CARTESIAN_POINT('',(5.962092781835,-0.125693831255));
#9783 = CARTESIAN_POINT('',(5.952961873738,-1.054711873394E-15));
#9784 = ( GEOMETRIC_REPRESENTATION_CONTEXT(2) 
PARAMETRIC_REPRESENTATION_CONTEXT() REPRESENTATION_CONTEXT('2D SPACE',''
  ) );
#9785 = ADVANCED_FACE('',(#9786),#1330,.T.);
#9786 = FACE_BOUND('',#9787,.T.);
#9787 = EDGE_LOOP('',(#9788,#9789,#9790,#9817,#9845,#9923));
#9788 = ORIENTED_EDGE('',*,*,#9523,.F.);
#9789 = ORIENTED_EDGE('',*,*,#1314,.T.);
#9790 = ORIENTED_EDGE('',*,*,#9791,.F.);
#9791 = EDGE_CURVE('',#9792,#1315,#9794,.T.);
#9792 = VERTEX_POINT('',#9793);
#9793 = CARTESIAN_POINT('',(-32.9,-4.778210726834,25.575431122473));
#9794 = SURFACE_CURVE('',#9795,(#9800,#9807),.PCURVE_S1.);
#9795 = HYPERBOLA('',#9796,7.885281374239,7.885281374239);
#9796 = AXIS2_PLACEMENT_3D('',#9797,#9798,#9799);
#9797 = CARTESIAN_POINT('',(-44.9,3.959139004355,27.916596926933));
#9798 = DIRECTION('',(-1.072393092426E-16,-0.258819045103,0.965925826289
    ));
#9799 = DIRECTION('',(1.,0.,1.110223024625E-16));
#9800 = PCURVE('',#1330,#9801);
#9801 = DEFINITIONAL_REPRESENTATION('',(#9802),#9806);
#9802 = HYPERBOLA('',#9803,7.885281374239,7.885281374239);
#9803 = AXIS2_PLACEMENT_2D('',#9804,#9805);
#9804 = CARTESIAN_POINT('',(9.085281374239,10.4));
#9805 = DIRECTION('',(0.,-1.));
#9806 = ( GEOMETRIC_REPRESENTATION_CONTEXT(2) 
PARAMETRIC_REPRESENTATION_CONTEXT() REPRESENTATION_CONTEXT('2D SPACE',''
  ) );
#9807 = PCURVE('',#1359,#9808);
#9808 = DEFINITIONAL_REPRESENTATION('',(#9809),#9816);
#9809 = B_SPLINE_CURVE_WITH_KNOTS('',5,(#9810,#9811,#9812,#9813,#9814,
    #9815),.UNSPECIFIED.,.F.,.F.,(6,6),(-0.981692184838,-0.912214069878)
  ,.PIECEWISE_BEZIER_KNOTS.);
#9810 = CARTESIAN_POINT('',(4.257214250429,-1.942890293094E-15));
#9811 = CARTESIAN_POINT('',(4.248083342332,-0.125693831255));
#9812 = CARTESIAN_POINT('',(4.238832882272,-0.248491337474));
#9813 = CARTESIAN_POINT('',(4.229462369182,-0.368443080922));
#9814 = CARTESIAN_POINT('',(4.219971454912,-0.485597294852));
#9815 = CARTESIAN_POINT('',(4.210359972705,-0.6));
#9816 = ( GEOMETRIC_REPRESENTATION_CONTEXT(2) 
PARAMETRIC_REPRESENTATION_CONTEXT() REPRESENTATION_CONTEXT('2D SPACE',''
  ) );
#9817 = ORIENTED_EDGE('',*,*,#9818,.F.);
#9818 = EDGE_CURVE('',#9819,#9792,#9821,.T.);
#9819 = VERTEX_POINT('',#9820);
#9820 = CARTESIAN_POINT('',(-26.3,-4.778210726834,25.575431122473));
#9821 = SURFACE_CURVE('',#9822,(#9826,#9833),.PCURVE_S1.);
#9822 = LINE('',#9823,#9824);
#9823 = CARTESIAN_POINT('',(-33.5,-4.778210726834,25.575431122473));
#9824 = VECTOR('',#9825,1.);
#9825 = DIRECTION('',(-1.,-0.,-1.110223024625E-16));
#9826 = PCURVE('',#1330,#9827);
#9827 = DEFINITIONAL_REPRESENTATION('',(#9828),#9832);
#9828 = LINE('',#9829,#9830);
#9829 = CARTESIAN_POINT('',(3.971131762598E-02,-1.));
#9830 = VECTOR('',#9831,1.);
#9831 = DIRECTION('',(0.,1.));
#9832 = ( GEOMETRIC_REPRESENTATION_CONTEXT(2) 
PARAMETRIC_REPRESENTATION_CONTEXT() REPRESENTATION_CONTEXT('2D SPACE',''
  ) );
#9833 = PCURVE('',#9834,#9839);
#9834 = CYLINDRICAL_SURFACE('',#9835,12.);
#9835 = AXIS2_PLACEMENT_3D('',#9836,#9837,#9838);
#9836 = CARTESIAN_POINT('',(-33.5,6.,20.3));
#9837 = DIRECTION('',(-1.,-0.,-1.110223024625E-16));
#9838 = DIRECTION('',(1.110223024625E-16,0.,-1.));
#9839 = DEFINITIONAL_REPRESENTATION('',(#9840),#9844);
#9840 = LINE('',#9841,#9842);
#9841 = CARTESIAN_POINT('',(-4.257214250429,0.));
#9842 = VECTOR('',#9843,1.);
#9843 = DIRECTION('',(-0.,1.));
#9844 = ( GEOMETRIC_REPRESENTATION_CONTEXT(2) 
PARAMETRIC_REPRESENTATION_CONTEXT() REPRESENTATION_CONTEXT('2D SPACE',''
  ) );
#9845 = ORIENTED_EDGE('',*,*,#9846,.T.);
#9846 = EDGE_CURVE('',#9819,#3214,#9847,.T.);
#9847 = SURFACE_CURVE('',#9848,(#9871,#9897),.PCURVE_S1.);
#9848 = B_SPLINE_CURVE_WITH_KNOTS('',6,(#9849,#9850,#9851,#9852,#9853,
    #9854,#9855,#9856,#9857,#9858,#9859,#9860,#9861,#9862,#9863,#9864,
    #9865,#9866,#9867,#9868,#9869,#9870),.UNSPECIFIED.,.F.,.F.,(7,5,5,5,
    7),(0.,0.303886728018,0.475760167287,0.732155496907,1.),
  .UNSPECIFIED.);
#9849 = CARTESIAN_POINT('',(-26.3,-4.778210726834,25.575431122473));
#9850 = CARTESIAN_POINT('',(-26.23117225271,-4.778210726834,
    25.575431122473));
#9851 = CARTESIAN_POINT('',(-26.1623201215,-4.769105035109,
    25.577870985217));
#9852 = CARTESIAN_POINT('',(-26.09470230167,-4.750882396863,
    25.582753726419));
#9853 = CARTESIAN_POINT('',(-26.02944852343,-4.724000194619,
    25.589956790801));
#9854 = CARTESIAN_POINT('',(-25.96748114705,-4.689187100382,
    25.599284931288));
#9855 = CARTESIAN_POINT('',(-25.87671410466,-4.6237093659,
    25.616829637365));
#9856 = CARTESIAN_POINT('',(-25.8451903138,-4.597805211484,
    25.623770634621));
#9857 = CARTESIAN_POINT('',(-25.81505209883,-4.569808489527,
    25.63127233366));
#9858 = CARTESIAN_POINT('',(-25.78639077033,-4.539884754865,
    25.639290374197));
#9859 = CARTESIAN_POINT('',(-25.75927438434,-4.508200714033,
    25.647780087351));
#9860 = CARTESIAN_POINT('',(-25.69567847145,-4.4252651112,
    25.670002615154));
#9861 = CARTESIAN_POINT('',(-25.66115442196,-4.372055901829,
    25.684259979835));
#9862 = CARTESIAN_POINT('',(-25.63033615532,-4.315818153727,
    25.699328839023));
#9863 = CARTESIAN_POINT('',(-25.60329647099,-4.25705375403,
    25.715074712466));
#9864 = CARTESIAN_POINT('',(-25.58005229441,-4.196223103156,
    25.731374236242));
#9865 = CARTESIAN_POINT('',(-25.54026338561,-4.068447623791,
    25.765611572751));
#9866 = CARTESIAN_POINT('',(-25.52406601955,-4.001357548684,
    25.783588304196));
#9867 = CARTESIAN_POINT('',(-25.51198505447,-3.932921170082,
    25.801925776575));
#9868 = CARTESIAN_POINT('',(-25.50397991889,-3.863561118153,
    25.820510746476));
#9869 = CARTESIAN_POINT('',(-25.5,-3.793667849576,25.839238591348));
#9870 = CARTESIAN_POINT('',(-25.5,-3.72360559494,25.858011715898));
#9871 = PCURVE('',#1330,#9872);
#9872 = DEFINITIONAL_REPRESENTATION('',(#9873),#9896);
#9873 = B_SPLINE_CURVE_WITH_KNOTS('',6,(#9874,#9875,#9876,#9877,#9878,
    #9879,#9880,#9881,#9882,#9883,#9884,#9885,#9886,#9887,#9888,#9889,
    #9890,#9891,#9892,#9893,#9894,#9895),.UNSPECIFIED.,.F.,.F.,(7,5,5,5,
    7),(0.,0.303886728018,0.475760167287,0.732155496907,1.),
  .UNSPECIFIED.);
#9874 = CARTESIAN_POINT('',(3.971131762598E-02,-8.2));
#9875 = CARTESIAN_POINT('',(3.971131762598E-02,-8.268827747283));
#9876 = CARTESIAN_POINT('',(4.913822337579E-02,-8.337679878491));
#9877 = CARTESIAN_POINT('',(6.800368669578E-02,-8.405297698322));
#9878 = CARTESIAN_POINT('',(9.583419035605E-02,-8.470551476563));
#9879 = CARTESIAN_POINT('',(0.131875357585,-8.532518852947));
#9880 = CARTESIAN_POINT('',(0.199662896443,-8.623285895337));
#9881 = CARTESIAN_POINT('',(0.226480850483,-8.654809686191));
#9882 = CARTESIAN_POINT('',(0.255465189855,-8.684947901162));
#9883 = CARTESIAN_POINT('',(0.286444519579,-8.713609229667));
#9884 = CARTESIAN_POINT('',(0.319246252351,-8.740725615658));
#9885 = CARTESIAN_POINT('',(0.405107506473,-8.804321528546));
#9886 = CARTESIAN_POINT('',(0.460193733512,-8.838845578031));
#9887 = CARTESIAN_POINT('',(0.518415334562,-8.869663844671));
#9888 = CARTESIAN_POINT('',(0.579252717825,-8.896703529007));
#9889 = CARTESIAN_POINT('',(0.642229241714,-8.919947705587));
#9890 = CARTESIAN_POINT('',(0.774512151941,-8.959736614387));
#9891 = CARTESIAN_POINT('',(0.843968908641,-8.975933980449));
#9892 = CARTESIAN_POINT('',(0.914819461281,-8.98801494553));
#9893 = CARTESIAN_POINT('',(0.986626270915,-8.996020081104));
#9894 = CARTESIAN_POINT('',(1.058985107044,-9.));
#9895 = CARTESIAN_POINT('',(1.131518890415,-9.));
#9896 = ( GEOMETRIC_REPRESENTATION_CONTEXT(2) 
PARAMETRIC_REPRESENTATION_CONTEXT() REPRESENTATION_CONTEXT('2D SPACE',''
  ) );
#9897 = PCURVE('',#3253,#9898);
#9898 = DEFINITIONAL_REPRESENTATION('',(#9899),#9922);
#9899 = B_SPLINE_CURVE_WITH_KNOTS('',6,(#9900,#9901,#9902,#9903,#9904,
    #9905,#9906,#9907,#9908,#9909,#9910,#9911,#9912,#9913,#9914,#9915,
    #9916,#9917,#9918,#9919,#9920,#9921),.UNSPECIFIED.,.F.,.F.,(7,5,5,5,
    7),(0.,0.303886728018,0.475760167287,0.732155496907,1.),
  .UNSPECIFIED.);
#9900 = CARTESIAN_POINT('',(4.257214250429,0.));
#9901 = CARTESIAN_POINT('',(4.257214250429,8.603468410407E-02));
#9902 = CARTESIAN_POINT('',(4.256698037572,0.172099615988));
#9903 = CARTESIAN_POINT('',(4.255665015058,0.257769349859));
#9904 = CARTESIAN_POINT('',(4.254136378672,0.342776102799));
#9905 = CARTESIAN_POINT('',(4.25214466364,0.426898953202));
#9906 = CARTESIAN_POINT('',(4.248368916037,0.556896425447));
#9907 = CARTESIAN_POINT('',(4.246870118661,0.603525236461));
#9908 = CARTESIAN_POINT('',(4.245243778861,0.649796983371));
#9909 = CARTESIAN_POINT('',(4.243497541249,0.695699764055));
#9910 = CARTESIAN_POINT('',(4.241639159865,0.741230572054));
#9911 = CARTESIAN_POINT('',(4.236747891036,0.853765356428));
#9912 = CARTESIAN_POINT('',(4.233587008765,0.9203141785));
#9913 = CARTESIAN_POINT('',(4.230218320441,0.986064060201));
#9914 = CARTESIAN_POINT('',(4.226665869962,1.051061490371));
#9915 = CARTESIAN_POINT('',(4.222952349571,1.115374411068));
#9916 = CARTESIAN_POINT('',(4.215072523886,1.245654003669));
#9917 = CARTESIAN_POINT('',(4.210893795911,1.311560066225));
#9918 = CARTESIAN_POINT('',(4.206585846368,1.376915395783));
#9919 = CARTESIAN_POINT('',(4.202171508244,1.441826199522));
#9920 = CARTESIAN_POINT('',(4.197673285931,1.506408326239));
#9921 = CARTESIAN_POINT('',(4.1931137412,1.570796326795));
#9922 = ( GEOMETRIC_REPRESENTATION_CONTEXT(2) 
PARAMETRIC_REPRESENTATION_CONTEXT() REPRESENTATION_CONTEXT('2D SPACE',''
  ) );
#9923 = ORIENTED_EDGE('',*,*,#3213,.F.);
#9924 = ADVANCED_FACE('',(#9925),#1869,.T.);
#9925 = FACE_BOUND('',#9926,.F.);
#9926 = EDGE_LOOP('',(#9927,#9954,#9976,#9977));
#9927 = ORIENTED_EDGE('',*,*,#9928,.F.);
#9928 = EDGE_CURVE('',#9929,#1825,#9931,.T.);
#9929 = VERTEX_POINT('',#9930);
#9930 = CARTESIAN_POINT('',(-32.9,0.724568877527,9.521789273166));
#9931 = SURFACE_CURVE('',#9932,(#9937,#9947),.PCURVE_S1.);
#9932 = HYPERBOLA('',#9933,7.885281374239,7.885281374239);
#9933 = AXIS2_PLACEMENT_3D('',#9934,#9935,#9936);
#9934 = CARTESIAN_POINT('',(-44.9,-1.616596926933,18.259139004355));
#9935 = DIRECTION('',(2.873468630843E-17,-0.965925826289,-0.258819045103
    ));
#9936 = DIRECTION('',(1.,0.,1.110223024625E-16));
#9937 = PCURVE('',#1869,#9938);
#9938 = DEFINITIONAL_REPRESENTATION('',(#9939),#9946);
#9939 = B_SPLINE_CURVE_WITH_KNOTS('',5,(#9940,#9941,#9942,#9943,#9944,
    #9945),.UNSPECIFIED.,.F.,.F.,(6,6),(-0.981692184838,-0.912214069878)
  ,.PIECEWISE_BEZIER_KNOTS.);
#9940 = CARTESIAN_POINT('',(5.828010577224,-1.942890293094E-15));
#9941 = CARTESIAN_POINT('',(5.818879669127,-0.125693831255));
#9942 = CARTESIAN_POINT('',(5.809629209067,-0.248491337474));
#9943 = CARTESIAN_POINT('',(5.800258695977,-0.368443080922));
#9944 = CARTESIAN_POINT('',(5.790767781707,-0.485597294852));
#9945 = CARTESIAN_POINT('',(5.7811562995,-0.6));
#9946 = ( GEOMETRIC_REPRESENTATION_CONTEXT(2) 
PARAMETRIC_REPRESENTATION_CONTEXT() REPRESENTATION_CONTEXT('2D SPACE',''
  ) );
#9947 = PCURVE('',#1840,#9948);
#9948 = DEFINITIONAL_REPRESENTATION('',(#9949),#9953);
#9949 = HYPERBOLA('',#9950,7.885281374239,7.885281374239);
#9950 = AXIS2_PLACEMENT_2D('',#9951,#9952);
#9951 = CARTESIAN_POINT('',(9.085281374239,10.4));
#9952 = DIRECTION('',(0.,-1.));
#9953 = ( GEOMETRIC_REPRESENTATION_CONTEXT(2) 
PARAMETRIC_REPRESENTATION_CONTEXT() REPRESENTATION_CONTEXT('2D SPACE',''
  ) );
#9954 = ORIENTED_EDGE('',*,*,#9955,.T.);
#9955 = EDGE_CURVE('',#9929,#9734,#9956,.T.);
#9956 = SURFACE_CURVE('',#9957,(#9962,#9969),.PCURVE_S1.);
#9957 = CIRCLE('',#9958,12.);
#9958 = AXIS2_PLACEMENT_3D('',#9959,#9960,#9961);
#9959 = CARTESIAN_POINT('',(-32.9,6.,20.3));
#9960 = DIRECTION('',(1.,-0.,1.110223024625E-16));
#9961 = DIRECTION('',(1.110223024625E-16,0.,-1.));
#9962 = PCURVE('',#1869,#9963);
#9963 = DEFINITIONAL_REPRESENTATION('',(#9964),#9968);
#9964 = LINE('',#9965,#9966);
#9965 = CARTESIAN_POINT('',(0.,-0.));
#9966 = VECTOR('',#9967,1.);
#9967 = DIRECTION('',(1.,-0.));
#9968 = ( GEOMETRIC_REPRESENTATION_CONTEXT(2) 
PARAMETRIC_REPRESENTATION_CONTEXT() REPRESENTATION_CONTEXT('2D SPACE',''
  ) );
#9969 = PCURVE('',#9749,#9970);
#9970 = DEFINITIONAL_REPRESENTATION('',(#9971),#9975);
#9971 = LINE('',#9972,#9973);
#9972 = CARTESIAN_POINT('',(-0.,-0.6));
#9973 = VECTOR('',#9974,1.);
#9974 = DIRECTION('',(-1.,0.));
#9975 = ( GEOMETRIC_REPRESENTATION_CONTEXT(2) 
PARAMETRIC_REPRESENTATION_CONTEXT() REPRESENTATION_CONTEXT('2D SPACE',''
  ) );
#9976 = ORIENTED_EDGE('',*,*,#9761,.F.);
#9977 = ORIENTED_EDGE('',*,*,#1852,.F.);
#9978 = ADVANCED_FACE('',(#9979),#1359,.T.);
#9979 = FACE_BOUND('',#9980,.F.);
#9980 = EDGE_LOOP('',(#9981,#9982,#10006,#10031));
#9981 = ORIENTED_EDGE('',*,*,#9791,.F.);
#9982 = ORIENTED_EDGE('',*,*,#9983,.T.);
#9983 = EDGE_CURVE('',#9792,#9984,#9986,.T.);
#9984 = VERTEX_POINT('',#9985);
#9985 = CARTESIAN_POINT('',(-32.9,-5.351639014385,24.191052773619));
#9986 = SURFACE_CURVE('',#9987,(#9992,#9999),.PCURVE_S1.);
#9987 = CIRCLE('',#9988,12.);
#9988 = AXIS2_PLACEMENT_3D('',#9989,#9990,#9991);
#9989 = CARTESIAN_POINT('',(-32.9,6.,20.3));
#9990 = DIRECTION('',(1.,-0.,1.110223024625E-16));
#9991 = DIRECTION('',(1.110223024625E-16,0.,-1.));
#9992 = PCURVE('',#1359,#9993);
#9993 = DEFINITIONAL_REPRESENTATION('',(#9994),#9998);
#9994 = LINE('',#9995,#9996);
#9995 = CARTESIAN_POINT('',(0.,-0.));
#9996 = VECTOR('',#9997,1.);
#9997 = DIRECTION('',(1.,-0.));
#9998 = ( GEOMETRIC_REPRESENTATION_CONTEXT(2) 
PARAMETRIC_REPRESENTATION_CONTEXT() REPRESENTATION_CONTEXT('2D SPACE',''
  ) );
#9999 = PCURVE('',#9834,#10000);
#10000 = DEFINITIONAL_REPRESENTATION('',(#10001),#10005);
#10001 = LINE('',#10002,#10003);
#10002 = CARTESIAN_POINT('',(-0.,-0.6));
#10003 = VECTOR('',#10004,1.);
#10004 = DIRECTION('',(-1.,0.));
#10005 = ( GEOMETRIC_REPRESENTATION_CONTEXT(2) 
PARAMETRIC_REPRESENTATION_CONTEXT() REPRESENTATION_CONTEXT('2D SPACE',''
  ) );
#10006 = ORIENTED_EDGE('',*,*,#10007,.F.);
#10007 = EDGE_CURVE('',#1343,#9984,#10008,.T.);
#10008 = SURFACE_CURVE('',#10009,(#10014,#10024),.PCURVE_S1.);
#10009 = HYPERBOLA('',#10010,7.885281374239,7.885281374239);
#10010 = AXIS2_PLACEMENT_3D('',#10011,#10012,#10013);
#10011 = CARTESIAN_POINT('',(-44.9,-0.828853986079,16.357359312881));
#10012 = DIRECTION('',(5.551115123126E-17,-0.866025403784,-0.5));
#10013 = DIRECTION('',(1.,0.,1.110223024625E-16));
#10014 = PCURVE('',#1359,#10015);
#10015 = DEFINITIONAL_REPRESENTATION('',(#10016),#10023);
#10016 = B_SPLINE_CURVE_WITH_KNOTS('',5,(#10017,#10018,#10019,#10020,
    #10021,#10022),.UNSPECIFIED.,.F.,.F.,(6,6),(0.912214069878,
    0.981692184838),.PIECEWISE_BEZIER_KNOTS.);
#10017 = CARTESIAN_POINT('',(4.429019824667,-0.6));
#10018 = CARTESIAN_POINT('',(4.41940834246,-0.485597294852));
#10019 = CARTESIAN_POINT('',(4.40991742819,-0.368443080922));
#10020 = CARTESIAN_POINT('',(4.4005469151,-0.248491337474));
#10021 = CARTESIAN_POINT('',(4.39129645504,-0.125693831255));
#10022 = CARTESIAN_POINT('',(4.382165546943,-1.054711873394E-15));
#10023 = ( GEOMETRIC_REPRESENTATION_CONTEXT(2) 
PARAMETRIC_REPRESENTATION_CONTEXT() REPRESENTATION_CONTEXT('2D SPACE',''
  ) );
#10024 = PCURVE('',#1387,#10025);
#10025 = DEFINITIONAL_REPRESENTATION('',(#10026),#10030);
#10026 = HYPERBOLA('',#10027,7.885281374239,7.885281374239);
#10027 = AXIS2_PLACEMENT_2D('',#10028,#10029);
#10028 = CARTESIAN_POINT('',(-7.885281374239,10.4));
#10029 = DIRECTION('',(0.,-1.));
#10030 = ( GEOMETRIC_REPRESENTATION_CONTEXT(2) 
PARAMETRIC_REPRESENTATION_CONTEXT() REPRESENTATION_CONTEXT('2D SPACE',''
  ) );
#10031 = ORIENTED_EDGE('',*,*,#1342,.F.);
#10032 = ADVANCED_FACE('',(#10033),#1840,.T.);
#10033 = FACE_BOUND('',#10034,.T.);
#10034 = EDGE_LOOP('',(#10035,#10056,#10057,#10058,#10081,#10159));
#10035 = ORIENTED_EDGE('',*,*,#10036,.F.);
#10036 = EDGE_CURVE('',#1797,#3641,#10037,.T.);
#10037 = SURFACE_CURVE('',#10038,(#10042,#10049),.PCURVE_S1.);
#10038 = LINE('',#10039,#10040);
#10039 = CARTESIAN_POINT('',(-34.5,0.424264068712,10.642542077422));
#10040 = VECTOR('',#10041,1.);
#10041 = DIRECTION('',(1.,0.,1.110223024625E-16));
#10042 = PCURVE('',#1840,#10043);
#10043 = DEFINITIONAL_REPRESENTATION('',(#10044),#10048);
#10044 = LINE('',#10045,#10046);
#10045 = CARTESIAN_POINT('',(1.2,-1.286871710911E-16));
#10046 = VECTOR('',#10047,1.);
#10047 = DIRECTION('',(0.,-1.));
#10048 = ( GEOMETRIC_REPRESENTATION_CONTEXT(2) 
PARAMETRIC_REPRESENTATION_CONTEXT() REPRESENTATION_CONTEXT('2D SPACE',''
  ) );
#10049 = PCURVE('',#1812,#10050);
#10050 = DEFINITIONAL_REPRESENTATION('',(#10051),#10055);
#10051 = LINE('',#10052,#10053);
#10052 = CARTESIAN_POINT('',(0.,0.));
#10053 = VECTOR('',#10054,1.);
#10054 = DIRECTION('',(0.,-1.));
#10055 = ( GEOMETRIC_REPRESENTATION_CONTEXT(2) 
PARAMETRIC_REPRESENTATION_CONTEXT() REPRESENTATION_CONTEXT('2D SPACE',''
  ) );
#10056 = ORIENTED_EDGE('',*,*,#1824,.T.);
#10057 = ORIENTED_EDGE('',*,*,#9928,.F.);
#10058 = ORIENTED_EDGE('',*,*,#10059,.F.);
#10059 = EDGE_CURVE('',#10060,#9929,#10062,.T.);
#10060 = VERTEX_POINT('',#10061);
#10061 = CARTESIAN_POINT('',(-26.3,0.724568877527,9.521789273166));
#10062 = SURFACE_CURVE('',#10063,(#10067,#10074),.PCURVE_S1.);
#10063 = LINE('',#10064,#10065);
#10064 = CARTESIAN_POINT('',(-33.5,0.724568877527,9.521789273166));
#10065 = VECTOR('',#10066,1.);
#10066 = DIRECTION('',(-1.,-0.,-1.110223024625E-16));
#10067 = PCURVE('',#1840,#10068);
#10068 = DEFINITIONAL_REPRESENTATION('',(#10069),#10073);
#10069 = LINE('',#10070,#10071);
#10070 = CARTESIAN_POINT('',(3.971131762598E-02,-1.));
#10071 = VECTOR('',#10072,1.);
#10072 = DIRECTION('',(0.,1.));
#10073 = ( GEOMETRIC_REPRESENTATION_CONTEXT(2) 
PARAMETRIC_REPRESENTATION_CONTEXT() REPRESENTATION_CONTEXT('2D SPACE',''
  ) );
#10074 = PCURVE('',#9749,#10075);
#10075 = DEFINITIONAL_REPRESENTATION('',(#10076),#10080);
#10076 = LINE('',#10077,#10078);
#10077 = CARTESIAN_POINT('',(-5.828010577224,0.));
#10078 = VECTOR('',#10079,1.);
#10079 = DIRECTION('',(-0.,1.));
#10080 = ( GEOMETRIC_REPRESENTATION_CONTEXT(2) 
PARAMETRIC_REPRESENTATION_CONTEXT() REPRESENTATION_CONTEXT('2D SPACE',''
  ) );
#10081 = ORIENTED_EDGE('',*,*,#10082,.T.);
#10082 = EDGE_CURVE('',#10060,#3664,#10083,.T.);
#10083 = SURFACE_CURVE('',#10084,(#10107,#10133),.PCURVE_S1.);
#10084 = B_SPLINE_CURVE_WITH_KNOTS('',6,(#10085,#10086,#10087,#10088,
    #10089,#10090,#10091,#10092,#10093,#10094,#10095,#10096,#10097,
    #10098,#10099,#10100,#10101,#10102,#10103,#10104,#10105,#10106),
  .UNSPECIFIED.,.F.,.F.,(7,5,5,5,7),(0.,0.303886728023,0.475760167293,
    0.732155496913,1.),.UNSPECIFIED.);
#10085 = CARTESIAN_POINT('',(-26.3,0.724568877527,9.521789273166));
#10086 = CARTESIAN_POINT('',(-26.23117225271,0.724568877527,
    9.521789273166));
#10087 = CARTESIAN_POINT('',(-26.1623201215,0.722129014783,
    9.530894964892));
#10088 = CARTESIAN_POINT('',(-26.09470230167,0.717246273581,
    9.549117603138));
#10089 = CARTESIAN_POINT('',(-26.02944852343,0.710043209198,
    9.575999805383));
#10090 = CARTESIAN_POINT('',(-25.96748114704,0.700715068711,
    9.610812899621));
#10091 = CARTESIAN_POINT('',(-25.87671410465,0.683170362634,
    9.676290634105));
#10092 = CARTESIAN_POINT('',(-25.8451903138,0.676229365378,
    9.702194788521));
#10093 = CARTESIAN_POINT('',(-25.81505209883,0.668727666338,
    9.730191510478));
#10094 = CARTESIAN_POINT('',(-25.78639077032,0.660709625801,
    9.76011524514));
#10095 = CARTESIAN_POINT('',(-25.75927438433,0.652219912647,
    9.791799285972));
#10096 = CARTESIAN_POINT('',(-25.69567847144,0.629997384844,
    9.874734888807));
#10097 = CARTESIAN_POINT('',(-25.66115442196,0.615740020163,
    9.927944098178));
#10098 = CARTESIAN_POINT('',(-25.63033615532,0.600671160975,
    9.98418184628));
#10099 = CARTESIAN_POINT('',(-25.60329647099,0.584925287532,
    10.042946245978));
#10100 = CARTESIAN_POINT('',(-25.58005229441,0.568625763755,
    10.103776896852));
#10101 = CARTESIAN_POINT('',(-25.54026338561,0.534388427247,
    10.231552376216));
#10102 = CARTESIAN_POINT('',(-25.52406601955,0.516411695803,
    10.298642451322));
#10103 = CARTESIAN_POINT('',(-25.51198505447,0.498074223424,
    10.367078829922));
#10104 = CARTESIAN_POINT('',(-25.50397991889,0.479489253523,
    10.43643888185));
#10105 = CARTESIAN_POINT('',(-25.5,0.460761408652,10.506332150425));
#10106 = CARTESIAN_POINT('',(-25.5,0.441988284102,10.57639440506));
#10107 = PCURVE('',#1840,#10108);
#10108 = DEFINITIONAL_REPRESENTATION('',(#10109),#10132);
#10109 = B_SPLINE_CURVE_WITH_KNOTS('',6,(#10110,#10111,#10112,#10113,
    #10114,#10115,#10116,#10117,#10118,#10119,#10120,#10121,#10122,
    #10123,#10124,#10125,#10126,#10127,#10128,#10129,#10130,#10131),
  .UNSPECIFIED.,.F.,.F.,(7,5,5,5,7),(0.,0.303886728023,0.475760167293,
    0.732155496913,1.),.UNSPECIFIED.);
#10110 = CARTESIAN_POINT('',(3.971131762598E-02,-8.2));
#10111 = CARTESIAN_POINT('',(3.971131762598E-02,-8.268827747284));
#10112 = CARTESIAN_POINT('',(4.913822337608E-02,-8.337679878494));
#10113 = CARTESIAN_POINT('',(6.800368669678E-02,-8.405297698326));
#10114 = CARTESIAN_POINT('',(9.583419035787E-02,-8.470551476568));
#10115 = CARTESIAN_POINT('',(0.131875357588,-8.532518852952));
#10116 = CARTESIAN_POINT('',(0.199662896447,-8.623285895343));
#10117 = CARTESIAN_POINT('',(0.226480850488,-8.654809686196));
#10118 = CARTESIAN_POINT('',(0.25546518986,-8.684947901167));
#10119 = CARTESIAN_POINT('',(0.286444519585,-8.713609229672));
#10120 = CARTESIAN_POINT('',(0.319246252357,-8.740725615663));
#10121 = CARTESIAN_POINT('',(0.40510750648,-8.804321528551));
#10122 = CARTESIAN_POINT('',(0.460193733519,-8.838845578035));
#10123 = CARTESIAN_POINT('',(0.51841533457,-8.869663844675));
#10124 = CARTESIAN_POINT('',(0.579252717833,-8.89670352901));
#10125 = CARTESIAN_POINT('',(0.642229241722,-8.91994770559));
#10126 = CARTESIAN_POINT('',(0.774512151948,-8.959736614389));
#10127 = CARTESIAN_POINT('',(0.843968908647,-8.97593398045));
#10128 = CARTESIAN_POINT('',(0.914819461285,-8.98801494553));
#10129 = CARTESIAN_POINT('',(0.986626270918,-8.996020081104));
#10130 = CARTESIAN_POINT('',(1.058985107045,-9.));
#10131 = CARTESIAN_POINT('',(1.131518890415,-9.));
#10132 = ( GEOMETRIC_REPRESENTATION_CONTEXT(2) 
PARAMETRIC_REPRESENTATION_CONTEXT() REPRESENTATION_CONTEXT('2D SPACE',''
  ) );
#10133 = PCURVE('',#3703,#10134);
#10134 = DEFINITIONAL_REPRESENTATION('',(#10135),#10158);
#10135 = B_SPLINE_CURVE_WITH_KNOTS('',6,(#10136,#10137,#10138,#10139,
    #10140,#10141,#10142,#10143,#10144,#10145,#10146,#10147,#10148,
    #10149,#10150,#10151,#10152,#10153,#10154,#10155,#10156,#10157),
  .UNSPECIFIED.,.F.,.F.,(7,5,5,5,7),(0.,0.303886728023,0.475760167293,
    0.732155496913,1.),.UNSPECIFIED.);
#10136 = CARTESIAN_POINT('',(5.828010577224,0.));
#10137 = CARTESIAN_POINT('',(5.828010577224,8.603468410553E-02));
#10138 = CARTESIAN_POINT('',(5.827494364367,0.172099615991));
#10139 = CARTESIAN_POINT('',(5.826461341853,0.257769349864));
#10140 = CARTESIAN_POINT('',(5.824932705467,0.342776102805));
#10141 = CARTESIAN_POINT('',(5.822940990434,0.426898953209));
#10142 = CARTESIAN_POINT('',(5.819165242831,0.556896425456));
#10143 = CARTESIAN_POINT('',(5.817666445455,0.60352523647));
#10144 = CARTESIAN_POINT('',(5.816040105656,0.649796983379));
#10145 = CARTESIAN_POINT('',(5.814293868044,0.695699764063));
#10146 = CARTESIAN_POINT('',(5.812435486659,0.741230572063));
#10147 = CARTESIAN_POINT('',(5.80754421783,0.853765356436));
#10148 = CARTESIAN_POINT('',(5.80438333556,0.920314178508));
#10149 = CARTESIAN_POINT('',(5.801014647235,0.98606406021));
#10150 = CARTESIAN_POINT('',(5.797462196756,1.051061490379));
#10151 = CARTESIAN_POINT('',(5.793748676366,1.115374411077));
#10152 = CARTESIAN_POINT('',(5.785868850681,1.245654003676));
#10153 = CARTESIAN_POINT('',(5.781690122705,1.31156006623));
#10154 = CARTESIAN_POINT('',(5.777382173163,1.376915395787));
#10155 = CARTESIAN_POINT('',(5.772967835039,1.441826199525));
#10156 = CARTESIAN_POINT('',(5.768469612726,1.50640832624));
#10157 = CARTESIAN_POINT('',(5.763910067995,1.570796326795));
#10158 = ( GEOMETRIC_REPRESENTATION_CONTEXT(2) 
PARAMETRIC_REPRESENTATION_CONTEXT() REPRESENTATION_CONTEXT('2D SPACE',''
  ) );
#10159 = ORIENTED_EDGE('',*,*,#3663,.F.);
#10160 = ADVANCED_FACE('',(#10161),#1387,.T.);
#10161 = FACE_BOUND('',#10162,.T.);
#10162 = EDGE_LOOP('',(#10163,#10164,#10185,#10186,#10266,#10287));
#10163 = ORIENTED_EDGE('',*,*,#1371,.T.);
#10164 = ORIENTED_EDGE('',*,*,#10165,.T.);
#10165 = EDGE_CURVE('',#1372,#3266,#10166,.T.);
#10166 = SURFACE_CURVE('',#10167,(#10171,#10178),.PCURVE_S1.);
#10167 = LINE('',#10168,#10169);
#10168 = CARTESIAN_POINT('',(-34.5,-4.771494673198,23.18621329896));
#10169 = VECTOR('',#10170,1.);
#10170 = DIRECTION('',(1.,0.,1.110223024625E-16));
#10171 = PCURVE('',#1387,#10172);
#10172 = DEFINITIONAL_REPRESENTATION('',(#10173),#10177);
#10173 = LINE('',#10174,#10175);
#10174 = CARTESIAN_POINT('',(0.,0.));
#10175 = VECTOR('',#10176,1.);
#10176 = DIRECTION('',(0.,-1.));
#10177 = ( GEOMETRIC_REPRESENTATION_CONTEXT(2) 
PARAMETRIC_REPRESENTATION_CONTEXT() REPRESENTATION_CONTEXT('2D SPACE',''
  ) );
#10178 = PCURVE('',#1415,#10179);
#10179 = DEFINITIONAL_REPRESENTATION('',(#10180),#10184);
#10180 = LINE('',#10181,#10182);
#10181 = CARTESIAN_POINT('',(1.2,-6.661338147751E-17));
#10182 = VECTOR('',#10183,1.);
#10183 = DIRECTION('',(0.,-1.));
#10184 = ( GEOMETRIC_REPRESENTATION_CONTEXT(2) 
PARAMETRIC_REPRESENTATION_CONTEXT() REPRESENTATION_CONTEXT('2D SPACE',''
  ) );
#10185 = ORIENTED_EDGE('',*,*,#3265,.F.);
#10186 = ORIENTED_EDGE('',*,*,#10187,.F.);
#10187 = EDGE_CURVE('',#10188,#3237,#10190,.T.);
#10188 = VERTEX_POINT('',#10189);
#10189 = CARTESIAN_POINT('',(-26.3,-5.351639014385,24.191052773619));
#10190 = SURFACE_CURVE('',#10191,(#10214,#10240),.PCURVE_S1.);
#10191 = B_SPLINE_CURVE_WITH_KNOTS('',6,(#10192,#10193,#10194,#10195,
    #10196,#10197,#10198,#10199,#10200,#10201,#10202,#10203,#10204,
    #10205,#10206,#10207,#10208,#10209,#10210,#10211,#10212,#10213),
  .UNSPECIFIED.,.F.,.F.,(7,5,5,5,7),(0.,0.303886728004,0.475760167272,
    0.732155496891,1.),.UNSPECIFIED.);
#10192 = CARTESIAN_POINT('',(-26.3,-5.351639014385,24.191052773619));
#10193 = CARTESIAN_POINT('',(-26.23117225272,-5.351639014385,
    24.191052773619));
#10194 = CARTESIAN_POINT('',(-26.16232012151,-5.346925561511,
    24.182888833761));
#10195 = CARTESIAN_POINT('',(-26.09470230168,-5.337492829852,
    24.166550863274));
#10196 = CARTESIAN_POINT('',(-26.02944852344,-5.323577578023,
    24.142448940106));
#10197 = CARTESIAN_POINT('',(-25.96748114706,-5.30555699441,
    24.111236373706));
#10198 = CARTESIAN_POINT('',(-25.87671410467,-5.271663224984,
    24.052530643));
#10199 = CARTESIAN_POINT('',(-25.84519031382,-5.258254247964,
    24.029305613525));
#10200 = CARTESIAN_POINT('',(-25.81505209885,-5.243762078279,
    24.004204439318));
#10201 = CARTESIAN_POINT('',(-25.78639077034,-5.228272413417,
    23.977375552785));
#10202 = CARTESIAN_POINT('',(-25.75927438435,-5.211871547031,
    23.948968418917));
#10203 = CARTESIAN_POINT('',(-25.69567847146,-5.168940919972,
    23.874610391649));
#10204 = CARTESIAN_POINT('',(-25.66115442198,-5.141397806452,
    23.826904319635));
#10205 = CARTESIAN_POINT('',(-25.63033615533,-5.112287005928,
    23.776482934077));
#10206 = CARTESIAN_POINT('',(-25.603296471,-5.081868314297,
    23.723796214673));
#10207 = CARTESIAN_POINT('',(-25.58005229442,-5.050380052353,
    23.669256945144));
#10208 = CARTESIAN_POINT('',(-25.54026338561,-4.984238597238,
    23.554696584398));
#10209 = CARTESIAN_POINT('',(-25.52406601955,-4.949510218886,
    23.494545268628));
#10210 = CARTESIAN_POINT('',(-25.51198505447,-4.914084942564,
    23.433186890167));
#10211 = CARTESIAN_POINT('',(-25.50397991889,-4.878181537745,
    23.371000368855));
#10212 = CARTESIAN_POINT('',(-25.5,-4.842002119678,23.308335778575));
#10213 = CARTESIAN_POINT('',(-25.5,-4.805735227991,23.24551967954));
#10214 = PCURVE('',#1387,#10215);
#10215 = DEFINITIONAL_REPRESENTATION('',(#10216),#10239);
#10216 = B_SPLINE_CURVE_WITH_KNOTS('',6,(#10217,#10218,#10219,#10220,
    #10221,#10222,#10223,#10224,#10225,#10226,#10227,#10228,#10229,
    #10230,#10231,#10232,#10233,#10234,#10235,#10236,#10237,#10238),
  .UNSPECIFIED.,.F.,.F.,(7,5,5,5,7),(0.,0.303886728004,0.475760167272,
    0.732155496891,1.),.UNSPECIFIED.);
#10217 = CARTESIAN_POINT('',(1.160288682374,-8.2));
#10218 = CARTESIAN_POINT('',(1.160288682374,-8.26882774728));
#10219 = CARTESIAN_POINT('',(1.150861776625,-8.337679878485));
#10220 = CARTESIAN_POINT('',(1.131996313307,-8.405297698313));
#10221 = CARTESIAN_POINT('',(1.104165809649,-8.470551476551));
#10222 = CARTESIAN_POINT('',(1.068124642423,-8.532518852932));
#10223 = CARTESIAN_POINT('',(1.000337103571,-8.623285895321));
#10224 = CARTESIAN_POINT('',(0.973519149532,-8.654809686175));
#10225 = CARTESIAN_POINT('',(0.944534810161,-8.684947901146));
#10226 = CARTESIAN_POINT('',(0.913555480438,-8.713609229652));
#10227 = CARTESIAN_POINT('',(0.880753747666,-8.740725615644));
#10228 = CARTESIAN_POINT('',(0.794892493547,-8.804321528534));
#10229 = CARTESIAN_POINT('',(0.739806266508,-8.83884557802));
#10230 = CARTESIAN_POINT('',(0.681584665459,-8.869663844661));
#10231 = CARTESIAN_POINT('',(0.620747282198,-8.896703528997));
#10232 = CARTESIAN_POINT('',(0.557770758309,-8.919947705579));
#10233 = CARTESIAN_POINT('',(0.42548784808,-8.959736614382));
#10234 = CARTESIAN_POINT('',(0.356031091376,-8.975933980446));
#10235 = CARTESIAN_POINT('',(0.285180538732,-8.988014945528));
#10236 = CARTESIAN_POINT('',(0.213373729094,-8.996020081103));
#10237 = CARTESIAN_POINT('',(0.14101489296,-9.));
#10238 = CARTESIAN_POINT('',(6.848110958544E-02,-9.));
#10239 = ( GEOMETRIC_REPRESENTATION_CONTEXT(2) 
PARAMETRIC_REPRESENTATION_CONTEXT() REPRESENTATION_CONTEXT('2D SPACE',''
  ) );
#10240 = PCURVE('',#3253,#10241);
#10241 = DEFINITIONAL_REPRESENTATION('',(#10242),#10265);
#10242 = B_SPLINE_CURVE_WITH_KNOTS('',6,(#10243,#10244,#10245,#10246,
    #10247,#10248,#10249,#10250,#10251,#10252,#10253,#10254,#10255,
    #10256,#10257,#10258,#10259,#10260,#10261,#10262,#10263,#10264),
  .UNSPECIFIED.,.F.,.F.,(7,5,5,5,7),(0.,0.303886728004,0.475760167272,
    0.732155496891,1.),.UNSPECIFIED.);
#10243 = CARTESIAN_POINT('',(4.382165546943,0.));
#10244 = CARTESIAN_POINT('',(4.382165546943,8.603468409995E-02));
#10245 = CARTESIAN_POINT('',(4.382681759799,0.17209961598));
#10246 = CARTESIAN_POINT('',(4.383714782314,0.257769349847));
#10247 = CARTESIAN_POINT('',(4.3852434187,0.342776102783));
#10248 = CARTESIAN_POINT('',(4.387235133732,0.426898953182));
#10249 = CARTESIAN_POINT('',(4.391010881335,0.556896425424));
#10250 = CARTESIAN_POINT('',(4.39250967871,0.603525236438));
#10251 = CARTESIAN_POINT('',(4.39413601851,0.649796983347));
#10252 = CARTESIAN_POINT('',(4.395882256122,0.695699764031));
#10253 = CARTESIAN_POINT('',(4.397740637506,0.741230572031));
#10254 = CARTESIAN_POINT('',(4.402631906335,0.853765356404));
#10255 = CARTESIAN_POINT('',(4.405792788605,0.920314178476));
#10256 = CARTESIAN_POINT('',(4.40916147693,0.986064060178));
#10257 = CARTESIAN_POINT('',(4.412713927409,1.051061490347));
#10258 = CARTESIAN_POINT('',(4.416427447799,1.115374411045));
#10259 = CARTESIAN_POINT('',(4.424307273484,1.245654003649));
#10260 = CARTESIAN_POINT('',(4.42848600146,1.311560066209));
#10261 = CARTESIAN_POINT('',(4.432793951003,1.376915395772));
#10262 = CARTESIAN_POINT('',(4.437208289127,1.441826199515));
#10263 = CARTESIAN_POINT('',(4.441706511441,1.506408326235));
#10264 = CARTESIAN_POINT('',(4.446266056172,1.570796326795));
#10265 = ( GEOMETRIC_REPRESENTATION_CONTEXT(2) 
PARAMETRIC_REPRESENTATION_CONTEXT() REPRESENTATION_CONTEXT('2D SPACE',''
  ) );
#10266 = ORIENTED_EDGE('',*,*,#10267,.T.);
#10267 = EDGE_CURVE('',#10188,#9984,#10268,.T.);
#10268 = SURFACE_CURVE('',#10269,(#10273,#10280),.PCURVE_S1.);
#10269 = LINE('',#10270,#10271);
#10270 = CARTESIAN_POINT('',(-33.5,-5.351639014385,24.191052773619));
#10271 = VECTOR('',#10272,1.);
#10272 = DIRECTION('',(-1.,-0.,-1.110223024625E-16));
#10273 = PCURVE('',#1387,#10274);
#10274 = DEFINITIONAL_REPRESENTATION('',(#10275),#10279);
#10275 = LINE('',#10276,#10277);
#10276 = CARTESIAN_POINT('',(1.160288682374,-1.));
#10277 = VECTOR('',#10278,1.);
#10278 = DIRECTION('',(0.,1.));
#10279 = ( GEOMETRIC_REPRESENTATION_CONTEXT(2) 
PARAMETRIC_REPRESENTATION_CONTEXT() REPRESENTATION_CONTEXT('2D SPACE',''
  ) );
#10280 = PCURVE('',#9834,#10281);
#10281 = DEFINITIONAL_REPRESENTATION('',(#10282),#10286);
#10282 = LINE('',#10283,#10284);
#10283 = CARTESIAN_POINT('',(-4.382165546943,0.));
#10284 = VECTOR('',#10285,1.);
#10285 = DIRECTION('',(-0.,1.));
#10286 = ( GEOMETRIC_REPRESENTATION_CONTEXT(2) 
PARAMETRIC_REPRESENTATION_CONTEXT() REPRESENTATION_CONTEXT('2D SPACE',''
  ) );
#10287 = ORIENTED_EDGE('',*,*,#10007,.F.);
#10288 = ADVANCED_FACE('',(#10289),#1812,.T.);
#10289 = FACE_BOUND('',#10290,.T.);
#10290 = EDGE_LOOP('',(#10291,#10292,#10293,#10294,#10374,#10402));
#10291 = ORIENTED_EDGE('',*,*,#1796,.T.);
#10292 = ORIENTED_EDGE('',*,*,#10036,.T.);
#10293 = ORIENTED_EDGE('',*,*,#3640,.F.);
#10294 = ORIENTED_EDGE('',*,*,#10295,.F.);
#10295 = EDGE_CURVE('',#10296,#3612,#10298,.T.);
#10296 = VERTEX_POINT('',#10297);
#10297 = CARTESIAN_POINT('',(-26.3,-0.696488735544,10.342237268606));
#10298 = SURFACE_CURVE('',#10299,(#10322,#10348),.PCURVE_S1.);
#10299 = B_SPLINE_CURVE_WITH_KNOTS('',6,(#10300,#10301,#10302,#10303,
    #10304,#10305,#10306,#10307,#10308,#10309,#10310,#10311,#10312,
    #10313,#10314,#10315,#10316,#10317,#10318,#10319,#10320,#10321),
  .UNSPECIFIED.,.F.,.F.,(7,5,5,5,7),(0.,0.303886728018,0.475760167287,
    0.732155496907,1.),.UNSPECIFIED.);
#10300 = CARTESIAN_POINT('',(-26.3,-0.696488735544,10.342237268606));
#10301 = CARTESIAN_POINT('',(-26.23117225271,-0.696488735544,
    10.342237268606));
#10302 = CARTESIAN_POINT('',(-26.1623201215,-0.687383043818,
    10.344677131351));
#10303 = CARTESIAN_POINT('',(-26.09470230167,-0.669160405573,
    10.349559872553));
#10304 = CARTESIAN_POINT('',(-26.02944852343,-0.642278203329,
    10.356762936935));
#10305 = CARTESIAN_POINT('',(-25.96748114705,-0.607465109092,
    10.366091077421));
#10306 = CARTESIAN_POINT('',(-25.87671410466,-0.541987374609,
    10.383635783498));
#10307 = CARTESIAN_POINT('',(-25.8451903138,-0.516083220194,
    10.390576780755));
#10308 = CARTESIAN_POINT('',(-25.81505209883,-0.488086498237,
    10.398078479794));
#10309 = CARTESIAN_POINT('',(-25.78639077033,-0.458162763575,
    10.406096520331));
#10310 = CARTESIAN_POINT('',(-25.75927438434,-0.426478722743,
    10.414586233485));
#10311 = CARTESIAN_POINT('',(-25.69567847145,-0.343543119909,
    10.436808761288));
#10312 = CARTESIAN_POINT('',(-25.66115442196,-0.290333910539,
    10.451066125968));
#10313 = CARTESIAN_POINT('',(-25.63033615532,-0.234096162437,
    10.466134985157));
#10314 = CARTESIAN_POINT('',(-25.60329647099,-0.17533176274,
    10.481880858599));
#10315 = CARTESIAN_POINT('',(-25.58005229441,-0.114501111865,
    10.498180382376));
#10316 = CARTESIAN_POINT('',(-25.54026338561,1.327436749965E-02,
    10.532417718884));
#10317 = CARTESIAN_POINT('',(-25.52406601955,8.036444260609E-02,
    10.550394450329));
#10318 = CARTESIAN_POINT('',(-25.51198505447,0.148800821208,
    10.568731922709));
#10319 = CARTESIAN_POINT('',(-25.50397991889,0.218160873137,
    10.58731689261));
#10320 = CARTESIAN_POINT('',(-25.5,0.288054141714,10.606044737482));
#10321 = CARTESIAN_POINT('',(-25.5,0.35811639635,10.624817862031));
#10322 = PCURVE('',#1812,#10323);
#10323 = DEFINITIONAL_REPRESENTATION('',(#10324),#10347);
#10324 = B_SPLINE_CURVE_WITH_KNOTS('',6,(#10325,#10326,#10327,#10328,
    #10329,#10330,#10331,#10332,#10333,#10334,#10335,#10336,#10337,
    #10338,#10339,#10340,#10341,#10342,#10343,#10344,#10345,#10346),
  .UNSPECIFIED.,.F.,.F.,(7,5,5,5,7),(0.,0.303886728018,0.475760167287,
    0.732155496907,1.),.UNSPECIFIED.);
#10325 = CARTESIAN_POINT('',(1.160288682374,-8.2));
#10326 = CARTESIAN_POINT('',(1.160288682374,-8.268827747283));
#10327 = CARTESIAN_POINT('',(1.150861776624,-8.337679878491));
#10328 = CARTESIAN_POINT('',(1.131996313304,-8.405297698322));
#10329 = CARTESIAN_POINT('',(1.104165809644,-8.470551476563));
#10330 = CARTESIAN_POINT('',(1.068124642415,-8.532518852947));
#10331 = CARTESIAN_POINT('',(1.000337103557,-8.623285895337));
#10332 = CARTESIAN_POINT('',(0.973519149517,-8.654809686191));
#10333 = CARTESIAN_POINT('',(0.944534810145,-8.684947901162));
#10334 = CARTESIAN_POINT('',(0.913555480421,-8.713609229667));
#10335 = CARTESIAN_POINT('',(0.880753747649,-8.740725615658));
#10336 = CARTESIAN_POINT('',(0.794892493527,-8.804321528546));
#10337 = CARTESIAN_POINT('',(0.739806266488,-8.838845578031));
#10338 = CARTESIAN_POINT('',(0.681584665438,-8.869663844671));
#10339 = CARTESIAN_POINT('',(0.620747282175,-8.896703529007));
#10340 = CARTESIAN_POINT('',(0.557770758286,-8.919947705587));
#10341 = CARTESIAN_POINT('',(0.425487848059,-8.959736614387));
#10342 = CARTESIAN_POINT('',(0.356031091359,-8.975933980449));
#10343 = CARTESIAN_POINT('',(0.285180538719,-8.98801494553));
#10344 = CARTESIAN_POINT('',(0.213373729085,-8.996020081104));
#10345 = CARTESIAN_POINT('',(0.141014892956,-9.));
#10346 = CARTESIAN_POINT('',(6.848110958544E-02,-9.));
#10347 = ( GEOMETRIC_REPRESENTATION_CONTEXT(2) 
PARAMETRIC_REPRESENTATION_CONTEXT() REPRESENTATION_CONTEXT('2D SPACE',''
  ) );
#10348 = PCURVE('',#3628,#10349);
#10349 = DEFINITIONAL_REPRESENTATION('',(#10350),#10373);
#10350 = B_SPLINE_CURVE_WITH_KNOTS('',6,(#10351,#10352,#10353,#10354,
    #10355,#10356,#10357,#10358,#10359,#10360,#10361,#10362,#10363,
    #10364,#10365,#10366,#10367,#10368,#10369,#10370,#10371,#10372),
  .UNSPECIFIED.,.F.,.F.,(7,5,5,5,7),(0.,0.303886728018,0.475760167287,
    0.732155496907,1.),.UNSPECIFIED.);
#10351 = CARTESIAN_POINT('',(5.691162485939,0.));
#10352 = CARTESIAN_POINT('',(5.691162485939,8.603468410408E-02));
#10353 = CARTESIAN_POINT('',(5.691678698795,0.172099615988));
#10354 = CARTESIAN_POINT('',(5.69271172131,0.257769349859));
#10355 = CARTESIAN_POINT('',(5.694240357696,0.342776102799));
#10356 = CARTESIAN_POINT('',(5.696232072728,0.426898953202));
#10357 = CARTESIAN_POINT('',(5.700007820331,0.556896425447));
#10358 = CARTESIAN_POINT('',(5.701506617707,0.603525236461));
#10359 = CARTESIAN_POINT('',(5.703132957506,0.649796983371));
#10360 = CARTESIAN_POINT('',(5.704879195118,0.695699764055));
#10361 = CARTESIAN_POINT('',(5.706737576503,0.741230572054));
#10362 = CARTESIAN_POINT('',(5.711628845332,0.853765356428));
#10363 = CARTESIAN_POINT('',(5.714789727602,0.9203141785));
#10364 = CARTESIAN_POINT('',(5.718158415927,0.986064060201));
#10365 = CARTESIAN_POINT('',(5.721710866406,1.051061490371));
#10366 = CARTESIAN_POINT('',(5.725424386796,1.115374411069));
#10367 = CARTESIAN_POINT('',(5.733304212481,1.245654003669));
#10368 = CARTESIAN_POINT('',(5.737482940457,1.311560066225));
#10369 = CARTESIAN_POINT('',(5.74179089,1.376915395783));
#10370 = CARTESIAN_POINT('',(5.746205228123,1.441826199522));
#10371 = CARTESIAN_POINT('',(5.750703450437,1.506408326239));
#10372 = CARTESIAN_POINT('',(5.755262995168,1.570796326795));
#10373 = ( GEOMETRIC_REPRESENTATION_CONTEXT(2) 
PARAMETRIC_REPRESENTATION_CONTEXT() REPRESENTATION_CONTEXT('2D SPACE',''
  ) );
#10374 = ORIENTED_EDGE('',*,*,#10375,.T.);
#10375 = EDGE_CURVE('',#10296,#10376,#10378,.T.);
#10376 = VERTEX_POINT('',#10377);
#10377 = CARTESIAN_POINT('',(-32.9,-0.696488735544,10.342237268606));
#10378 = SURFACE_CURVE('',#10379,(#10383,#10390),.PCURVE_S1.);
#10379 = LINE('',#10380,#10381);
#10380 = CARTESIAN_POINT('',(-33.5,-0.696488735544,10.342237268606));
#10381 = VECTOR('',#10382,1.);
#10382 = DIRECTION('',(-1.,-0.,-1.110223024625E-16));
#10383 = PCURVE('',#1812,#10384);
#10384 = DEFINITIONAL_REPRESENTATION('',(#10385),#10389);
#10385 = LINE('',#10386,#10387);
#10386 = CARTESIAN_POINT('',(1.160288682374,-1.));
#10387 = VECTOR('',#10388,1.);
#10388 = DIRECTION('',(0.,1.));
#10389 = ( GEOMETRIC_REPRESENTATION_CONTEXT(2) 
PARAMETRIC_REPRESENTATION_CONTEXT() REPRESENTATION_CONTEXT('2D SPACE',''
  ) );
#10390 = PCURVE('',#10391,#10396);
#10391 = CYLINDRICAL_SURFACE('',#10392,12.);
#10392 = AXIS2_PLACEMENT_3D('',#10393,#10394,#10395);
#10393 = CARTESIAN_POINT('',(-33.5,6.,20.3));
#10394 = DIRECTION('',(-1.,-0.,-1.110223024625E-16));
#10395 = DIRECTION('',(1.110223024625E-16,0.,-1.));
#10396 = DEFINITIONAL_REPRESENTATION('',(#10397),#10401);
#10397 = LINE('',#10398,#10399);
#10398 = CARTESIAN_POINT('',(-5.691162485939,0.));
#10399 = VECTOR('',#10400,1.);
#10400 = DIRECTION('',(-0.,1.));
#10401 = ( GEOMETRIC_REPRESENTATION_CONTEXT(2) 
PARAMETRIC_REPRESENTATION_CONTEXT() REPRESENTATION_CONTEXT('2D SPACE',''
  ) );
#10402 = ORIENTED_EDGE('',*,*,#10403,.F.);
#10403 = EDGE_CURVE('',#1768,#10376,#10404,.T.);
#10404 = SURFACE_CURVE('',#10405,(#10410,#10417),.PCURVE_S1.);
#10405 = HYPERBOLA('',#10406,7.885281374239,7.885281374239);
#10406 = AXIS2_PLACEMENT_3D('',#10407,#10408,#10409);
#10407 = CARTESIAN_POINT('',(-44.9,8.040860995645,12.683403073067));
#10408 = DIRECTION('',(1.072393092426E-16,0.258819045103,-0.965925826289
    ));
#10409 = DIRECTION('',(1.,0.,1.110223024625E-16));
#10410 = PCURVE('',#1812,#10411);
#10411 = DEFINITIONAL_REPRESENTATION('',(#10412),#10416);
#10412 = HYPERBOLA('',#10413,7.885281374239,7.885281374239);
#10413 = AXIS2_PLACEMENT_2D('',#10414,#10415);
#10414 = CARTESIAN_POINT('',(-7.885281374239,10.4));
#10415 = DIRECTION('',(0.,-1.));
#10416 = ( GEOMETRIC_REPRESENTATION_CONTEXT(2) 
PARAMETRIC_REPRESENTATION_CONTEXT() REPRESENTATION_CONTEXT('2D SPACE',''
  ) );
#10417 = PCURVE('',#1784,#10418);
#10418 = DEFINITIONAL_REPRESENTATION('',(#10419),#10426);
#10419 = B_SPLINE_CURVE_WITH_KNOTS('',5,(#10420,#10421,#10422,#10423,
    #10424,#10425),.UNSPECIFIED.,.F.,.F.,(6,6),(0.912214069878,
    0.981692184838),.PIECEWISE_BEZIER_KNOTS.);
#10420 = CARTESIAN_POINT('',(5.738016763663,-0.6));
#10421 = CARTESIAN_POINT('',(5.728405281455,-0.485597294852));
#10422 = CARTESIAN_POINT('',(5.718914367185,-0.368443080922));
#10423 = CARTESIAN_POINT('',(5.709543854096,-0.248491337474));
#10424 = CARTESIAN_POINT('',(5.700293394035,-0.125693831255));
#10425 = CARTESIAN_POINT('',(5.691162485939,-1.054711873394E-15));
#10426 = ( GEOMETRIC_REPRESENTATION_CONTEXT(2) 
PARAMETRIC_REPRESENTATION_CONTEXT() REPRESENTATION_CONTEXT('2D SPACE',''
  ) );
#10427 = ADVANCED_FACE('',(#10428),#1415,.T.);
#10428 = FACE_BOUND('',#10429,.T.);
#10429 = EDGE_LOOP('',(#10430,#10431,#10432,#10459,#10487,#10565));
#10430 = ORIENTED_EDGE('',*,*,#10165,.F.);
#10431 = ORIENTED_EDGE('',*,*,#1399,.T.);
#10432 = ORIENTED_EDGE('',*,*,#10433,.F.);
#10433 = EDGE_CURVE('',#10434,#1400,#10436,.T.);
#10434 = VERTEX_POINT('',#10435);
#10435 = CARTESIAN_POINT('',(-32.9,-5.776334147858,22.606068957773));
#10436 = SURFACE_CURVE('',#10437,(#10442,#10449),.PCURVE_S1.);
#10437 = HYPERBOLA('',#10438,7.885281374239,7.885281374239);
#10438 = AXIS2_PLACEMENT_3D('',#10439,#10440,#10441);
#10439 = CARTESIAN_POINT('',(-44.9,2.057359312881,27.128853986079));
#10440 = DIRECTION('',(-9.614813431918E-17,-0.5,0.866025403784));
#10441 = DIRECTION('',(1.,0.,1.110223024625E-16));
#10442 = PCURVE('',#1415,#10443);
#10443 = DEFINITIONAL_REPRESENTATION('',(#10444),#10448);
#10444 = HYPERBOLA('',#10445,7.885281374239,7.885281374239);
#10445 = AXIS2_PLACEMENT_2D('',#10446,#10447);
#10446 = CARTESIAN_POINT('',(9.085281374239,10.4));
#10447 = DIRECTION('',(0.,-1.));
#10448 = ( GEOMETRIC_REPRESENTATION_CONTEXT(2) 
PARAMETRIC_REPRESENTATION_CONTEXT() REPRESENTATION_CONTEXT('2D SPACE',''
  ) );
#10449 = PCURVE('',#1444,#10450);
#10450 = DEFINITIONAL_REPRESENTATION('',(#10451),#10458);
#10451 = B_SPLINE_CURVE_WITH_KNOTS('',5,(#10452,#10453,#10454,#10455,
    #10456,#10457),.UNSPECIFIED.,.F.,.F.,(6,6),(-0.981692184838,
    -0.912214069878),.PIECEWISE_BEZIER_KNOTS.);
#10452 = CARTESIAN_POINT('',(4.519013638228,-1.942890293094E-15));
#10453 = CARTESIAN_POINT('',(4.509882730131,-0.125693831255));
#10454 = CARTESIAN_POINT('',(4.500632270071,-0.248491337474));
#10455 = CARTESIAN_POINT('',(4.491261756982,-0.368443080922));
#10456 = CARTESIAN_POINT('',(4.481770842711,-0.485597294852));
#10457 = CARTESIAN_POINT('',(4.472159360504,-0.6));
#10458 = ( GEOMETRIC_REPRESENTATION_CONTEXT(2) 
PARAMETRIC_REPRESENTATION_CONTEXT() REPRESENTATION_CONTEXT('2D SPACE',''
  ) );
#10459 = ORIENTED_EDGE('',*,*,#10460,.F.);
#10460 = EDGE_CURVE('',#10461,#10434,#10463,.T.);
#10461 = VERTEX_POINT('',#10462);
#10462 = CARTESIAN_POINT('',(-26.3,-5.776334147858,22.606068957773));
#10463 = SURFACE_CURVE('',#10464,(#10468,#10475),.PCURVE_S1.);
#10464 = LINE('',#10465,#10466);
#10465 = CARTESIAN_POINT('',(-33.5,-5.776334147858,22.606068957773));
#10466 = VECTOR('',#10467,1.);
#10467 = DIRECTION('',(-1.,-0.,-1.110223024625E-16));
#10468 = PCURVE('',#1415,#10469);
#10469 = DEFINITIONAL_REPRESENTATION('',(#10470),#10474);
#10470 = LINE('',#10471,#10472);
#10471 = CARTESIAN_POINT('',(3.971131762598E-02,-1.));
#10472 = VECTOR('',#10473,1.);
#10473 = DIRECTION('',(0.,1.));
#10474 = ( GEOMETRIC_REPRESENTATION_CONTEXT(2) 
PARAMETRIC_REPRESENTATION_CONTEXT() REPRESENTATION_CONTEXT('2D SPACE',''
  ) );
#10475 = PCURVE('',#10476,#10481);
#10476 = CYLINDRICAL_SURFACE('',#10477,12.);
#10477 = AXIS2_PLACEMENT_3D('',#10478,#10479,#10480);
#10478 = CARTESIAN_POINT('',(-33.5,6.,20.3));
#10479 = DIRECTION('',(-1.,-0.,-1.110223024625E-16));
#10480 = DIRECTION('',(1.110223024625E-16,0.,-1.));
#10481 = DEFINITIONAL_REPRESENTATION('',(#10482),#10486);
#10482 = LINE('',#10483,#10484);
#10483 = CARTESIAN_POINT('',(-4.519013638228,0.));
#10484 = VECTOR('',#10485,1.);
#10485 = DIRECTION('',(-0.,1.));
#10486 = ( GEOMETRIC_REPRESENTATION_CONTEXT(2) 
PARAMETRIC_REPRESENTATION_CONTEXT() REPRESENTATION_CONTEXT('2D SPACE',''
  ) );
#10487 = ORIENTED_EDGE('',*,*,#10488,.T.);
#10488 = EDGE_CURVE('',#10461,#3289,#10489,.T.);
#10489 = SURFACE_CURVE('',#10490,(#10513,#10539),.PCURVE_S1.);
#10490 = B_SPLINE_CURVE_WITH_KNOTS('',6,(#10491,#10492,#10493,#10494,
    #10495,#10496,#10497,#10498,#10499,#10500,#10501,#10502,#10503,
    #10504,#10505,#10506,#10507,#10508,#10509,#10510,#10511,#10512),
  .UNSPECIFIED.,.F.,.F.,(7,5,5,5,7),(0.,0.303886728004,0.475760167272,
    0.732155496891,1.),.UNSPECIFIED.);
#10491 = CARTESIAN_POINT('',(-26.3,-5.776334147858,22.606068957773));
#10492 = CARTESIAN_POINT('',(-26.23117225272,-5.776334147858,
    22.606068957773));
#10493 = CARTESIAN_POINT('',(-26.16232012151,-5.768170208,
    22.610782410647));
#10494 = CARTESIAN_POINT('',(-26.09470230168,-5.751832237512,
    22.620215142306));
#10495 = CARTESIAN_POINT('',(-26.02944852344,-5.727730314345,
    22.634130394135));
#10496 = CARTESIAN_POINT('',(-25.96748114706,-5.696517747945,
    22.652150977748));
#10497 = CARTESIAN_POINT('',(-25.87671410467,-5.637812017239,
    22.686044747174));
#10498 = CARTESIAN_POINT('',(-25.84519031382,-5.614586987763,
    22.699453724194));
#10499 = CARTESIAN_POINT('',(-25.81505209885,-5.589485813556,
    22.713945893879));
#10500 = CARTESIAN_POINT('',(-25.78639077034,-5.562656927024,
    22.729435558741));
#10501 = CARTESIAN_POINT('',(-25.75927438435,-5.534249793156,
    22.745836425126));
#10502 = CARTESIAN_POINT('',(-25.69567847146,-5.459891765887,
    22.788767052186));
#10503 = CARTESIAN_POINT('',(-25.66115442198,-5.412185693873,
    22.816310165705));
#10504 = CARTESIAN_POINT('',(-25.63033615533,-5.361764308316,
    22.84542096623));
#10505 = CARTESIAN_POINT('',(-25.603296471,-5.309077588912,
    22.875839657861));
#10506 = CARTESIAN_POINT('',(-25.58005229442,-5.254538319382,
    22.907327919805));
#10507 = CARTESIAN_POINT('',(-25.54026338561,-5.139977958637,
    22.97346937492));
#10508 = CARTESIAN_POINT('',(-25.52406601955,-5.079826642867,
    23.008197753271));
#10509 = CARTESIAN_POINT('',(-25.51198505447,-5.018468264405,
    23.043623029593));
#10510 = CARTESIAN_POINT('',(-25.50397991889,-4.956281743093,
    23.079526434413));
#10511 = CARTESIAN_POINT('',(-25.5,-4.893617152814,23.115705852479));
#10512 = CARTESIAN_POINT('',(-25.5,-4.830801053778,23.151972744167));
#10513 = PCURVE('',#1415,#10514);
#10514 = DEFINITIONAL_REPRESENTATION('',(#10515),#10538);
#10515 = B_SPLINE_CURVE_WITH_KNOTS('',6,(#10516,#10517,#10518,#10519,
    #10520,#10521,#10522,#10523,#10524,#10525,#10526,#10527,#10528,
    #10529,#10530,#10531,#10532,#10533,#10534,#10535,#10536,#10537),
  .UNSPECIFIED.,.F.,.F.,(7,5,5,5,7),(0.,0.303886728004,0.475760167272,
    0.732155496891,1.),.UNSPECIFIED.);
#10516 = CARTESIAN_POINT('',(3.971131762599E-02,-8.2));
#10517 = CARTESIAN_POINT('',(3.971131762599E-02,-8.26882774728));
#10518 = CARTESIAN_POINT('',(4.913822337484E-02,-8.337679878485));
#10519 = CARTESIAN_POINT('',(6.800368669315E-02,-8.405297698313));
#10520 = CARTESIAN_POINT('',(9.583419035064E-02,-8.470551476551));
#10521 = CARTESIAN_POINT('',(0.131875357577,-8.532518852932));
#10522 = CARTESIAN_POINT('',(0.199662896429,-8.623285895321));
#10523 = CARTESIAN_POINT('',(0.226480850468,-8.654809686175));
#10524 = CARTESIAN_POINT('',(0.255465189839,-8.684947901146));
#10525 = CARTESIAN_POINT('',(0.286444519562,-8.713609229652));
#10526 = CARTESIAN_POINT('',(0.319246252334,-8.740725615644));
#10527 = CARTESIAN_POINT('',(0.405107506453,-8.804321528534));
#10528 = CARTESIAN_POINT('',(0.460193733492,-8.83884557802));
#10529 = CARTESIAN_POINT('',(0.518415334541,-8.869663844661));
#10530 = CARTESIAN_POINT('',(0.579252717802,-8.896703528997));
#10531 = CARTESIAN_POINT('',(0.642229241691,-8.919947705579));
#10532 = CARTESIAN_POINT('',(0.77451215192,-8.959736614382));
#10533 = CARTESIAN_POINT('',(0.843968908624,-8.975933980446));
#10534 = CARTESIAN_POINT('',(0.914819461268,-8.988014945528));
#10535 = CARTESIAN_POINT('',(0.986626270906,-8.996020081103));
#10536 = CARTESIAN_POINT('',(1.05898510704,-9.));
#10537 = CARTESIAN_POINT('',(1.131518890415,-9.));
#10538 = ( GEOMETRIC_REPRESENTATION_CONTEXT(2) 
PARAMETRIC_REPRESENTATION_CONTEXT() REPRESENTATION_CONTEXT('2D SPACE',''
  ) );
#10539 = PCURVE('',#3328,#10540);
#10540 = DEFINITIONAL_REPRESENTATION('',(#10541),#10564);
#10541 = B_SPLINE_CURVE_WITH_KNOTS('',6,(#10542,#10543,#10544,#10545,
    #10546,#10547,#10548,#10549,#10550,#10551,#10552,#10553,#10554,
    #10555,#10556,#10557,#10558,#10559,#10560,#10561,#10562,#10563),
  .UNSPECIFIED.,.F.,.F.,(7,5,5,5,7),(0.,0.303886728004,0.475760167272,
    0.732155496891,1.),.UNSPECIFIED.);
#10542 = CARTESIAN_POINT('',(4.519013638228,0.));
#10543 = CARTESIAN_POINT('',(4.519013638228,8.603468409998E-02));
#10544 = CARTESIAN_POINT('',(4.518497425372,0.17209961598));
#10545 = CARTESIAN_POINT('',(4.517464402857,0.257769349847));
#10546 = CARTESIAN_POINT('',(4.515935766472,0.342776102783));
#10547 = CARTESIAN_POINT('',(4.513944051439,0.426898953182));
#10548 = CARTESIAN_POINT('',(4.510168303837,0.556896425424));
#10549 = CARTESIAN_POINT('',(4.508669506461,0.603525236438));
#10550 = CARTESIAN_POINT('',(4.507043166661,0.649796983347));
#10551 = CARTESIAN_POINT('',(4.50529692905,0.695699764031));
#10552 = CARTESIAN_POINT('',(4.503438547665,0.741230572031));
#10553 = CARTESIAN_POINT('',(4.498547278836,0.853765356404));
#10554 = CARTESIAN_POINT('',(4.495386396566,0.920314178476));
#10555 = CARTESIAN_POINT('',(4.492017708241,0.986064060178));
#10556 = CARTESIAN_POINT('',(4.488465257762,1.051061490347));
#10557 = CARTESIAN_POINT('',(4.484751737372,1.115374411045));
#10558 = CARTESIAN_POINT('',(4.476871911687,1.245654003649));
#10559 = CARTESIAN_POINT('',(4.472693183711,1.311560066209));
#10560 = CARTESIAN_POINT('',(4.468385234168,1.376915395772));
#10561 = CARTESIAN_POINT('',(4.463970896044,1.441826199515));
#10562 = CARTESIAN_POINT('',(4.45947267373,1.506408326235));
#10563 = CARTESIAN_POINT('',(4.454913128999,1.570796326795));
#10564 = ( GEOMETRIC_REPRESENTATION_CONTEXT(2) 
PARAMETRIC_REPRESENTATION_CONTEXT() REPRESENTATION_CONTEXT('2D SPACE',''
  ) );
#10565 = ORIENTED_EDGE('',*,*,#3288,.F.);
#10566 = ADVANCED_FACE('',(#10567),#1784,.T.);
#10567 = FACE_BOUND('',#10568,.F.);
#10568 = EDGE_LOOP('',(#10569,#10596,#10618,#10619));
#10569 = ORIENTED_EDGE('',*,*,#10570,.F.);
#10570 = EDGE_CURVE('',#10571,#1740,#10573,.T.);
#10571 = VERTEX_POINT('',#10572);
#10572 = CARTESIAN_POINT('',(-32.9,-1.885281374239,11.254429943387));
#10573 = SURFACE_CURVE('',#10574,(#10579,#10589),.PCURVE_S1.);
#10574 = HYPERBOLA('',#10575,7.885281374239,7.885281374239);
#10575 = AXIS2_PLACEMENT_3D('',#10576,#10577,#10578);
#10576 = CARTESIAN_POINT('',(-44.9,-1.885281374239,20.3));
#10577 = DIRECTION('',(-3.08148791102E-32,-1.,2.775557561563E-16));
#10578 = DIRECTION('',(1.,0.,1.110223024625E-16));
#10579 = PCURVE('',#1784,#10580);
#10580 = DEFINITIONAL_REPRESENTATION('',(#10581),#10588);
#10581 = B_SPLINE_CURVE_WITH_KNOTS('',5,(#10582,#10583,#10584,#10585,
    #10586,#10587),.UNSPECIFIED.,.F.,.F.,(6,6),(-0.981692184838,
    -0.912214069878),.PIECEWISE_BEZIER_KNOTS.);
#10582 = CARTESIAN_POINT('',(5.566211189425,-1.942890293094E-15));
#10583 = CARTESIAN_POINT('',(5.557080281328,-0.125693831255));
#10584 = CARTESIAN_POINT('',(5.547829821268,-0.248491337474));
#10585 = CARTESIAN_POINT('',(5.538459308178,-0.368443080922));
#10586 = CARTESIAN_POINT('',(5.528968393908,-0.485597294852));
#10587 = CARTESIAN_POINT('',(5.519356911701,-0.6));
#10588 = ( GEOMETRIC_REPRESENTATION_CONTEXT(2) 
PARAMETRIC_REPRESENTATION_CONTEXT() REPRESENTATION_CONTEXT('2D SPACE',''
  ) );
#10589 = PCURVE('',#1755,#10590);
#10590 = DEFINITIONAL_REPRESENTATION('',(#10591),#10595);
#10591 = HYPERBOLA('',#10592,7.885281374239,7.885281374239);
#10592 = AXIS2_PLACEMENT_2D('',#10593,#10594);
#10593 = CARTESIAN_POINT('',(9.085281374239,10.4));
#10594 = DIRECTION('',(0.,-1.));
#10595 = ( GEOMETRIC_REPRESENTATION_CONTEXT(2) 
PARAMETRIC_REPRESENTATION_CONTEXT() REPRESENTATION_CONTEXT('2D SPACE',''
  ) );
#10596 = ORIENTED_EDGE('',*,*,#10597,.T.);
#10597 = EDGE_CURVE('',#10571,#10376,#10598,.T.);
#10598 = SURFACE_CURVE('',#10599,(#10604,#10611),.PCURVE_S1.);
#10599 = CIRCLE('',#10600,12.);
#10600 = AXIS2_PLACEMENT_3D('',#10601,#10602,#10603);
#10601 = CARTESIAN_POINT('',(-32.9,6.,20.3));
#10602 = DIRECTION('',(1.,-0.,1.110223024625E-16));
#10603 = DIRECTION('',(1.110223024625E-16,0.,-1.));
#10604 = PCURVE('',#1784,#10605);
#10605 = DEFINITIONAL_REPRESENTATION('',(#10606),#10610);
#10606 = LINE('',#10607,#10608);
#10607 = CARTESIAN_POINT('',(0.,-0.));
#10608 = VECTOR('',#10609,1.);
#10609 = DIRECTION('',(1.,-0.));
#10610 = ( GEOMETRIC_REPRESENTATION_CONTEXT(2) 
PARAMETRIC_REPRESENTATION_CONTEXT() REPRESENTATION_CONTEXT('2D SPACE',''
  ) );
#10611 = PCURVE('',#10391,#10612);
#10612 = DEFINITIONAL_REPRESENTATION('',(#10613),#10617);
#10613 = LINE('',#10614,#10615);
#10614 = CARTESIAN_POINT('',(-0.,-0.6));
#10615 = VECTOR('',#10616,1.);
#10616 = DIRECTION('',(-1.,0.));
#10617 = ( GEOMETRIC_REPRESENTATION_CONTEXT(2) 
PARAMETRIC_REPRESENTATION_CONTEXT() REPRESENTATION_CONTEXT('2D SPACE',''
  ) );
#10618 = ORIENTED_EDGE('',*,*,#10403,.F.);
#10619 = ORIENTED_EDGE('',*,*,#1767,.F.);
#10620 = ADVANCED_FACE('',(#10621),#1444,.T.);
#10621 = FACE_BOUND('',#10622,.F.);
#10622 = EDGE_LOOP('',(#10623,#10624,#10648,#10673));
#10623 = ORIENTED_EDGE('',*,*,#10433,.F.);
#10624 = ORIENTED_EDGE('',*,*,#10625,.T.);
#10625 = EDGE_CURVE('',#10434,#10626,#10628,.T.);
#10626 = VERTEX_POINT('',#10627);
#10627 = CARTESIAN_POINT('',(-32.9,-5.971919858017,21.120447995441));
#10628 = SURFACE_CURVE('',#10629,(#10634,#10641),.PCURVE_S1.);
#10629 = CIRCLE('',#10630,12.);
#10630 = AXIS2_PLACEMENT_3D('',#10631,#10632,#10633);
#10631 = CARTESIAN_POINT('',(-32.9,6.,20.3));
#10632 = DIRECTION('',(1.,-0.,1.110223024625E-16));
#10633 = DIRECTION('',(1.110223024625E-16,0.,-1.));
#10634 = PCURVE('',#1444,#10635);
#10635 = DEFINITIONAL_REPRESENTATION('',(#10636),#10640);
#10636 = LINE('',#10637,#10638);
#10637 = CARTESIAN_POINT('',(0.,-0.));
#10638 = VECTOR('',#10639,1.);
#10639 = DIRECTION('',(1.,-0.));
#10640 = ( GEOMETRIC_REPRESENTATION_CONTEXT(2) 
PARAMETRIC_REPRESENTATION_CONTEXT() REPRESENTATION_CONTEXT('2D SPACE',''
  ) );
#10641 = PCURVE('',#10476,#10642);
#10642 = DEFINITIONAL_REPRESENTATION('',(#10643),#10647);
#10643 = LINE('',#10644,#10645);
#10644 = CARTESIAN_POINT('',(-0.,-0.6));
#10645 = VECTOR('',#10646,1.);
#10646 = DIRECTION('',(-1.,0.));
#10647 = ( GEOMETRIC_REPRESENTATION_CONTEXT(2) 
PARAMETRIC_REPRESENTATION_CONTEXT() REPRESENTATION_CONTEXT('2D SPACE',''
  ) );
#10648 = ORIENTED_EDGE('',*,*,#10649,.F.);
#10649 = EDGE_CURVE('',#1428,#10626,#10650,.T.);
#10650 = SURFACE_CURVE('',#10651,(#10656,#10666),.PCURVE_S1.);
#10651 = HYPERBOLA('',#10652,7.885281374239,7.885281374239);
#10652 = AXIS2_PLACEMENT_3D('',#10653,#10654,#10655);
#10653 = CARTESIAN_POINT('',(-44.9,0.424264068712,14.724264068712));
#10654 = DIRECTION('',(7.850462293419E-17,-0.707106781187,
    -0.707106781187));
#10655 = DIRECTION('',(1.,0.,1.110223024625E-16));
#10656 = PCURVE('',#1444,#10657);
#10657 = DEFINITIONAL_REPRESENTATION('',(#10658),#10665);
#10658 = B_SPLINE_CURVE_WITH_KNOTS('',5,(#10659,#10660,#10661,#10662,
    #10663,#10664),.UNSPECIFIED.,.F.,.F.,(6,6),(0.912214069878,
    0.981692184838),.PIECEWISE_BEZIER_KNOTS.);
#10659 = CARTESIAN_POINT('',(4.690819212466,-0.6));
#10660 = CARTESIAN_POINT('',(4.681207730259,-0.485597294852));
#10661 = CARTESIAN_POINT('',(4.671716815989,-0.368443080922));
#10662 = CARTESIAN_POINT('',(4.662346302899,-0.248491337474));
#10663 = CARTESIAN_POINT('',(4.653095842839,-0.125693831255));
#10664 = CARTESIAN_POINT('',(4.643964934742,-1.054711873394E-15));
#10665 = ( GEOMETRIC_REPRESENTATION_CONTEXT(2) 
PARAMETRIC_REPRESENTATION_CONTEXT() REPRESENTATION_CONTEXT('2D SPACE',''
  ) );
#10666 = PCURVE('',#1472,#10667);
#10667 = DEFINITIONAL_REPRESENTATION('',(#10668),#10672);
#10668 = HYPERBOLA('',#10669,7.885281374239,7.885281374239);
#10669 = AXIS2_PLACEMENT_2D('',#10670,#10671);
#10670 = CARTESIAN_POINT('',(-7.885281374239,10.4));
#10671 = DIRECTION('',(0.,-1.));
#10672 = ( GEOMETRIC_REPRESENTATION_CONTEXT(2) 
PARAMETRIC_REPRESENTATION_CONTEXT() REPRESENTATION_CONTEXT('2D SPACE',''
  ) );
#10673 = ORIENTED_EDGE('',*,*,#1427,.F.);
#10674 = ADVANCED_FACE('',(#10675),#1755,.T.);
#10675 = FACE_BOUND('',#10676,.T.);
#10676 = EDGE_LOOP('',(#10677,#10698,#10699,#10700,#10723,#10801));
#10677 = ORIENTED_EDGE('',*,*,#10678,.F.);
#10678 = EDGE_CURVE('',#1712,#3566,#10679,.T.);
#10679 = SURFACE_CURVE('',#10680,(#10684,#10691),.PCURVE_S1.);
#10680 = LINE('',#10681,#10682);
#10681 = CARTESIAN_POINT('',(-34.5,-1.885281374239,12.414718625761));
#10682 = VECTOR('',#10683,1.);
#10683 = DIRECTION('',(1.,0.,1.110223024625E-16));
#10684 = PCURVE('',#1755,#10685);
#10685 = DEFINITIONAL_REPRESENTATION('',(#10686),#10690);
#10686 = LINE('',#10687,#10688);
#10687 = CARTESIAN_POINT('',(1.2,-1.33226762955E-16));
#10688 = VECTOR('',#10689,1.);
#10689 = DIRECTION('',(0.,-1.));
#10690 = ( GEOMETRIC_REPRESENTATION_CONTEXT(2) 
PARAMETRIC_REPRESENTATION_CONTEXT() REPRESENTATION_CONTEXT('2D SPACE',''
  ) );
#10691 = PCURVE('',#1727,#10692);
#10692 = DEFINITIONAL_REPRESENTATION('',(#10693),#10697);
#10693 = LINE('',#10694,#10695);
#10694 = CARTESIAN_POINT('',(0.,0.));
#10695 = VECTOR('',#10696,1.);
#10696 = DIRECTION('',(0.,-1.));
#10697 = ( GEOMETRIC_REPRESENTATION_CONTEXT(2) 
PARAMETRIC_REPRESENTATION_CONTEXT() REPRESENTATION_CONTEXT('2D SPACE',''
  ) );
#10698 = ORIENTED_EDGE('',*,*,#1739,.T.);
#10699 = ORIENTED_EDGE('',*,*,#10570,.F.);
#10700 = ORIENTED_EDGE('',*,*,#10701,.F.);
#10701 = EDGE_CURVE('',#10702,#10571,#10704,.T.);
#10702 = VERTEX_POINT('',#10703);
#10703 = CARTESIAN_POINT('',(-26.3,-1.885281374239,11.254429943387));
#10704 = SURFACE_CURVE('',#10705,(#10709,#10716),.PCURVE_S1.);
#10705 = LINE('',#10706,#10707);
#10706 = CARTESIAN_POINT('',(-33.5,-1.885281374239,11.254429943387));
#10707 = VECTOR('',#10708,1.);
#10708 = DIRECTION('',(-1.,-0.,-1.110223024625E-16));
#10709 = PCURVE('',#1755,#10710);
#10710 = DEFINITIONAL_REPRESENTATION('',(#10711),#10715);
#10711 = LINE('',#10712,#10713);
#10712 = CARTESIAN_POINT('',(3.971131762598E-02,-1.));
#10713 = VECTOR('',#10714,1.);
#10714 = DIRECTION('',(0.,1.));
#10715 = ( GEOMETRIC_REPRESENTATION_CONTEXT(2) 
PARAMETRIC_REPRESENTATION_CONTEXT() REPRESENTATION_CONTEXT('2D SPACE',''
  ) );
#10716 = PCURVE('',#10391,#10717);
#10717 = DEFINITIONAL_REPRESENTATION('',(#10718),#10722);
#10718 = LINE('',#10719,#10720);
#10719 = CARTESIAN_POINT('',(-5.566211189425,0.));
#10720 = VECTOR('',#10721,1.);
#10721 = DIRECTION('',(-0.,1.));
#10722 = ( GEOMETRIC_REPRESENTATION_CONTEXT(2) 
PARAMETRIC_REPRESENTATION_CONTEXT() REPRESENTATION_CONTEXT('2D SPACE',''
  ) );
#10723 = ORIENTED_EDGE('',*,*,#10724,.T.);
#10724 = EDGE_CURVE('',#10702,#3589,#10725,.T.);
#10725 = SURFACE_CURVE('',#10726,(#10749,#10775),.PCURVE_S1.);
#10726 = B_SPLINE_CURVE_WITH_KNOTS('',6,(#10727,#10728,#10729,#10730,
    #10731,#10732,#10733,#10734,#10735,#10736,#10737,#10738,#10739,
    #10740,#10741,#10742,#10743,#10744,#10745,#10746,#10747,#10748),
  .UNSPECIFIED.,.F.,.F.,(7,5,5,5,7),(0.,0.303886728018,0.475760167287,
    0.732155496907,1.),.UNSPECIFIED.);
#10727 = CARTESIAN_POINT('',(-26.3,-1.885281374239,11.254429943387));
#10728 = CARTESIAN_POINT('',(-26.23117225271,-1.885281374239,
    11.254429943387));
#10729 = CARTESIAN_POINT('',(-26.1623201215,-1.885281374239,
    11.263856849137));
#10730 = CARTESIAN_POINT('',(-26.09470230167,-1.885281374239,
    11.282722312457));
#10731 = CARTESIAN_POINT('',(-26.02944852343,-1.885281374239,
    11.310552816117));
#10732 = CARTESIAN_POINT('',(-25.96748114705,-1.885281374239,
    11.346593983347));
#10733 = CARTESIAN_POINT('',(-25.87671410466,-1.885281374239,
    11.414381522204));
#10734 = CARTESIAN_POINT('',(-25.8451903138,-1.885281374239,
    11.441199476244));
#10735 = CARTESIAN_POINT('',(-25.81505209883,-1.885281374239,
    11.470183815616));
#10736 = CARTESIAN_POINT('',(-25.78639077033,-1.885281374239,
    11.50116314534));
#10737 = CARTESIAN_POINT('',(-25.75927438434,-1.885281374239,
    11.533964878112));
#10738 = CARTESIAN_POINT('',(-25.69567847145,-1.885281374239,
    11.619826132234));
#10739 = CARTESIAN_POINT('',(-25.66115442196,-1.885281374239,
    11.674912359274));
#10740 = CARTESIAN_POINT('',(-25.63033615532,-1.885281374239,
    11.733133960324));
#10741 = CARTESIAN_POINT('',(-25.60329647099,-1.885281374239,
    11.793971343586));
#10742 = CARTESIAN_POINT('',(-25.58005229441,-1.885281374239,
    11.856947867475));
#10743 = CARTESIAN_POINT('',(-25.54026338561,-1.885281374239,
    11.989230777702));
#10744 = CARTESIAN_POINT('',(-25.52406601955,-1.885281374239,
    12.058687534402));
#10745 = CARTESIAN_POINT('',(-25.51198505447,-1.885281374239,
    12.129538087042));
#10746 = CARTESIAN_POINT('',(-25.50397991889,-1.885281374239,
    12.201344896677));
#10747 = CARTESIAN_POINT('',(-25.5,-1.885281374239,12.273703732805));
#10748 = CARTESIAN_POINT('',(-25.5,-1.885281374239,12.346237516176));
#10749 = PCURVE('',#1755,#10750);
#10750 = DEFINITIONAL_REPRESENTATION('',(#10751),#10774);
#10751 = B_SPLINE_CURVE_WITH_KNOTS('',6,(#10752,#10753,#10754,#10755,
    #10756,#10757,#10758,#10759,#10760,#10761,#10762,#10763,#10764,
    #10765,#10766,#10767,#10768,#10769,#10770,#10771,#10772,#10773),
  .UNSPECIFIED.,.F.,.F.,(7,5,5,5,7),(0.,0.303886728018,0.475760167287,
    0.732155496907,1.),.UNSPECIFIED.);
#10752 = CARTESIAN_POINT('',(3.971131762598E-02,-8.2));
#10753 = CARTESIAN_POINT('',(3.971131762598E-02,-8.268827747283));
#10754 = CARTESIAN_POINT('',(4.913822337578E-02,-8.337679878491));
#10755 = CARTESIAN_POINT('',(6.800368669578E-02,-8.405297698322));
#10756 = CARTESIAN_POINT('',(9.583419035604E-02,-8.470551476563));
#10757 = CARTESIAN_POINT('',(0.131875357585,-8.532518852947));
#10758 = CARTESIAN_POINT('',(0.199662896443,-8.623285895337));
#10759 = CARTESIAN_POINT('',(0.226480850483,-8.654809686191));
#10760 = CARTESIAN_POINT('',(0.255465189855,-8.684947901162));
#10761 = CARTESIAN_POINT('',(0.286444519579,-8.713609229667));
#10762 = CARTESIAN_POINT('',(0.319246252351,-8.740725615658));
#10763 = CARTESIAN_POINT('',(0.405107506473,-8.804321528546));
#10764 = CARTESIAN_POINT('',(0.460193733512,-8.838845578031));
#10765 = CARTESIAN_POINT('',(0.518415334562,-8.869663844671));
#10766 = CARTESIAN_POINT('',(0.579252717825,-8.896703529007));
#10767 = CARTESIAN_POINT('',(0.642229241714,-8.919947705587));
#10768 = CARTESIAN_POINT('',(0.774512151941,-8.959736614387));
#10769 = CARTESIAN_POINT('',(0.843968908641,-8.975933980449));
#10770 = CARTESIAN_POINT('',(0.914819461281,-8.98801494553));
#10771 = CARTESIAN_POINT('',(0.986626270915,-8.996020081104));
#10772 = CARTESIAN_POINT('',(1.058985107044,-9.));
#10773 = CARTESIAN_POINT('',(1.131518890415,-9.));
#10774 = ( GEOMETRIC_REPRESENTATION_CONTEXT(2) 
PARAMETRIC_REPRESENTATION_CONTEXT() REPRESENTATION_CONTEXT('2D SPACE',''
  ) );
#10775 = PCURVE('',#3628,#10776);
#10776 = DEFINITIONAL_REPRESENTATION('',(#10777),#10800);
#10777 = B_SPLINE_CURVE_WITH_KNOTS('',6,(#10778,#10779,#10780,#10781,
    #10782,#10783,#10784,#10785,#10786,#10787,#10788,#10789,#10790,
    #10791,#10792,#10793,#10794,#10795,#10796,#10797,#10798,#10799),
  .UNSPECIFIED.,.F.,.F.,(7,5,5,5,7),(0.,0.303886728018,0.475760167287,
    0.732155496907,1.),.UNSPECIFIED.);
#10778 = CARTESIAN_POINT('',(5.566211189425,0.));
#10779 = CARTESIAN_POINT('',(5.566211189425,8.603468410407E-02));
#10780 = CARTESIAN_POINT('',(5.565694976568,0.172099615988));
#10781 = CARTESIAN_POINT('',(5.564661954054,0.257769349859));
#10782 = CARTESIAN_POINT('',(5.563133317668,0.342776102799));
#10783 = CARTESIAN_POINT('',(5.561141602635,0.426898953202));
#10784 = CARTESIAN_POINT('',(5.557365855032,0.556896425447));
#10785 = CARTESIAN_POINT('',(5.555867057657,0.603525236461));
#10786 = CARTESIAN_POINT('',(5.554240717857,0.649796983371));
#10787 = CARTESIAN_POINT('',(5.552494480245,0.695699764055));
#10788 = CARTESIAN_POINT('',(5.550636098861,0.741230572054));
#10789 = CARTESIAN_POINT('',(5.545744830032,0.853765356428));
#10790 = CARTESIAN_POINT('',(5.542583947761,0.9203141785));
#10791 = CARTESIAN_POINT('',(5.539215259436,0.986064060201));
#10792 = CARTESIAN_POINT('',(5.535662808958,1.051061490371));
#10793 = CARTESIAN_POINT('',(5.531949288567,1.115374411068));
#10794 = CARTESIAN_POINT('',(5.524069462882,1.245654003669));
#10795 = CARTESIAN_POINT('',(5.519890734906,1.311560066225));
#10796 = CARTESIAN_POINT('',(5.515582785364,1.376915395783));
#10797 = CARTESIAN_POINT('',(5.51116844724,1.441826199522));
#10798 = CARTESIAN_POINT('',(5.506670224927,1.506408326239));
#10799 = CARTESIAN_POINT('',(5.502110680196,1.570796326795));
#10800 = ( GEOMETRIC_REPRESENTATION_CONTEXT(2) 
PARAMETRIC_REPRESENTATION_CONTEXT() REPRESENTATION_CONTEXT('2D SPACE',''
  ) );
#10801 = ORIENTED_EDGE('',*,*,#3588,.F.);
#10802 = ADVANCED_FACE('',(#10803),#1472,.T.);
#10803 = FACE_BOUND('',#10804,.T.);
#10804 = EDGE_LOOP('',(#10805,#10806,#10827,#10828,#10908,#10929));
#10805 = ORIENTED_EDGE('',*,*,#1456,.T.);
#10806 = ORIENTED_EDGE('',*,*,#10807,.T.);
#10807 = EDGE_CURVE('',#1457,#3341,#10808,.T.);
#10808 = SURFACE_CURVE('',#10809,(#10813,#10820),.PCURVE_S1.);
#10809 = LINE('',#10810,#10811);
#10810 = CARTESIAN_POINT('',(-34.5,-5.151471862576,20.3));
#10811 = VECTOR('',#10812,1.);
#10812 = DIRECTION('',(1.,0.,1.110223024625E-16));
#10813 = PCURVE('',#1472,#10814);
#10814 = DEFINITIONAL_REPRESENTATION('',(#10815),#10819);
#10815 = LINE('',#10816,#10817);
#10816 = CARTESIAN_POINT('',(0.,0.));
#10817 = VECTOR('',#10818,1.);
#10818 = DIRECTION('',(0.,-1.));
#10819 = ( GEOMETRIC_REPRESENTATION_CONTEXT(2) 
PARAMETRIC_REPRESENTATION_CONTEXT() REPRESENTATION_CONTEXT('2D SPACE',''
  ) );
#10820 = PCURVE('',#1500,#10821);
#10821 = DEFINITIONAL_REPRESENTATION('',(#10822),#10826);
#10822 = LINE('',#10823,#10824);
#10823 = CARTESIAN_POINT('',(1.2,-9.420554752103E-17));
#10824 = VECTOR('',#10825,1.);
#10825 = DIRECTION('',(0.,-1.));
#10826 = ( GEOMETRIC_REPRESENTATION_CONTEXT(2) 
PARAMETRIC_REPRESENTATION_CONTEXT() REPRESENTATION_CONTEXT('2D SPACE',''
  ) );
#10827 = ORIENTED_EDGE('',*,*,#3340,.F.);
#10828 = ORIENTED_EDGE('',*,*,#10829,.F.);
#10829 = EDGE_CURVE('',#10830,#3312,#10832,.T.);
#10830 = VERTEX_POINT('',#10831);
#10831 = CARTESIAN_POINT('',(-26.3,-5.971919858017,21.120447995441));
#10832 = SURFACE_CURVE('',#10833,(#10856,#10882),.PCURVE_S1.);
#10833 = B_SPLINE_CURVE_WITH_KNOTS('',6,(#10834,#10835,#10836,#10837,
    #10838,#10839,#10840,#10841,#10842,#10843,#10844,#10845,#10846,
    #10847,#10848,#10849,#10850,#10851,#10852,#10853,#10854,#10855),
  .UNSPECIFIED.,.F.,.F.,(7,5,5,5,7),(0.,0.303886728018,0.475760167287,
    0.732155496907,1.),.UNSPECIFIED.);
#10834 = CARTESIAN_POINT('',(-26.3,-5.971919858017,21.120447995441));
#10835 = CARTESIAN_POINT('',(-26.23117225271,-5.971919858017,
    21.120447995441));
#10836 = CARTESIAN_POINT('',(-26.1623201215,-5.965254029036,
    21.113782166459));
#10837 = CARTESIAN_POINT('',(-26.09470230167,-5.951914131992,
    21.100442269416));
#10838 = CARTESIAN_POINT('',(-26.02944852343,-5.93223499413,
    21.080763131554));
#10839 = CARTESIAN_POINT('',(-25.96748114705,-5.90675004038,
    21.055278177804));
#10840 = CARTESIAN_POINT('',(-25.87671410466,-5.858817011974,
    21.007345149398));
#10841 = CARTESIAN_POINT('',(-25.8451903138,-5.839853854815,
    20.988381992238));
#10842 = CARTESIAN_POINT('',(-25.81505209883,-5.819358831897,
    20.967886969321));
#10843 = CARTESIAN_POINT('',(-25.78639077033,-5.797453137772,
    20.945981275196));
#10844 = CARTESIAN_POINT('',(-25.75927438434,-5.774258810094,
    20.922786947518));
#10845 = CARTESIAN_POINT('',(-25.69567847145,-5.713545735064,
    20.862073872487));
#10846 = CARTESIAN_POINT('',(-25.66115442196,-5.674593890374,
    20.823122027798));
#10847 = CARTESIAN_POINT('',(-25.63033615532,-5.63342500146,
    20.781953138884));
#10848 = CARTESIAN_POINT('',(-25.60329647099,-5.590406475205,
    20.738934612629));
#10849 = CARTESIAN_POINT('',(-25.58005229441,-5.545875348108,
    20.694403485532));
#10850 = CARTESIAN_POINT('',(-25.54026338561,-5.452337205251,
    20.600865342675));
#10851 = CARTESIAN_POINT('',(-25.52406601955,-5.40322386159,
    20.551751999013));
#10852 = CARTESIAN_POINT('',(-25.51198505447,-5.353124955367,
    20.501653092791));
#10853 = CARTESIAN_POINT('',(-25.50397991889,-5.302349873339,
    20.450878010763));
#10854 = CARTESIAN_POINT('',(-25.5,-5.251184449634,20.399712587058));
#10855 = CARTESIAN_POINT('',(-25.5,-5.199895319547,20.348423456971));
#10856 = PCURVE('',#1472,#10857);
#10857 = DEFINITIONAL_REPRESENTATION('',(#10858),#10881);
#10858 = B_SPLINE_CURVE_WITH_KNOTS('',6,(#10859,#10860,#10861,#10862,
    #10863,#10864,#10865,#10866,#10867,#10868,#10869,#10870,#10871,
    #10872,#10873,#10874,#10875,#10876,#10877,#10878,#10879,#10880),
  .UNSPECIFIED.,.F.,.F.,(7,5,5,5,7),(0.,0.303886728018,0.475760167287,
    0.732155496907,1.),.UNSPECIFIED.);
#10859 = CARTESIAN_POINT('',(1.160288682374,-8.2));
#10860 = CARTESIAN_POINT('',(1.160288682374,-8.268827747283));
#10861 = CARTESIAN_POINT('',(1.150861776624,-8.337679878491));
#10862 = CARTESIAN_POINT('',(1.131996313304,-8.405297698322));
#10863 = CARTESIAN_POINT('',(1.104165809644,-8.470551476563));
#10864 = CARTESIAN_POINT('',(1.068124642415,-8.532518852947));
#10865 = CARTESIAN_POINT('',(1.000337103557,-8.623285895337));
#10866 = CARTESIAN_POINT('',(0.973519149517,-8.654809686191));
#10867 = CARTESIAN_POINT('',(0.944534810145,-8.684947901162));
#10868 = CARTESIAN_POINT('',(0.913555480421,-8.713609229667));
#10869 = CARTESIAN_POINT('',(0.880753747649,-8.740725615658));
#10870 = CARTESIAN_POINT('',(0.794892493527,-8.804321528546));
#10871 = CARTESIAN_POINT('',(0.739806266488,-8.838845578031));
#10872 = CARTESIAN_POINT('',(0.681584665438,-8.869663844671));
#10873 = CARTESIAN_POINT('',(0.620747282175,-8.896703529007));
#10874 = CARTESIAN_POINT('',(0.557770758286,-8.919947705587));
#10875 = CARTESIAN_POINT('',(0.425487848059,-8.959736614387));
#10876 = CARTESIAN_POINT('',(0.356031091359,-8.975933980449));
#10877 = CARTESIAN_POINT('',(0.285180538719,-8.98801494553));
#10878 = CARTESIAN_POINT('',(0.213373729085,-8.996020081104));
#10879 = CARTESIAN_POINT('',(0.141014892956,-9.));
#10880 = CARTESIAN_POINT('',(6.848110958544E-02,-9.));
#10881 = ( GEOMETRIC_REPRESENTATION_CONTEXT(2) 
PARAMETRIC_REPRESENTATION_CONTEXT() REPRESENTATION_CONTEXT('2D SPACE',''
  ) );
#10882 = PCURVE('',#3328,#10883);
#10883 = DEFINITIONAL_REPRESENTATION('',(#10884),#10907);
#10884 = B_SPLINE_CURVE_WITH_KNOTS('',6,(#10885,#10886,#10887,#10888,
    #10889,#10890,#10891,#10892,#10893,#10894,#10895,#10896,#10897,
    #10898,#10899,#10900,#10901,#10902,#10903,#10904,#10905,#10906),
  .UNSPECIFIED.,.F.,.F.,(7,5,5,5,7),(0.,0.303886728018,0.475760167287,
    0.732155496907,1.),.UNSPECIFIED.);
#10885 = CARTESIAN_POINT('',(4.643964934742,0.));
#10886 = CARTESIAN_POINT('',(4.643964934742,8.603468410406E-02));
#10887 = CARTESIAN_POINT('',(4.644481147599,0.172099615988));
#10888 = CARTESIAN_POINT('',(4.645514170113,0.257769349859));
#10889 = CARTESIAN_POINT('',(4.647042806499,0.342776102799));
#10890 = CARTESIAN_POINT('',(4.649034521531,0.426898953202));
#10891 = CARTESIAN_POINT('',(4.652810269134,0.556896425447));
#10892 = CARTESIAN_POINT('',(4.65430906651,0.603525236461));
#10893 = CARTESIAN_POINT('',(4.65593540631,0.649796983371));
#10894 = CARTESIAN_POINT('',(4.657681643922,0.695699764055));
#10895 = CARTESIAN_POINT('',(4.659540025306,0.741230572054));
#10896 = CARTESIAN_POINT('',(4.664431294135,0.853765356428));
#10897 = CARTESIAN_POINT('',(4.667592176406,0.9203141785));
#10898 = CARTESIAN_POINT('',(4.67096086473,0.986064060201));
#10899 = CARTESIAN_POINT('',(4.674513315209,1.051061490371));
#10900 = CARTESIAN_POINT('',(4.6782268356,1.115374411069));
#10901 = CARTESIAN_POINT('',(4.686106661285,1.245654003669));
#10902 = CARTESIAN_POINT('',(4.69028538926,1.311560066225));
#10903 = CARTESIAN_POINT('',(4.694593338803,1.376915395783));
#10904 = CARTESIAN_POINT('',(4.699007676927,1.441826199523));
#10905 = CARTESIAN_POINT('',(4.70350589924,1.506408326239));
#10906 = CARTESIAN_POINT('',(4.708065443971,1.570796326795));
#10907 = ( GEOMETRIC_REPRESENTATION_CONTEXT(2) 
PARAMETRIC_REPRESENTATION_CONTEXT() REPRESENTATION_CONTEXT('2D SPACE',''
  ) );
#10908 = ORIENTED_EDGE('',*,*,#10909,.T.);
#10909 = EDGE_CURVE('',#10830,#10626,#10910,.T.);
#10910 = SURFACE_CURVE('',#10911,(#10915,#10922),.PCURVE_S1.);
#10911 = LINE('',#10912,#10913);
#10912 = CARTESIAN_POINT('',(-33.5,-5.971919858017,21.120447995441));
#10913 = VECTOR('',#10914,1.);
#10914 = DIRECTION('',(-1.,-0.,-1.110223024625E-16));
#10915 = PCURVE('',#1472,#10916);
#10916 = DEFINITIONAL_REPRESENTATION('',(#10917),#10921);
#10917 = LINE('',#10918,#10919);
#10918 = CARTESIAN_POINT('',(1.160288682374,-1.));
#10919 = VECTOR('',#10920,1.);
#10920 = DIRECTION('',(0.,1.));
#10921 = ( GEOMETRIC_REPRESENTATION_CONTEXT(2) 
PARAMETRIC_REPRESENTATION_CONTEXT() REPRESENTATION_CONTEXT('2D SPACE',''
  ) );
#10922 = PCURVE('',#10476,#10923);
#10923 = DEFINITIONAL_REPRESENTATION('',(#10924),#10928);
#10924 = LINE('',#10925,#10926);
#10925 = CARTESIAN_POINT('',(-4.643964934742,0.));
#10926 = VECTOR('',#10927,1.);
#10927 = DIRECTION('',(-0.,1.));
#10928 = ( GEOMETRIC_REPRESENTATION_CONTEXT(2) 
PARAMETRIC_REPRESENTATION_CONTEXT() REPRESENTATION_CONTEXT('2D SPACE',''
  ) );
#10929 = ORIENTED_EDGE('',*,*,#10649,.F.);
#10930 = ADVANCED_FACE('',(#10931),#1727,.T.);
#10931 = FACE_BOUND('',#10932,.T.);
#10932 = EDGE_LOOP('',(#10933,#10934,#10935,#10936,#11016,#11044));
#10933 = ORIENTED_EDGE('',*,*,#1711,.T.);
#10934 = ORIENTED_EDGE('',*,*,#10678,.T.);
#10935 = ORIENTED_EDGE('',*,*,#3565,.F.);
#10936 = ORIENTED_EDGE('',*,*,#10937,.F.);
#10937 = EDGE_CURVE('',#10938,#3537,#10940,.T.);
#10938 = VERTEX_POINT('',#10939);
#10939 = CARTESIAN_POINT('',(-26.3,-3.045570056613,12.414718625761));
#10940 = SURFACE_CURVE('',#10941,(#10964,#10990),.PCURVE_S1.);
#10941 = B_SPLINE_CURVE_WITH_KNOTS('',6,(#10942,#10943,#10944,#10945,
    #10946,#10947,#10948,#10949,#10950,#10951,#10952,#10953,#10954,
    #10955,#10956,#10957,#10958,#10959,#10960,#10961,#10962,#10963),
  .UNSPECIFIED.,.F.,.F.,(7,5,5,5,7),(0.,0.303886728018,0.475760167287,
    0.732155496907,1.),.UNSPECIFIED.);
#10942 = CARTESIAN_POINT('',(-26.3,-3.045570056613,12.414718625761));
#10943 = CARTESIAN_POINT('',(-26.23117225271,-3.045570056613,
    12.414718625761));
#10944 = CARTESIAN_POINT('',(-26.1623201215,-3.036143150863,
    12.414718625761));
#10945 = CARTESIAN_POINT('',(-26.09470230167,-3.017277687543,
    12.414718625761));
#10946 = CARTESIAN_POINT('',(-26.02944852343,-2.989447183883,
    12.414718625761));
#10947 = CARTESIAN_POINT('',(-25.96748114705,-2.953406016653,
    12.414718625761));
#10948 = CARTESIAN_POINT('',(-25.87671410466,-2.885618477796,
    12.414718625761));
#10949 = CARTESIAN_POINT('',(-25.8451903138,-2.858800523756,
    12.414718625761));
#10950 = CARTESIAN_POINT('',(-25.81505209883,-2.829816184384,
    12.414718625761));
#10951 = CARTESIAN_POINT('',(-25.78639077033,-2.79883685466,
    12.414718625761));
#10952 = CARTESIAN_POINT('',(-25.75927438434,-2.766035121888,
    12.414718625761));
#10953 = CARTESIAN_POINT('',(-25.69567847145,-2.680173867766,
    12.414718625761));
#10954 = CARTESIAN_POINT('',(-25.66115442196,-2.625087640726,
    12.414718625761));
#10955 = CARTESIAN_POINT('',(-25.63033615532,-2.566866039676,
    12.414718625761));
#10956 = CARTESIAN_POINT('',(-25.60329647099,-2.506028656414,
    12.414718625761));
#10957 = CARTESIAN_POINT('',(-25.58005229441,-2.443052132525,
    12.414718625761));
#10958 = CARTESIAN_POINT('',(-25.54026338561,-2.310769222297,
    12.414718625761));
#10959 = CARTESIAN_POINT('',(-25.52406601955,-2.241312465598,
    12.414718625761));
#10960 = CARTESIAN_POINT('',(-25.51198505447,-2.170461912958,
    12.414718625761));
#10961 = CARTESIAN_POINT('',(-25.50397991889,-2.098655103323,
    12.414718625761));
#10962 = CARTESIAN_POINT('',(-25.5,-2.026296267195,12.414718625761));
#10963 = CARTESIAN_POINT('',(-25.5,-1.953762483824,12.414718625761));
#10964 = PCURVE('',#1727,#10965);
#10965 = DEFINITIONAL_REPRESENTATION('',(#10966),#10989);
#10966 = B_SPLINE_CURVE_WITH_KNOTS('',6,(#10967,#10968,#10969,#10970,
    #10971,#10972,#10973,#10974,#10975,#10976,#10977,#10978,#10979,
    #10980,#10981,#10982,#10983,#10984,#10985,#10986,#10987,#10988),
  .UNSPECIFIED.,.F.,.F.,(7,5,5,5,7),(0.,0.303886728018,0.475760167287,
    0.732155496907,1.),.UNSPECIFIED.);
#10967 = CARTESIAN_POINT('',(1.160288682374,-8.2));
#10968 = CARTESIAN_POINT('',(1.160288682374,-8.268827747283));
#10969 = CARTESIAN_POINT('',(1.150861776624,-8.337679878491));
#10970 = CARTESIAN_POINT('',(1.131996313304,-8.405297698322));
#10971 = CARTESIAN_POINT('',(1.104165809644,-8.470551476563));
#10972 = CARTESIAN_POINT('',(1.068124642415,-8.532518852947));
#10973 = CARTESIAN_POINT('',(1.000337103557,-8.623285895337));
#10974 = CARTESIAN_POINT('',(0.973519149517,-8.654809686191));
#10975 = CARTESIAN_POINT('',(0.944534810145,-8.684947901162));
#10976 = CARTESIAN_POINT('',(0.913555480421,-8.713609229667));
#10977 = CARTESIAN_POINT('',(0.880753747649,-8.740725615658));
#10978 = CARTESIAN_POINT('',(0.794892493527,-8.804321528546));
#10979 = CARTESIAN_POINT('',(0.739806266488,-8.838845578031));
#10980 = CARTESIAN_POINT('',(0.681584665438,-8.869663844671));
#10981 = CARTESIAN_POINT('',(0.620747282175,-8.896703529007));
#10982 = CARTESIAN_POINT('',(0.557770758286,-8.919947705587));
#10983 = CARTESIAN_POINT('',(0.425487848059,-8.959736614387));
#10984 = CARTESIAN_POINT('',(0.356031091359,-8.975933980449));
#10985 = CARTESIAN_POINT('',(0.285180538719,-8.98801494553));
#10986 = CARTESIAN_POINT('',(0.213373729085,-8.996020081104));
#10987 = CARTESIAN_POINT('',(0.141014892956,-9.));
#10988 = CARTESIAN_POINT('',(6.848110958544E-02,-9.));
#10989 = ( GEOMETRIC_REPRESENTATION_CONTEXT(2) 
PARAMETRIC_REPRESENTATION_CONTEXT() REPRESENTATION_CONTEXT('2D SPACE',''
  ) );
#10990 = PCURVE('',#3553,#10991);
#10991 = DEFINITIONAL_REPRESENTATION('',(#10992),#11015);
#10992 = B_SPLINE_CURVE_WITH_KNOTS('',6,(#10993,#10994,#10995,#10996,
    #10997,#10998,#10999,#11000,#11001,#11002,#11003,#11004,#11005,
    #11006,#11007,#11008,#11009,#11010,#11011,#11012,#11013,#11014),
  .UNSPECIFIED.,.F.,.F.,(7,5,5,5,7),(0.,0.303886728018,0.475760167287,
    0.732155496907,1.),.UNSPECIFIED.);
#10993 = CARTESIAN_POINT('',(5.429363098139,0.));
#10994 = CARTESIAN_POINT('',(5.429363098139,8.603468410407E-02));
#10995 = CARTESIAN_POINT('',(5.429879310996,0.172099615988));
#10996 = CARTESIAN_POINT('',(5.430912333511,0.257769349859));
#10997 = CARTESIAN_POINT('',(5.432440969896,0.342776102799));
#10998 = CARTESIAN_POINT('',(5.434432684929,0.426898953202));
#10999 = CARTESIAN_POINT('',(5.438208432532,0.556896425447));
#11000 = CARTESIAN_POINT('',(5.439707229908,0.603525236461));
#11001 = CARTESIAN_POINT('',(5.441333569707,0.649796983371));
#11002 = CARTESIAN_POINT('',(5.443079807319,0.695699764055));
#11003 = CARTESIAN_POINT('',(5.444938188704,0.741230572054));
#11004 = CARTESIAN_POINT('',(5.449829457533,0.853765356428));
#11005 = CARTESIAN_POINT('',(5.452990339803,0.9203141785));
#11006 = CARTESIAN_POINT('',(5.456359028128,0.986064060201));
#11007 = CARTESIAN_POINT('',(5.459911478607,1.051061490371));
#11008 = CARTESIAN_POINT('',(5.463624998997,1.115374411068));
#11009 = CARTESIAN_POINT('',(5.471504824682,1.245654003669));
#11010 = CARTESIAN_POINT('',(5.475683552658,1.311560066225));
#11011 = CARTESIAN_POINT('',(5.479991502201,1.376915395783));
#11012 = CARTESIAN_POINT('',(5.484405840324,1.441826199523));
#11013 = CARTESIAN_POINT('',(5.488904062638,1.506408326239));
#11014 = CARTESIAN_POINT('',(5.493463607368,1.570796326795));
#11015 = ( GEOMETRIC_REPRESENTATION_CONTEXT(2) 
PARAMETRIC_REPRESENTATION_CONTEXT() REPRESENTATION_CONTEXT('2D SPACE',''
  ) );
#11016 = ORIENTED_EDGE('',*,*,#11017,.T.);
#11017 = EDGE_CURVE('',#10938,#11018,#11020,.T.);
#11018 = VERTEX_POINT('',#11019);
#11019 = CARTESIAN_POINT('',(-32.9,-3.045570056613,12.414718625761));
#11020 = SURFACE_CURVE('',#11021,(#11025,#11032),.PCURVE_S1.);
#11021 = LINE('',#11022,#11023);
#11022 = CARTESIAN_POINT('',(-33.5,-3.045570056613,12.414718625761));
#11023 = VECTOR('',#11024,1.);
#11024 = DIRECTION('',(-1.,-0.,-1.110223024625E-16));
#11025 = PCURVE('',#1727,#11026);
#11026 = DEFINITIONAL_REPRESENTATION('',(#11027),#11031);
#11027 = LINE('',#11028,#11029);
#11028 = CARTESIAN_POINT('',(1.160288682374,-1.));
#11029 = VECTOR('',#11030,1.);
#11030 = DIRECTION('',(0.,1.));
#11031 = ( GEOMETRIC_REPRESENTATION_CONTEXT(2) 
PARAMETRIC_REPRESENTATION_CONTEXT() REPRESENTATION_CONTEXT('2D SPACE',''
  ) );
#11032 = PCURVE('',#11033,#11038);
#11033 = CYLINDRICAL_SURFACE('',#11034,12.);
#11034 = AXIS2_PLACEMENT_3D('',#11035,#11036,#11037);
#11035 = CARTESIAN_POINT('',(-33.5,6.,20.3));
#11036 = DIRECTION('',(-1.,-0.,-1.110223024625E-16));
#11037 = DIRECTION('',(1.110223024625E-16,0.,-1.));
#11038 = DEFINITIONAL_REPRESENTATION('',(#11039),#11043);
#11039 = LINE('',#11040,#11041);
#11040 = CARTESIAN_POINT('',(-5.429363098139,0.));
#11041 = VECTOR('',#11042,1.);
#11042 = DIRECTION('',(-0.,1.));
#11043 = ( GEOMETRIC_REPRESENTATION_CONTEXT(2) 
PARAMETRIC_REPRESENTATION_CONTEXT() REPRESENTATION_CONTEXT('2D SPACE',''
  ) );
#11044 = ORIENTED_EDGE('',*,*,#11045,.F.);
#11045 = EDGE_CURVE('',#1683,#11018,#11046,.T.);
#11046 = SURFACE_CURVE('',#11047,(#11052,#11059),.PCURVE_S1.);
#11047 = HYPERBOLA('',#11048,7.885281374239,7.885281374239);
#11048 = AXIS2_PLACEMENT_3D('',#11049,#11050,#11051);
#11049 = CARTESIAN_POINT('',(-44.9,6.,12.414718625761));
#11050 = DIRECTION('',(1.110223024625E-16,-2.775557561563E-16,-1.));
#11051 = DIRECTION('',(1.,0.,1.110223024625E-16));
#11052 = PCURVE('',#1727,#11053);
#11053 = DEFINITIONAL_REPRESENTATION('',(#11054),#11058);
#11054 = HYPERBOLA('',#11055,7.885281374239,7.885281374239);
#11055 = AXIS2_PLACEMENT_2D('',#11056,#11057);
#11056 = CARTESIAN_POINT('',(-7.885281374239,10.4));
#11057 = DIRECTION('',(0.,-1.));
#11058 = ( GEOMETRIC_REPRESENTATION_CONTEXT(2) 
PARAMETRIC_REPRESENTATION_CONTEXT() REPRESENTATION_CONTEXT('2D SPACE',''
  ) );
#11059 = PCURVE('',#1699,#11060);
#11060 = DEFINITIONAL_REPRESENTATION('',(#11061),#11068);
#11061 = B_SPLINE_CURVE_WITH_KNOTS('',5,(#11062,#11063,#11064,#11065,
    #11066,#11067),.UNSPECIFIED.,.F.,.F.,(6,6),(0.912214069878,
    0.981692184838),.PIECEWISE_BEZIER_KNOTS.);
#11062 = CARTESIAN_POINT('',(5.476217375864,-0.6));
#11063 = CARTESIAN_POINT('',(5.466605893656,-0.485597294852));
#11064 = CARTESIAN_POINT('',(5.457114979386,-0.368443080922));
#11065 = CARTESIAN_POINT('',(5.447744466296,-0.248491337474));
#11066 = CARTESIAN_POINT('',(5.438494006236,-0.125693831255));
#11067 = CARTESIAN_POINT('',(5.429363098139,-1.942890293094E-15));
#11068 = ( GEOMETRIC_REPRESENTATION_CONTEXT(2) 
PARAMETRIC_REPRESENTATION_CONTEXT() REPRESENTATION_CONTEXT('2D SPACE',''
  ) );
#11069 = ADVANCED_FACE('',(#11070),#1500,.T.);
#11070 = FACE_BOUND('',#11071,.T.);
#11071 = EDGE_LOOP('',(#11072,#11073,#11074,#11101,#11129,#11207));
#11072 = ORIENTED_EDGE('',*,*,#10807,.F.);
#11073 = ORIENTED_EDGE('',*,*,#1484,.T.);
#11074 = ORIENTED_EDGE('',*,*,#11075,.F.);
#11075 = EDGE_CURVE('',#11076,#1485,#11078,.T.);
#11076 = VERTEX_POINT('',#11077);
#11077 = CARTESIAN_POINT('',(-32.9,-5.971919858017,19.479552004559));
#11078 = SURFACE_CURVE('',#11079,(#11084,#11091),.PCURVE_S1.);
#11079 = HYPERBOLA('',#11080,7.885281374239,7.885281374239);
#11080 = AXIS2_PLACEMENT_3D('',#11081,#11082,#11083);
#11081 = CARTESIAN_POINT('',(-44.9,0.424264068712,25.875735931288));
#11082 = DIRECTION('',(-7.850462293419E-17,-0.707106781187,
    0.707106781187));
#11083 = DIRECTION('',(1.,0.,1.110223024625E-16));
#11084 = PCURVE('',#1500,#11085);
#11085 = DEFINITIONAL_REPRESENTATION('',(#11086),#11090);
#11086 = HYPERBOLA('',#11087,7.885281374239,7.885281374239);
#11087 = AXIS2_PLACEMENT_2D('',#11088,#11089);
#11088 = CARTESIAN_POINT('',(9.085281374239,10.4));
#11089 = DIRECTION('',(0.,-1.));
#11090 = ( GEOMETRIC_REPRESENTATION_CONTEXT(2) 
PARAMETRIC_REPRESENTATION_CONTEXT() REPRESENTATION_CONTEXT('2D SPACE',''
  ) );
#11091 = PCURVE('',#1529,#11092);
#11092 = DEFINITIONAL_REPRESENTATION('',(#11093),#11100);
#11093 = B_SPLINE_CURVE_WITH_KNOTS('',5,(#11094,#11095,#11096,#11097,
    #11098,#11099),.UNSPECIFIED.,.F.,.F.,(6,6),(-0.981692184838,
    -0.912214069878),.PIECEWISE_BEZIER_KNOTS.);
#11094 = CARTESIAN_POINT('',(4.780813026027,-1.054711873394E-15));
#11095 = CARTESIAN_POINT('',(4.771682117931,-0.125693831255));
#11096 = CARTESIAN_POINT('',(4.76243165787,-0.248491337474));
#11097 = CARTESIAN_POINT('',(4.753061144781,-0.368443080922));
#11098 = CARTESIAN_POINT('',(4.743570230511,-0.485597294852));
#11099 = CARTESIAN_POINT('',(4.733958748303,-0.6));
#11100 = ( GEOMETRIC_REPRESENTATION_CONTEXT(2) 
PARAMETRIC_REPRESENTATION_CONTEXT() REPRESENTATION_CONTEXT('2D SPACE',''
  ) );
#11101 = ORIENTED_EDGE('',*,*,#11102,.F.);
#11102 = EDGE_CURVE('',#11103,#11076,#11105,.T.);
#11103 = VERTEX_POINT('',#11104);
#11104 = CARTESIAN_POINT('',(-26.3,-5.971919858017,19.479552004559));
#11105 = SURFACE_CURVE('',#11106,(#11110,#11117),.PCURVE_S1.);
#11106 = LINE('',#11107,#11108);
#11107 = CARTESIAN_POINT('',(-33.5,-5.971919858017,19.479552004559));
#11108 = VECTOR('',#11109,1.);
#11109 = DIRECTION('',(-1.,-0.,-1.110223024625E-16));
#11110 = PCURVE('',#1500,#11111);
#11111 = DEFINITIONAL_REPRESENTATION('',(#11112),#11116);
#11112 = LINE('',#11113,#11114);
#11113 = CARTESIAN_POINT('',(3.971131762598E-02,-1.));
#11114 = VECTOR('',#11115,1.);
#11115 = DIRECTION('',(0.,1.));
#11116 = ( GEOMETRIC_REPRESENTATION_CONTEXT(2) 
PARAMETRIC_REPRESENTATION_CONTEXT() REPRESENTATION_CONTEXT('2D SPACE',''
  ) );
#11117 = PCURVE('',#11118,#11123);
#11118 = CYLINDRICAL_SURFACE('',#11119,12.);
#11119 = AXIS2_PLACEMENT_3D('',#11120,#11121,#11122);
#11120 = CARTESIAN_POINT('',(-33.5,6.,20.3));
#11121 = DIRECTION('',(-1.,-0.,-1.110223024625E-16));
#11122 = DIRECTION('',(1.110223024625E-16,0.,-1.));
#11123 = DEFINITIONAL_REPRESENTATION('',(#11124),#11128);
#11124 = LINE('',#11125,#11126);
#11125 = CARTESIAN_POINT('',(-4.780813026027,0.));
#11126 = VECTOR('',#11127,1.);
#11127 = DIRECTION('',(-0.,1.));
#11128 = ( GEOMETRIC_REPRESENTATION_CONTEXT(2) 
PARAMETRIC_REPRESENTATION_CONTEXT() REPRESENTATION_CONTEXT('2D SPACE',''
  ) );
#11129 = ORIENTED_EDGE('',*,*,#11130,.T.);
#11130 = EDGE_CURVE('',#11103,#3364,#11131,.T.);
#11131 = SURFACE_CURVE('',#11132,(#11155,#11181),.PCURVE_S1.);
#11132 = B_SPLINE_CURVE_WITH_KNOTS('',6,(#11133,#11134,#11135,#11136,
    #11137,#11138,#11139,#11140,#11141,#11142,#11143,#11144,#11145,
    #11146,#11147,#11148,#11149,#11150,#11151,#11152,#11153,#11154),
  .UNSPECIFIED.,.F.,.F.,(7,5,5,5,7),(0.,0.303886728018,0.475760167288,
    0.732155496908,1.),.UNSPECIFIED.);
#11133 = CARTESIAN_POINT('',(-26.3,-5.971919858017,19.479552004559));
#11134 = CARTESIAN_POINT('',(-26.23117225271,-5.971919858017,
    19.479552004559));
#11135 = CARTESIAN_POINT('',(-26.1623201215,-5.965254029036,
    19.486217833541));
#11136 = CARTESIAN_POINT('',(-26.09470230167,-5.951914131992,
    19.499557730584));
#11137 = CARTESIAN_POINT('',(-26.02944852343,-5.93223499413,
    19.519236868446));
#11138 = CARTESIAN_POINT('',(-25.96748114705,-5.90675004038,
    19.544721822196));
#11139 = CARTESIAN_POINT('',(-25.87671410466,-5.858817011974,
    19.592654850602));
#11140 = CARTESIAN_POINT('',(-25.8451903138,-5.839853854815,
    19.611618007762));
#11141 = CARTESIAN_POINT('',(-25.81505209883,-5.819358831897,
    19.632113030679));
#11142 = CARTESIAN_POINT('',(-25.78639077033,-5.797453137772,
    19.654018724804));
#11143 = CARTESIAN_POINT('',(-25.75927438434,-5.774258810094,
    19.677213052482));
#11144 = CARTESIAN_POINT('',(-25.69567847145,-5.713545735064,
    19.737926127513));
#11145 = CARTESIAN_POINT('',(-25.66115442196,-5.674593890374,
    19.776877972202));
#11146 = CARTESIAN_POINT('',(-25.63033615532,-5.63342500146,
    19.818046861116));
#11147 = CARTESIAN_POINT('',(-25.60329647099,-5.590406475205,
    19.861065387371));
#11148 = CARTESIAN_POINT('',(-25.58005229441,-5.545875348108,
    19.905596514468));
#11149 = CARTESIAN_POINT('',(-25.54026338561,-5.452337205251,
    19.999134657325));
#11150 = CARTESIAN_POINT('',(-25.52406601955,-5.403223861589,
    20.048248000987));
#11151 = CARTESIAN_POINT('',(-25.51198505447,-5.353124955367,
    20.098346907209));
#11152 = CARTESIAN_POINT('',(-25.50397991889,-5.302349873339,
    20.149121989237));
#11153 = CARTESIAN_POINT('',(-25.5,-5.251184449634,20.200287412942));
#11154 = CARTESIAN_POINT('',(-25.5,-5.199895319547,20.251576543029));
#11155 = PCURVE('',#1500,#11156);
#11156 = DEFINITIONAL_REPRESENTATION('',(#11157),#11180);
#11157 = B_SPLINE_CURVE_WITH_KNOTS('',6,(#11158,#11159,#11160,#11161,
    #11162,#11163,#11164,#11165,#11166,#11167,#11168,#11169,#11170,
    #11171,#11172,#11173,#11174,#11175,#11176,#11177,#11178,#11179),
  .UNSPECIFIED.,.F.,.F.,(7,5,5,5,7),(0.,0.303886728018,0.475760167288,
    0.732155496908,1.),.UNSPECIFIED.);
#11158 = CARTESIAN_POINT('',(3.971131762598E-02,-8.2));
#11159 = CARTESIAN_POINT('',(3.971131762598E-02,-8.268827747283));
#11160 = CARTESIAN_POINT('',(4.913822337579E-02,-8.337679878491));
#11161 = CARTESIAN_POINT('',(6.800368669578E-02,-8.405297698322));
#11162 = CARTESIAN_POINT('',(9.583419035605E-02,-8.470551476563));
#11163 = CARTESIAN_POINT('',(0.131875357585,-8.532518852947));
#11164 = CARTESIAN_POINT('',(0.199662896443,-8.623285895337));
#11165 = CARTESIAN_POINT('',(0.226480850483,-8.654809686191));
#11166 = CARTESIAN_POINT('',(0.255465189855,-8.684947901162));
#11167 = CARTESIAN_POINT('',(0.286444519579,-8.713609229667));
#11168 = CARTESIAN_POINT('',(0.319246252351,-8.740725615658));
#11169 = CARTESIAN_POINT('',(0.405107506473,-8.804321528546));
#11170 = CARTESIAN_POINT('',(0.460193733512,-8.838845578031));
#11171 = CARTESIAN_POINT('',(0.518415334562,-8.869663844671));
#11172 = CARTESIAN_POINT('',(0.579252717825,-8.896703529007));
#11173 = CARTESIAN_POINT('',(0.642229241714,-8.919947705587));
#11174 = CARTESIAN_POINT('',(0.774512151941,-8.959736614387));
#11175 = CARTESIAN_POINT('',(0.843968908641,-8.975933980449));
#11176 = CARTESIAN_POINT('',(0.914819461281,-8.98801494553));
#11177 = CARTESIAN_POINT('',(0.986626270915,-8.996020081104));
#11178 = CARTESIAN_POINT('',(1.058985107044,-9.));
#11179 = CARTESIAN_POINT('',(1.131518890415,-9.));
#11180 = ( GEOMETRIC_REPRESENTATION_CONTEXT(2) 
PARAMETRIC_REPRESENTATION_CONTEXT() REPRESENTATION_CONTEXT('2D SPACE',''
  ) );
#11181 = PCURVE('',#3403,#11182);
#11182 = DEFINITIONAL_REPRESENTATION('',(#11183),#11206);
#11183 = B_SPLINE_CURVE_WITH_KNOTS('',6,(#11184,#11185,#11186,#11187,
    #11188,#11189,#11190,#11191,#11192,#11193,#11194,#11195,#11196,
    #11197,#11198,#11199,#11200,#11201,#11202,#11203,#11204,#11205),
  .UNSPECIFIED.,.F.,.F.,(7,5,5,5,7),(0.,0.303886728018,0.475760167288,
    0.732155496908,1.),.UNSPECIFIED.);
#11184 = CARTESIAN_POINT('',(4.780813026027,0.));
#11185 = CARTESIAN_POINT('',(4.780813026027,8.603468410407E-02));
#11186 = CARTESIAN_POINT('',(4.780296813171,0.172099615988));
#11187 = CARTESIAN_POINT('',(4.779263790656,0.257769349859));
#11188 = CARTESIAN_POINT('',(4.77773515427,0.342776102799));
#11189 = CARTESIAN_POINT('',(4.775743439238,0.426898953202));
#11190 = CARTESIAN_POINT('',(4.771967691635,0.556896425447));
#11191 = CARTESIAN_POINT('',(4.770468894259,0.603525236461));
#11192 = CARTESIAN_POINT('',(4.768842554459,0.649796983371));
#11193 = CARTESIAN_POINT('',(4.767096316848,0.695699764055));
#11194 = CARTESIAN_POINT('',(4.765237935463,0.741230572054));
#11195 = CARTESIAN_POINT('',(4.760346666634,0.853765356428));
#11196 = CARTESIAN_POINT('',(4.757185784364,0.9203141785));
#11197 = CARTESIAN_POINT('',(4.753817096039,0.986064060201));
#11198 = CARTESIAN_POINT('',(4.75026464556,1.051061490371));
#11199 = CARTESIAN_POINT('',(4.746551125169,1.115374411069));
#11200 = CARTESIAN_POINT('',(4.738671299485,1.245654003669));
#11201 = CARTESIAN_POINT('',(4.734492571509,1.311560066225));
#11202 = CARTESIAN_POINT('',(4.730184621966,1.376915395783));
#11203 = CARTESIAN_POINT('',(4.725770283843,1.441826199522));
#11204 = CARTESIAN_POINT('',(4.721272061529,1.506408326239));
#11205 = CARTESIAN_POINT('',(4.716712516798,1.570796326795));
#11206 = ( GEOMETRIC_REPRESENTATION_CONTEXT(2) 
PARAMETRIC_REPRESENTATION_CONTEXT() REPRESENTATION_CONTEXT('2D SPACE',''
  ) );
#11207 = ORIENTED_EDGE('',*,*,#3363,.F.);
#11208 = ADVANCED_FACE('',(#11209),#1699,.T.);
#11209 = FACE_BOUND('',#11210,.F.);
#11210 = EDGE_LOOP('',(#11211,#11238,#11260,#11261));
#11211 = ORIENTED_EDGE('',*,*,#11212,.F.);
#11212 = EDGE_CURVE('',#11213,#1655,#11215,.T.);
#11213 = VERTEX_POINT('',#11214);
#11214 = CARTESIAN_POINT('',(-32.9,-3.957762731394,13.603511264456));
#11215 = SURFACE_CURVE('',#11216,(#11221,#11231),.PCURVE_S1.);
#11216 = HYPERBOLA('',#11217,7.885281374239,7.885281374239);
#11217 = AXIS2_PLACEMENT_3D('',#11218,#11219,#11220);
#11218 = CARTESIAN_POINT('',(-44.9,-1.616596926933,22.340860995645));
#11219 = DIRECTION('',(-2.873468630843E-17,-0.965925826289,
    0.258819045103));
#11220 = DIRECTION('',(1.,0.,1.110223024625E-16));
#11221 = PCURVE('',#1699,#11222);
#11222 = DEFINITIONAL_REPRESENTATION('',(#11223),#11230);
#11223 = B_SPLINE_CURVE_WITH_KNOTS('',5,(#11224,#11225,#11226,#11227,
    #11228,#11229),.UNSPECIFIED.,.F.,.F.,(6,6),(-0.981692184838,
    -0.912214069878),.PIECEWISE_BEZIER_KNOTS.);
#11224 = CARTESIAN_POINT('',(5.304411801626,-4.607425552194E-15));
#11225 = CARTESIAN_POINT('',(5.295280893529,-0.125693831255));
#11226 = CARTESIAN_POINT('',(5.286030433469,-0.248491337474));
#11227 = CARTESIAN_POINT('',(5.276659920379,-0.368443080922));
#11228 = CARTESIAN_POINT('',(5.267169006109,-0.485597294852));
#11229 = CARTESIAN_POINT('',(5.257557523902,-0.6));
#11230 = ( GEOMETRIC_REPRESENTATION_CONTEXT(2) 
PARAMETRIC_REPRESENTATION_CONTEXT() REPRESENTATION_CONTEXT('2D SPACE',''
  ) );
#11231 = PCURVE('',#1670,#11232);
#11232 = DEFINITIONAL_REPRESENTATION('',(#11233),#11237);
#11233 = HYPERBOLA('',#11234,7.885281374239,7.885281374239);
#11234 = AXIS2_PLACEMENT_2D('',#11235,#11236);
#11235 = CARTESIAN_POINT('',(9.085281374239,10.4));
#11236 = DIRECTION('',(0.,-1.));
#11237 = ( GEOMETRIC_REPRESENTATION_CONTEXT(2) 
PARAMETRIC_REPRESENTATION_CONTEXT() REPRESENTATION_CONTEXT('2D SPACE',''
  ) );
#11238 = ORIENTED_EDGE('',*,*,#11239,.T.);
#11239 = EDGE_CURVE('',#11213,#11018,#11240,.T.);
#11240 = SURFACE_CURVE('',#11241,(#11246,#11253),.PCURVE_S1.);
#11241 = CIRCLE('',#11242,12.);
#11242 = AXIS2_PLACEMENT_3D('',#11243,#11244,#11245);
#11243 = CARTESIAN_POINT('',(-32.9,6.,20.3));
#11244 = DIRECTION('',(1.,-0.,1.110223024625E-16));
#11245 = DIRECTION('',(1.110223024625E-16,0.,-1.));
#11246 = PCURVE('',#1699,#11247);
#11247 = DEFINITIONAL_REPRESENTATION('',(#11248),#11252);
#11248 = LINE('',#11249,#11250);
#11249 = CARTESIAN_POINT('',(0.,-0.));
#11250 = VECTOR('',#11251,1.);
#11251 = DIRECTION('',(1.,-0.));
#11252 = ( GEOMETRIC_REPRESENTATION_CONTEXT(2) 
PARAMETRIC_REPRESENTATION_CONTEXT() REPRESENTATION_CONTEXT('2D SPACE',''
  ) );
#11253 = PCURVE('',#11033,#11254);
#11254 = DEFINITIONAL_REPRESENTATION('',(#11255),#11259);
#11255 = LINE('',#11256,#11257);
#11256 = CARTESIAN_POINT('',(-0.,-0.6));
#11257 = VECTOR('',#11258,1.);
#11258 = DIRECTION('',(-1.,0.));
#11259 = ( GEOMETRIC_REPRESENTATION_CONTEXT(2) 
PARAMETRIC_REPRESENTATION_CONTEXT() REPRESENTATION_CONTEXT('2D SPACE',''
  ) );
#11260 = ORIENTED_EDGE('',*,*,#11045,.F.);
#11261 = ORIENTED_EDGE('',*,*,#1682,.F.);
#11262 = ADVANCED_FACE('',(#11263),#1529,.T.);
#11263 = FACE_BOUND('',#11264,.F.);
#11264 = EDGE_LOOP('',(#11265,#11266,#11290,#11315));
#11265 = ORIENTED_EDGE('',*,*,#11075,.F.);
#11266 = ORIENTED_EDGE('',*,*,#11267,.T.);
#11267 = EDGE_CURVE('',#11076,#11268,#11270,.T.);
#11268 = VERTEX_POINT('',#11269);
#11269 = CARTESIAN_POINT('',(-32.9,-5.776334147858,17.993931042227));
#11270 = SURFACE_CURVE('',#11271,(#11276,#11283),.PCURVE_S1.);
#11271 = CIRCLE('',#11272,12.);
#11272 = AXIS2_PLACEMENT_3D('',#11273,#11274,#11275);
#11273 = CARTESIAN_POINT('',(-32.9,6.,20.3));
#11274 = DIRECTION('',(1.,-0.,1.110223024625E-16));
#11275 = DIRECTION('',(1.110223024625E-16,0.,-1.));
#11276 = PCURVE('',#1529,#11277);
#11277 = DEFINITIONAL_REPRESENTATION('',(#11278),#11282);
#11278 = LINE('',#11279,#11280);
#11279 = CARTESIAN_POINT('',(0.,-0.));
#11280 = VECTOR('',#11281,1.);
#11281 = DIRECTION('',(1.,-0.));
#11282 = ( GEOMETRIC_REPRESENTATION_CONTEXT(2) 
PARAMETRIC_REPRESENTATION_CONTEXT() REPRESENTATION_CONTEXT('2D SPACE',''
  ) );
#11283 = PCURVE('',#11118,#11284);
#11284 = DEFINITIONAL_REPRESENTATION('',(#11285),#11289);
#11285 = LINE('',#11286,#11287);
#11286 = CARTESIAN_POINT('',(-0.,-0.6));
#11287 = VECTOR('',#11288,1.);
#11288 = DIRECTION('',(-1.,0.));
#11289 = ( GEOMETRIC_REPRESENTATION_CONTEXT(2) 
PARAMETRIC_REPRESENTATION_CONTEXT() REPRESENTATION_CONTEXT('2D SPACE',''
  ) );
#11290 = ORIENTED_EDGE('',*,*,#11291,.F.);
#11291 = EDGE_CURVE('',#1513,#11268,#11292,.T.);
#11292 = SURFACE_CURVE('',#11293,(#11298,#11308),.PCURVE_S1.);
#11293 = HYPERBOLA('',#11294,7.885281374239,7.885281374239);
#11294 = AXIS2_PLACEMENT_3D('',#11295,#11296,#11297);
#11295 = CARTESIAN_POINT('',(-44.9,2.057359312881,13.471146013921));
#11296 = DIRECTION('',(9.614813431918E-17,-0.5,-0.866025403784));
#11297 = DIRECTION('',(1.,0.,1.110223024625E-16));
#11298 = PCURVE('',#1529,#11299);
#11299 = DEFINITIONAL_REPRESENTATION('',(#11300),#11307);
#11300 = B_SPLINE_CURVE_WITH_KNOTS('',5,(#11301,#11302,#11303,#11304,
    #11305,#11306),.UNSPECIFIED.,.F.,.F.,(6,6),(0.912214069878,
    0.981692184838),.PIECEWISE_BEZIER_KNOTS.);
#11301 = CARTESIAN_POINT('',(4.952618600265,-0.6));
#11302 = CARTESIAN_POINT('',(4.943007118058,-0.485597294852));
#11303 = CARTESIAN_POINT('',(4.933516203788,-0.368443080922));
#11304 = CARTESIAN_POINT('',(4.924145690698,-0.248491337474));
#11305 = CARTESIAN_POINT('',(4.914895230638,-0.125693831255));
#11306 = CARTESIAN_POINT('',(4.905764322541,7.216449660064E-16));
#11307 = ( GEOMETRIC_REPRESENTATION_CONTEXT(2) 
PARAMETRIC_REPRESENTATION_CONTEXT() REPRESENTATION_CONTEXT('2D SPACE',''
  ) );
#11308 = PCURVE('',#1557,#11309);
#11309 = DEFINITIONAL_REPRESENTATION('',(#11310),#11314);
#11310 = HYPERBOLA('',#11311,7.885281374239,7.885281374239);
#11311 = AXIS2_PLACEMENT_2D('',#11312,#11313);
#11312 = CARTESIAN_POINT('',(-7.885281374239,10.4));
#11313 = DIRECTION('',(0.,-1.));
#11314 = ( GEOMETRIC_REPRESENTATION_CONTEXT(2) 
PARAMETRIC_REPRESENTATION_CONTEXT() REPRESENTATION_CONTEXT('2D SPACE',''
  ) );
#11315 = ORIENTED_EDGE('',*,*,#1512,.F.);
#11316 = ADVANCED_FACE('',(#11317),#1670,.T.);
#11317 = FACE_BOUND('',#11318,.T.);
#11318 = EDGE_LOOP('',(#11319,#11340,#11341,#11342,#11365,#11443));
#11319 = ORIENTED_EDGE('',*,*,#11320,.F.);
#11320 = EDGE_CURVE('',#1627,#3491,#11321,.T.);
#11321 = SURFACE_CURVE('',#11322,(#11326,#11333),.PCURVE_S1.);
#11322 = LINE('',#11323,#11324);
#11323 = CARTESIAN_POINT('',(-34.5,-3.657457922578,14.724264068712));
#11324 = VECTOR('',#11325,1.);
#11325 = DIRECTION('',(1.,0.,1.110223024625E-16));
#11326 = PCURVE('',#1670,#11327);
#11327 = DEFINITIONAL_REPRESENTATION('',(#11328),#11332);
#11328 = LINE('',#11329,#11330);
#11329 = CARTESIAN_POINT('',(1.2,-1.286871710911E-16));
#11330 = VECTOR('',#11331,1.);
#11331 = DIRECTION('',(0.,-1.));
#11332 = ( GEOMETRIC_REPRESENTATION_CONTEXT(2) 
PARAMETRIC_REPRESENTATION_CONTEXT() REPRESENTATION_CONTEXT('2D SPACE',''
  ) );
#11333 = PCURVE('',#1642,#11334);
#11334 = DEFINITIONAL_REPRESENTATION('',(#11335),#11339);
#11335 = LINE('',#11336,#11337);
#11336 = CARTESIAN_POINT('',(0.,0.));
#11337 = VECTOR('',#11338,1.);
#11338 = DIRECTION('',(0.,-1.));
#11339 = ( GEOMETRIC_REPRESENTATION_CONTEXT(2) 
PARAMETRIC_REPRESENTATION_CONTEXT() REPRESENTATION_CONTEXT('2D SPACE',''
  ) );
#11340 = ORIENTED_EDGE('',*,*,#1654,.T.);
#11341 = ORIENTED_EDGE('',*,*,#11212,.F.);
#11342 = ORIENTED_EDGE('',*,*,#11343,.F.);
#11343 = EDGE_CURVE('',#11344,#11213,#11346,.T.);
#11344 = VERTEX_POINT('',#11345);
#11345 = CARTESIAN_POINT('',(-26.3,-3.957762731394,13.603511264456));
#11346 = SURFACE_CURVE('',#11347,(#11351,#11358),.PCURVE_S1.);
#11347 = LINE('',#11348,#11349);
#11348 = CARTESIAN_POINT('',(-33.5,-3.957762731394,13.603511264456));
#11349 = VECTOR('',#11350,1.);
#11350 = DIRECTION('',(-1.,-0.,-1.110223024625E-16));
#11351 = PCURVE('',#1670,#11352);
#11352 = DEFINITIONAL_REPRESENTATION('',(#11353),#11357);
#11353 = LINE('',#11354,#11355);
#11354 = CARTESIAN_POINT('',(3.971131762598E-02,-1.));
#11355 = VECTOR('',#11356,1.);
#11356 = DIRECTION('',(0.,1.));
#11357 = ( GEOMETRIC_REPRESENTATION_CONTEXT(2) 
PARAMETRIC_REPRESENTATION_CONTEXT() REPRESENTATION_CONTEXT('2D SPACE',''
  ) );
#11358 = PCURVE('',#11033,#11359);
#11359 = DEFINITIONAL_REPRESENTATION('',(#11360),#11364);
#11360 = LINE('',#11361,#11362);
#11361 = CARTESIAN_POINT('',(-5.304411801626,0.));
#11362 = VECTOR('',#11363,1.);
#11363 = DIRECTION('',(-0.,1.));
#11364 = ( GEOMETRIC_REPRESENTATION_CONTEXT(2) 
PARAMETRIC_REPRESENTATION_CONTEXT() REPRESENTATION_CONTEXT('2D SPACE',''
  ) );
#11365 = ORIENTED_EDGE('',*,*,#11366,.T.);
#11366 = EDGE_CURVE('',#11344,#3514,#11367,.T.);
#11367 = SURFACE_CURVE('',#11368,(#11391,#11417),.PCURVE_S1.);
#11368 = B_SPLINE_CURVE_WITH_KNOTS('',6,(#11369,#11370,#11371,#11372,
    #11373,#11374,#11375,#11376,#11377,#11378,#11379,#11380,#11381,
    #11382,#11383,#11384,#11385,#11386,#11387,#11388,#11389,#11390),
  .UNSPECIFIED.,.F.,.F.,(7,5,5,5,7),(0.,0.303886728004,0.475760167272,
    0.732155496891,1.),.UNSPECIFIED.);
#11369 = CARTESIAN_POINT('',(-26.3,-3.957762731394,13.603511264456));
#11370 = CARTESIAN_POINT('',(-26.23117225272,-3.957762731394,
    13.603511264456));
#11371 = CARTESIAN_POINT('',(-26.16232012151,-3.955322868649,
    13.612616956181));
#11372 = CARTESIAN_POINT('',(-26.09470230168,-3.950440127448,
    13.630839594425));
#11373 = CARTESIAN_POINT('',(-26.02944852344,-3.943237063067,
    13.657721796666));
#11374 = CARTESIAN_POINT('',(-25.96748114706,-3.933908922581,
    13.6925348909));
#11375 = CARTESIAN_POINT('',(-25.87671410467,-3.916364216505,
    13.758012625378));
#11376 = CARTESIAN_POINT('',(-25.84519031382,-3.909423219249,
    13.783916779792));
#11377 = CARTESIAN_POINT('',(-25.81505209885,-3.90192152021,
    13.811913501748));
#11378 = CARTESIAN_POINT('',(-25.78639077034,-3.893903479673,
    13.841837236409));
#11379 = CARTESIAN_POINT('',(-25.75927438435,-3.88541376652,
    13.87352127724));
#11380 = CARTESIAN_POINT('',(-25.69567847146,-3.863191238717,
    13.956456880072));
#11381 = CARTESIAN_POINT('',(-25.66115442198,-3.848933874037,
    14.009666089441));
#11382 = CARTESIAN_POINT('',(-25.63033615533,-3.833865014849,
    14.065903837542));
#11383 = CARTESIAN_POINT('',(-25.603296471,-3.818119141407,
    14.124668237238));
#11384 = CARTESIAN_POINT('',(-25.58005229442,-3.80181961763,
    14.185498888112));
#11385 = CARTESIAN_POINT('',(-25.54026338561,-3.767582281121,
    14.31327436748));
#11386 = CARTESIAN_POINT('',(-25.52406601955,-3.749605549675,
    14.38036444259));
#11387 = CARTESIAN_POINT('',(-25.51198505447,-3.731268077295,
    14.448800821195));
#11388 = CARTESIAN_POINT('',(-25.50397991889,-3.712683107392,
    14.518160873129));
#11389 = CARTESIAN_POINT('',(-25.5,-3.69395526252,14.58805414171));
#11390 = CARTESIAN_POINT('',(-25.5,-3.675182137969,14.65811639635));
#11391 = PCURVE('',#1670,#11392);
#11392 = DEFINITIONAL_REPRESENTATION('',(#11393),#11416);
#11393 = B_SPLINE_CURVE_WITH_KNOTS('',6,(#11394,#11395,#11396,#11397,
    #11398,#11399,#11400,#11401,#11402,#11403,#11404,#11405,#11406,
    #11407,#11408,#11409,#11410,#11411,#11412,#11413,#11414,#11415),
  .UNSPECIFIED.,.F.,.F.,(7,5,5,5,7),(0.,0.303886728004,0.475760167272,
    0.732155496891,1.),.UNSPECIFIED.);
#11394 = CARTESIAN_POINT('',(3.971131762599E-02,-8.2));
#11395 = CARTESIAN_POINT('',(3.971131762599E-02,-8.26882774728));
#11396 = CARTESIAN_POINT('',(4.913822337485E-02,-8.337679878485));
#11397 = CARTESIAN_POINT('',(6.800368669314E-02,-8.405297698313));
#11398 = CARTESIAN_POINT('',(9.583419035066E-02,-8.470551476551));
#11399 = CARTESIAN_POINT('',(0.131875357577,-8.532518852932));
#11400 = CARTESIAN_POINT('',(0.199662896429,-8.623285895321));
#11401 = CARTESIAN_POINT('',(0.226480850468,-8.654809686175));
#11402 = CARTESIAN_POINT('',(0.255465189839,-8.684947901146));
#11403 = CARTESIAN_POINT('',(0.286444519562,-8.713609229652));
#11404 = CARTESIAN_POINT('',(0.319246252334,-8.740725615644));
#11405 = CARTESIAN_POINT('',(0.405107506453,-8.804321528534));
#11406 = CARTESIAN_POINT('',(0.460193733492,-8.83884557802));
#11407 = CARTESIAN_POINT('',(0.518415334541,-8.869663844661));
#11408 = CARTESIAN_POINT('',(0.579252717802,-8.896703528997));
#11409 = CARTESIAN_POINT('',(0.642229241691,-8.919947705579));
#11410 = CARTESIAN_POINT('',(0.77451215192,-8.959736614382));
#11411 = CARTESIAN_POINT('',(0.843968908624,-8.975933980446));
#11412 = CARTESIAN_POINT('',(0.914819461268,-8.988014945528));
#11413 = CARTESIAN_POINT('',(0.986626270906,-8.996020081103));
#11414 = CARTESIAN_POINT('',(1.05898510704,-9.));
#11415 = CARTESIAN_POINT('',(1.131518890415,-9.));
#11416 = ( GEOMETRIC_REPRESENTATION_CONTEXT(2) 
PARAMETRIC_REPRESENTATION_CONTEXT() REPRESENTATION_CONTEXT('2D SPACE',''
  ) );
#11417 = PCURVE('',#3553,#11418);
#11418 = DEFINITIONAL_REPRESENTATION('',(#11419),#11442);
#11419 = B_SPLINE_CURVE_WITH_KNOTS('',6,(#11420,#11421,#11422,#11423,
    #11424,#11425,#11426,#11427,#11428,#11429,#11430,#11431,#11432,
    #11433,#11434,#11435,#11436,#11437,#11438,#11439,#11440,#11441),
  .UNSPECIFIED.,.F.,.F.,(7,5,5,5,7),(0.,0.303886728004,0.475760167272,
    0.732155496891,1.),.UNSPECIFIED.);
#11420 = CARTESIAN_POINT('',(5.304411801626,0.));
#11421 = CARTESIAN_POINT('',(5.304411801626,8.603468409995E-02));
#11422 = CARTESIAN_POINT('',(5.303895588769,0.17209961598));
#11423 = CARTESIAN_POINT('',(5.302862566255,0.257769349847));
#11424 = CARTESIAN_POINT('',(5.301333929869,0.342776102783));
#11425 = CARTESIAN_POINT('',(5.299342214837,0.426898953182));
#11426 = CARTESIAN_POINT('',(5.295566467234,0.556896425424));
#11427 = CARTESIAN_POINT('',(5.294067669858,0.603525236437));
#11428 = CARTESIAN_POINT('',(5.292441330059,0.649796983347));
#11429 = CARTESIAN_POINT('',(5.290695092447,0.695699764031));
#11430 = CARTESIAN_POINT('',(5.288836711062,0.741230572031));
#11431 = CARTESIAN_POINT('',(5.283945442234,0.853765356404));
#11432 = CARTESIAN_POINT('',(5.280784559963,0.920314178476));
#11433 = CARTESIAN_POINT('',(5.277415871639,0.986064060178));
#11434 = CARTESIAN_POINT('',(5.27386342116,1.051061490347));
#11435 = CARTESIAN_POINT('',(5.270149900769,1.115374411045));
#11436 = CARTESIAN_POINT('',(5.262270075084,1.245654003649));
#11437 = CARTESIAN_POINT('',(5.258091347108,1.311560066209));
#11438 = CARTESIAN_POINT('',(5.253783397565,1.376915395772));
#11439 = CARTESIAN_POINT('',(5.249369059442,1.441826199515));
#11440 = CARTESIAN_POINT('',(5.244870837128,1.506408326235));
#11441 = CARTESIAN_POINT('',(5.240311292397,1.570796326795));
#11442 = ( GEOMETRIC_REPRESENTATION_CONTEXT(2) 
PARAMETRIC_REPRESENTATION_CONTEXT() REPRESENTATION_CONTEXT('2D SPACE',''
  ) );
#11443 = ORIENTED_EDGE('',*,*,#3513,.F.);
#11444 = ADVANCED_FACE('',(#11445),#1557,.T.);
#11445 = FACE_BOUND('',#11446,.T.);
#11446 = EDGE_LOOP('',(#11447,#11448,#11469,#11470,#11550,#11571));
#11447 = ORIENTED_EDGE('',*,*,#1541,.T.);
#11448 = ORIENTED_EDGE('',*,*,#11449,.T.);
#11449 = EDGE_CURVE('',#1542,#3416,#11450,.T.);
#11450 = SURFACE_CURVE('',#11451,(#11455,#11462),.PCURVE_S1.);
#11451 = LINE('',#11452,#11453);
#11452 = CARTESIAN_POINT('',(-34.5,-4.771494673198,17.41378670104));
#11453 = VECTOR('',#11454,1.);
#11454 = DIRECTION('',(1.,0.,1.110223024625E-16));
#11455 = PCURVE('',#1557,#11456);
#11456 = DEFINITIONAL_REPRESENTATION('',(#11457),#11461);
#11457 = LINE('',#11458,#11459);
#11458 = CARTESIAN_POINT('',(0.,0.));
#11459 = VECTOR('',#11460,1.);
#11460 = DIRECTION('',(0.,-1.));
#11461 = ( GEOMETRIC_REPRESENTATION_CONTEXT(2) 
PARAMETRIC_REPRESENTATION_CONTEXT() REPRESENTATION_CONTEXT('2D SPACE',''
  ) );
#11462 = PCURVE('',#1585,#11463);
#11463 = DEFINITIONAL_REPRESENTATION('',(#11464),#11468);
#11464 = LINE('',#11465,#11466);
#11465 = CARTESIAN_POINT('',(1.2,-1.15377761183E-16));
#11466 = VECTOR('',#11467,1.);
#11467 = DIRECTION('',(0.,-1.));
#11468 = ( GEOMETRIC_REPRESENTATION_CONTEXT(2) 
PARAMETRIC_REPRESENTATION_CONTEXT() REPRESENTATION_CONTEXT('2D SPACE',''
  ) );
#11469 = ORIENTED_EDGE('',*,*,#3415,.F.);
#11470 = ORIENTED_EDGE('',*,*,#11471,.F.);
#11471 = EDGE_CURVE('',#11472,#3387,#11474,.T.);
#11472 = VERTEX_POINT('',#11473);
#11473 = CARTESIAN_POINT('',(-26.3,-5.776334147858,17.993931042227));
#11474 = SURFACE_CURVE('',#11475,(#11498,#11524),.PCURVE_S1.);
#11475 = B_SPLINE_CURVE_WITH_KNOTS('',6,(#11476,#11477,#11478,#11479,
    #11480,#11481,#11482,#11483,#11484,#11485,#11486,#11487,#11488,
    #11489,#11490,#11491,#11492,#11493,#11494,#11495,#11496,#11497),
  .UNSPECIFIED.,.F.,.F.,(7,5,5,5,7),(0.,0.303886728018,0.475760167287,
    0.732155496907,1.),.UNSPECIFIED.);
#11476 = CARTESIAN_POINT('',(-26.3,-5.776334147858,17.993931042227));
#11477 = CARTESIAN_POINT('',(-26.23117225271,-5.776334147858,
    17.993931042227));
#11478 = CARTESIAN_POINT('',(-26.1623201215,-5.768170207999,
    17.989217589353));
#11479 = CARTESIAN_POINT('',(-26.09470230167,-5.75183223751,
    17.979784857693));
#11480 = CARTESIAN_POINT('',(-26.02944852343,-5.72773031434,
    17.965869605862));
#11481 = CARTESIAN_POINT('',(-25.96748114705,-5.696517747937,
    17.947849022248));
#11482 = CARTESIAN_POINT('',(-25.87671410466,-5.637812017227,
    17.913955252819));
#11483 = CARTESIAN_POINT('',(-25.8451903138,-5.614586987751,
    17.900546275799));
#11484 = CARTESIAN_POINT('',(-25.81505209883,-5.589485813543,
    17.886054106113));
#11485 = CARTESIAN_POINT('',(-25.78639077033,-5.562656927009,
    17.870564441251));
#11486 = CARTESIAN_POINT('',(-25.75927438434,-5.534249793141,
    17.854163574865));
#11487 = CARTESIAN_POINT('',(-25.69567847145,-5.45989176587,
    17.811232947804));
#11488 = CARTESIAN_POINT('',(-25.66115442196,-5.412185693855,
    17.783689834284));
#11489 = CARTESIAN_POINT('',(-25.63033615532,-5.361764308297,
    17.754579033759));
#11490 = CARTESIAN_POINT('',(-25.60329647099,-5.309077588892,
    17.724160342128));
#11491 = CARTESIAN_POINT('',(-25.58005229441,-5.254538319362,
    17.692672080183));
#11492 = CARTESIAN_POINT('',(-25.54026338561,-5.139977958619,
    17.62653062507));
#11493 = CARTESIAN_POINT('',(-25.52406601955,-5.079826642852,
    17.59180224672));
#11494 = CARTESIAN_POINT('',(-25.51198505447,-5.018468264394,
    17.5563769704));
#11495 = CARTESIAN_POINT('',(-25.50397991889,-4.956281743086,
    17.520473565583));
#11496 = CARTESIAN_POINT('',(-25.5,-4.89361715281,17.484294147518));
#11497 = CARTESIAN_POINT('',(-25.5,-4.830801053778,17.448027255833));
#11498 = PCURVE('',#1557,#11499);
#11499 = DEFINITIONAL_REPRESENTATION('',(#11500),#11523);
#11500 = B_SPLINE_CURVE_WITH_KNOTS('',6,(#11501,#11502,#11503,#11504,
    #11505,#11506,#11507,#11508,#11509,#11510,#11511,#11512,#11513,
    #11514,#11515,#11516,#11517,#11518,#11519,#11520,#11521,#11522),
  .UNSPECIFIED.,.F.,.F.,(7,5,5,5,7),(0.,0.303886728018,0.475760167287,
    0.732155496907,1.),.UNSPECIFIED.);
#11501 = CARTESIAN_POINT('',(1.160288682374,-8.2));
#11502 = CARTESIAN_POINT('',(1.160288682374,-8.268827747283));
#11503 = CARTESIAN_POINT('',(1.150861776624,-8.337679878491));
#11504 = CARTESIAN_POINT('',(1.131996313304,-8.405297698322));
#11505 = CARTESIAN_POINT('',(1.104165809644,-8.470551476563));
#11506 = CARTESIAN_POINT('',(1.068124642415,-8.532518852947));
#11507 = CARTESIAN_POINT('',(1.000337103557,-8.623285895337));
#11508 = CARTESIAN_POINT('',(0.973519149517,-8.654809686191));
#11509 = CARTESIAN_POINT('',(0.944534810145,-8.684947901162));
#11510 = CARTESIAN_POINT('',(0.913555480421,-8.713609229667));
#11511 = CARTESIAN_POINT('',(0.880753747649,-8.740725615658));
#11512 = CARTESIAN_POINT('',(0.794892493527,-8.804321528546));
#11513 = CARTESIAN_POINT('',(0.739806266488,-8.838845578031));
#11514 = CARTESIAN_POINT('',(0.681584665438,-8.869663844671));
#11515 = CARTESIAN_POINT('',(0.620747282175,-8.896703529007));
#11516 = CARTESIAN_POINT('',(0.557770758286,-8.919947705587));
#11517 = CARTESIAN_POINT('',(0.425487848059,-8.959736614387));
#11518 = CARTESIAN_POINT('',(0.356031091359,-8.975933980449));
#11519 = CARTESIAN_POINT('',(0.285180538719,-8.98801494553));
#11520 = CARTESIAN_POINT('',(0.213373729085,-8.996020081104));
#11521 = CARTESIAN_POINT('',(0.141014892956,-9.));
#11522 = CARTESIAN_POINT('',(6.848110958544E-02,-9.));
#11523 = ( GEOMETRIC_REPRESENTATION_CONTEXT(2) 
PARAMETRIC_REPRESENTATION_CONTEXT() REPRESENTATION_CONTEXT('2D SPACE',''
  ) );
#11524 = PCURVE('',#3403,#11525);
#11525 = DEFINITIONAL_REPRESENTATION('',(#11526),#11549);
#11526 = B_SPLINE_CURVE_WITH_KNOTS('',6,(#11527,#11528,#11529,#11530,
    #11531,#11532,#11533,#11534,#11535,#11536,#11537,#11538,#11539,
    #11540,#11541,#11542,#11543,#11544,#11545,#11546,#11547,#11548),
  .UNSPECIFIED.,.F.,.F.,(7,5,5,5,7),(0.,0.303886728018,0.475760167287,
    0.732155496907,1.),.UNSPECIFIED.);
#11527 = CARTESIAN_POINT('',(4.905764322541,0.));
#11528 = CARTESIAN_POINT('',(4.905764322541,8.60346841041E-02));
#11529 = CARTESIAN_POINT('',(4.906280535398,0.172099615988));
#11530 = CARTESIAN_POINT('',(4.907313557912,0.25776934986));
#11531 = CARTESIAN_POINT('',(4.908842194298,0.342776102799));
#11532 = CARTESIAN_POINT('',(4.91083390933,0.426898953202));
#11533 = CARTESIAN_POINT('',(4.914609656934,0.556896425447));
#11534 = CARTESIAN_POINT('',(4.916108454309,0.603525236461));
#11535 = CARTESIAN_POINT('',(4.917734794109,0.649796983371));
#11536 = CARTESIAN_POINT('',(4.919481031721,0.695699764055));
#11537 = CARTESIAN_POINT('',(4.921339413105,0.741230572054));
#11538 = CARTESIAN_POINT('',(4.926230681934,0.853765356428));
#11539 = CARTESIAN_POINT('',(4.929391564205,0.9203141785));
#11540 = CARTESIAN_POINT('',(4.93276025253,0.986064060201));
#11541 = CARTESIAN_POINT('',(4.936312703008,1.051061490371));
#11542 = CARTESIAN_POINT('',(4.940026223399,1.115374411069));
#11543 = CARTESIAN_POINT('',(4.947906049084,1.245654003669));
#11544 = CARTESIAN_POINT('',(4.95208477706,1.311560066225));
#11545 = CARTESIAN_POINT('',(4.956392726602,1.376915395783));
#11546 = CARTESIAN_POINT('',(4.960807064726,1.441826199522));
#11547 = CARTESIAN_POINT('',(4.965305287039,1.506408326239));
#11548 = CARTESIAN_POINT('',(4.96986483177,1.570796326795));
#11549 = ( GEOMETRIC_REPRESENTATION_CONTEXT(2) 
PARAMETRIC_REPRESENTATION_CONTEXT() REPRESENTATION_CONTEXT('2D SPACE',''
  ) );
#11550 = ORIENTED_EDGE('',*,*,#11551,.T.);
#11551 = EDGE_CURVE('',#11472,#11268,#11552,.T.);
#11552 = SURFACE_CURVE('',#11553,(#11557,#11564),.PCURVE_S1.);
#11553 = LINE('',#11554,#11555);
#11554 = CARTESIAN_POINT('',(-33.5,-5.776334147858,17.993931042227));
#11555 = VECTOR('',#11556,1.);
#11556 = DIRECTION('',(-1.,-0.,-1.110223024625E-16));
#11557 = PCURVE('',#1557,#11558);
#11558 = DEFINITIONAL_REPRESENTATION('',(#11559),#11563);
#11559 = LINE('',#11560,#11561);
#11560 = CARTESIAN_POINT('',(1.160288682374,-1.));
#11561 = VECTOR('',#11562,1.);
#11562 = DIRECTION('',(0.,1.));
#11563 = ( GEOMETRIC_REPRESENTATION_CONTEXT(2) 
PARAMETRIC_REPRESENTATION_CONTEXT() REPRESENTATION_CONTEXT('2D SPACE',''
  ) );
#11564 = PCURVE('',#11118,#11565);
#11565 = DEFINITIONAL_REPRESENTATION('',(#11566),#11570);
#11566 = LINE('',#11567,#11568);
#11567 = CARTESIAN_POINT('',(-4.905764322541,0.));
#11568 = VECTOR('',#11569,1.);
#11569 = DIRECTION('',(-0.,1.));
#11570 = ( GEOMETRIC_REPRESENTATION_CONTEXT(2) 
PARAMETRIC_REPRESENTATION_CONTEXT() REPRESENTATION_CONTEXT('2D SPACE',''
  ) );
#11571 = ORIENTED_EDGE('',*,*,#11291,.F.);
#11572 = ADVANCED_FACE('',(#11573),#1642,.T.);
#11573 = FACE_BOUND('',#11574,.T.);
#11574 = EDGE_LOOP('',(#11575,#11576,#11577,#11578,#11658,#11686));
#11575 = ORIENTED_EDGE('',*,*,#1626,.T.);
#11576 = ORIENTED_EDGE('',*,*,#11320,.T.);
#11577 = ORIENTED_EDGE('',*,*,#3490,.F.);
#11578 = ORIENTED_EDGE('',*,*,#11579,.F.);
#11579 = EDGE_CURVE('',#11580,#3462,#11582,.T.);
#11580 = VERTEX_POINT('',#11581);
#11581 = CARTESIAN_POINT('',(-26.3,-4.778210726834,15.024568877527));
#11582 = SURFACE_CURVE('',#11583,(#11606,#11632),.PCURVE_S1.);
#11583 = B_SPLINE_CURVE_WITH_KNOTS('',6,(#11584,#11585,#11586,#11587,
    #11588,#11589,#11590,#11591,#11592,#11593,#11594,#11595,#11596,
    #11597,#11598,#11599,#11600,#11601,#11602,#11603,#11604,#11605),
  .UNSPECIFIED.,.F.,.F.,(7,5,5,5,7),(0.,0.303886728018,0.475760167287,
    0.732155496907,1.),.UNSPECIFIED.);
#11584 = CARTESIAN_POINT('',(-26.3,-4.778210726834,15.024568877527));
#11585 = CARTESIAN_POINT('',(-26.23117225271,-4.778210726834,
    15.024568877527));
#11586 = CARTESIAN_POINT('',(-26.1623201215,-4.769105035109,
    15.022129014783));
#11587 = CARTESIAN_POINT('',(-26.09470230167,-4.750882396863,
    15.017246273581));
#11588 = CARTESIAN_POINT('',(-26.02944852343,-4.724000194619,
    15.010043209199));
#11589 = CARTESIAN_POINT('',(-25.96748114705,-4.689187100382,
    15.000715068712));
#11590 = CARTESIAN_POINT('',(-25.87671410466,-4.6237093659,
    14.983170362635));
#11591 = CARTESIAN_POINT('',(-25.8451903138,-4.597805211484,
    14.976229365379));
#11592 = CARTESIAN_POINT('',(-25.81505209883,-4.569808489527,
    14.96872766634));
#11593 = CARTESIAN_POINT('',(-25.78639077033,-4.539884754865,
    14.960709625803));
#11594 = CARTESIAN_POINT('',(-25.75927438434,-4.508200714033,
    14.952219912649));
#11595 = CARTESIAN_POINT('',(-25.69567847145,-4.4252651112,
    14.929997384846));
#11596 = CARTESIAN_POINT('',(-25.66115442196,-4.372055901829,
    14.915740020165));
#11597 = CARTESIAN_POINT('',(-25.63033615532,-4.315818153727,
    14.900671160977));
#11598 = CARTESIAN_POINT('',(-25.60329647099,-4.25705375403,
    14.884925287534));
#11599 = CARTESIAN_POINT('',(-25.58005229441,-4.196223103156,
    14.868625763758));
#11600 = CARTESIAN_POINT('',(-25.54026338561,-4.068447623791,
    14.834388427249));
#11601 = CARTESIAN_POINT('',(-25.52406601955,-4.001357548684,
    14.816411695804));
#11602 = CARTESIAN_POINT('',(-25.51198505447,-3.932921170082,
    14.798074223425));
#11603 = CARTESIAN_POINT('',(-25.50397991889,-3.863561118153,
    14.779489253524));
#11604 = CARTESIAN_POINT('',(-25.5,-3.793667849576,14.760761408652));
#11605 = CARTESIAN_POINT('',(-25.5,-3.72360559494,14.741988284102));
#11606 = PCURVE('',#1642,#11607);
#11607 = DEFINITIONAL_REPRESENTATION('',(#11608),#11631);
#11608 = B_SPLINE_CURVE_WITH_KNOTS('',6,(#11609,#11610,#11611,#11612,
    #11613,#11614,#11615,#11616,#11617,#11618,#11619,#11620,#11621,
    #11622,#11623,#11624,#11625,#11626,#11627,#11628,#11629,#11630),
  .UNSPECIFIED.,.F.,.F.,(7,5,5,5,7),(0.,0.303886728018,0.475760167287,
    0.732155496907,1.),.UNSPECIFIED.);
#11609 = CARTESIAN_POINT('',(1.160288682374,-8.2));
#11610 = CARTESIAN_POINT('',(1.160288682374,-8.268827747283));
#11611 = CARTESIAN_POINT('',(1.150861776624,-8.337679878491));
#11612 = CARTESIAN_POINT('',(1.131996313304,-8.405297698322));
#11613 = CARTESIAN_POINT('',(1.104165809644,-8.470551476563));
#11614 = CARTESIAN_POINT('',(1.068124642415,-8.532518852947));
#11615 = CARTESIAN_POINT('',(1.000337103557,-8.623285895337));
#11616 = CARTESIAN_POINT('',(0.973519149517,-8.654809686191));
#11617 = CARTESIAN_POINT('',(0.944534810145,-8.684947901162));
#11618 = CARTESIAN_POINT('',(0.913555480421,-8.713609229667));
#11619 = CARTESIAN_POINT('',(0.880753747649,-8.740725615658));
#11620 = CARTESIAN_POINT('',(0.794892493527,-8.804321528546));
#11621 = CARTESIAN_POINT('',(0.739806266488,-8.838845578031));
#11622 = CARTESIAN_POINT('',(0.681584665438,-8.869663844671));
#11623 = CARTESIAN_POINT('',(0.620747282175,-8.896703529007));
#11624 = CARTESIAN_POINT('',(0.557770758286,-8.919947705587));
#11625 = CARTESIAN_POINT('',(0.425487848059,-8.959736614387));
#11626 = CARTESIAN_POINT('',(0.356031091359,-8.975933980449));
#11627 = CARTESIAN_POINT('',(0.285180538719,-8.98801494553));
#11628 = CARTESIAN_POINT('',(0.213373729085,-8.996020081104));
#11629 = CARTESIAN_POINT('',(0.141014892956,-9.));
#11630 = CARTESIAN_POINT('',(6.848110958544E-02,-9.));
#11631 = ( GEOMETRIC_REPRESENTATION_CONTEXT(2) 
PARAMETRIC_REPRESENTATION_CONTEXT() REPRESENTATION_CONTEXT('2D SPACE',''
  ) );
#11632 = PCURVE('',#3478,#11633);
#11633 = DEFINITIONAL_REPRESENTATION('',(#11634),#11657);
#11634 = B_SPLINE_CURVE_WITH_KNOTS('',6,(#11635,#11636,#11637,#11638,
    #11639,#11640,#11641,#11642,#11643,#11644,#11645,#11646,#11647,
    #11648,#11649,#11650,#11651,#11652,#11653,#11654,#11655,#11656),
  .UNSPECIFIED.,.F.,.F.,(7,5,5,5,7),(0.,0.303886728018,0.475760167287,
    0.732155496907,1.),.UNSPECIFIED.);
#11635 = CARTESIAN_POINT('',(5.16756371034,0.));
#11636 = CARTESIAN_POINT('',(5.16756371034,8.603468410408E-02));
#11637 = CARTESIAN_POINT('',(5.168079923197,0.172099615988));
#11638 = CARTESIAN_POINT('',(5.169112945711,0.257769349859));
#11639 = CARTESIAN_POINT('',(5.170641582097,0.342776102799));
#11640 = CARTESIAN_POINT('',(5.17263329713,0.426898953202));
#11641 = CARTESIAN_POINT('',(5.176409044733,0.556896425447));
#11642 = CARTESIAN_POINT('',(5.177907842109,0.603525236461));
#11643 = CARTESIAN_POINT('',(5.179534181908,0.649796983371));
#11644 = CARTESIAN_POINT('',(5.18128041952,0.695699764055));
#11645 = CARTESIAN_POINT('',(5.183138800905,0.741230572054));
#11646 = CARTESIAN_POINT('',(5.188030069733,0.853765356428));
#11647 = CARTESIAN_POINT('',(5.191190952004,0.9203141785));
#11648 = CARTESIAN_POINT('',(5.194559640329,0.986064060201));
#11649 = CARTESIAN_POINT('',(5.198112090808,1.051061490371));
#11650 = CARTESIAN_POINT('',(5.201825611198,1.115374411069));
#11651 = CARTESIAN_POINT('',(5.209705436883,1.245654003669));
#11652 = CARTESIAN_POINT('',(5.213884164859,1.311560066225));
#11653 = CARTESIAN_POINT('',(5.218192114401,1.376915395783));
#11654 = CARTESIAN_POINT('',(5.222606452525,1.441826199522));
#11655 = CARTESIAN_POINT('',(5.227104674839,1.506408326239));
#11656 = CARTESIAN_POINT('',(5.231664219569,1.570796326795));
#11657 = ( GEOMETRIC_REPRESENTATION_CONTEXT(2) 
PARAMETRIC_REPRESENTATION_CONTEXT() REPRESENTATION_CONTEXT('2D SPACE',''
  ) );
#11658 = ORIENTED_EDGE('',*,*,#11659,.T.);
#11659 = EDGE_CURVE('',#11580,#11660,#11662,.T.);
#11660 = VERTEX_POINT('',#11661);
#11661 = CARTESIAN_POINT('',(-32.9,-4.778210726834,15.024568877527));
#11662 = SURFACE_CURVE('',#11663,(#11667,#11674),.PCURVE_S1.);
#11663 = LINE('',#11664,#11665);
#11664 = CARTESIAN_POINT('',(-33.5,-4.778210726834,15.024568877527));
#11665 = VECTOR('',#11666,1.);
#11666 = DIRECTION('',(-1.,-0.,-1.110223024625E-16));
#11667 = PCURVE('',#1642,#11668);
#11668 = DEFINITIONAL_REPRESENTATION('',(#11669),#11673);
#11669 = LINE('',#11670,#11671);
#11670 = CARTESIAN_POINT('',(1.160288682374,-1.));
#11671 = VECTOR('',#11672,1.);
#11672 = DIRECTION('',(0.,1.));
#11673 = ( GEOMETRIC_REPRESENTATION_CONTEXT(2) 
PARAMETRIC_REPRESENTATION_CONTEXT() REPRESENTATION_CONTEXT('2D SPACE',''
  ) );
#11674 = PCURVE('',#11675,#11680);
#11675 = CYLINDRICAL_SURFACE('',#11676,12.);
#11676 = AXIS2_PLACEMENT_3D('',#11677,#11678,#11679);
#11677 = CARTESIAN_POINT('',(-33.5,6.,20.3));
#11678 = DIRECTION('',(-1.,-0.,-1.110223024625E-16));
#11679 = DIRECTION('',(1.110223024625E-16,0.,-1.));
#11680 = DEFINITIONAL_REPRESENTATION('',(#11681),#11685);
#11681 = LINE('',#11682,#11683);
#11682 = CARTESIAN_POINT('',(-5.16756371034,0.));
#11683 = VECTOR('',#11684,1.);
#11684 = DIRECTION('',(-0.,1.));
#11685 = ( GEOMETRIC_REPRESENTATION_CONTEXT(2) 
PARAMETRIC_REPRESENTATION_CONTEXT() REPRESENTATION_CONTEXT('2D SPACE',''
  ) );
#11686 = ORIENTED_EDGE('',*,*,#11687,.F.);
#11687 = EDGE_CURVE('',#1598,#11660,#11688,.T.);
#11688 = SURFACE_CURVE('',#11689,(#11694,#11701),.PCURVE_S1.);
#11689 = HYPERBOLA('',#11690,7.885281374239,7.885281374239);
#11690 = AXIS2_PLACEMENT_3D('',#11691,#11692,#11693);
#11691 = CARTESIAN_POINT('',(-44.9,3.959139004355,12.683403073067));
#11692 = DIRECTION('',(1.072393092426E-16,-0.258819045103,
    -0.965925826289));
#11693 = DIRECTION('',(1.,0.,1.110223024625E-16));
#11694 = PCURVE('',#1642,#11695);
#11695 = DEFINITIONAL_REPRESENTATION('',(#11696),#11700);
#11696 = HYPERBOLA('',#11697,7.885281374239,7.885281374239);
#11697 = AXIS2_PLACEMENT_2D('',#11698,#11699);
#11698 = CARTESIAN_POINT('',(-7.885281374239,10.4));
#11699 = DIRECTION('',(0.,-1.));
#11700 = ( GEOMETRIC_REPRESENTATION_CONTEXT(2) 
PARAMETRIC_REPRESENTATION_CONTEXT() REPRESENTATION_CONTEXT('2D SPACE',''
  ) );
#11701 = PCURVE('',#1614,#11702);
#11702 = DEFINITIONAL_REPRESENTATION('',(#11703),#11710);
#11703 = B_SPLINE_CURVE_WITH_KNOTS('',5,(#11704,#11705,#11706,#11707,
    #11708,#11709),.UNSPECIFIED.,.F.,.F.,(6,6),(0.912214069878,
    0.981692184838),.PIECEWISE_BEZIER_KNOTS.);
#11704 = CARTESIAN_POINT('',(5.214417988064,-0.6));
#11705 = CARTESIAN_POINT('',(5.204806505857,-0.485597294852));
#11706 = CARTESIAN_POINT('',(5.195315591587,-0.368443080922));
#11707 = CARTESIAN_POINT('',(5.185945078497,-0.248491337474));
#11708 = CARTESIAN_POINT('',(5.176694618437,-0.125693831255));
#11709 = CARTESIAN_POINT('',(5.16756371034,-1.665334536938E-16));
#11710 = ( GEOMETRIC_REPRESENTATION_CONTEXT(2) 
PARAMETRIC_REPRESENTATION_CONTEXT() REPRESENTATION_CONTEXT('2D SPACE',''
  ) );
#11711 = ADVANCED_FACE('',(#11712),#1585,.T.);
#11712 = FACE_BOUND('',#11713,.T.);
#11713 = EDGE_LOOP('',(#11714,#11715,#11716,#11743,#11766,#11844));
#11714 = ORIENTED_EDGE('',*,*,#11449,.F.);
#11715 = ORIENTED_EDGE('',*,*,#1569,.T.);
#11716 = ORIENTED_EDGE('',*,*,#11717,.F.);
#11717 = EDGE_CURVE('',#11718,#1570,#11720,.T.);
#11718 = VERTEX_POINT('',#11719);
#11719 = CARTESIAN_POINT('',(-32.9,-5.351639014385,16.408947226381));
#11720 = SURFACE_CURVE('',#11721,(#11726,#11733),.PCURVE_S1.);
#11721 = HYPERBOLA('',#11722,7.885281374239,7.885281374239);
#11722 = AXIS2_PLACEMENT_3D('',#11723,#11724,#11725);
#11723 = CARTESIAN_POINT('',(-44.9,-0.828853986079,24.242640687119));
#11724 = DIRECTION('',(-5.551115123126E-17,-0.866025403784,0.5));
#11725 = DIRECTION('',(1.,0.,1.110223024625E-16));
#11726 = PCURVE('',#1585,#11727);
#11727 = DEFINITIONAL_REPRESENTATION('',(#11728),#11732);
#11728 = HYPERBOLA('',#11729,7.885281374239,7.885281374239);
#11729 = AXIS2_PLACEMENT_2D('',#11730,#11731);
#11730 = CARTESIAN_POINT('',(9.085281374239,10.4));
#11731 = DIRECTION('',(0.,-1.));
#11732 = ( GEOMETRIC_REPRESENTATION_CONTEXT(2) 
PARAMETRIC_REPRESENTATION_CONTEXT() REPRESENTATION_CONTEXT('2D SPACE',''
  ) );
#11733 = PCURVE('',#1614,#11734);
#11734 = DEFINITIONAL_REPRESENTATION('',(#11735),#11742);
#11735 = B_SPLINE_CURVE_WITH_KNOTS('',5,(#11736,#11737,#11738,#11739,
    #11740,#11741),.UNSPECIFIED.,.F.,.F.,(6,6),(-0.981692184838,
    -0.912214069878),.PIECEWISE_BEZIER_KNOTS.);
#11736 = CARTESIAN_POINT('',(5.042612413827,-6.383782391595E-15));
#11737 = CARTESIAN_POINT('',(5.03348150573,-0.125693831255));
#11738 = CARTESIAN_POINT('',(5.02423104567,-0.248491337474));
#11739 = CARTESIAN_POINT('',(5.01486053258,-0.368443080922));
#11740 = CARTESIAN_POINT('',(5.00536961831,-0.485597294852));
#11741 = CARTESIAN_POINT('',(4.995758136102,-0.6));
#11742 = ( GEOMETRIC_REPRESENTATION_CONTEXT(2) 
PARAMETRIC_REPRESENTATION_CONTEXT() REPRESENTATION_CONTEXT('2D SPACE',''
  ) );
#11743 = ORIENTED_EDGE('',*,*,#11744,.F.);
#11744 = EDGE_CURVE('',#11745,#11718,#11747,.T.);
#11745 = VERTEX_POINT('',#11746);
#11746 = CARTESIAN_POINT('',(-26.3,-5.351639014385,16.408947226381));
#11747 = SURFACE_CURVE('',#11748,(#11752,#11759),.PCURVE_S1.);
#11748 = LINE('',#11749,#11750);
#11749 = CARTESIAN_POINT('',(-33.5,-5.351639014385,16.408947226381));
#11750 = VECTOR('',#11751,1.);
#11751 = DIRECTION('',(-1.,-0.,-1.110223024625E-16));
#11752 = PCURVE('',#1585,#11753);
#11753 = DEFINITIONAL_REPRESENTATION('',(#11754),#11758);
#11754 = LINE('',#11755,#11756);
#11755 = CARTESIAN_POINT('',(3.971131762598E-02,-1.));
#11756 = VECTOR('',#11757,1.);
#11757 = DIRECTION('',(0.,1.));
#11758 = ( GEOMETRIC_REPRESENTATION_CONTEXT(2) 
PARAMETRIC_REPRESENTATION_CONTEXT() REPRESENTATION_CONTEXT('2D SPACE',''
  ) );
#11759 = PCURVE('',#11675,#11760);
#11760 = DEFINITIONAL_REPRESENTATION('',(#11761),#11765);
#11761 = LINE('',#11762,#11763);
#11762 = CARTESIAN_POINT('',(-5.042612413827,0.));
#11763 = VECTOR('',#11764,1.);
#11764 = DIRECTION('',(-0.,1.));
#11765 = ( GEOMETRIC_REPRESENTATION_CONTEXT(2) 
PARAMETRIC_REPRESENTATION_CONTEXT() REPRESENTATION_CONTEXT('2D SPACE',''
  ) );
#11766 = ORIENTED_EDGE('',*,*,#11767,.T.);
#11767 = EDGE_CURVE('',#11745,#3439,#11768,.T.);
#11768 = SURFACE_CURVE('',#11769,(#11792,#11818),.PCURVE_S1.);
#11769 = B_SPLINE_CURVE_WITH_KNOTS('',6,(#11770,#11771,#11772,#11773,
    #11774,#11775,#11776,#11777,#11778,#11779,#11780,#11781,#11782,
    #11783,#11784,#11785,#11786,#11787,#11788,#11789,#11790,#11791),
  .UNSPECIFIED.,.F.,.F.,(7,5,5,5,7),(0.,0.303886728004,0.475760167272,
    0.732155496891,1.),.UNSPECIFIED.);
#11770 = CARTESIAN_POINT('',(-26.3,-5.351639014385,16.408947226381));
#11771 = CARTESIAN_POINT('',(-26.23117225272,-5.351639014385,
    16.408947226381));
#11772 = CARTESIAN_POINT('',(-26.16232012151,-5.346925561511,
    16.417111166239));
#11773 = CARTESIAN_POINT('',(-26.09470230168,-5.337492829852,
    16.433449136726));
#11774 = CARTESIAN_POINT('',(-26.02944852344,-5.323577578023,
    16.457551059894));
#11775 = CARTESIAN_POINT('',(-25.96748114706,-5.30555699441,
    16.488763626294));
#11776 = CARTESIAN_POINT('',(-25.87671410467,-5.271663224984,
    16.547469357));
#11777 = CARTESIAN_POINT('',(-25.84519031382,-5.258254247964,
    16.570694386475));
#11778 = CARTESIAN_POINT('',(-25.81505209885,-5.243762078279,
    16.595795560682));
#11779 = CARTESIAN_POINT('',(-25.78639077034,-5.228272413417,
    16.622624447215));
#11780 = CARTESIAN_POINT('',(-25.75927438435,-5.211871547031,
    16.651031581083));
#11781 = CARTESIAN_POINT('',(-25.69567847146,-5.168940919972,
    16.725389608351));
#11782 = CARTESIAN_POINT('',(-25.66115442198,-5.141397806452,
    16.773095680365));
#11783 = CARTESIAN_POINT('',(-25.63033615533,-5.112287005928,
    16.823517065923));
#11784 = CARTESIAN_POINT('',(-25.603296471,-5.081868314297,
    16.876203785327));
#11785 = CARTESIAN_POINT('',(-25.58005229442,-5.050380052353,
    16.930743054856));
#11786 = CARTESIAN_POINT('',(-25.54026338561,-4.984238597238,
    17.045303415602));
#11787 = CARTESIAN_POINT('',(-25.52406601955,-4.949510218886,
    17.105454731372));
#11788 = CARTESIAN_POINT('',(-25.51198505447,-4.914084942564,
    17.166813109833));
#11789 = CARTESIAN_POINT('',(-25.50397991889,-4.878181537745,
    17.228999631145));
#11790 = CARTESIAN_POINT('',(-25.5,-4.842002119678,17.291664221425));
#11791 = CARTESIAN_POINT('',(-25.5,-4.805735227991,17.35448032046));
#11792 = PCURVE('',#1585,#11793);
#11793 = DEFINITIONAL_REPRESENTATION('',(#11794),#11817);
#11794 = B_SPLINE_CURVE_WITH_KNOTS('',6,(#11795,#11796,#11797,#11798,
    #11799,#11800,#11801,#11802,#11803,#11804,#11805,#11806,#11807,
    #11808,#11809,#11810,#11811,#11812,#11813,#11814,#11815,#11816),
  .UNSPECIFIED.,.F.,.F.,(7,5,5,5,7),(0.,0.303886728004,0.475760167272,
    0.732155496891,1.),.UNSPECIFIED.);
#11795 = CARTESIAN_POINT('',(3.971131762599E-02,-8.2));
#11796 = CARTESIAN_POINT('',(3.971131762599E-02,-8.26882774728));
#11797 = CARTESIAN_POINT('',(4.913822337484E-02,-8.337679878485));
#11798 = CARTESIAN_POINT('',(6.800368669313E-02,-8.405297698313));
#11799 = CARTESIAN_POINT('',(9.583419035066E-02,-8.470551476551));
#11800 = CARTESIAN_POINT('',(0.131875357577,-8.532518852932));
#11801 = CARTESIAN_POINT('',(0.199662896429,-8.623285895321));
#11802 = CARTESIAN_POINT('',(0.226480850468,-8.654809686175));
#11803 = CARTESIAN_POINT('',(0.255465189839,-8.684947901146));
#11804 = CARTESIAN_POINT('',(0.286444519562,-8.713609229652));
#11805 = CARTESIAN_POINT('',(0.319246252334,-8.740725615644));
#11806 = CARTESIAN_POINT('',(0.405107506453,-8.804321528534));
#11807 = CARTESIAN_POINT('',(0.460193733492,-8.83884557802));
#11808 = CARTESIAN_POINT('',(0.518415334541,-8.869663844661));
#11809 = CARTESIAN_POINT('',(0.579252717802,-8.896703528997));
#11810 = CARTESIAN_POINT('',(0.64222924169,-8.919947705579));
#11811 = CARTESIAN_POINT('',(0.77451215192,-8.959736614382));
#11812 = CARTESIAN_POINT('',(0.843968908624,-8.975933980446));
#11813 = CARTESIAN_POINT('',(0.914819461268,-8.988014945528));
#11814 = CARTESIAN_POINT('',(0.986626270906,-8.996020081103));
#11815 = CARTESIAN_POINT('',(1.05898510704,-9.));
#11816 = CARTESIAN_POINT('',(1.131518890415,-9.));
#11817 = ( GEOMETRIC_REPRESENTATION_CONTEXT(2) 
PARAMETRIC_REPRESENTATION_CONTEXT() REPRESENTATION_CONTEXT('2D SPACE',''
  ) );
#11818 = PCURVE('',#3478,#11819);
#11819 = DEFINITIONAL_REPRESENTATION('',(#11820),#11843);
#11820 = B_SPLINE_CURVE_WITH_KNOTS('',6,(#11821,#11822,#11823,#11824,
    #11825,#11826,#11827,#11828,#11829,#11830,#11831,#11832,#11833,
    #11834,#11835,#11836,#11837,#11838,#11839,#11840,#11841,#11842),
  .UNSPECIFIED.,.F.,.F.,(7,5,5,5,7),(0.,0.303886728004,0.475760167272,
    0.732155496891,1.),.UNSPECIFIED.);
#11821 = CARTESIAN_POINT('',(5.042612413827,0.));
#11822 = CARTESIAN_POINT('',(5.042612413827,8.603468409997E-02));
#11823 = CARTESIAN_POINT('',(5.04209620097,0.17209961598));
#11824 = CARTESIAN_POINT('',(5.041063178456,0.257769349847));
#11825 = CARTESIAN_POINT('',(5.03953454207,0.342776102783));
#11826 = CARTESIAN_POINT('',(5.037542827038,0.426898953182));
#11827 = CARTESIAN_POINT('',(5.033767079435,0.556896425424));
#11828 = CARTESIAN_POINT('',(5.032268282059,0.603525236437));
#11829 = CARTESIAN_POINT('',(5.03064194226,0.649796983347));
#11830 = CARTESIAN_POINT('',(5.028895704648,0.695699764031));
#11831 = CARTESIAN_POINT('',(5.027037323263,0.741230572031));
#11832 = CARTESIAN_POINT('',(5.022146054435,0.853765356404));
#11833 = CARTESIAN_POINT('',(5.018985172164,0.920314178476));
#11834 = CARTESIAN_POINT('',(5.015616483839,0.986064060178));
#11835 = CARTESIAN_POINT('',(5.012064033361,1.051061490347));
#11836 = CARTESIAN_POINT('',(5.00835051297,1.115374411045));
#11837 = CARTESIAN_POINT('',(5.000470687285,1.245654003649));
#11838 = CARTESIAN_POINT('',(4.996291959309,1.311560066209));
#11839 = CARTESIAN_POINT('',(4.991984009766,1.376915395772));
#11840 = CARTESIAN_POINT('',(4.987569671642,1.441826199515));
#11841 = CARTESIAN_POINT('',(4.983071449329,1.506408326235));
#11842 = CARTESIAN_POINT('',(4.978511904598,1.570796326795));
#11843 = ( GEOMETRIC_REPRESENTATION_CONTEXT(2) 
PARAMETRIC_REPRESENTATION_CONTEXT() REPRESENTATION_CONTEXT('2D SPACE',''
  ) );
#11844 = ORIENTED_EDGE('',*,*,#3438,.F.);
#11845 = ADVANCED_FACE('',(#11846),#1614,.T.);
#11846 = FACE_BOUND('',#11847,.F.);
#11847 = EDGE_LOOP('',(#11848,#11849,#11871,#11872));
#11848 = ORIENTED_EDGE('',*,*,#11717,.F.);
#11849 = ORIENTED_EDGE('',*,*,#11850,.T.);
#11850 = EDGE_CURVE('',#11718,#11660,#11851,.T.);
#11851 = SURFACE_CURVE('',#11852,(#11857,#11864),.PCURVE_S1.);
#11852 = CIRCLE('',#11853,12.);
#11853 = AXIS2_PLACEMENT_3D('',#11854,#11855,#11856);
#11854 = CARTESIAN_POINT('',(-32.9,6.,20.3));
#11855 = DIRECTION('',(1.,-0.,1.110223024625E-16));
#11856 = DIRECTION('',(1.110223024625E-16,0.,-1.));
#11857 = PCURVE('',#1614,#11858);
#11858 = DEFINITIONAL_REPRESENTATION('',(#11859),#11863);
#11859 = LINE('',#11860,#11861);
#11860 = CARTESIAN_POINT('',(0.,-0.));
#11861 = VECTOR('',#11862,1.);
#11862 = DIRECTION('',(1.,-0.));
#11863 = ( GEOMETRIC_REPRESENTATION_CONTEXT(2) 
PARAMETRIC_REPRESENTATION_CONTEXT() REPRESENTATION_CONTEXT('2D SPACE',''
  ) );
#11864 = PCURVE('',#11675,#11865);
#11865 = DEFINITIONAL_REPRESENTATION('',(#11866),#11870);
#11866 = LINE('',#11867,#11868);
#11867 = CARTESIAN_POINT('',(-0.,-0.6));
#11868 = VECTOR('',#11869,1.);
#11869 = DIRECTION('',(-1.,0.));
#11870 = ( GEOMETRIC_REPRESENTATION_CONTEXT(2) 
PARAMETRIC_REPRESENTATION_CONTEXT() REPRESENTATION_CONTEXT('2D SPACE',''
  ) );
#11871 = ORIENTED_EDGE('',*,*,#11687,.F.);
#11872 = ORIENTED_EDGE('',*,*,#1597,.F.);
#11873 = ADVANCED_FACE('',(#11874),#2544,.F.);
#11874 = FACE_BOUND('',#11875,.T.);
#11875 = EDGE_LOOP('',(#11876,#11877,#11900,#11927));
#11876 = ORIENTED_EDGE('',*,*,#2523,.T.);
#11877 = ORIENTED_EDGE('',*,*,#11878,.T.);
#11878 = EDGE_CURVE('',#2524,#11879,#11881,.T.);
#11879 = VERTEX_POINT('',#11880);
#11880 = CARTESIAN_POINT('',(-28.01,6.,18.85));
#11881 = SEAM_CURVE('',#11882,(#11886,#11893),.PCURVE_S1.);
#11882 = LINE('',#11883,#11884);
#11883 = CARTESIAN_POINT('',(-33.51,6.,18.85));
#11884 = VECTOR('',#11885,1.);
#11885 = DIRECTION('',(1.,0.,1.110223024625E-16));
#11886 = PCURVE('',#2544,#11887);
#11887 = DEFINITIONAL_REPRESENTATION('',(#11888),#11892);
#11888 = LINE('',#11889,#11890);
#11889 = CARTESIAN_POINT('',(-6.28318530718,0.));
#11890 = VECTOR('',#11891,1.);
#11891 = DIRECTION('',(-0.,-1.));
#11892 = ( GEOMETRIC_REPRESENTATION_CONTEXT(2) 
PARAMETRIC_REPRESENTATION_CONTEXT() REPRESENTATION_CONTEXT('2D SPACE',''
  ) );
#11893 = PCURVE('',#2544,#11894);
#11894 = DEFINITIONAL_REPRESENTATION('',(#11895),#11899);
#11895 = LINE('',#11896,#11897);
#11896 = CARTESIAN_POINT('',(-0.,0.));
#11897 = VECTOR('',#11898,1.);
#11898 = DIRECTION('',(-0.,-1.));
#11899 = ( GEOMETRIC_REPRESENTATION_CONTEXT(2) 
PARAMETRIC_REPRESENTATION_CONTEXT() REPRESENTATION_CONTEXT('2D SPACE',''
  ) );
#11900 = ORIENTED_EDGE('',*,*,#11901,.T.);
#11901 = EDGE_CURVE('',#11879,#11879,#11902,.T.);
#11902 = SURFACE_CURVE('',#11903,(#11908,#11915),.PCURVE_S1.);
#11903 = CIRCLE('',#11904,1.45);
#11904 = AXIS2_PLACEMENT_3D('',#11905,#11906,#11907);
#11905 = CARTESIAN_POINT('',(-28.01,6.,20.3));
#11906 = DIRECTION('',(1.,-0.,1.110223024625E-16));
#11907 = DIRECTION('',(1.110223024625E-16,0.,-1.));
#11908 = PCURVE('',#2544,#11909);
#11909 = DEFINITIONAL_REPRESENTATION('',(#11910),#11914);
#11910 = LINE('',#11911,#11912);
#11911 = CARTESIAN_POINT('',(-0.,-5.5));
#11912 = VECTOR('',#11913,1.);
#11913 = DIRECTION('',(-1.,0.));
#11914 = ( GEOMETRIC_REPRESENTATION_CONTEXT(2) 
PARAMETRIC_REPRESENTATION_CONTEXT() REPRESENTATION_CONTEXT('2D SPACE',''
  ) );
#11915 = PCURVE('',#11916,#11921);
#11916 = PLANE('',#11917);
#11917 = AXIS2_PLACEMENT_3D('',#11918,#11919,#11920);
#11918 = CARTESIAN_POINT('',(-28.01,6.,20.3));
#11919 = DIRECTION('',(1.,0.,1.110223024625E-16));
#11920 = DIRECTION('',(1.110223024625E-16,0.,-1.));
#11921 = DEFINITIONAL_REPRESENTATION('',(#11922),#11926);
#11922 = CIRCLE('',#11923,1.45);
#11923 = AXIS2_PLACEMENT_2D('',#11924,#11925);
#11924 = CARTESIAN_POINT('',(0.,0.));
#11925 = DIRECTION('',(1.,0.));
#11926 = ( GEOMETRIC_REPRESENTATION_CONTEXT(2) 
PARAMETRIC_REPRESENTATION_CONTEXT() REPRESENTATION_CONTEXT('2D SPACE',''
  ) );
#11927 = ORIENTED_EDGE('',*,*,#11878,.F.);
#11928 = ADVANCED_FACE('',(#11929),#2578,.T.);
#11929 = FACE_BOUND('',#11930,.T.);
#11930 = EDGE_LOOP('',(#11931,#11932,#11954,#11955));
#11931 = ORIENTED_EDGE('',*,*,#4923,.F.);
#11932 = ORIENTED_EDGE('',*,*,#11933,.T.);
#11933 = EDGE_CURVE('',#4901,#5029,#11934,.T.);
#11934 = SURFACE_CURVE('',#11935,(#11940,#11947),.PCURVE_S1.);
#11935 = CIRCLE('',#11936,12.);
#11936 = AXIS2_PLACEMENT_3D('',#11937,#11938,#11939);
#11937 = CARTESIAN_POINT('',(-26.3,6.,20.3));
#11938 = DIRECTION('',(1.,-0.,1.110223024625E-16));
#11939 = DIRECTION('',(1.110223024625E-16,0.,-1.));
#11940 = PCURVE('',#2578,#11941);
#11941 = DEFINITIONAL_REPRESENTATION('',(#11942),#11946);
#11942 = LINE('',#11943,#11944);
#11943 = CARTESIAN_POINT('',(0.,0.));
#11944 = VECTOR('',#11945,1.);
#11945 = DIRECTION('',(1.,0.));
#11946 = ( GEOMETRIC_REPRESENTATION_CONTEXT(2) 
PARAMETRIC_REPRESENTATION_CONTEXT() REPRESENTATION_CONTEXT('2D SPACE',''
  ) );
#11947 = PCURVE('',#4836,#11948);
#11948 = DEFINITIONAL_REPRESENTATION('',(#11949),#11953);
#11949 = LINE('',#11950,#11951);
#11950 = CARTESIAN_POINT('',(-0.,-7.2));
#11951 = VECTOR('',#11952,1.);
#11952 = DIRECTION('',(-1.,0.));
#11953 = ( GEOMETRIC_REPRESENTATION_CONTEXT(2) 
PARAMETRIC_REPRESENTATION_CONTEXT() REPRESENTATION_CONTEXT('2D SPACE',''
  ) );
#11954 = ORIENTED_EDGE('',*,*,#5028,.T.);
#11955 = ORIENTED_EDGE('',*,*,#2559,.F.);
#11956 = ADVANCED_FACE('',(#11957),#4229,.T.);
#11957 = FACE_BOUND('',#11958,.T.);
#11958 = EDGE_LOOP('',(#11959,#11960,#11982,#11983));
#11959 = ORIENTED_EDGE('',*,*,#5565,.F.);
#11960 = ORIENTED_EDGE('',*,*,#11961,.T.);
#11961 = EDGE_CURVE('',#5543,#5137,#11962,.T.);
#11962 = SURFACE_CURVE('',#11963,(#11968,#11975),.PCURVE_S1.);
#11963 = CIRCLE('',#11964,12.);
#11964 = AXIS2_PLACEMENT_3D('',#11965,#11966,#11967);
#11965 = CARTESIAN_POINT('',(-26.3,6.,20.3));
#11966 = DIRECTION('',(1.,-0.,1.110223024625E-16));
#11967 = DIRECTION('',(1.110223024625E-16,0.,-1.));
#11968 = PCURVE('',#4229,#11969);
#11969 = DEFINITIONAL_REPRESENTATION('',(#11970),#11974);
#11970 = LINE('',#11971,#11972);
#11971 = CARTESIAN_POINT('',(0.,0.));
#11972 = VECTOR('',#11973,1.);
#11973 = DIRECTION('',(1.,0.));
#11974 = ( GEOMETRIC_REPRESENTATION_CONTEXT(2) 
PARAMETRIC_REPRESENTATION_CONTEXT() REPRESENTATION_CONTEXT('2D SPACE',''
  ) );
#11975 = PCURVE('',#5232,#11976);
#11976 = DEFINITIONAL_REPRESENTATION('',(#11977),#11981);
#11977 = LINE('',#11978,#11979);
#11978 = CARTESIAN_POINT('',(-0.,-7.2));
#11979 = VECTOR('',#11980,1.);
#11980 = DIRECTION('',(-1.,0.));
#11981 = ( GEOMETRIC_REPRESENTATION_CONTEXT(2) 
PARAMETRIC_REPRESENTATION_CONTEXT() REPRESENTATION_CONTEXT('2D SPACE',''
  ) );
#11982 = ORIENTED_EDGE('',*,*,#5136,.T.);
#11983 = ORIENTED_EDGE('',*,*,#4212,.F.);
#11984 = ADVANCED_FACE('',(#11985),#2653,.T.);
#11985 = FACE_BOUND('',#11986,.T.);
#11986 = EDGE_LOOP('',(#11987,#11988,#12010,#12011));
#11987 = ORIENTED_EDGE('',*,*,#5329,.F.);
#11988 = ORIENTED_EDGE('',*,*,#11989,.T.);
#11989 = EDGE_CURVE('',#5302,#5671,#11990,.T.);
#11990 = SURFACE_CURVE('',#11991,(#11996,#12003),.PCURVE_S1.);
#11991 = CIRCLE('',#11992,12.);
#11992 = AXIS2_PLACEMENT_3D('',#11993,#11994,#11995);
#11993 = CARTESIAN_POINT('',(-26.3,6.,20.3));
#11994 = DIRECTION('',(1.,-0.,1.110223024625E-16));
#11995 = DIRECTION('',(1.110223024625E-16,0.,-1.));
#11996 = PCURVE('',#2653,#11997);
#11997 = DEFINITIONAL_REPRESENTATION('',(#11998),#12002);
#11998 = LINE('',#11999,#12000);
#11999 = CARTESIAN_POINT('',(0.,0.));
#12000 = VECTOR('',#12001,1.);
#12001 = DIRECTION('',(1.,0.));
#12002 = ( GEOMETRIC_REPRESENTATION_CONTEXT(2) 
PARAMETRIC_REPRESENTATION_CONTEXT() REPRESENTATION_CONTEXT('2D SPACE',''
  ) );
#12003 = PCURVE('',#5317,#12004);
#12004 = DEFINITIONAL_REPRESENTATION('',(#12005),#12009);
#12005 = LINE('',#12006,#12007);
#12006 = CARTESIAN_POINT('',(-0.,-7.2));
#12007 = VECTOR('',#12008,1.);
#12008 = DIRECTION('',(-1.,0.));
#12009 = ( GEOMETRIC_REPRESENTATION_CONTEXT(2) 
PARAMETRIC_REPRESENTATION_CONTEXT() REPRESENTATION_CONTEXT('2D SPACE',''
  ) );
#12010 = ORIENTED_EDGE('',*,*,#5670,.T.);
#12011 = ORIENTED_EDGE('',*,*,#2636,.F.);
#12012 = ADVANCED_FACE('',(#12013),#4154,.T.);
#12013 = FACE_BOUND('',#12014,.T.);
#12014 = EDGE_LOOP('',(#12015,#12016,#12038,#12039));
#12015 = ORIENTED_EDGE('',*,*,#6207,.F.);
#12016 = ORIENTED_EDGE('',*,*,#12017,.T.);
#12017 = EDGE_CURVE('',#6185,#5779,#12018,.T.);
#12018 = SURFACE_CURVE('',#12019,(#12024,#12031),.PCURVE_S1.);
#12019 = CIRCLE('',#12020,12.);
#12020 = AXIS2_PLACEMENT_3D('',#12021,#12022,#12023);
#12021 = CARTESIAN_POINT('',(-26.3,6.,20.3));
#12022 = DIRECTION('',(1.,-0.,1.110223024625E-16));
#12023 = DIRECTION('',(1.110223024625E-16,0.,-1.));
#12024 = PCURVE('',#4154,#12025);
#12025 = DEFINITIONAL_REPRESENTATION('',(#12026),#12030);
#12026 = LINE('',#12027,#12028);
#12027 = CARTESIAN_POINT('',(0.,0.));
#12028 = VECTOR('',#12029,1.);
#12029 = DIRECTION('',(1.,0.));
#12030 = ( GEOMETRIC_REPRESENTATION_CONTEXT(2) 
PARAMETRIC_REPRESENTATION_CONTEXT() REPRESENTATION_CONTEXT('2D SPACE',''
  ) );
#12031 = PCURVE('',#5874,#12032);
#12032 = DEFINITIONAL_REPRESENTATION('',(#12033),#12037);
#12033 = LINE('',#12034,#12035);
#12034 = CARTESIAN_POINT('',(-0.,-7.2));
#12035 = VECTOR('',#12036,1.);
#12036 = DIRECTION('',(-1.,0.));
#12037 = ( GEOMETRIC_REPRESENTATION_CONTEXT(2) 
PARAMETRIC_REPRESENTATION_CONTEXT() REPRESENTATION_CONTEXT('2D SPACE',''
  ) );
#12038 = ORIENTED_EDGE('',*,*,#5778,.T.);
#12039 = ORIENTED_EDGE('',*,*,#4137,.F.);
#12040 = ADVANCED_FACE('',(#12041),#2728,.T.);
#12041 = FACE_BOUND('',#12042,.T.);
#12042 = EDGE_LOOP('',(#12043,#12044,#12066,#12067));
#12043 = ORIENTED_EDGE('',*,*,#5971,.F.);
#12044 = ORIENTED_EDGE('',*,*,#12045,.T.);
#12045 = EDGE_CURVE('',#5944,#6313,#12046,.T.);
#12046 = SURFACE_CURVE('',#12047,(#12052,#12059),.PCURVE_S1.);
#12047 = CIRCLE('',#12048,12.);
#12048 = AXIS2_PLACEMENT_3D('',#12049,#12050,#12051);
#12049 = CARTESIAN_POINT('',(-26.3,6.,20.3));
#12050 = DIRECTION('',(1.,-0.,1.110223024625E-16));
#12051 = DIRECTION('',(1.110223024625E-16,0.,-1.));
#12052 = PCURVE('',#2728,#12053);
#12053 = DEFINITIONAL_REPRESENTATION('',(#12054),#12058);
#12054 = LINE('',#12055,#12056);
#12055 = CARTESIAN_POINT('',(0.,0.));
#12056 = VECTOR('',#12057,1.);
#12057 = DIRECTION('',(1.,0.));
#12058 = ( GEOMETRIC_REPRESENTATION_CONTEXT(2) 
PARAMETRIC_REPRESENTATION_CONTEXT() REPRESENTATION_CONTEXT('2D SPACE',''
  ) );
#12059 = PCURVE('',#5959,#12060);
#12060 = DEFINITIONAL_REPRESENTATION('',(#12061),#12065);
#12061 = LINE('',#12062,#12063);
#12062 = CARTESIAN_POINT('',(-0.,-7.2));
#12063 = VECTOR('',#12064,1.);
#12064 = DIRECTION('',(-1.,0.));
#12065 = ( GEOMETRIC_REPRESENTATION_CONTEXT(2) 
PARAMETRIC_REPRESENTATION_CONTEXT() REPRESENTATION_CONTEXT('2D SPACE',''
  ) );
#12066 = ORIENTED_EDGE('',*,*,#6312,.T.);
#12067 = ORIENTED_EDGE('',*,*,#2711,.F.);
#12068 = ADVANCED_FACE('',(#12069),#4079,.T.);
#12069 = FACE_BOUND('',#12070,.T.);
#12070 = EDGE_LOOP('',(#12071,#12072,#12094,#12095));
#12071 = ORIENTED_EDGE('',*,*,#6849,.F.);
#12072 = ORIENTED_EDGE('',*,*,#12073,.T.);
#12073 = EDGE_CURVE('',#6827,#6421,#12074,.T.);
#12074 = SURFACE_CURVE('',#12075,(#12080,#12087),.PCURVE_S1.);
#12075 = CIRCLE('',#12076,12.);
#12076 = AXIS2_PLACEMENT_3D('',#12077,#12078,#12079);
#12077 = CARTESIAN_POINT('',(-26.3,6.,20.3));
#12078 = DIRECTION('',(1.,-0.,1.110223024625E-16));
#12079 = DIRECTION('',(1.110223024625E-16,0.,-1.));
#12080 = PCURVE('',#4079,#12081);
#12081 = DEFINITIONAL_REPRESENTATION('',(#12082),#12086);
#12082 = LINE('',#12083,#12084);
#12083 = CARTESIAN_POINT('',(0.,0.));
#12084 = VECTOR('',#12085,1.);
#12085 = DIRECTION('',(1.,0.));
#12086 = ( GEOMETRIC_REPRESENTATION_CONTEXT(2) 
PARAMETRIC_REPRESENTATION_CONTEXT() REPRESENTATION_CONTEXT('2D SPACE',''
  ) );
#12087 = PCURVE('',#6516,#12088);
#12088 = DEFINITIONAL_REPRESENTATION('',(#12089),#12093);
#12089 = LINE('',#12090,#12091);
#12090 = CARTESIAN_POINT('',(-0.,-7.2));
#12091 = VECTOR('',#12092,1.);
#12092 = DIRECTION('',(-1.,0.));
#12093 = ( GEOMETRIC_REPRESENTATION_CONTEXT(2) 
PARAMETRIC_REPRESENTATION_CONTEXT() REPRESENTATION_CONTEXT('2D SPACE',''
  ) );
#12094 = ORIENTED_EDGE('',*,*,#6420,.T.);
#12095 = ORIENTED_EDGE('',*,*,#4062,.F.);
#12096 = ADVANCED_FACE('',(#12097),#2803,.T.);
#12097 = FACE_BOUND('',#12098,.T.);
#12098 = EDGE_LOOP('',(#12099,#12100,#12122,#12123));
#12099 = ORIENTED_EDGE('',*,*,#6613,.F.);
#12100 = ORIENTED_EDGE('',*,*,#12101,.T.);
#12101 = EDGE_CURVE('',#6586,#6955,#12102,.T.);
#12102 = SURFACE_CURVE('',#12103,(#12108,#12115),.PCURVE_S1.);
#12103 = CIRCLE('',#12104,12.);
#12104 = AXIS2_PLACEMENT_3D('',#12105,#12106,#12107);
#12105 = CARTESIAN_POINT('',(-26.3,6.,20.3));
#12106 = DIRECTION('',(1.,-0.,1.110223024625E-16));
#12107 = DIRECTION('',(1.110223024625E-16,0.,-1.));
#12108 = PCURVE('',#2803,#12109);
#12109 = DEFINITIONAL_REPRESENTATION('',(#12110),#12114);
#12110 = LINE('',#12111,#12112);
#12111 = CARTESIAN_POINT('',(0.,0.));
#12112 = VECTOR('',#12113,1.);
#12113 = DIRECTION('',(1.,0.));
#12114 = ( GEOMETRIC_REPRESENTATION_CONTEXT(2) 
PARAMETRIC_REPRESENTATION_CONTEXT() REPRESENTATION_CONTEXT('2D SPACE',''
  ) );
#12115 = PCURVE('',#6601,#12116);
#12116 = DEFINITIONAL_REPRESENTATION('',(#12117),#12121);
#12117 = LINE('',#12118,#12119);
#12118 = CARTESIAN_POINT('',(-0.,-7.2));
#12119 = VECTOR('',#12120,1.);
#12120 = DIRECTION('',(-1.,0.));
#12121 = ( GEOMETRIC_REPRESENTATION_CONTEXT(2) 
PARAMETRIC_REPRESENTATION_CONTEXT() REPRESENTATION_CONTEXT('2D SPACE',''
  ) );
#12122 = ORIENTED_EDGE('',*,*,#6954,.T.);
#12123 = ORIENTED_EDGE('',*,*,#2786,.F.);
#12124 = ADVANCED_FACE('',(#12125),#4004,.T.);
#12125 = FACE_BOUND('',#12126,.T.);
#12126 = EDGE_LOOP('',(#12127,#12128,#12150,#12151));
#12127 = ORIENTED_EDGE('',*,*,#7491,.F.);
#12128 = ORIENTED_EDGE('',*,*,#12129,.T.);
#12129 = EDGE_CURVE('',#7469,#7063,#12130,.T.);
#12130 = SURFACE_CURVE('',#12131,(#12136,#12143),.PCURVE_S1.);
#12131 = CIRCLE('',#12132,12.);
#12132 = AXIS2_PLACEMENT_3D('',#12133,#12134,#12135);
#12133 = CARTESIAN_POINT('',(-26.3,6.,20.3));
#12134 = DIRECTION('',(1.,-0.,1.110223024625E-16));
#12135 = DIRECTION('',(1.110223024625E-16,0.,-1.));
#12136 = PCURVE('',#4004,#12137);
#12137 = DEFINITIONAL_REPRESENTATION('',(#12138),#12142);
#12138 = LINE('',#12139,#12140);
#12139 = CARTESIAN_POINT('',(0.,0.));
#12140 = VECTOR('',#12141,1.);
#12141 = DIRECTION('',(1.,0.));
#12142 = ( GEOMETRIC_REPRESENTATION_CONTEXT(2) 
PARAMETRIC_REPRESENTATION_CONTEXT() REPRESENTATION_CONTEXT('2D SPACE',''
  ) );
#12143 = PCURVE('',#7158,#12144);
#12144 = DEFINITIONAL_REPRESENTATION('',(#12145),#12149);
#12145 = LINE('',#12146,#12147);
#12146 = CARTESIAN_POINT('',(-0.,-7.2));
#12147 = VECTOR('',#12148,1.);
#12148 = DIRECTION('',(-1.,0.));
#12149 = ( GEOMETRIC_REPRESENTATION_CONTEXT(2) 
PARAMETRIC_REPRESENTATION_CONTEXT() REPRESENTATION_CONTEXT('2D SPACE',''
  ) );
#12150 = ORIENTED_EDGE('',*,*,#7062,.T.);
#12151 = ORIENTED_EDGE('',*,*,#3987,.F.);
#12152 = ADVANCED_FACE('',(#12153),#2878,.T.);
#12153 = FACE_BOUND('',#12154,.T.);
#12154 = EDGE_LOOP('',(#12155,#12156,#12178,#12179));
#12155 = ORIENTED_EDGE('',*,*,#7255,.F.);
#12156 = ORIENTED_EDGE('',*,*,#12157,.T.);
#12157 = EDGE_CURVE('',#7228,#7597,#12158,.T.);
#12158 = SURFACE_CURVE('',#12159,(#12164,#12171),.PCURVE_S1.);
#12159 = CIRCLE('',#12160,12.);
#12160 = AXIS2_PLACEMENT_3D('',#12161,#12162,#12163);
#12161 = CARTESIAN_POINT('',(-26.3,6.,20.3));
#12162 = DIRECTION('',(1.,-0.,1.110223024625E-16));
#12163 = DIRECTION('',(1.110223024625E-16,0.,-1.));
#12164 = PCURVE('',#2878,#12165);
#12165 = DEFINITIONAL_REPRESENTATION('',(#12166),#12170);
#12166 = LINE('',#12167,#12168);
#12167 = CARTESIAN_POINT('',(0.,0.));
#12168 = VECTOR('',#12169,1.);
#12169 = DIRECTION('',(1.,0.));
#12170 = ( GEOMETRIC_REPRESENTATION_CONTEXT(2) 
PARAMETRIC_REPRESENTATION_CONTEXT() REPRESENTATION_CONTEXT('2D SPACE',''
  ) );
#12171 = PCURVE('',#7243,#12172);
#12172 = DEFINITIONAL_REPRESENTATION('',(#12173),#12177);
#12173 = LINE('',#12174,#12175);
#12174 = CARTESIAN_POINT('',(-0.,-7.2));
#12175 = VECTOR('',#12176,1.);
#12176 = DIRECTION('',(-1.,0.));
#12177 = ( GEOMETRIC_REPRESENTATION_CONTEXT(2) 
PARAMETRIC_REPRESENTATION_CONTEXT() REPRESENTATION_CONTEXT('2D SPACE',''
  ) );
#12178 = ORIENTED_EDGE('',*,*,#7596,.T.);
#12179 = ORIENTED_EDGE('',*,*,#2861,.F.);
#12180 = ADVANCED_FACE('',(#12181),#3929,.T.);
#12181 = FACE_BOUND('',#12182,.T.);
#12182 = EDGE_LOOP('',(#12183,#12184,#12206,#12207));
#12183 = ORIENTED_EDGE('',*,*,#8133,.F.);
#12184 = ORIENTED_EDGE('',*,*,#12185,.T.);
#12185 = EDGE_CURVE('',#8111,#7705,#12186,.T.);
#12186 = SURFACE_CURVE('',#12187,(#12192,#12199),.PCURVE_S1.);
#12187 = CIRCLE('',#12188,12.);
#12188 = AXIS2_PLACEMENT_3D('',#12189,#12190,#12191);
#12189 = CARTESIAN_POINT('',(-26.3,6.,20.3));
#12190 = DIRECTION('',(1.,-0.,1.110223024625E-16));
#12191 = DIRECTION('',(1.110223024625E-16,0.,-1.));
#12192 = PCURVE('',#3929,#12193);
#12193 = DEFINITIONAL_REPRESENTATION('',(#12194),#12198);
#12194 = LINE('',#12195,#12196);
#12195 = CARTESIAN_POINT('',(0.,0.));
#12196 = VECTOR('',#12197,1.);
#12197 = DIRECTION('',(1.,0.));
#12198 = ( GEOMETRIC_REPRESENTATION_CONTEXT(2) 
PARAMETRIC_REPRESENTATION_CONTEXT() REPRESENTATION_CONTEXT('2D SPACE',''
  ) );
#12199 = PCURVE('',#7800,#12200);
#12200 = DEFINITIONAL_REPRESENTATION('',(#12201),#12205);
#12201 = LINE('',#12202,#12203);
#12202 = CARTESIAN_POINT('',(-0.,-7.2));
#12203 = VECTOR('',#12204,1.);
#12204 = DIRECTION('',(-1.,0.));
#12205 = ( GEOMETRIC_REPRESENTATION_CONTEXT(2) 
PARAMETRIC_REPRESENTATION_CONTEXT() REPRESENTATION_CONTEXT('2D SPACE',''
  ) );
#12206 = ORIENTED_EDGE('',*,*,#7704,.T.);
#12207 = ORIENTED_EDGE('',*,*,#3912,.F.);
#12208 = ADVANCED_FACE('',(#12209),#2953,.T.);
#12209 = FACE_BOUND('',#12210,.T.);
#12210 = EDGE_LOOP('',(#12211,#12212,#12234,#12235));
#12211 = ORIENTED_EDGE('',*,*,#7897,.F.);
#12212 = ORIENTED_EDGE('',*,*,#12213,.T.);
#12213 = EDGE_CURVE('',#7870,#8239,#12214,.T.);
#12214 = SURFACE_CURVE('',#12215,(#12220,#12227),.PCURVE_S1.);
#12215 = CIRCLE('',#12216,12.);
#12216 = AXIS2_PLACEMENT_3D('',#12217,#12218,#12219);
#12217 = CARTESIAN_POINT('',(-26.3,6.,20.3));
#12218 = DIRECTION('',(1.,-0.,1.110223024625E-16));
#12219 = DIRECTION('',(1.110223024625E-16,0.,-1.));
#12220 = PCURVE('',#2953,#12221);
#12221 = DEFINITIONAL_REPRESENTATION('',(#12222),#12226);
#12222 = LINE('',#12223,#12224);
#12223 = CARTESIAN_POINT('',(0.,0.));
#12224 = VECTOR('',#12225,1.);
#12225 = DIRECTION('',(1.,0.));
#12226 = ( GEOMETRIC_REPRESENTATION_CONTEXT(2) 
PARAMETRIC_REPRESENTATION_CONTEXT() REPRESENTATION_CONTEXT('2D SPACE',''
  ) );
#12227 = PCURVE('',#7885,#12228);
#12228 = DEFINITIONAL_REPRESENTATION('',(#12229),#12233);
#12229 = LINE('',#12230,#12231);
#12230 = CARTESIAN_POINT('',(-0.,-7.2));
#12231 = VECTOR('',#12232,1.);
#12232 = DIRECTION('',(-1.,0.));
#12233 = ( GEOMETRIC_REPRESENTATION_CONTEXT(2) 
PARAMETRIC_REPRESENTATION_CONTEXT() REPRESENTATION_CONTEXT('2D SPACE',''
  ) );
#12234 = ORIENTED_EDGE('',*,*,#8238,.T.);
#12235 = ORIENTED_EDGE('',*,*,#2936,.F.);
#12236 = ADVANCED_FACE('',(#12237),#3854,.T.);
#12237 = FACE_BOUND('',#12238,.T.);
#12238 = EDGE_LOOP('',(#12239,#12240,#12262,#12263));
#12239 = ORIENTED_EDGE('',*,*,#4571,.F.);
#12240 = ORIENTED_EDGE('',*,*,#12241,.T.);
#12241 = EDGE_CURVE('',#4544,#8347,#12242,.T.);
#12242 = SURFACE_CURVE('',#12243,(#12248,#12255),.PCURVE_S1.);
#12243 = CIRCLE('',#12244,12.);
#12244 = AXIS2_PLACEMENT_3D('',#12245,#12246,#12247);
#12245 = CARTESIAN_POINT('',(-26.3,6.,20.3));
#12246 = DIRECTION('',(1.,-0.,1.110223024625E-16));
#12247 = DIRECTION('',(1.110223024625E-16,0.,-1.));
#12248 = PCURVE('',#3854,#12249);
#12249 = DEFINITIONAL_REPRESENTATION('',(#12250),#12254);
#12250 = LINE('',#12251,#12252);
#12251 = CARTESIAN_POINT('',(0.,0.));
#12252 = VECTOR('',#12253,1.);
#12253 = DIRECTION('',(1.,0.));
#12254 = ( GEOMETRIC_REPRESENTATION_CONTEXT(2) 
PARAMETRIC_REPRESENTATION_CONTEXT() REPRESENTATION_CONTEXT('2D SPACE',''
  ) );
#12255 = PCURVE('',#4559,#12256);
#12256 = DEFINITIONAL_REPRESENTATION('',(#12257),#12261);
#12257 = LINE('',#12258,#12259);
#12258 = CARTESIAN_POINT('',(-0.,-7.2));
#12259 = VECTOR('',#12260,1.);
#12260 = DIRECTION('',(-1.,0.));
#12261 = ( GEOMETRIC_REPRESENTATION_CONTEXT(2) 
PARAMETRIC_REPRESENTATION_CONTEXT() REPRESENTATION_CONTEXT('2D SPACE',''
  ) );
#12262 = ORIENTED_EDGE('',*,*,#8346,.T.);
#12263 = ORIENTED_EDGE('',*,*,#3837,.F.);
#12264 = ADVANCED_FACE('',(#12265),#3028,.T.);
#12265 = FACE_BOUND('',#12266,.T.);
#12266 = EDGE_LOOP('',(#12267,#12268,#12290,#12291));
#12267 = ORIENTED_EDGE('',*,*,#8534,.F.);
#12268 = ORIENTED_EDGE('',*,*,#12269,.T.);
#12269 = EDGE_CURVE('',#8507,#8722,#12270,.T.);
#12270 = SURFACE_CURVE('',#12271,(#12276,#12283),.PCURVE_S1.);
#12271 = CIRCLE('',#12272,12.);
#12272 = AXIS2_PLACEMENT_3D('',#12273,#12274,#12275);
#12273 = CARTESIAN_POINT('',(-26.3,6.,20.3));
#12274 = DIRECTION('',(1.,-0.,1.110223024625E-16));
#12275 = DIRECTION('',(1.110223024625E-16,0.,-1.));
#12276 = PCURVE('',#3028,#12277);
#12277 = DEFINITIONAL_REPRESENTATION('',(#12278),#12282);
#12278 = LINE('',#12279,#12280);
#12279 = CARTESIAN_POINT('',(0.,0.));
#12280 = VECTOR('',#12281,1.);
#12281 = DIRECTION('',(1.,0.));
#12282 = ( GEOMETRIC_REPRESENTATION_CONTEXT(2) 
PARAMETRIC_REPRESENTATION_CONTEXT() REPRESENTATION_CONTEXT('2D SPACE',''
  ) );
#12283 = PCURVE('',#8522,#12284);
#12284 = DEFINITIONAL_REPRESENTATION('',(#12285),#12289);
#12285 = LINE('',#12286,#12287);
#12286 = CARTESIAN_POINT('',(-0.,-7.2));
#12287 = VECTOR('',#12288,1.);
#12288 = DIRECTION('',(-1.,0.));
#12289 = ( GEOMETRIC_REPRESENTATION_CONTEXT(2) 
PARAMETRIC_REPRESENTATION_CONTEXT() REPRESENTATION_CONTEXT('2D SPACE',''
  ) );
#12290 = ORIENTED_EDGE('',*,*,#8721,.T.);
#12291 = ORIENTED_EDGE('',*,*,#3011,.F.);
#12292 = ADVANCED_FACE('',(#12293),#3103,.T.);
#12293 = FACE_BOUND('',#12294,.T.);
#12294 = EDGE_LOOP('',(#12295,#12296,#12318,#12319));
#12295 = ORIENTED_EDGE('',*,*,#8883,.F.);
#12296 = ORIENTED_EDGE('',*,*,#12297,.T.);
#12297 = EDGE_CURVE('',#8856,#9043,#12298,.T.);
#12298 = SURFACE_CURVE('',#12299,(#12304,#12311),.PCURVE_S1.);
#12299 = CIRCLE('',#12300,12.);
#12300 = AXIS2_PLACEMENT_3D('',#12301,#12302,#12303);
#12301 = CARTESIAN_POINT('',(-26.3,6.,20.3));
#12302 = DIRECTION('',(1.,-0.,1.110223024625E-16));
#12303 = DIRECTION('',(1.110223024625E-16,0.,-1.));
#12304 = PCURVE('',#3103,#12305);
#12305 = DEFINITIONAL_REPRESENTATION('',(#12306),#12310);
#12306 = LINE('',#12307,#12308);
#12307 = CARTESIAN_POINT('',(0.,0.));
#12308 = VECTOR('',#12309,1.);
#12309 = DIRECTION('',(1.,0.));
#12310 = ( GEOMETRIC_REPRESENTATION_CONTEXT(2) 
PARAMETRIC_REPRESENTATION_CONTEXT() REPRESENTATION_CONTEXT('2D SPACE',''
  ) );
#12311 = PCURVE('',#8871,#12312);
#12312 = DEFINITIONAL_REPRESENTATION('',(#12313),#12317);
#12313 = LINE('',#12314,#12315);
#12314 = CARTESIAN_POINT('',(-0.,-7.2));
#12315 = VECTOR('',#12316,1.);
#12316 = DIRECTION('',(-1.,0.));
#12317 = ( GEOMETRIC_REPRESENTATION_CONTEXT(2) 
PARAMETRIC_REPRESENTATION_CONTEXT() REPRESENTATION_CONTEXT('2D SPACE',''
  ) );
#12318 = ORIENTED_EDGE('',*,*,#9042,.T.);
#12319 = ORIENTED_EDGE('',*,*,#3086,.F.);
#12320 = ADVANCED_FACE('',(#12321),#3778,.T.);
#12321 = FACE_BOUND('',#12322,.T.);
#12322 = EDGE_LOOP('',(#12323,#12324,#12346,#12347));
#12323 = ORIENTED_EDGE('',*,*,#9440,.F.);
#12324 = ORIENTED_EDGE('',*,*,#12325,.T.);
#12325 = EDGE_CURVE('',#9418,#4657,#12326,.T.);
#12326 = SURFACE_CURVE('',#12327,(#12332,#12339),.PCURVE_S1.);
#12327 = CIRCLE('',#12328,12.);
#12328 = AXIS2_PLACEMENT_3D('',#12329,#12330,#12331);
#12329 = CARTESIAN_POINT('',(-26.3,6.,20.3));
#12330 = DIRECTION('',(1.,-0.,1.110223024625E-16));
#12331 = DIRECTION('',(1.110223024625E-16,0.,-1.));
#12332 = PCURVE('',#3778,#12333);
#12333 = DEFINITIONAL_REPRESENTATION('',(#12334),#12338);
#12334 = LINE('',#12335,#12336);
#12335 = CARTESIAN_POINT('',(0.,0.));
#12336 = VECTOR('',#12337,1.);
#12337 = DIRECTION('',(1.,0.));
#12338 = ( GEOMETRIC_REPRESENTATION_CONTEXT(2) 
PARAMETRIC_REPRESENTATION_CONTEXT() REPRESENTATION_CONTEXT('2D SPACE',''
  ) );
#12339 = PCURVE('',#4752,#12340);
#12340 = DEFINITIONAL_REPRESENTATION('',(#12341),#12345);
#12341 = LINE('',#12342,#12343);
#12342 = CARTESIAN_POINT('',(-0.,-7.2));
#12343 = VECTOR('',#12344,1.);
#12344 = DIRECTION('',(-1.,0.));
#12345 = ( GEOMETRIC_REPRESENTATION_CONTEXT(2) 
PARAMETRIC_REPRESENTATION_CONTEXT() REPRESENTATION_CONTEXT('2D SPACE',''
  ) );
#12346 = ORIENTED_EDGE('',*,*,#4656,.T.);
#12347 = ORIENTED_EDGE('',*,*,#3761,.F.);
#12348 = ADVANCED_FACE('',(#12349),#3178,.T.);
#12349 = FACE_BOUND('',#12350,.T.);
#12350 = EDGE_LOOP('',(#12351,#12352,#12374,#12375));
#12351 = ORIENTED_EDGE('',*,*,#9204,.F.);
#12352 = ORIENTED_EDGE('',*,*,#12353,.T.);
#12353 = EDGE_CURVE('',#9177,#9546,#12354,.T.);
#12354 = SURFACE_CURVE('',#12355,(#12360,#12367),.PCURVE_S1.);
#12355 = CIRCLE('',#12356,12.);
#12356 = AXIS2_PLACEMENT_3D('',#12357,#12358,#12359);
#12357 = CARTESIAN_POINT('',(-26.3,6.,20.3));
#12358 = DIRECTION('',(1.,-0.,1.110223024625E-16));
#12359 = DIRECTION('',(1.110223024625E-16,0.,-1.));
#12360 = PCURVE('',#3178,#12361);
#12361 = DEFINITIONAL_REPRESENTATION('',(#12362),#12366);
#12362 = LINE('',#12363,#12364);
#12363 = CARTESIAN_POINT('',(0.,0.));
#12364 = VECTOR('',#12365,1.);
#12365 = DIRECTION('',(1.,0.));
#12366 = ( GEOMETRIC_REPRESENTATION_CONTEXT(2) 
PARAMETRIC_REPRESENTATION_CONTEXT() REPRESENTATION_CONTEXT('2D SPACE',''
  ) );
#12367 = PCURVE('',#9192,#12368);
#12368 = DEFINITIONAL_REPRESENTATION('',(#12369),#12373);
#12369 = LINE('',#12370,#12371);
#12370 = CARTESIAN_POINT('',(-0.,-7.2));
#12371 = VECTOR('',#12372,1.);
#12372 = DIRECTION('',(-1.,0.));
#12373 = ( GEOMETRIC_REPRESENTATION_CONTEXT(2) 
PARAMETRIC_REPRESENTATION_CONTEXT() REPRESENTATION_CONTEXT('2D SPACE',''
  ) );
#12374 = ORIENTED_EDGE('',*,*,#9545,.T.);
#12375 = ORIENTED_EDGE('',*,*,#3161,.F.);
#12376 = ADVANCED_FACE('',(#12377),#3703,.T.);
#12377 = FACE_BOUND('',#12378,.T.);
#12378 = EDGE_LOOP('',(#12379,#12380,#12402,#12403));
#12379 = ORIENTED_EDGE('',*,*,#10082,.F.);
#12380 = ORIENTED_EDGE('',*,*,#12381,.T.);
#12381 = EDGE_CURVE('',#10060,#9654,#12382,.T.);
#12382 = SURFACE_CURVE('',#12383,(#12388,#12395),.PCURVE_S1.);
#12383 = CIRCLE('',#12384,12.);
#12384 = AXIS2_PLACEMENT_3D('',#12385,#12386,#12387);
#12385 = CARTESIAN_POINT('',(-26.3,6.,20.3));
#12386 = DIRECTION('',(1.,-0.,1.110223024625E-16));
#12387 = DIRECTION('',(1.110223024625E-16,0.,-1.));
#12388 = PCURVE('',#3703,#12389);
#12389 = DEFINITIONAL_REPRESENTATION('',(#12390),#12394);
#12390 = LINE('',#12391,#12392);
#12391 = CARTESIAN_POINT('',(0.,0.));
#12392 = VECTOR('',#12393,1.);
#12393 = DIRECTION('',(1.,0.));
#12394 = ( GEOMETRIC_REPRESENTATION_CONTEXT(2) 
PARAMETRIC_REPRESENTATION_CONTEXT() REPRESENTATION_CONTEXT('2D SPACE',''
  ) );
#12395 = PCURVE('',#9749,#12396);
#12396 = DEFINITIONAL_REPRESENTATION('',(#12397),#12401);
#12397 = LINE('',#12398,#12399);
#12398 = CARTESIAN_POINT('',(-0.,-7.2));
#12399 = VECTOR('',#12400,1.);
#12400 = DIRECTION('',(-1.,0.));
#12401 = ( GEOMETRIC_REPRESENTATION_CONTEXT(2) 
PARAMETRIC_REPRESENTATION_CONTEXT() REPRESENTATION_CONTEXT('2D SPACE',''
  ) );
#12402 = ORIENTED_EDGE('',*,*,#9653,.T.);
#12403 = ORIENTED_EDGE('',*,*,#3686,.F.);
#12404 = ADVANCED_FACE('',(#12405),#3253,.T.);
#12405 = FACE_BOUND('',#12406,.T.);
#12406 = EDGE_LOOP('',(#12407,#12408,#12430,#12431));
#12407 = ORIENTED_EDGE('',*,*,#9846,.F.);
#12408 = ORIENTED_EDGE('',*,*,#12409,.T.);
#12409 = EDGE_CURVE('',#9819,#10188,#12410,.T.);
#12410 = SURFACE_CURVE('',#12411,(#12416,#12423),.PCURVE_S1.);
#12411 = CIRCLE('',#12412,12.);
#12412 = AXIS2_PLACEMENT_3D('',#12413,#12414,#12415);
#12413 = CARTESIAN_POINT('',(-26.3,6.,20.3));
#12414 = DIRECTION('',(1.,-0.,1.110223024625E-16));
#12415 = DIRECTION('',(1.110223024625E-16,0.,-1.));
#12416 = PCURVE('',#3253,#12417);
#12417 = DEFINITIONAL_REPRESENTATION('',(#12418),#12422);
#12418 = LINE('',#12419,#12420);
#12419 = CARTESIAN_POINT('',(0.,0.));
#12420 = VECTOR('',#12421,1.);
#12421 = DIRECTION('',(1.,0.));
#12422 = ( GEOMETRIC_REPRESENTATION_CONTEXT(2) 
PARAMETRIC_REPRESENTATION_CONTEXT() REPRESENTATION_CONTEXT('2D SPACE',''
  ) );
#12423 = PCURVE('',#9834,#12424);
#12424 = DEFINITIONAL_REPRESENTATION('',(#12425),#12429);
#12425 = LINE('',#12426,#12427);
#12426 = CARTESIAN_POINT('',(-0.,-7.2));
#12427 = VECTOR('',#12428,1.);
#12428 = DIRECTION('',(-1.,0.));
#12429 = ( GEOMETRIC_REPRESENTATION_CONTEXT(2) 
PARAMETRIC_REPRESENTATION_CONTEXT() REPRESENTATION_CONTEXT('2D SPACE',''
  ) );
#12430 = ORIENTED_EDGE('',*,*,#10187,.T.);
#12431 = ORIENTED_EDGE('',*,*,#3236,.F.);
#12432 = ADVANCED_FACE('',(#12433),#3628,.T.);
#12433 = FACE_BOUND('',#12434,.T.);
#12434 = EDGE_LOOP('',(#12435,#12436,#12458,#12459));
#12435 = ORIENTED_EDGE('',*,*,#10724,.F.);
#12436 = ORIENTED_EDGE('',*,*,#12437,.T.);
#12437 = EDGE_CURVE('',#10702,#10296,#12438,.T.);
#12438 = SURFACE_CURVE('',#12439,(#12444,#12451),.PCURVE_S1.);
#12439 = CIRCLE('',#12440,12.);
#12440 = AXIS2_PLACEMENT_3D('',#12441,#12442,#12443);
#12441 = CARTESIAN_POINT('',(-26.3,6.,20.3));
#12442 = DIRECTION('',(1.,-0.,1.110223024625E-16));
#12443 = DIRECTION('',(1.110223024625E-16,0.,-1.));
#12444 = PCURVE('',#3628,#12445);
#12445 = DEFINITIONAL_REPRESENTATION('',(#12446),#12450);
#12446 = LINE('',#12447,#12448);
#12447 = CARTESIAN_POINT('',(0.,0.));
#12448 = VECTOR('',#12449,1.);
#12449 = DIRECTION('',(1.,0.));
#12450 = ( GEOMETRIC_REPRESENTATION_CONTEXT(2) 
PARAMETRIC_REPRESENTATION_CONTEXT() REPRESENTATION_CONTEXT('2D SPACE',''
  ) );
#12451 = PCURVE('',#10391,#12452);
#12452 = DEFINITIONAL_REPRESENTATION('',(#12453),#12457);
#12453 = LINE('',#12454,#12455);
#12454 = CARTESIAN_POINT('',(-0.,-7.2));
#12455 = VECTOR('',#12456,1.);
#12456 = DIRECTION('',(-1.,0.));
#12457 = ( GEOMETRIC_REPRESENTATION_CONTEXT(2) 
PARAMETRIC_REPRESENTATION_CONTEXT() REPRESENTATION_CONTEXT('2D SPACE',''
  ) );
#12458 = ORIENTED_EDGE('',*,*,#10295,.T.);
#12459 = ORIENTED_EDGE('',*,*,#3611,.F.);
#12460 = ADVANCED_FACE('',(#12461),#3328,.T.);
#12461 = FACE_BOUND('',#12462,.T.);
#12462 = EDGE_LOOP('',(#12463,#12464,#12486,#12487));
#12463 = ORIENTED_EDGE('',*,*,#10488,.F.);
#12464 = ORIENTED_EDGE('',*,*,#12465,.T.);
#12465 = EDGE_CURVE('',#10461,#10830,#12466,.T.);
#12466 = SURFACE_CURVE('',#12467,(#12472,#12479),.PCURVE_S1.);
#12467 = CIRCLE('',#12468,12.);
#12468 = AXIS2_PLACEMENT_3D('',#12469,#12470,#12471);
#12469 = CARTESIAN_POINT('',(-26.3,6.,20.3));
#12470 = DIRECTION('',(1.,-0.,1.110223024625E-16));
#12471 = DIRECTION('',(1.110223024625E-16,0.,-1.));
#12472 = PCURVE('',#3328,#12473);
#12473 = DEFINITIONAL_REPRESENTATION('',(#12474),#12478);
#12474 = LINE('',#12475,#12476);
#12475 = CARTESIAN_POINT('',(0.,0.));
#12476 = VECTOR('',#12477,1.);
#12477 = DIRECTION('',(1.,0.));
#12478 = ( GEOMETRIC_REPRESENTATION_CONTEXT(2) 
PARAMETRIC_REPRESENTATION_CONTEXT() REPRESENTATION_CONTEXT('2D SPACE',''
  ) );
#12479 = PCURVE('',#10476,#12480);
#12480 = DEFINITIONAL_REPRESENTATION('',(#12481),#12485);
#12481 = LINE('',#12482,#12483);
#12482 = CARTESIAN_POINT('',(-0.,-7.2));
#12483 = VECTOR('',#12484,1.);
#12484 = DIRECTION('',(-1.,0.));
#12485 = ( GEOMETRIC_REPRESENTATION_CONTEXT(2) 
PARAMETRIC_REPRESENTATION_CONTEXT() REPRESENTATION_CONTEXT('2D SPACE',''
  ) );
#12486 = ORIENTED_EDGE('',*,*,#10829,.T.);
#12487 = ORIENTED_EDGE('',*,*,#3311,.F.);
#12488 = ADVANCED_FACE('',(#12489),#3553,.T.);
#12489 = FACE_BOUND('',#12490,.T.);
#12490 = EDGE_LOOP('',(#12491,#12492,#12514,#12515));
#12491 = ORIENTED_EDGE('',*,*,#11366,.F.);
#12492 = ORIENTED_EDGE('',*,*,#12493,.T.);
#12493 = EDGE_CURVE('',#11344,#10938,#12494,.T.);
#12494 = SURFACE_CURVE('',#12495,(#12500,#12507),.PCURVE_S1.);
#12495 = CIRCLE('',#12496,12.);
#12496 = AXIS2_PLACEMENT_3D('',#12497,#12498,#12499);
#12497 = CARTESIAN_POINT('',(-26.3,6.,20.3));
#12498 = DIRECTION('',(1.,-0.,1.110223024625E-16));
#12499 = DIRECTION('',(1.110223024625E-16,0.,-1.));
#12500 = PCURVE('',#3553,#12501);
#12501 = DEFINITIONAL_REPRESENTATION('',(#12502),#12506);
#12502 = LINE('',#12503,#12504);
#12503 = CARTESIAN_POINT('',(0.,0.));
#12504 = VECTOR('',#12505,1.);
#12505 = DIRECTION('',(1.,0.));
#12506 = ( GEOMETRIC_REPRESENTATION_CONTEXT(2) 
PARAMETRIC_REPRESENTATION_CONTEXT() REPRESENTATION_CONTEXT('2D SPACE',''
  ) );
#12507 = PCURVE('',#11033,#12508);
#12508 = DEFINITIONAL_REPRESENTATION('',(#12509),#12513);
#12509 = LINE('',#12510,#12511);
#12510 = CARTESIAN_POINT('',(-0.,-7.2));
#12511 = VECTOR('',#12512,1.);
#12512 = DIRECTION('',(-1.,0.));
#12513 = ( GEOMETRIC_REPRESENTATION_CONTEXT(2) 
PARAMETRIC_REPRESENTATION_CONTEXT() REPRESENTATION_CONTEXT('2D SPACE',''
  ) );
#12514 = ORIENTED_EDGE('',*,*,#10937,.T.);
#12515 = ORIENTED_EDGE('',*,*,#3536,.F.);
#12516 = ADVANCED_FACE('',(#12517),#3403,.T.);
#12517 = FACE_BOUND('',#12518,.T.);
#12518 = EDGE_LOOP('',(#12519,#12520,#12542,#12543));
#12519 = ORIENTED_EDGE('',*,*,#11130,.F.);
#12520 = ORIENTED_EDGE('',*,*,#12521,.T.);
#12521 = EDGE_CURVE('',#11103,#11472,#12522,.T.);
#12522 = SURFACE_CURVE('',#12523,(#12528,#12535),.PCURVE_S1.);
#12523 = CIRCLE('',#12524,12.);
#12524 = AXIS2_PLACEMENT_3D('',#12525,#12526,#12527);
#12525 = CARTESIAN_POINT('',(-26.3,6.,20.3));
#12526 = DIRECTION('',(1.,-0.,1.110223024625E-16));
#12527 = DIRECTION('',(1.110223024625E-16,0.,-1.));
#12528 = PCURVE('',#3403,#12529);
#12529 = DEFINITIONAL_REPRESENTATION('',(#12530),#12534);
#12530 = LINE('',#12531,#12532);
#12531 = CARTESIAN_POINT('',(0.,0.));
#12532 = VECTOR('',#12533,1.);
#12533 = DIRECTION('',(1.,0.));
#12534 = ( GEOMETRIC_REPRESENTATION_CONTEXT(2) 
PARAMETRIC_REPRESENTATION_CONTEXT() REPRESENTATION_CONTEXT('2D SPACE',''
  ) );
#12535 = PCURVE('',#11118,#12536);
#12536 = DEFINITIONAL_REPRESENTATION('',(#12537),#12541);
#12537 = LINE('',#12538,#12539);
#12538 = CARTESIAN_POINT('',(-0.,-7.2));
#12539 = VECTOR('',#12540,1.);
#12540 = DIRECTION('',(-1.,0.));
#12541 = ( GEOMETRIC_REPRESENTATION_CONTEXT(2) 
PARAMETRIC_REPRESENTATION_CONTEXT() REPRESENTATION_CONTEXT('2D SPACE',''
  ) );
#12542 = ORIENTED_EDGE('',*,*,#11471,.T.);
#12543 = ORIENTED_EDGE('',*,*,#3386,.F.);
#12544 = ADVANCED_FACE('',(#12545),#3478,.T.);
#12545 = FACE_BOUND('',#12546,.T.);
#12546 = EDGE_LOOP('',(#12547,#12548,#12570,#12571));
#12547 = ORIENTED_EDGE('',*,*,#11767,.F.);
#12548 = ORIENTED_EDGE('',*,*,#12549,.T.);
#12549 = EDGE_CURVE('',#11745,#11580,#12550,.T.);
#12550 = SURFACE_CURVE('',#12551,(#12556,#12563),.PCURVE_S1.);
#12551 = CIRCLE('',#12552,12.);
#12552 = AXIS2_PLACEMENT_3D('',#12553,#12554,#12555);
#12553 = CARTESIAN_POINT('',(-26.3,6.,20.3));
#12554 = DIRECTION('',(1.,-0.,1.110223024625E-16));
#12555 = DIRECTION('',(1.110223024625E-16,0.,-1.));
#12556 = PCURVE('',#3478,#12557);
#12557 = DEFINITIONAL_REPRESENTATION('',(#12558),#12562);
#12558 = LINE('',#12559,#12560);
#12559 = CARTESIAN_POINT('',(0.,0.));
#12560 = VECTOR('',#12561,1.);
#12561 = DIRECTION('',(1.,0.));
#12562 = ( GEOMETRIC_REPRESENTATION_CONTEXT(2) 
PARAMETRIC_REPRESENTATION_CONTEXT() REPRESENTATION_CONTEXT('2D SPACE',''
  ) );
#12563 = PCURVE('',#11675,#12564);
#12564 = DEFINITIONAL_REPRESENTATION('',(#12565),#12569);
#12565 = LINE('',#12566,#12567);
#12566 = CARTESIAN_POINT('',(-0.,-7.2));
#12567 = VECTOR('',#12568,1.);
#12568 = DIRECTION('',(-1.,0.));
#12569 = ( GEOMETRIC_REPRESENTATION_CONTEXT(2) 
PARAMETRIC_REPRESENTATION_CONTEXT() REPRESENTATION_CONTEXT('2D SPACE',''
  ) );
#12570 = ORIENTED_EDGE('',*,*,#11579,.T.);
#12571 = ORIENTED_EDGE('',*,*,#3461,.F.);
#12572 = ADVANCED_FACE('',(#12573),#4305,.F.);
#12573 = FACE_BOUND('',#12574,.F.);
#12574 = EDGE_LOOP('',(#12575,#12576,#12599,#12627));
#12575 = ORIENTED_EDGE('',*,*,#4287,.F.);
#12576 = ORIENTED_EDGE('',*,*,#12577,.T.);
#12577 = EDGE_CURVE('',#4288,#12578,#12580,.T.);
#12578 = VERTEX_POINT('',#12579);
#12579 = CARTESIAN_POINT('',(-19.7,5.025,21.075));
#12580 = SURFACE_CURVE('',#12581,(#12585,#12592),.PCURVE_S1.);
#12581 = LINE('',#12582,#12583);
#12582 = CARTESIAN_POINT('',(-25.5,5.025,21.075));
#12583 = VECTOR('',#12584,1.);
#12584 = DIRECTION('',(1.,0.,1.110223024625E-16));
#12585 = PCURVE('',#4305,#12586);
#12586 = DEFINITIONAL_REPRESENTATION('',(#12587),#12591);
#12587 = LINE('',#12588,#12589);
#12588 = CARTESIAN_POINT('',(0.2,2.22044604925E-17));
#12589 = VECTOR('',#12590,1.);
#12590 = DIRECTION('',(0.,-1.));
#12591 = ( GEOMETRIC_REPRESENTATION_CONTEXT(2) 
PARAMETRIC_REPRESENTATION_CONTEXT() REPRESENTATION_CONTEXT('2D SPACE',''
  ) );
#12592 = PCURVE('',#4333,#12593);
#12593 = DEFINITIONAL_REPRESENTATION('',(#12594),#12598);
#12594 = LINE('',#12595,#12596);
#12595 = CARTESIAN_POINT('',(-1.110223024625E-17,-0.141421356237));
#12596 = VECTOR('',#12597,1.);
#12597 = DIRECTION('',(1.,0.));
#12598 = ( GEOMETRIC_REPRESENTATION_CONTEXT(2) 
PARAMETRIC_REPRESENTATION_CONTEXT() REPRESENTATION_CONTEXT('2D SPACE',''
  ) );
#12599 = ORIENTED_EDGE('',*,*,#12600,.T.);
#12600 = EDGE_CURVE('',#12578,#12601,#12603,.T.);
#12601 = VERTEX_POINT('',#12602);
#12602 = CARTESIAN_POINT('',(-19.7,5.025,19.525));
#12603 = SURFACE_CURVE('',#12604,(#12608,#12615),.PCURVE_S1.);
#12604 = LINE('',#12605,#12606);
#12605 = CARTESIAN_POINT('',(-19.7,5.025,21.275));
#12606 = VECTOR('',#12607,1.);
#12607 = DIRECTION('',(1.110223024625E-16,0.,-1.));
#12608 = PCURVE('',#4305,#12609);
#12609 = DEFINITIONAL_REPRESENTATION('',(#12610),#12614);
#12610 = LINE('',#12611,#12612);
#12611 = CARTESIAN_POINT('',(6.439293542826E-16,-5.8));
#12612 = VECTOR('',#12613,1.);
#12613 = DIRECTION('',(1.,0.));
#12614 = ( GEOMETRIC_REPRESENTATION_CONTEXT(2) 
PARAMETRIC_REPRESENTATION_CONTEXT() REPRESENTATION_CONTEXT('2D SPACE',''
  ) );
#12615 = PCURVE('',#12616,#12621);
#12616 = PLANE('',#12617);
#12617 = AXIS2_PLACEMENT_3D('',#12618,#12619,#12620);
#12618 = CARTESIAN_POINT('',(-19.7,6.,20.3));
#12619 = DIRECTION('',(1.,0.,1.110223024625E-16));
#12620 = DIRECTION('',(1.110223024625E-16,0.,-1.));
#12621 = DEFINITIONAL_REPRESENTATION('',(#12622),#12626);
#12622 = LINE('',#12623,#12624);
#12623 = CARTESIAN_POINT('',(-0.975,-0.975));
#12624 = VECTOR('',#12625,1.);
#12625 = DIRECTION('',(1.,0.));
#12626 = ( GEOMETRIC_REPRESENTATION_CONTEXT(2) 
PARAMETRIC_REPRESENTATION_CONTEXT() REPRESENTATION_CONTEXT('2D SPACE',''
  ) );
#12627 = ORIENTED_EDGE('',*,*,#12628,.F.);
#12628 = EDGE_CURVE('',#4290,#12601,#12629,.T.);
#12629 = SURFACE_CURVE('',#12630,(#12634,#12641),.PCURVE_S1.);
#12630 = LINE('',#12631,#12632);
#12631 = CARTESIAN_POINT('',(-25.5,5.025,19.525));
#12632 = VECTOR('',#12633,1.);
#12633 = DIRECTION('',(1.,0.,1.110223024625E-16));
#12634 = PCURVE('',#4305,#12635);
#12635 = DEFINITIONAL_REPRESENTATION('',(#12636),#12640);
#12636 = LINE('',#12637,#12638);
#12637 = CARTESIAN_POINT('',(1.75,1.942890293094E-16));
#12638 = VECTOR('',#12639,1.);
#12639 = DIRECTION('',(0.,-1.));
#12640 = ( GEOMETRIC_REPRESENTATION_CONTEXT(2) 
PARAMETRIC_REPRESENTATION_CONTEXT() REPRESENTATION_CONTEXT('2D SPACE',''
  ) );
#12641 = PCURVE('',#4499,#12642);
#12642 = DEFINITIONAL_REPRESENTATION('',(#12643),#12647);
#12643 = LINE('',#12644,#12645);
#12644 = CARTESIAN_POINT('',(-1.110223024625E-17,-0.141421356237));
#12645 = VECTOR('',#12646,1.);
#12646 = DIRECTION('',(-1.,0.));
#12647 = ( GEOMETRIC_REPRESENTATION_CONTEXT(2) 
PARAMETRIC_REPRESENTATION_CONTEXT() REPRESENTATION_CONTEXT('2D SPACE',''
  ) );
#12648 = ADVANCED_FACE('',(#12649),#4499,.T.);
#12649 = FACE_BOUND('',#12650,.F.);
#12650 = EDGE_LOOP('',(#12651,#12652,#12653,#12676));
#12651 = ORIENTED_EDGE('',*,*,#4485,.F.);
#12652 = ORIENTED_EDGE('',*,*,#12628,.T.);
#12653 = ORIENTED_EDGE('',*,*,#12654,.T.);
#12654 = EDGE_CURVE('',#12601,#12655,#12657,.T.);
#12655 = VERTEX_POINT('',#12656);
#12656 = CARTESIAN_POINT('',(-19.7,5.225,19.325));
#12657 = SURFACE_CURVE('',#12658,(#12662,#12669),.PCURVE_S1.);
#12658 = LINE('',#12659,#12660);
#12659 = CARTESIAN_POINT('',(-19.7,5.125,19.425));
#12660 = VECTOR('',#12661,1.);
#12661 = DIRECTION('',(7.850462293419E-17,0.707106781187,-0.707106781187
    ));
#12662 = PCURVE('',#4499,#12663);
#12663 = DEFINITIONAL_REPRESENTATION('',(#12664),#12668);
#12664 = LINE('',#12665,#12666);
#12665 = CARTESIAN_POINT('',(-5.8,4.553268130183E-16));
#12666 = VECTOR('',#12667,1.);
#12667 = DIRECTION('',(-0.,1.));
#12668 = ( GEOMETRIC_REPRESENTATION_CONTEXT(2) 
PARAMETRIC_REPRESENTATION_CONTEXT() REPRESENTATION_CONTEXT('2D SPACE',''
  ) );
#12669 = PCURVE('',#12616,#12670);
#12670 = DEFINITIONAL_REPRESENTATION('',(#12671),#12675);
#12671 = LINE('',#12672,#12673);
#12672 = CARTESIAN_POINT('',(0.875,-0.875));
#12673 = VECTOR('',#12674,1.);
#12674 = DIRECTION('',(0.707106781187,0.707106781187));
#12675 = ( GEOMETRIC_REPRESENTATION_CONTEXT(2) 
PARAMETRIC_REPRESENTATION_CONTEXT() REPRESENTATION_CONTEXT('2D SPACE',''
  ) );
#12676 = ORIENTED_EDGE('',*,*,#12677,.F.);
#12677 = EDGE_CURVE('',#4458,#12655,#12678,.T.);
#12678 = SURFACE_CURVE('',#12679,(#12683,#12690),.PCURVE_S1.);
#12679 = LINE('',#12680,#12681);
#12680 = CARTESIAN_POINT('',(-25.5,5.225,19.325));
#12681 = VECTOR('',#12682,1.);
#12682 = DIRECTION('',(1.,0.,1.110223024625E-16));
#12683 = PCURVE('',#4499,#12684);
#12684 = DEFINITIONAL_REPRESENTATION('',(#12685),#12689);
#12685 = LINE('',#12686,#12687);
#12686 = CARTESIAN_POINT('',(1.110223024625E-17,0.141421356237));
#12687 = VECTOR('',#12688,1.);
#12688 = DIRECTION('',(-1.,0.));
#12689 = ( GEOMETRIC_REPRESENTATION_CONTEXT(2) 
PARAMETRIC_REPRESENTATION_CONTEXT() REPRESENTATION_CONTEXT('2D SPACE',''
  ) );
#12690 = PCURVE('',#4473,#12691);
#12691 = DEFINITIONAL_REPRESENTATION('',(#12692),#12696);
#12692 = LINE('',#12693,#12694);
#12693 = CARTESIAN_POINT('',(0.2,0.));
#12694 = VECTOR('',#12695,1.);
#12695 = DIRECTION('',(0.,-1.));
#12696 = ( GEOMETRIC_REPRESENTATION_CONTEXT(2) 
PARAMETRIC_REPRESENTATION_CONTEXT() REPRESENTATION_CONTEXT('2D SPACE',''
  ) );
#12697 = ADVANCED_FACE('',(#12698),#4473,.F.);
#12698 = FACE_BOUND('',#12699,.F.);
#12699 = EDGE_LOOP('',(#12700,#12701,#12702,#12725));
#12700 = ORIENTED_EDGE('',*,*,#4457,.F.);
#12701 = ORIENTED_EDGE('',*,*,#12677,.T.);
#12702 = ORIENTED_EDGE('',*,*,#12703,.T.);
#12703 = EDGE_CURVE('',#12655,#12704,#12706,.T.);
#12704 = VERTEX_POINT('',#12705);
#12705 = CARTESIAN_POINT('',(-19.7,6.775,19.325));
#12706 = SURFACE_CURVE('',#12707,(#12711,#12718),.PCURVE_S1.);
#12707 = LINE('',#12708,#12709);
#12708 = CARTESIAN_POINT('',(-19.7,5.025,19.325));
#12709 = VECTOR('',#12710,1.);
#12710 = DIRECTION('',(0.,1.,0.));
#12711 = PCURVE('',#4473,#12712);
#12712 = DEFINITIONAL_REPRESENTATION('',(#12713),#12717);
#12713 = LINE('',#12714,#12715);
#12714 = CARTESIAN_POINT('',(0.,-5.8));
#12715 = VECTOR('',#12716,1.);
#12716 = DIRECTION('',(1.,0.));
#12717 = ( GEOMETRIC_REPRESENTATION_CONTEXT(2) 
PARAMETRIC_REPRESENTATION_CONTEXT() REPRESENTATION_CONTEXT('2D SPACE',''
  ) );
#12718 = PCURVE('',#12616,#12719);
#12719 = DEFINITIONAL_REPRESENTATION('',(#12720),#12724);
#12720 = LINE('',#12721,#12722);
#12721 = CARTESIAN_POINT('',(0.975,-0.975));
#12722 = VECTOR('',#12723,1.);
#12723 = DIRECTION('',(0.,1.));
#12724 = ( GEOMETRIC_REPRESENTATION_CONTEXT(2) 
PARAMETRIC_REPRESENTATION_CONTEXT() REPRESENTATION_CONTEXT('2D SPACE',''
  ) );
#12725 = ORIENTED_EDGE('',*,*,#12726,.F.);
#12726 = EDGE_CURVE('',#4430,#12704,#12727,.T.);
#12727 = SURFACE_CURVE('',#12728,(#12732,#12739),.PCURVE_S1.);
#12728 = LINE('',#12729,#12730);
#12729 = CARTESIAN_POINT('',(-25.5,6.775,19.325));
#12730 = VECTOR('',#12731,1.);
#12731 = DIRECTION('',(1.,0.,1.110223024625E-16));
#12732 = PCURVE('',#4473,#12733);
#12733 = DEFINITIONAL_REPRESENTATION('',(#12734),#12738);
#12734 = LINE('',#12735,#12736);
#12735 = CARTESIAN_POINT('',(1.75,0.));
#12736 = VECTOR('',#12737,1.);
#12737 = DIRECTION('',(0.,-1.));
#12738 = ( GEOMETRIC_REPRESENTATION_CONTEXT(2) 
PARAMETRIC_REPRESENTATION_CONTEXT() REPRESENTATION_CONTEXT('2D SPACE',''
  ) );
#12739 = PCURVE('',#4445,#12740);
#12740 = DEFINITIONAL_REPRESENTATION('',(#12741),#12745);
#12741 = LINE('',#12742,#12743);
#12742 = CARTESIAN_POINT('',(1.110223024625E-17,-0.141421356237));
#12743 = VECTOR('',#12744,1.);
#12744 = DIRECTION('',(-1.,0.));
#12745 = ( GEOMETRIC_REPRESENTATION_CONTEXT(2) 
PARAMETRIC_REPRESENTATION_CONTEXT() REPRESENTATION_CONTEXT('2D SPACE',''
  ) );
#12746 = ADVANCED_FACE('',(#12747),#4445,.T.);
#12747 = FACE_BOUND('',#12748,.F.);
#12748 = EDGE_LOOP('',(#12749,#12750,#12751,#12774));
#12749 = ORIENTED_EDGE('',*,*,#4429,.F.);
#12750 = ORIENTED_EDGE('',*,*,#12726,.T.);
#12751 = ORIENTED_EDGE('',*,*,#12752,.T.);
#12752 = EDGE_CURVE('',#12704,#12753,#12755,.T.);
#12753 = VERTEX_POINT('',#12754);
#12754 = CARTESIAN_POINT('',(-19.7,6.975,19.525));
#12755 = SURFACE_CURVE('',#12756,(#12760,#12767),.PCURVE_S1.);
#12756 = LINE('',#12757,#12758);
#12757 = CARTESIAN_POINT('',(-19.7,6.875,19.425));
#12758 = VECTOR('',#12759,1.);
#12759 = DIRECTION('',(-7.850462293419E-17,0.707106781187,0.707106781187
    ));
#12760 = PCURVE('',#4445,#12761);
#12761 = DEFINITIONAL_REPRESENTATION('',(#12762),#12766);
#12762 = LINE('',#12763,#12764);
#12763 = CARTESIAN_POINT('',(-5.8,-4.553268130183E-16));
#12764 = VECTOR('',#12765,1.);
#12765 = DIRECTION('',(-0.,1.));
#12766 = ( GEOMETRIC_REPRESENTATION_CONTEXT(2) 
PARAMETRIC_REPRESENTATION_CONTEXT() REPRESENTATION_CONTEXT('2D SPACE',''
  ) );
#12767 = PCURVE('',#12616,#12768);
#12768 = DEFINITIONAL_REPRESENTATION('',(#12769),#12773);
#12769 = LINE('',#12770,#12771);
#12770 = CARTESIAN_POINT('',(0.875,0.875));
#12771 = VECTOR('',#12772,1.);
#12772 = DIRECTION('',(-0.707106781187,0.707106781187));
#12773 = ( GEOMETRIC_REPRESENTATION_CONTEXT(2) 
PARAMETRIC_REPRESENTATION_CONTEXT() REPRESENTATION_CONTEXT('2D SPACE',''
  ) );
#12774 = ORIENTED_EDGE('',*,*,#12775,.F.);
#12775 = EDGE_CURVE('',#4402,#12753,#12776,.T.);
#12776 = SURFACE_CURVE('',#12777,(#12781,#12788),.PCURVE_S1.);
#12777 = LINE('',#12778,#12779);
#12778 = CARTESIAN_POINT('',(-25.5,6.975,19.525));
#12779 = VECTOR('',#12780,1.);
#12780 = DIRECTION('',(1.,0.,1.110223024625E-16));
#12781 = PCURVE('',#4445,#12782);
#12782 = DEFINITIONAL_REPRESENTATION('',(#12783),#12787);
#12783 = LINE('',#12784,#12785);
#12784 = CARTESIAN_POINT('',(-1.110223024625E-17,0.141421356237));
#12785 = VECTOR('',#12786,1.);
#12786 = DIRECTION('',(-1.,0.));
#12787 = ( GEOMETRIC_REPRESENTATION_CONTEXT(2) 
PARAMETRIC_REPRESENTATION_CONTEXT() REPRESENTATION_CONTEXT('2D SPACE',''
  ) );
#12788 = PCURVE('',#4417,#12789);
#12789 = DEFINITIONAL_REPRESENTATION('',(#12790),#12794);
#12790 = LINE('',#12791,#12792);
#12791 = CARTESIAN_POINT('',(0.2,-2.22044604925E-17));
#12792 = VECTOR('',#12793,1.);
#12793 = DIRECTION('',(0.,-1.));
#12794 = ( GEOMETRIC_REPRESENTATION_CONTEXT(2) 
PARAMETRIC_REPRESENTATION_CONTEXT() REPRESENTATION_CONTEXT('2D SPACE',''
  ) );
#12795 = ADVANCED_FACE('',(#12796),#4417,.F.);
#12796 = FACE_BOUND('',#12797,.F.);
#12797 = EDGE_LOOP('',(#12798,#12799,#12800,#12823));
#12798 = ORIENTED_EDGE('',*,*,#4401,.F.);
#12799 = ORIENTED_EDGE('',*,*,#12775,.T.);
#12800 = ORIENTED_EDGE('',*,*,#12801,.T.);
#12801 = EDGE_CURVE('',#12753,#12802,#12804,.T.);
#12802 = VERTEX_POINT('',#12803);
#12803 = CARTESIAN_POINT('',(-19.7,6.975,21.075));
#12804 = SURFACE_CURVE('',#12805,(#12809,#12816),.PCURVE_S1.);
#12805 = LINE('',#12806,#12807);
#12806 = CARTESIAN_POINT('',(-19.7,6.975,19.325));
#12807 = VECTOR('',#12808,1.);
#12808 = DIRECTION('',(-1.110223024625E-16,0.,1.));
#12809 = PCURVE('',#4417,#12810);
#12810 = DEFINITIONAL_REPRESENTATION('',(#12811),#12815);
#12811 = LINE('',#12812,#12813);
#12812 = CARTESIAN_POINT('',(-6.439293542826E-16,-5.8));
#12813 = VECTOR('',#12814,1.);
#12814 = DIRECTION('',(1.,0.));
#12815 = ( GEOMETRIC_REPRESENTATION_CONTEXT(2) 
PARAMETRIC_REPRESENTATION_CONTEXT() REPRESENTATION_CONTEXT('2D SPACE',''
  ) );
#12816 = PCURVE('',#12616,#12817);
#12817 = DEFINITIONAL_REPRESENTATION('',(#12818),#12822);
#12818 = LINE('',#12819,#12820);
#12819 = CARTESIAN_POINT('',(0.975,0.975));
#12820 = VECTOR('',#12821,1.);
#12821 = DIRECTION('',(-1.,0.));
#12822 = ( GEOMETRIC_REPRESENTATION_CONTEXT(2) 
PARAMETRIC_REPRESENTATION_CONTEXT() REPRESENTATION_CONTEXT('2D SPACE',''
  ) );
#12823 = ORIENTED_EDGE('',*,*,#12824,.F.);
#12824 = EDGE_CURVE('',#4374,#12802,#12825,.T.);
#12825 = SURFACE_CURVE('',#12826,(#12830,#12837),.PCURVE_S1.);
#12826 = LINE('',#12827,#12828);
#12827 = CARTESIAN_POINT('',(-25.5,6.975,21.075));
#12828 = VECTOR('',#12829,1.);
#12829 = DIRECTION('',(1.,0.,1.110223024625E-16));
#12830 = PCURVE('',#4417,#12831);
#12831 = DEFINITIONAL_REPRESENTATION('',(#12832),#12836);
#12832 = LINE('',#12833,#12834);
#12833 = CARTESIAN_POINT('',(1.75,-1.942890293094E-16));
#12834 = VECTOR('',#12835,1.);
#12835 = DIRECTION('',(0.,-1.));
#12836 = ( GEOMETRIC_REPRESENTATION_CONTEXT(2) 
PARAMETRIC_REPRESENTATION_CONTEXT() REPRESENTATION_CONTEXT('2D SPACE',''
  ) );
#12837 = PCURVE('',#4389,#12838);
#12838 = DEFINITIONAL_REPRESENTATION('',(#12839),#12843);
#12839 = LINE('',#12840,#12841);
#12840 = CARTESIAN_POINT('',(1.110223024625E-17,-0.141421356237));
#12841 = VECTOR('',#12842,1.);
#12842 = DIRECTION('',(-1.,0.));
#12843 = ( GEOMETRIC_REPRESENTATION_CONTEXT(2) 
PARAMETRIC_REPRESENTATION_CONTEXT() REPRESENTATION_CONTEXT('2D SPACE',''
  ) );
#12844 = ADVANCED_FACE('',(#12845),#4389,.T.);
#12845 = FACE_BOUND('',#12846,.F.);
#12846 = EDGE_LOOP('',(#12847,#12848,#12849,#12872));
#12847 = ORIENTED_EDGE('',*,*,#4373,.F.);
#12848 = ORIENTED_EDGE('',*,*,#12824,.T.);
#12849 = ORIENTED_EDGE('',*,*,#12850,.T.);
#12850 = EDGE_CURVE('',#12802,#12851,#12853,.T.);
#12851 = VERTEX_POINT('',#12852);
#12852 = CARTESIAN_POINT('',(-19.7,6.775,21.275));
#12853 = SURFACE_CURVE('',#12854,(#12858,#12865),.PCURVE_S1.);
#12854 = LINE('',#12855,#12856);
#12855 = CARTESIAN_POINT('',(-19.7,6.875,21.175));
#12856 = VECTOR('',#12857,1.);
#12857 = DIRECTION('',(-7.850462293419E-17,-0.707106781187,
    0.707106781187));
#12858 = PCURVE('',#4389,#12859);
#12859 = DEFINITIONAL_REPRESENTATION('',(#12860),#12864);
#12860 = LINE('',#12861,#12862);
#12861 = CARTESIAN_POINT('',(-5.8,-4.553268130183E-16));
#12862 = VECTOR('',#12863,1.);
#12863 = DIRECTION('',(-0.,1.));
#12864 = ( GEOMETRIC_REPRESENTATION_CONTEXT(2) 
PARAMETRIC_REPRESENTATION_CONTEXT() REPRESENTATION_CONTEXT('2D SPACE',''
  ) );
#12865 = PCURVE('',#12616,#12866);
#12866 = DEFINITIONAL_REPRESENTATION('',(#12867),#12871);
#12867 = LINE('',#12868,#12869);
#12868 = CARTESIAN_POINT('',(-0.875,0.875));
#12869 = VECTOR('',#12870,1.);
#12870 = DIRECTION('',(-0.707106781187,-0.707106781187));
#12871 = ( GEOMETRIC_REPRESENTATION_CONTEXT(2) 
PARAMETRIC_REPRESENTATION_CONTEXT() REPRESENTATION_CONTEXT('2D SPACE',''
  ) );
#12872 = ORIENTED_EDGE('',*,*,#12873,.F.);
#12873 = EDGE_CURVE('',#4346,#12851,#12874,.T.);
#12874 = SURFACE_CURVE('',#12875,(#12879,#12886),.PCURVE_S1.);
#12875 = LINE('',#12876,#12877);
#12876 = CARTESIAN_POINT('',(-25.5,6.775,21.275));
#12877 = VECTOR('',#12878,1.);
#12878 = DIRECTION('',(1.,0.,1.110223024625E-16));
#12879 = PCURVE('',#4389,#12880);
#12880 = DEFINITIONAL_REPRESENTATION('',(#12881),#12885);
#12881 = LINE('',#12882,#12883);
#12882 = CARTESIAN_POINT('',(-1.110223024625E-17,0.141421356237));
#12883 = VECTOR('',#12884,1.);
#12884 = DIRECTION('',(-1.,0.));
#12885 = ( GEOMETRIC_REPRESENTATION_CONTEXT(2) 
PARAMETRIC_REPRESENTATION_CONTEXT() REPRESENTATION_CONTEXT('2D SPACE',''
  ) );
#12886 = PCURVE('',#4361,#12887);
#12887 = DEFINITIONAL_REPRESENTATION('',(#12888),#12892);
#12888 = LINE('',#12889,#12890);
#12889 = CARTESIAN_POINT('',(0.2,-0.));
#12890 = VECTOR('',#12891,1.);
#12891 = DIRECTION('',(0.,-1.));
#12892 = ( GEOMETRIC_REPRESENTATION_CONTEXT(2) 
PARAMETRIC_REPRESENTATION_CONTEXT() REPRESENTATION_CONTEXT('2D SPACE',''
  ) );
#12893 = ADVANCED_FACE('',(#12894),#4361,.F.);
#12894 = FACE_BOUND('',#12895,.F.);
#12895 = EDGE_LOOP('',(#12896,#12897,#12898,#12921));
#12896 = ORIENTED_EDGE('',*,*,#4345,.F.);
#12897 = ORIENTED_EDGE('',*,*,#12873,.T.);
#12898 = ORIENTED_EDGE('',*,*,#12899,.T.);
#12899 = EDGE_CURVE('',#12851,#12900,#12902,.T.);
#12900 = VERTEX_POINT('',#12901);
#12901 = CARTESIAN_POINT('',(-19.7,5.225,21.275));
#12902 = SURFACE_CURVE('',#12903,(#12907,#12914),.PCURVE_S1.);
#12903 = LINE('',#12904,#12905);
#12904 = CARTESIAN_POINT('',(-19.7,6.975,21.275));
#12905 = VECTOR('',#12906,1.);
#12906 = DIRECTION('',(0.,-1.,0.));
#12907 = PCURVE('',#4361,#12908);
#12908 = DEFINITIONAL_REPRESENTATION('',(#12909),#12913);
#12909 = LINE('',#12910,#12911);
#12910 = CARTESIAN_POINT('',(0.,-5.8));
#12911 = VECTOR('',#12912,1.);
#12912 = DIRECTION('',(1.,-0.));
#12913 = ( GEOMETRIC_REPRESENTATION_CONTEXT(2) 
PARAMETRIC_REPRESENTATION_CONTEXT() REPRESENTATION_CONTEXT('2D SPACE',''
  ) );
#12914 = PCURVE('',#12616,#12915);
#12915 = DEFINITIONAL_REPRESENTATION('',(#12916),#12920);
#12916 = LINE('',#12917,#12918);
#12917 = CARTESIAN_POINT('',(-0.975,0.975));
#12918 = VECTOR('',#12919,1.);
#12919 = DIRECTION('',(0.,-1.));
#12920 = ( GEOMETRIC_REPRESENTATION_CONTEXT(2) 
PARAMETRIC_REPRESENTATION_CONTEXT() REPRESENTATION_CONTEXT('2D SPACE',''
  ) );
#12921 = ORIENTED_EDGE('',*,*,#12922,.F.);
#12922 = EDGE_CURVE('',#4318,#12900,#12923,.T.);
#12923 = SURFACE_CURVE('',#12924,(#12928,#12935),.PCURVE_S1.);
#12924 = LINE('',#12925,#12926);
#12925 = CARTESIAN_POINT('',(-25.5,5.225,21.275));
#12926 = VECTOR('',#12927,1.);
#12927 = DIRECTION('',(1.,0.,1.110223024625E-16));
#12928 = PCURVE('',#4361,#12929);
#12929 = DEFINITIONAL_REPRESENTATION('',(#12930),#12934);
#12930 = LINE('',#12931,#12932);
#12931 = CARTESIAN_POINT('',(1.75,-0.));
#12932 = VECTOR('',#12933,1.);
#12933 = DIRECTION('',(0.,-1.));
#12934 = ( GEOMETRIC_REPRESENTATION_CONTEXT(2) 
PARAMETRIC_REPRESENTATION_CONTEXT() REPRESENTATION_CONTEXT('2D SPACE',''
  ) );
#12935 = PCURVE('',#4333,#12936);
#12936 = DEFINITIONAL_REPRESENTATION('',(#12937),#12941);
#12937 = LINE('',#12938,#12939);
#12938 = CARTESIAN_POINT('',(1.110223024625E-17,0.141421356237));
#12939 = VECTOR('',#12940,1.);
#12940 = DIRECTION('',(1.,0.));
#12941 = ( GEOMETRIC_REPRESENTATION_CONTEXT(2) 
PARAMETRIC_REPRESENTATION_CONTEXT() REPRESENTATION_CONTEXT('2D SPACE',''
  ) );
#12942 = ADVANCED_FACE('',(#12943),#4333,.T.);
#12943 = FACE_BOUND('',#12944,.T.);
#12944 = EDGE_LOOP('',(#12945,#12946,#12947,#12968));
#12945 = ORIENTED_EDGE('',*,*,#4317,.F.);
#12946 = ORIENTED_EDGE('',*,*,#12577,.T.);
#12947 = ORIENTED_EDGE('',*,*,#12948,.T.);
#12948 = EDGE_CURVE('',#12578,#12900,#12949,.T.);
#12949 = SURFACE_CURVE('',#12950,(#12954,#12961),.PCURVE_S1.);
#12950 = LINE('',#12951,#12952);
#12951 = CARTESIAN_POINT('',(-19.7,5.125,21.175));
#12952 = VECTOR('',#12953,1.);
#12953 = DIRECTION('',(-7.850462293419E-17,0.707106781187,0.707106781187
    ));
#12954 = PCURVE('',#4333,#12955);
#12955 = DEFINITIONAL_REPRESENTATION('',(#12956),#12960);
#12956 = LINE('',#12957,#12958);
#12957 = CARTESIAN_POINT('',(5.8,-4.553268130183E-16));
#12958 = VECTOR('',#12959,1.);
#12959 = DIRECTION('',(0.,1.));
#12960 = ( GEOMETRIC_REPRESENTATION_CONTEXT(2) 
PARAMETRIC_REPRESENTATION_CONTEXT() REPRESENTATION_CONTEXT('2D SPACE',''
  ) );
#12961 = PCURVE('',#12616,#12962);
#12962 = DEFINITIONAL_REPRESENTATION('',(#12963),#12967);
#12963 = LINE('',#12964,#12965);
#12964 = CARTESIAN_POINT('',(-0.875,-0.875));
#12965 = VECTOR('',#12966,1.);
#12966 = DIRECTION('',(-0.707106781187,0.707106781187));
#12967 = ( GEOMETRIC_REPRESENTATION_CONTEXT(2) 
PARAMETRIC_REPRESENTATION_CONTEXT() REPRESENTATION_CONTEXT('2D SPACE',''
  ) );
#12968 = ORIENTED_EDGE('',*,*,#12922,.F.);
#12969 = ADVANCED_FACE('',(#12970),#4559,.T.);
#12970 = FACE_BOUND('',#12971,.F.);
#12971 = EDGE_LOOP('',(#12972,#12973,#12974,#12975));
#12972 = ORIENTED_EDGE('',*,*,#8617,.F.);
#12973 = ORIENTED_EDGE('',*,*,#4543,.F.);
#12974 = ORIENTED_EDGE('',*,*,#12241,.T.);
#12975 = ORIENTED_EDGE('',*,*,#8426,.T.);
#12976 = ADVANCED_FACE('',(#12977),#4752,.T.);
#12977 = FACE_BOUND('',#12978,.F.);
#12978 = EDGE_LOOP('',(#12979,#12980,#12981,#12982));
#12979 = ORIENTED_EDGE('',*,*,#9313,.F.);
#12980 = ORIENTED_EDGE('',*,*,#9417,.F.);
#12981 = ORIENTED_EDGE('',*,*,#12325,.T.);
#12982 = ORIENTED_EDGE('',*,*,#4736,.T.);
#12983 = ADVANCED_FACE('',(#12984),#4836,.T.);
#12984 = FACE_BOUND('',#12985,.F.);
#12985 = EDGE_LOOP('',(#12986,#12987,#12988,#12989));
#12986 = ORIENTED_EDGE('',*,*,#4819,.F.);
#12987 = ORIENTED_EDGE('',*,*,#4900,.F.);
#12988 = ORIENTED_EDGE('',*,*,#11933,.T.);
#12989 = ORIENTED_EDGE('',*,*,#5108,.T.);
#12990 = ADVANCED_FACE('',(#12991),#5232,.T.);
#12991 = FACE_BOUND('',#12992,.F.);
#12992 = EDGE_LOOP('',(#12993,#12994,#12995,#12996));
#12993 = ORIENTED_EDGE('',*,*,#5438,.F.);
#12994 = ORIENTED_EDGE('',*,*,#5542,.F.);
#12995 = ORIENTED_EDGE('',*,*,#11961,.T.);
#12996 = ORIENTED_EDGE('',*,*,#5216,.T.);
#12997 = ADVANCED_FACE('',(#12998),#5317,.T.);
#12998 = FACE_BOUND('',#12999,.F.);
#12999 = EDGE_LOOP('',(#13000,#13001,#13002,#13003));
#13000 = ORIENTED_EDGE('',*,*,#5466,.F.);
#13001 = ORIENTED_EDGE('',*,*,#5301,.F.);
#13002 = ORIENTED_EDGE('',*,*,#11989,.T.);
#13003 = ORIENTED_EDGE('',*,*,#5750,.T.);
#13004 = ADVANCED_FACE('',(#13005),#5874,.T.);
#13005 = FACE_BOUND('',#13006,.F.);
#13006 = EDGE_LOOP('',(#13007,#13008,#13009,#13010));
#13007 = ORIENTED_EDGE('',*,*,#6080,.F.);
#13008 = ORIENTED_EDGE('',*,*,#6184,.F.);
#13009 = ORIENTED_EDGE('',*,*,#12017,.T.);
#13010 = ORIENTED_EDGE('',*,*,#5858,.T.);
#13011 = ADVANCED_FACE('',(#13012),#5959,.T.);
#13012 = FACE_BOUND('',#13013,.F.);
#13013 = EDGE_LOOP('',(#13014,#13015,#13016,#13017));
#13014 = ORIENTED_EDGE('',*,*,#6108,.F.);
#13015 = ORIENTED_EDGE('',*,*,#5943,.F.);
#13016 = ORIENTED_EDGE('',*,*,#12045,.T.);
#13017 = ORIENTED_EDGE('',*,*,#6392,.T.);
#13018 = ADVANCED_FACE('',(#13019),#6516,.T.);
#13019 = FACE_BOUND('',#13020,.F.);
#13020 = EDGE_LOOP('',(#13021,#13022,#13023,#13024));
#13021 = ORIENTED_EDGE('',*,*,#6722,.F.);
#13022 = ORIENTED_EDGE('',*,*,#6826,.F.);
#13023 = ORIENTED_EDGE('',*,*,#12073,.T.);
#13024 = ORIENTED_EDGE('',*,*,#6500,.T.);
#13025 = ADVANCED_FACE('',(#13026),#6601,.T.);
#13026 = FACE_BOUND('',#13027,.F.);
#13027 = EDGE_LOOP('',(#13028,#13029,#13030,#13031));
#13028 = ORIENTED_EDGE('',*,*,#6750,.F.);
#13029 = ORIENTED_EDGE('',*,*,#6585,.F.);
#13030 = ORIENTED_EDGE('',*,*,#12101,.T.);
#13031 = ORIENTED_EDGE('',*,*,#7034,.T.);
#13032 = ADVANCED_FACE('',(#13033),#7158,.T.);
#13033 = FACE_BOUND('',#13034,.F.);
#13034 = EDGE_LOOP('',(#13035,#13036,#13037,#13038));
#13035 = ORIENTED_EDGE('',*,*,#7364,.F.);
#13036 = ORIENTED_EDGE('',*,*,#7468,.F.);
#13037 = ORIENTED_EDGE('',*,*,#12129,.T.);
#13038 = ORIENTED_EDGE('',*,*,#7142,.T.);
#13039 = ADVANCED_FACE('',(#13040),#7243,.T.);
#13040 = FACE_BOUND('',#13041,.F.);
#13041 = EDGE_LOOP('',(#13042,#13043,#13044,#13045));
#13042 = ORIENTED_EDGE('',*,*,#7392,.F.);
#13043 = ORIENTED_EDGE('',*,*,#7227,.F.);
#13044 = ORIENTED_EDGE('',*,*,#12157,.T.);
#13045 = ORIENTED_EDGE('',*,*,#7676,.T.);
#13046 = ADVANCED_FACE('',(#13047),#7800,.T.);
#13047 = FACE_BOUND('',#13048,.F.);
#13048 = EDGE_LOOP('',(#13049,#13050,#13051,#13052));
#13049 = ORIENTED_EDGE('',*,*,#8006,.F.);
#13050 = ORIENTED_EDGE('',*,*,#8110,.F.);
#13051 = ORIENTED_EDGE('',*,*,#12185,.T.);
#13052 = ORIENTED_EDGE('',*,*,#7784,.T.);
#13053 = ADVANCED_FACE('',(#13054),#7885,.T.);
#13054 = FACE_BOUND('',#13055,.F.);
#13055 = EDGE_LOOP('',(#13056,#13057,#13058,#13059));
#13056 = ORIENTED_EDGE('',*,*,#8034,.F.);
#13057 = ORIENTED_EDGE('',*,*,#7869,.F.);
#13058 = ORIENTED_EDGE('',*,*,#12213,.T.);
#13059 = ORIENTED_EDGE('',*,*,#8318,.T.);
#13060 = ADVANCED_FACE('',(#13061),#8522,.T.);
#13061 = FACE_BOUND('',#13062,.F.);
#13062 = EDGE_LOOP('',(#13063,#13064,#13065,#13066));
#13063 = ORIENTED_EDGE('',*,*,#8645,.F.);
#13064 = ORIENTED_EDGE('',*,*,#8506,.F.);
#13065 = ORIENTED_EDGE('',*,*,#12269,.T.);
#13066 = ORIENTED_EDGE('',*,*,#8801,.T.);
#13067 = ADVANCED_FACE('',(#13068),#8871,.T.);
#13068 = FACE_BOUND('',#13069,.F.);
#13069 = EDGE_LOOP('',(#13070,#13071,#13072,#13073));
#13070 = ORIENTED_EDGE('',*,*,#8966,.F.);
#13071 = ORIENTED_EDGE('',*,*,#8855,.F.);
#13072 = ORIENTED_EDGE('',*,*,#12297,.T.);
#13073 = ORIENTED_EDGE('',*,*,#9122,.T.);
#13074 = ADVANCED_FACE('',(#13075),#9192,.T.);
#13075 = FACE_BOUND('',#13076,.F.);
#13076 = EDGE_LOOP('',(#13077,#13078,#13079,#13080));
#13077 = ORIENTED_EDGE('',*,*,#9341,.F.);
#13078 = ORIENTED_EDGE('',*,*,#9176,.F.);
#13079 = ORIENTED_EDGE('',*,*,#12353,.T.);
#13080 = ORIENTED_EDGE('',*,*,#9625,.T.);
#13081 = ADVANCED_FACE('',(#13082),#9749,.T.);
#13082 = FACE_BOUND('',#13083,.F.);
#13083 = EDGE_LOOP('',(#13084,#13085,#13086,#13087));
#13084 = ORIENTED_EDGE('',*,*,#9955,.F.);
#13085 = ORIENTED_EDGE('',*,*,#10059,.F.);
#13086 = ORIENTED_EDGE('',*,*,#12381,.T.);
#13087 = ORIENTED_EDGE('',*,*,#9733,.T.);
#13088 = ADVANCED_FACE('',(#13089),#9834,.T.);
#13089 = FACE_BOUND('',#13090,.F.);
#13090 = EDGE_LOOP('',(#13091,#13092,#13093,#13094));
#13091 = ORIENTED_EDGE('',*,*,#9983,.F.);
#13092 = ORIENTED_EDGE('',*,*,#9818,.F.);
#13093 = ORIENTED_EDGE('',*,*,#12409,.T.);
#13094 = ORIENTED_EDGE('',*,*,#10267,.T.);
#13095 = ADVANCED_FACE('',(#13096),#10391,.T.);
#13096 = FACE_BOUND('',#13097,.F.);
#13097 = EDGE_LOOP('',(#13098,#13099,#13100,#13101));
#13098 = ORIENTED_EDGE('',*,*,#10597,.F.);
#13099 = ORIENTED_EDGE('',*,*,#10701,.F.);
#13100 = ORIENTED_EDGE('',*,*,#12437,.T.);
#13101 = ORIENTED_EDGE('',*,*,#10375,.T.);
#13102 = ADVANCED_FACE('',(#13103),#10476,.T.);
#13103 = FACE_BOUND('',#13104,.F.);
#13104 = EDGE_LOOP('',(#13105,#13106,#13107,#13108));
#13105 = ORIENTED_EDGE('',*,*,#10625,.F.);
#13106 = ORIENTED_EDGE('',*,*,#10460,.F.);
#13107 = ORIENTED_EDGE('',*,*,#12465,.T.);
#13108 = ORIENTED_EDGE('',*,*,#10909,.T.);
#13109 = ADVANCED_FACE('',(#13110),#11033,.T.);
#13110 = FACE_BOUND('',#13111,.F.);
#13111 = EDGE_LOOP('',(#13112,#13113,#13114,#13115));
#13112 = ORIENTED_EDGE('',*,*,#11239,.F.);
#13113 = ORIENTED_EDGE('',*,*,#11343,.F.);
#13114 = ORIENTED_EDGE('',*,*,#12493,.T.);
#13115 = ORIENTED_EDGE('',*,*,#11017,.T.);
#13116 = ADVANCED_FACE('',(#13117),#11118,.T.);
#13117 = FACE_BOUND('',#13118,.F.);
#13118 = EDGE_LOOP('',(#13119,#13120,#13121,#13122));
#13119 = ORIENTED_EDGE('',*,*,#11267,.F.);
#13120 = ORIENTED_EDGE('',*,*,#11102,.F.);
#13121 = ORIENTED_EDGE('',*,*,#12521,.T.);
#13122 = ORIENTED_EDGE('',*,*,#11551,.T.);
#13123 = ADVANCED_FACE('',(#13124),#11675,.T.);
#13124 = FACE_BOUND('',#13125,.F.);
#13125 = EDGE_LOOP('',(#13126,#13127,#13128,#13129));
#13126 = ORIENTED_EDGE('',*,*,#11850,.F.);
#13127 = ORIENTED_EDGE('',*,*,#11744,.F.);
#13128 = ORIENTED_EDGE('',*,*,#12549,.T.);
#13129 = ORIENTED_EDGE('',*,*,#11659,.T.);
#13130 = ADVANCED_FACE('',(#13131),#11916,.F.);
#13131 = FACE_BOUND('',#13132,.F.);
#13132 = EDGE_LOOP('',(#13133));
#13133 = ORIENTED_EDGE('',*,*,#11901,.T.);
#13134 = ADVANCED_FACE('',(#13135),#12616,.T.);
#13135 = FACE_BOUND('',#13136,.T.);
#13136 = EDGE_LOOP('',(#13137,#13138,#13139,#13140,#13141,#13142,#13143,
    #13144));
#13137 = ORIENTED_EDGE('',*,*,#12600,.T.);
#13138 = ORIENTED_EDGE('',*,*,#12654,.T.);
#13139 = ORIENTED_EDGE('',*,*,#12703,.T.);
#13140 = ORIENTED_EDGE('',*,*,#12752,.T.);
#13141 = ORIENTED_EDGE('',*,*,#12801,.T.);
#13142 = ORIENTED_EDGE('',*,*,#12850,.T.);
#13143 = ORIENTED_EDGE('',*,*,#12899,.T.);
#13144 = ORIENTED_EDGE('',*,*,#12948,.F.);
#13145 = ( GEOMETRIC_REPRESENTATION_CONTEXT(3) 
GLOBAL_UNCERTAINTY_ASSIGNED_CONTEXT((#13149)) 
GLOBAL_UNIT_ASSIGNED_CONTEXT((#13146,#13147,#13148)) 
REPRESENTATION_CONTEXT('Context #1',
  '3D Context with UNIT and UNCERTAINTY') );
#13146 = ( LENGTH_UNIT() NAMED_UNIT(*) SI_UNIT(.MILLI.,.METRE.) );
#13147 = ( NAMED_UNIT(*) PLANE_ANGLE_UNIT() SI_UNIT($,.RADIAN.) );
#13148 = ( NAMED_UNIT(*) SI_UNIT($,.STERADIAN.) SOLID_ANGLE_UNIT() );
#13149 = UNCERTAINTY_MEASURE_WITH_UNIT(LENGTH_MEASURE(5.E-06),#13146,
  'distance_accuracy_value','confusion accuracy');
#13150 = PRODUCT_RELATED_PRODUCT_CATEGORY('part',$,(#7));
ENDSEC;
END-ISO-10303-21;
