ISO-10303-21;
HEADER;
FILE_DESCRIPTION(('KiCad electronic assembly'),'2;1');
FILE_NAME('creative-controller-pcb.step','2026-10-08T02:09:02',('Pcbnew'
    ),('Kicad'),'Open CASCADE STEP processor 7.8',
  'KiCad to STEP converter','Unknown');
FILE_SCHEMA(('AUTOMOTIVE_DESIGN { 1 0 10303 214 1 1 1 1 }'));
ENDSEC;
DATA;
#1 = APPLICATION_PROTOCOL_DEFINITION('international standard',
  'automotive_design',2000,#2);
#2 = APPLICATION_CONTEXT(
  'core data for automotive mechanical design processes');
#3 = SHAPE_DEFINITION_REPRESENTATION(#4,#10);
#4 = PRODUCT_DEFINITION_SHAPE('','',#5);
#5 = PRODUCT_DEFINITION('design','',#6,#9);
#6 = PRODUCT_DEFINITION_FORMATION('','',#7);
#7 = PRODUCT('creative-controller-pcb 1','creative-controller-pcb 1','',
  (#8));
#8 = PRODUCT_CONTEXT('',#2,'mechanical');
#9 = PRODUCT_DEFINITION_CONTEXT('part definition',#2,'design');
#10 = SHAPE_REPRESENTATION('',(#11,#15),#19);
#11 = AXIS2_PLACEMENT_3D('',#12,#13,#14);
#12 = CARTESIAN_POINT('',(0.,0.,0.));
#13 = DIRECTION('',(0.,0.,1.));
#14 = DIRECTION('',(1.,0.,-0.));
#15 = AXIS2_PLACEMENT_3D('',#16,#17,#18);
#16 = CARTESIAN_POINT('',(0.,0.,0.));
#17 = DIRECTION('',(0.,0.,1.));
#18 = DIRECTION('',(1.,0.,-0.));
#19 = ( GEOMETRIC_REPRESENTATION_CONTEXT(3) 
GLOBAL_UNCERTAINTY_ASSIGNED_CONTEXT((#23)) GLOBAL_UNIT_ASSIGNED_CONTEXT(
(#20,#21,#22)) REPRESENTATION_CONTEXT('Context #1',
  '3D Context with UNIT and UNCERTAINTY') );
#20 = ( LENGTH_UNIT() NAMED_UNIT(*) SI_UNIT(.MILLI.,.METRE.) );
#21 = ( NAMED_UNIT(*) PLANE_ANGLE_UNIT() SI_UNIT($,.RADIAN.) );
#22 = ( NAMED_UNIT(*) SI_UNIT($,.STERADIAN.) SOLID_ANGLE_UNIT() );
#23 = UNCERTAINTY_MEASURE_WITH_UNIT(LENGTH_MEASURE(1.E-07),#20,
  'distance_accuracy_value','confusion accuracy');
#24 = PRODUCT_RELATED_PRODUCT_CATEGORY('part',$,(#7));
#25 = SHAPE_DEFINITION_REPRESENTATION(#26,#32);
#26 = PRODUCT_DEFINITION_SHAPE('','',#27);
#27 = PRODUCT_DEFINITION('design','',#28,#31);
#28 = PRODUCT_DEFINITION_FORMATION('','',#29);
#29 = PRODUCT('creative-controller_PCB','creative-controller_PCB','',(
    #30));
#30 = PRODUCT_CONTEXT('',#2,'mechanical');
#31 = PRODUCT_DEFINITION_CONTEXT('part definition',#2,'design');
#32 = ADVANCED_BREP_SHAPE_REPRESENTATION('',(#11,#33),#5736);
#33 = MANIFOLD_SOLID_BREP('',#34);
#34 = CLOSED_SHELL('',(#35,#75,#106,#137,#1562,#2987,#3004,#3021,#3038,
    #3055,#3072,#3089,#3106,#3123,#3140,#3157,#3174,#3191,#3208,#3225,
    #3242,#3259,#3276,#3293,#3310,#3327,#3344,#3361,#3378,#3395,#3412,
    #3429,#3446,#3463,#3480,#3497,#3514,#3531,#3548,#3565,#3582,#3599,
    #3616,#3633,#3650,#3667,#3684,#3701,#3718,#3735,#3752,#3769,#3786,
    #3803,#3820,#3837,#3854,#3871,#3888,#3905,#3922,#3939,#3956,#3973,
    #3990,#4007,#4024,#4041,#4058,#4075,#4092,#4109,#4126,#4143,#4160,
    #4177,#4194,#4211,#4228,#4245,#4262,#4279,#4296,#4313,#4330,#4347,
    #4364,#4381,#4398,#4415,#4432,#4449,#4466,#4483,#4500,#4517,#4534,
    #4551,#4568,#4585,#4602,#4619,#4636,#4653,#4670,#4682,#4699,#4716,
    #4733,#4750,#4767,#4784,#4801,#4823,#4840,#4857,#4869,#4886,#4903,
    #4920,#4937,#4954,#4971,#4988,#5005,#5022,#5039,#5056,#5078,#5095,
    #5112,#5129,#5146,#5163,#5180,#5192,#5209,#5226,#5243,#5260,#5277,
    #5299,#5316,#5333,#5345,#5362,#5384,#5401,#5418,#5430,#5452,#5469,
    #5486,#5498,#5515,#5532,#5549,#5566,#5588,#5605,#5622,#5634,#5656,
    #5673,#5690,#5702,#5719));
#35 = ADVANCED_FACE('',(#36),#70,.T.);
#36 = FACE_BOUND('',#37,.T.);
#37 = EDGE_LOOP('',(#38,#48,#56,#64));
#38 = ORIENTED_EDGE('',*,*,#39,.T.);
#39 = EDGE_CURVE('',#40,#42,#44,.T.);
#40 = VERTEX_POINT('',#41);
#41 = CARTESIAN_POINT('',(106.5097,-55.2727,0.));
#42 = VERTEX_POINT('',#43);
#43 = CARTESIAN_POINT('',(106.5097,-55.2727,1.51));
#44 = LINE('',#45,#46);
#45 = CARTESIAN_POINT('',(106.5097,-55.2727,0.));
#46 = VECTOR('',#47,1.);
#47 = DIRECTION('',(0.,0.,1.));
#48 = ORIENTED_EDGE('',*,*,#49,.T.);
#49 = EDGE_CURVE('',#42,#50,#52,.T.);
#50 = VERTEX_POINT('',#51);
#51 = CARTESIAN_POINT('',(106.585,-55.4536,1.51));
#52 = LINE('',#53,#54);
#53 = CARTESIAN_POINT('',(106.5097,-55.2727,1.51));
#54 = VECTOR('',#55,1.);
#55 = DIRECTION('',(0.384289223453,-0.923212755944,0.));
#56 = ORIENTED_EDGE('',*,*,#57,.F.);
#57 = EDGE_CURVE('',#58,#50,#60,.T.);
#58 = VERTEX_POINT('',#59);
#59 = CARTESIAN_POINT('',(106.585,-55.4536,0.));
#60 = LINE('',#61,#62);
#61 = CARTESIAN_POINT('',(106.585,-55.4536,0.));
#62 = VECTOR('',#63,1.);
#63 = DIRECTION('',(0.,0.,1.));
#64 = ORIENTED_EDGE('',*,*,#65,.F.);
#65 = EDGE_CURVE('',#40,#58,#66,.T.);
#66 = LINE('',#67,#68);
#67 = CARTESIAN_POINT('',(106.5097,-55.2727,0.));
#68 = VECTOR('',#69,1.);
#69 = DIRECTION('',(0.384289223453,-0.923212755944,0.));
#70 = PLANE('',#71);
#71 = AXIS2_PLACEMENT_3D('',#72,#73,#74);
#72 = CARTESIAN_POINT('',(106.5097,-55.2727,0.));
#73 = DIRECTION('',(0.923212755944,0.384289223453,-0.));
#74 = DIRECTION('',(0.384289223453,-0.923212755944,0.));
#75 = ADVANCED_FACE('',(#76),#101,.T.);
#76 = FACE_BOUND('',#77,.T.);
#77 = EDGE_LOOP('',(#78,#88,#94,#95));
#78 = ORIENTED_EDGE('',*,*,#79,.T.);
#79 = EDGE_CURVE('',#80,#82,#84,.T.);
#80 = VERTEX_POINT('',#81);
#81 = CARTESIAN_POINT('',(106.4877,-54.9,0.));
#82 = VERTEX_POINT('',#83);
#83 = CARTESIAN_POINT('',(106.4877,-54.9,1.51));
#84 = LINE('',#85,#86);
#85 = CARTESIAN_POINT('',(106.4877,-54.9,0.));
#86 = VECTOR('',#87,1.);
#87 = DIRECTION('',(0.,0.,1.));
#88 = ORIENTED_EDGE('',*,*,#89,.T.);
#89 = EDGE_CURVE('',#82,#42,#90,.T.);
#90 = LINE('',#91,#92);
#91 = CARTESIAN_POINT('',(106.4877,-54.9,1.51));
#92 = VECTOR('',#93,1.);
#93 = DIRECTION('',(5.89261379101E-02,-0.998262345414,0.));
#94 = ORIENTED_EDGE('',*,*,#39,.F.);
#95 = ORIENTED_EDGE('',*,*,#96,.F.);
#96 = EDGE_CURVE('',#80,#40,#97,.T.);
#97 = LINE('',#98,#99);
#98 = CARTESIAN_POINT('',(106.4877,-54.9,0.));
#99 = VECTOR('',#100,1.);
#100 = DIRECTION('',(5.89261379101E-02,-0.998262345414,0.));
#101 = PLANE('',#102);
#102 = AXIS2_PLACEMENT_3D('',#103,#104,#105);
#103 = CARTESIAN_POINT('',(106.4877,-54.9,0.));
#104 = DIRECTION('',(0.998262345414,5.89261379101E-02,-0.));
#105 = DIRECTION('',(5.89261379101E-02,-0.998262345414,0.));
#106 = ADVANCED_FACE('',(#107),#132,.T.);
#107 = FACE_BOUND('',#108,.T.);
#108 = EDGE_LOOP('',(#109,#110,#118,#126));
#109 = ORIENTED_EDGE('',*,*,#57,.T.);
#110 = ORIENTED_EDGE('',*,*,#111,.T.);
#111 = EDGE_CURVE('',#50,#112,#114,.T.);
#112 = VERTEX_POINT('',#113);
#113 = CARTESIAN_POINT('',(106.7664,-55.6168,1.51));
#114 = LINE('',#115,#116);
#115 = CARTESIAN_POINT('',(106.585,-55.4536,1.51));
#116 = VECTOR('',#117,1.);
#117 = DIRECTION('',(0.743416401053,-0.668828867981,0.));
#118 = ORIENTED_EDGE('',*,*,#119,.F.);
#119 = EDGE_CURVE('',#120,#112,#122,.T.);
#120 = VERTEX_POINT('',#121);
#121 = CARTESIAN_POINT('',(106.7664,-55.6168,0.));
#122 = LINE('',#123,#124);
#123 = CARTESIAN_POINT('',(106.7664,-55.6168,0.));
#124 = VECTOR('',#125,1.);
#125 = DIRECTION('',(0.,0.,1.));
#126 = ORIENTED_EDGE('',*,*,#127,.F.);
#127 = EDGE_CURVE('',#58,#120,#128,.T.);
#128 = LINE('',#129,#130);
#129 = CARTESIAN_POINT('',(106.585,-55.4536,0.));
#130 = VECTOR('',#131,1.);
#131 = DIRECTION('',(0.743416401053,-0.668828867981,0.));
#132 = PLANE('',#133);
#133 = AXIS2_PLACEMENT_3D('',#134,#135,#136);
#134 = CARTESIAN_POINT('',(106.585,-55.4536,0.));
#135 = DIRECTION('',(0.668828867981,0.743416401053,-0.));
#136 = DIRECTION('',(0.743416401053,-0.668828867981,0.));
#137 = ADVANCED_FACE('',(#138,#941,#952,#963,#974,#985,#996,#1007,#1018,
    #1054,#1065,#1076,#1087,#1098,#1109,#1120,#1131,#1142,#1153,#1164,
    #1175,#1245,#1256,#1267,#1278,#1289,#1300,#1336,#1347,#1383,#1419,
    #1430,#1441,#1452,#1463,#1499,#1535,#1546),#1557,.F.);
#138 = FACE_BOUND('',#139,.F.);
#139 = EDGE_LOOP('',(#140,#141,#142,#150,#158,#166,#174,#182,#190,#198,
    #206,#214,#222,#230,#238,#246,#254,#262,#270,#278,#286,#294,#302,
    #310,#318,#326,#334,#342,#350,#358,#366,#374,#382,#390,#398,#406,
    #414,#422,#430,#438,#446,#454,#462,#470,#478,#486,#494,#502,#510,
    #518,#526,#534,#542,#550,#558,#566,#574,#582,#590,#598,#606,#614,
    #622,#630,#638,#646,#654,#662,#670,#678,#686,#694,#702,#710,#718,
    #726,#734,#742,#750,#758,#766,#774,#782,#790,#798,#806,#814,#822,
    #830,#838,#846,#854,#862,#870,#878,#886,#894,#902,#910,#918,#926,
    #934,#940));
#140 = ORIENTED_EDGE('',*,*,#65,.F.);
#141 = ORIENTED_EDGE('',*,*,#96,.F.);
#142 = ORIENTED_EDGE('',*,*,#143,.F.);
#143 = EDGE_CURVE('',#144,#80,#146,.T.);
#144 = VERTEX_POINT('',#145);
#145 = CARTESIAN_POINT('',(93.5006,-54.9006,0.));
#146 = LINE('',#147,#148);
#147 = CARTESIAN_POINT('',(93.5006,-54.9006,0.));
#148 = VECTOR('',#149,1.);
#149 = DIRECTION('',(0.999999998933,4.619969041266E-05,0.));
#150 = ORIENTED_EDGE('',*,*,#151,.F.);
#151 = EDGE_CURVE('',#152,#144,#154,.T.);
#152 = VERTEX_POINT('',#153);
#153 = CARTESIAN_POINT('',(93.4903,-55.2727,0.));
#154 = LINE('',#155,#156);
#155 = CARTESIAN_POINT('',(93.4903,-55.2727,0.));
#156 = VECTOR('',#157,1.);
#157 = DIRECTION('',(2.76701322721E-02,0.999617108587,0.));
#158 = ORIENTED_EDGE('',*,*,#159,.F.);
#159 = EDGE_CURVE('',#160,#152,#162,.T.);
#160 = VERTEX_POINT('',#161);
#161 = CARTESIAN_POINT('',(93.415,-55.4536,0.));
#162 = LINE('',#163,#164);
#163 = CARTESIAN_POINT('',(93.415,-55.4536,0.));
#164 = VECTOR('',#165,1.);
#165 = DIRECTION('',(0.384289223453,0.923212755944,0.));
#166 = ORIENTED_EDGE('',*,*,#167,.F.);
#167 = EDGE_CURVE('',#168,#160,#170,.T.);
#168 = VERTEX_POINT('',#169);
#169 = CARTESIAN_POINT('',(93.2336,-55.6168,0.));
#170 = LINE('',#171,#172);
#171 = CARTESIAN_POINT('',(93.2336,-55.6168,0.));
#172 = VECTOR('',#173,1.);
#173 = DIRECTION('',(0.743416401053,0.668828867981,0.));
#174 = ORIENTED_EDGE('',*,*,#175,.F.);
#175 = EDGE_CURVE('',#176,#168,#178,.T.);
#176 = VERTEX_POINT('',#177);
#177 = CARTESIAN_POINT('',(92.9965,-55.6747,0.));
#178 = LINE('',#179,#180);
#179 = CARTESIAN_POINT('',(92.9965,-55.6747,0.));
#180 = VECTOR('',#181,1.);
#181 = DIRECTION('',(0.971453585109,0.237229702985,0.));
#182 = ORIENTED_EDGE('',*,*,#183,.F.);
#183 = EDGE_CURVE('',#184,#176,#186,.T.);
#184 = VERTEX_POINT('',#185);
#185 = CARTESIAN_POINT('',(81.335,-55.6265,0.));
#186 = LINE('',#187,#188);
#187 = CARTESIAN_POINT('',(81.335,-55.6265,0.));
#188 = VECTOR('',#189,1.);
#189 = DIRECTION('',(0.999991458194,-4.133223709212E-03,0.));
#190 = ORIENTED_EDGE('',*,*,#191,.F.);
#191 = EDGE_CURVE('',#192,#184,#194,.T.);
#192 = VERTEX_POINT('',#193);
#193 = CARTESIAN_POINT('',(77.8273,-55.684,0.));
#194 = LINE('',#195,#196);
#195 = CARTESIAN_POINT('',(77.8273,-55.684,0.));
#196 = VECTOR('',#197,1.);
#197 = DIRECTION('',(0.999865669914,1.639030590417E-02,0.));
#198 = ORIENTED_EDGE('',*,*,#199,.F.);
#199 = EDGE_CURVE('',#200,#192,#202,.T.);
#200 = VERTEX_POINT('',#201);
#201 = CARTESIAN_POINT('',(75.2651,-55.7839,0.));
#202 = LINE('',#203,#204);
#203 = CARTESIAN_POINT('',(75.2651,-55.7839,0.));
#204 = VECTOR('',#205,1.);
#205 = DIRECTION('',(0.999240758207,3.896032774369E-02,0.));
#206 = ORIENTED_EDGE('',*,*,#207,.F.);
#207 = EDGE_CURVE('',#208,#200,#210,.T.);
#208 = VERTEX_POINT('',#209);
#209 = CARTESIAN_POINT('',(71.9464,-56.0333,0.));
#210 = LINE('',#211,#212);
#211 = CARTESIAN_POINT('',(71.9464,-56.0333,0.));
#212 = VECTOR('',#213,1.);
#213 = DIRECTION('',(0.997188150028,7.493859782953E-02,0.));
#214 = ORIENTED_EDGE('',*,*,#215,.F.);
#215 = EDGE_CURVE('',#216,#208,#218,.T.);
#216 = VERTEX_POINT('',#217);
#217 = CARTESIAN_POINT('',(69.1086,-56.417,0.));
#218 = LINE('',#219,#220);
#219 = CARTESIAN_POINT('',(69.1086,-56.417,0.));
#220 = VECTOR('',#221,1.);
#221 = DIRECTION('',(0.990982532643,0.133991119098,0.));
#222 = ORIENTED_EDGE('',*,*,#223,.F.);
#223 = EDGE_CURVE('',#224,#216,#226,.T.);
#224 = VERTEX_POINT('',#225);
#225 = CARTESIAN_POINT('',(66.6737,-56.946,0.));
#226 = LINE('',#227,#228);
#227 = CARTESIAN_POINT('',(66.6737,-56.946,0.));
#228 = VECTOR('',#229,1.);
#229 = DIRECTION('',(0.977203521914,0.21230467908,0.));
#230 = ORIENTED_EDGE('',*,*,#231,.F.);
#231 = EDGE_CURVE('',#232,#224,#234,.T.);
#232 = VERTEX_POINT('',#233);
#233 = CARTESIAN_POINT('',(65.703499,-57.2309,0.));
#234 = LINE('',#235,#236);
#235 = CARTESIAN_POINT('',(65.703499,-57.2309,0.));
#236 = VECTOR('',#237,1.);
#237 = DIRECTION('',(0.959486749036,0.281753754944,0.));
#238 = ORIENTED_EDGE('',*,*,#239,.F.);
#239 = EDGE_CURVE('',#240,#232,#242,.T.);
#240 = VERTEX_POINT('',#241);
#241 = CARTESIAN_POINT('',(64.592299,-57.6269,0.));
#242 = LINE('',#243,#244);
#243 = CARTESIAN_POINT('',(64.592299,-57.6269,0.));
#244 = VECTOR('',#245,1.);
#245 = DIRECTION('',(0.94197183777,0.335691907629,0.));
#246 = ORIENTED_EDGE('',*,*,#247,.F.);
#247 = EDGE_CURVE('',#248,#240,#250,.T.);
#248 = VERTEX_POINT('',#249);
#249 = CARTESIAN_POINT('',(63.77,-57.9795,0.));
#250 = LINE('',#251,#252);
#251 = CARTESIAN_POINT('',(63.77,-57.9795,0.));
#252 = VECTOR('',#253,1.);
#253 = DIRECTION('',(0.919069685227,0.394095056678,0.));
#254 = ORIENTED_EDGE('',*,*,#255,.F.);
#255 = EDGE_CURVE('',#256,#248,#258,.T.);
#256 = VERTEX_POINT('',#257);
#257 = CARTESIAN_POINT('',(62.8357,-58.4583,0.));
#258 = LINE('',#259,#260);
#259 = CARTESIAN_POINT('',(62.8357,-58.4583,0.));
#260 = VECTOR('',#261,1.);
#261 = DIRECTION('',(0.889944365641,0.45606910229,0.));
#262 = ORIENTED_EDGE('',*,*,#263,.F.);
#263 = EDGE_CURVE('',#264,#256,#266,.T.);
#264 = VERTEX_POINT('',#265);
#265 = CARTESIAN_POINT('',(62.1459,-58.8786,0.));
#266 = LINE('',#267,#268);
#267 = CARTESIAN_POINT('',(62.1459,-58.8786,0.));
#268 = VECTOR('',#269,1.);
#269 = DIRECTION('',(0.853966582036,0.520327855074,0.));
#270 = ORIENTED_EDGE('',*,*,#271,.F.);
#271 = EDGE_CURVE('',#272,#264,#274,.T.);
#272 = VERTEX_POINT('',#273);
#273 = CARTESIAN_POINT('',(61.3614,-59.4452,0.));
#274 = LINE('',#275,#276);
#275 = CARTESIAN_POINT('',(61.3614,-59.4452,0.));
#276 = VECTOR('',#277,1.);
#277 = DIRECTION('',(0.810671053666,0.58550187254,0.));
#278 = ORIENTED_EDGE('',*,*,#279,.F.);
#279 = EDGE_CURVE('',#280,#272,#282,.T.);
#280 = VERTEX_POINT('',#281);
#281 = CARTESIAN_POINT('',(60.6534,-60.0606,0.));
#282 = LINE('',#283,#284);
#283 = CARTESIAN_POINT('',(60.6534,-60.0606,0.));
#284 = VECTOR('',#285,1.);
#285 = DIRECTION('',(0.754738615076,0.65602562672,0.));
#286 = ORIENTED_EDGE('',*,*,#287,.F.);
#287 = EDGE_CURVE('',#288,#280,#290,.T.);
#288 = VERTEX_POINT('',#289);
#289 = CARTESIAN_POINT('',(60.0063,-60.7372,0.));
#290 = LINE('',#291,#292);
#291 = CARTESIAN_POINT('',(60.0063,-60.7372,0.));
#292 = VECTOR('',#293,1.);
#293 = DIRECTION('',(0.691176566989,0.722685929879,0.));
#294 = ORIENTED_EDGE('',*,*,#295,.F.);
#295 = EDGE_CURVE('',#296,#288,#298,.T.);
#296 = VERTEX_POINT('',#297);
#297 = CARTESIAN_POINT('',(59.5275,-61.3294,0.));
#298 = LINE('',#299,#300);
#299 = CARTESIAN_POINT('',(59.5275,-61.3294,0.));
#300 = VECTOR('',#301,1.);
#301 = DIRECTION('',(0.628722149442,0.777630026941,0.));
#302 = ORIENTED_EDGE('',*,*,#303,.F.);
#303 = EDGE_CURVE('',#304,#296,#306,.T.);
#304 = VERTEX_POINT('',#305);
#305 = CARTESIAN_POINT('',(58.9825,-62.1281,0.));
#306 = LINE('',#307,#308);
#307 = CARTESIAN_POINT('',(58.9825,-62.1281,0.));
#308 = VECTOR('',#309,1.);
#309 = DIRECTION('',(0.563641650632,0.826019424513,0.));
#310 = ORIENTED_EDGE('',*,*,#311,.F.);
#311 = EDGE_CURVE('',#312,#304,#314,.T.);
#312 = VERTEX_POINT('',#313);
#313 = CARTESIAN_POINT('',(58.2968,-63.3952,0.));
#314 = LINE('',#315,#316);
#315 = CARTESIAN_POINT('',(58.2968,-63.3952,0.));
#316 = VECTOR('',#317,1.);
#317 = DIRECTION('',(0.475936533089,0.87947962823,0.));
#318 = ORIENTED_EDGE('',*,*,#319,.F.);
#319 = EDGE_CURVE('',#320,#312,#322,.T.);
#320 = VERTEX_POINT('',#321);
#321 = CARTESIAN_POINT('',(57.709,-64.837899,0.));
#322 = LINE('',#323,#324);
#323 = CARTESIAN_POINT('',(57.709,-64.837899,0.));
#324 = VECTOR('',#325,1.);
#325 = DIRECTION('',(0.37731546264,0.926084791827,0.));
#326 = ORIENTED_EDGE('',*,*,#327,.F.);
#327 = EDGE_CURVE('',#328,#320,#330,.T.);
#328 = VERTEX_POINT('',#329);
#329 = CARTESIAN_POINT('',(57.2784,-66.2384,0.));
#330 = LINE('',#331,#332);
#331 = CARTESIAN_POINT('',(57.2784,-66.2384,0.));
#332 = VECTOR('',#333,1.);
#333 = DIRECTION('',(0.293884220918,0.955841024802,0.));
#334 = ORIENTED_EDGE('',*,*,#335,.F.);
#335 = EDGE_CURVE('',#336,#328,#338,.T.);
#336 = VERTEX_POINT('',#337);
#337 = CARTESIAN_POINT('',(56.8659,-68.0658,0.));
#338 = LINE('',#339,#340);
#339 = CARTESIAN_POINT('',(56.8659,-68.0658,0.));
#340 = VECTOR('',#341,1.);
#341 = DIRECTION('',(0.220190420496,0.97545690767,0.));
#342 = ORIENTED_EDGE('',*,*,#343,.F.);
#343 = EDGE_CURVE('',#344,#336,#346,.T.);
#344 = VERTEX_POINT('',#345);
#345 = CARTESIAN_POINT('',(56.5869,-69.81,0.));
#346 = LINE('',#347,#348);
#347 = CARTESIAN_POINT('',(56.5869,-69.81,0.));
#348 = VECTOR('',#349,1.);
#349 = DIRECTION('',(0.15795075694,0.987446990163,0.));
#350 = ORIENTED_EDGE('',*,*,#351,.F.);
#351 = EDGE_CURVE('',#352,#344,#354,.T.);
#352 = VERTEX_POINT('',#353);
#353 = CARTESIAN_POINT('',(56.3441,-72.0738,0.));
#354 = LINE('',#355,#356);
#355 = CARTESIAN_POINT('',(56.3441,-72.0738,0.));
#356 = VECTOR('',#357,1.);
#357 = DIRECTION('',(0.106641680837,0.994297516797,0.));
#358 = ORIENTED_EDGE('',*,*,#359,.F.);
#359 = EDGE_CURVE('',#360,#352,#362,.T.);
#360 = VERTEX_POINT('',#361);
#361 = CARTESIAN_POINT('',(56.2011,-74.2377,0.));
#362 = LINE('',#363,#364);
#363 = CARTESIAN_POINT('',(56.2011,-74.2377,0.));
#364 = VECTOR('',#365,1.);
#365 = DIRECTION('',(6.594055552219E-02,0.997823553108,0.));
#366 = ORIENTED_EDGE('',*,*,#367,.F.);
#367 = EDGE_CURVE('',#368,#360,#370,.T.);
#368 = VERTEX_POINT('',#369);
#369 = CARTESIAN_POINT('',(56.102,-77.0848,0.));
#370 = LINE('',#371,#372);
#371 = CARTESIAN_POINT('',(56.102,-77.0848,0.));
#372 = VECTOR('',#373,1.);
#373 = DIRECTION('',(3.478628152128E-02,0.99939477416,0.));
#374 = ORIENTED_EDGE('',*,*,#375,.F.);
#375 = EDGE_CURVE('',#376,#368,#378,.T.);
#376 = VERTEX_POINT('',#377);
#377 = CARTESIAN_POINT('',(56.0693,-82.6243,0.));
#378 = LINE('',#379,#380);
#379 = CARTESIAN_POINT('',(56.0693,-82.6243,0.));
#380 = VECTOR('',#381,1.);
#381 = DIRECTION('',(5.902956996281E-03,0.999982577398,0.));
#382 = ORIENTED_EDGE('',*,*,#383,.F.);
#383 = EDGE_CURVE('',#384,#376,#386,.T.);
#384 = VERTEX_POINT('',#385);
#385 = CARTESIAN_POINT('',(56.2,-99.9904,0.));
#386 = LINE('',#387,#388);
#387 = CARTESIAN_POINT('',(56.2,-99.9904,0.));
#388 = VECTOR('',#389,1.);
#389 = DIRECTION('',(-7.525944140271E-03,0.999971679681,0.));
#390 = ORIENTED_EDGE('',*,*,#391,.F.);
#391 = EDGE_CURVE('',#392,#384,#394,.T.);
#392 = VERTEX_POINT('',#393);
#393 = CARTESIAN_POINT('',(56.0669,-117.9586,0.));
#394 = LINE('',#395,#396);
#395 = CARTESIAN_POINT('',(56.0669,-117.9586,0.));
#396 = VECTOR('',#397,1.);
#397 = DIRECTION('',(7.407327859821E-03,0.999972565371,0.));
#398 = ORIENTED_EDGE('',*,*,#399,.F.);
#399 = EDGE_CURVE('',#400,#392,#402,.T.);
#400 = VERTEX_POINT('',#401);
#401 = CARTESIAN_POINT('',(56.1124,-123.3481,0.));
#402 = LINE('',#403,#404);
#403 = CARTESIAN_POINT('',(56.1124,-123.3481,0.));
#404 = VECTOR('',#405,1.);
#405 = DIRECTION('',(-8.44204075015E-03,0.999964365339,0.));
#406 = ORIENTED_EDGE('',*,*,#407,.F.);
#407 = EDGE_CURVE('',#408,#400,#410,.T.);
#408 = VERTEX_POINT('',#409);
#409 = CARTESIAN_POINT('',(56.2671,-126.8721,0.));
#410 = LINE('',#411,#412);
#411 = CARTESIAN_POINT('',(56.2671,-126.8721,0.));
#412 = VECTOR('',#413,1.);
#413 = DIRECTION('',(-4.385674016606E-02,0.999037830286,0.));
#414 = ORIENTED_EDGE('',*,*,#415,.F.);
#415 = EDGE_CURVE('',#416,#408,#418,.T.);
#416 = VERTEX_POINT('',#417);
#417 = CARTESIAN_POINT('',(56.5523,-129.8748,0.));
#418 = LINE('',#419,#420);
#419 = CARTESIAN_POINT('',(56.5523,-129.8748,0.));
#420 = VECTOR('',#421,1.);
#421 = DIRECTION('',(-9.455562796183E-02,0.995519579527,0.));
#422 = ORIENTED_EDGE('',*,*,#423,.F.);
#423 = EDGE_CURVE('',#424,#416,#426,.T.);
#424 = VERTEX_POINT('',#425);
#425 = CARTESIAN_POINT('',(56.9861,-132.4487,0.));
#426 = LINE('',#427,#428);
#427 = CARTESIAN_POINT('',(56.9861,-132.4487,0.));
#428 = VECTOR('',#429,1.);
#429 = DIRECTION('',(-0.166194166124,0.986093047915,0.));
#430 = ORIENTED_EDGE('',*,*,#431,.F.);
#431 = EDGE_CURVE('',#432,#424,#434,.T.);
#432 = VERTEX_POINT('',#433);
#433 = CARTESIAN_POINT('',(57.5073,-134.4184,0.));
#434 = LINE('',#435,#436);
#435 = CARTESIAN_POINT('',(57.5073,-134.4184,0.));
#436 = VECTOR('',#437,1.);
#437 = DIRECTION('',(-0.255804873925,0.96672843471,0.));
#438 = ORIENTED_EDGE('',*,*,#439,.F.);
#439 = EDGE_CURVE('',#440,#432,#442,.T.);
#440 = VERTEX_POINT('',#441);
#441 = CARTESIAN_POINT('',(57.9811,-135.703,0.));
#442 = LINE('',#443,#444);
#443 = CARTESIAN_POINT('',(57.9811,-135.703,0.));
#444 = VECTOR('',#445,1.);
#445 = DIRECTION('',(-0.346043795095,0.938218360445,0.));
#446 = ORIENTED_EDGE('',*,*,#447,.F.);
#447 = EDGE_CURVE('',#448,#440,#450,.T.);
#448 = VERTEX_POINT('',#449);
#449 = CARTESIAN_POINT('',(58.6219,-137.006399,0.));
#450 = LINE('',#451,#452);
#451 = CARTESIAN_POINT('',(58.6219,-137.006399,0.));
#452 = VECTOR('',#453,1.);
#453 = DIRECTION('',(-0.441199951972,0.897408826779,0.));
#454 = ORIENTED_EDGE('',*,*,#455,.F.);
#455 = EDGE_CURVE('',#456,#448,#458,.T.);
#456 = VERTEX_POINT('',#457);
#457 = CARTESIAN_POINT('',(59.354,-138.1137,0.));
#458 = LINE('',#459,#460);
#459 = CARTESIAN_POINT('',(59.354,-138.1137,0.));
#460 = VECTOR('',#461,1.);
#461 = DIRECTION('',(-0.55151441361,0.834165362252,0.));
#462 = ORIENTED_EDGE('',*,*,#463,.F.);
#463 = EDGE_CURVE('',#464,#456,#466,.T.);
#464 = VERTEX_POINT('',#465);
#465 = CARTESIAN_POINT('',(60.1943,-139.0635,0.));
#466 = LINE('',#467,#468);
#467 = CARTESIAN_POINT('',(60.1943,-139.0635,0.));
#468 = VECTOR('',#469,1.);
#469 = DIRECTION('',(-0.662614715438,0.748960438799,0.));
#470 = ORIENTED_EDGE('',*,*,#471,.F.);
#471 = EDGE_CURVE('',#472,#464,#474,.T.);
#472 = VERTEX_POINT('',#473);
#473 = CARTESIAN_POINT('',(61.1539,-139.8723,0.));
#474 = LINE('',#475,#476);
#475 = CARTESIAN_POINT('',(61.1539,-139.8723,0.));
#476 = VECTOR('',#477,1.);
#477 = DIRECTION('',(-0.764630106842,0.644469393929,0.));
#478 = ORIENTED_EDGE('',*,*,#479,.F.);
#479 = EDGE_CURVE('',#480,#472,#482,.T.);
#480 = VERTEX_POINT('',#481);
#481 = CARTESIAN_POINT('',(62.2618,-140.5627,0.));
#482 = LINE('',#483,#484);
#483 = CARTESIAN_POINT('',(62.2618,-140.5627,0.));
#484 = VECTOR('',#485,1.);
#485 = DIRECTION('',(-0.848699050054,0.528876093652,0.));
#486 = ORIENTED_EDGE('',*,*,#487,.F.);
#487 = EDGE_CURVE('',#488,#480,#490,.T.);
#488 = VERTEX_POINT('',#489);
#489 = CARTESIAN_POINT('',(63.5572,-141.1482,0.));
#490 = LINE('',#491,#492);
#491 = CARTESIAN_POINT('',(63.5572,-141.1482,0.));
#492 = VECTOR('',#493,1.);
#493 = DIRECTION('',(-0.911243729424,0.411867534026,0.));
#494 = ORIENTED_EDGE('',*,*,#495,.F.);
#495 = EDGE_CURVE('',#496,#488,#498,.T.);
#496 = VERTEX_POINT('',#497);
#497 = CARTESIAN_POINT('',(64.830199,-141.5633,0.));
#498 = LINE('',#499,#500);
#499 = CARTESIAN_POINT('',(64.830199,-141.5633,0.));
#500 = VECTOR('',#501,1.);
#501 = DIRECTION('',(-0.95073168185,0.310014949844,0.));
#502 = ORIENTED_EDGE('',*,*,#503,.F.);
#503 = EDGE_CURVE('',#504,#496,#506,.T.);
#504 = VERTEX_POINT('',#505);
#505 = CARTESIAN_POINT('',(66.2647,-141.896,0.));
#506 = LINE('',#507,#508);
#507 = CARTESIAN_POINT('',(66.2647,-141.896,0.));
#508 = VECTOR('',#509,1.);
#509 = DIRECTION('',(-0.974143425031,0.22593049256,0.));
#510 = ORIENTED_EDGE('',*,*,#511,.F.);
#511 = EDGE_CURVE('',#512,#504,#514,.T.);
#512 = VERTEX_POINT('',#513);
#513 = CARTESIAN_POINT('',(67.8553,-142.1436,0.));
#514 = LINE('',#515,#516);
#515 = CARTESIAN_POINT('',(67.8553,-142.1436,0.));
#516 = VECTOR('',#517,1.);
#517 = DIRECTION('',(-0.988100109367,0.153812138237,0.));
#518 = ORIENTED_EDGE('',*,*,#519,.F.);
#519 = EDGE_CURVE('',#520,#512,#522,.T.);
#520 = VERTEX_POINT('',#521);
#521 = CARTESIAN_POINT('',(69.6171,-142.310299,0.));
#522 = LINE('',#523,#524);
#523 = CARTESIAN_POINT('',(69.6171,-142.310299,0.));
#524 = VECTOR('',#525,1.);
#525 = DIRECTION('',(-0.99555349682,9.419785013416E-02,0.));
#526 = ORIENTED_EDGE('',*,*,#527,.F.);
#527 = EDGE_CURVE('',#528,#520,#530,.T.);
#528 = VERTEX_POINT('',#529);
#529 = CARTESIAN_POINT('',(71.5457,-142.4006,0.));
#530 = LINE('',#531,#532);
#531 = CARTESIAN_POINT('',(71.5457,-142.4006,0.));
#532 = VECTOR('',#533,1.);
#533 = DIRECTION('',(-0.998905646991,4.677080723269E-02,0.));
#534 = ORIENTED_EDGE('',*,*,#535,.F.);
#535 = EDGE_CURVE('',#536,#528,#538,.T.);
#536 = VERTEX_POINT('',#537);
#537 = CARTESIAN_POINT('',(75.9823,-142.3902,0.));
#538 = LINE('',#539,#540);
#539 = CARTESIAN_POINT('',(75.9823,-142.3902,0.));
#540 = VECTOR('',#541,1.);
#541 = DIRECTION('',(-0.999997252521,-2.344130962049E-03,0.));
#542 = ORIENTED_EDGE('',*,*,#543,.F.);
#543 = EDGE_CURVE('',#544,#536,#546,.T.);
#544 = VERTEX_POINT('',#545);
#545 = CARTESIAN_POINT('',(91.9878,-141.8786,0.));
#546 = LINE('',#547,#548);
#547 = CARTESIAN_POINT('',(91.9878,-141.8786,0.));
#548 = VECTOR('',#549,1.);
#549 = DIRECTION('',(-0.999489542074,-3.194769608728E-02,0.));
#550 = ORIENTED_EDGE('',*,*,#551,.F.);
#551 = EDGE_CURVE('',#552,#544,#554,.T.);
#552 = VERTEX_POINT('',#553);
#553 = CARTESIAN_POINT('',(100.02,-141.8001,0.));
#554 = LINE('',#555,#556);
#555 = CARTESIAN_POINT('',(100.02,-141.8001,0.));
#556 = VECTOR('',#557,1.);
#557 = DIRECTION('',(-0.999952246063,-9.772696311842E-03,0.));
#558 = ORIENTED_EDGE('',*,*,#559,.F.);
#559 = EDGE_CURVE('',#560,#552,#562,.T.);
#560 = VERTEX_POINT('',#561);
#561 = CARTESIAN_POINT('',(104.7529,-141.8277,0.));
#562 = LINE('',#563,#564);
#563 = CARTESIAN_POINT('',(104.7529,-141.8277,0.));
#564 = VECTOR('',#565,1.);
#565 = DIRECTION('',(-0.999982997122,5.831420634406E-03,0.));
#566 = ORIENTED_EDGE('',*,*,#567,.F.);
#567 = EDGE_CURVE('',#568,#560,#570,.T.);
#568 = VERTEX_POINT('',#569);
#569 = CARTESIAN_POINT('',(110.2345,-141.9281,0.));
#570 = LINE('',#571,#572);
#571 = CARTESIAN_POINT('',(110.2345,-141.9281,0.));
#572 = VECTOR('',#573,1.);
#573 = DIRECTION('',(-0.999832307556,1.831274877383E-02,0.));
#574 = ORIENTED_EDGE('',*,*,#575,.F.);
#575 = EDGE_CURVE('',#576,#568,#578,.T.);
#576 = VERTEX_POINT('',#577);
#577 = CARTESIAN_POINT('',(125.21,-142.4133,0.));
#578 = LINE('',#579,#580);
#579 = CARTESIAN_POINT('',(125.21,-142.4133,0.));
#580 = VECTOR('',#581,1.);
#581 = DIRECTION('',(-0.99947554628,3.238259390705E-02,0.));
#582 = ORIENTED_EDGE('',*,*,#583,.F.);
#583 = EDGE_CURVE('',#584,#576,#586,.T.);
#584 = VERTEX_POINT('',#585);
#585 = CARTESIAN_POINT('',(128.4571,-142.4006,0.));
#586 = LINE('',#587,#588);
#587 = CARTESIAN_POINT('',(128.4571,-142.4006,0.));
#588 = VECTOR('',#589,1.);
#589 = DIRECTION('',(-0.999992351414,-3.911152370718E-03,0.));
#590 = ORIENTED_EDGE('',*,*,#591,.F.);
#591 = EDGE_CURVE('',#592,#584,#594,.T.);
#592 = VERTEX_POINT('',#593);
#593 = CARTESIAN_POINT('',(130.9918,-142.2633,0.));
#594 = LINE('',#595,#596);
#595 = CARTESIAN_POINT('',(130.9918,-142.2633,0.));
#596 = VECTOR('',#597,1.);
#597 = DIRECTION('',(-0.998536126646,-5.408885082591E-02,0.));
#598 = ORIENTED_EDGE('',*,*,#599,.F.);
#599 = EDGE_CURVE('',#600,#592,#602,.T.);
#600 = VERTEX_POINT('',#601);
#601 = CARTESIAN_POINT('',(132.9591,-142.0304,0.));
#602 = LINE('',#603,#604);
#603 = CARTESIAN_POINT('',(132.9591,-142.0304,0.));
#604 = VECTOR('',#605,1.);
#605 = DIRECTION('',(-0.993065233615,-0.117564628124,0.));
#606 = ORIENTED_EDGE('',*,*,#607,.F.);
#607 = EDGE_CURVE('',#608,#600,#610,.T.);
#608 = VERTEX_POINT('',#609);
#609 = CARTESIAN_POINT('',(134.4742,-141.7399,0.));
#610 = LINE('',#611,#612);
#611 = CARTESIAN_POINT('',(134.4742,-141.7399,0.));
#612 = VECTOR('',#613,1.);
#613 = DIRECTION('',(-0.982110326761,-0.188306415368,0.));
#614 = ORIENTED_EDGE('',*,*,#615,.F.);
#615 = EDGE_CURVE('',#616,#608,#618,.T.);
#616 = VERTEX_POINT('',#617);
#617 = CARTESIAN_POINT('',(136.0319,-141.2971,0.));
#618 = LINE('',#619,#620);
#619 = CARTESIAN_POINT('',(136.0319,-141.2971,0.));
#620 = VECTOR('',#621,1.);
#621 = DIRECTION('',(-0.961891258376,-0.273432271431,0.));
#622 = ORIENTED_EDGE('',*,*,#623,.F.);
#623 = EDGE_CURVE('',#624,#616,#626,.T.);
#624 = VERTEX_POINT('',#625);
#625 = CARTESIAN_POINT('',(137.3838,-140.743,0.));
#626 = LINE('',#627,#628);
#627 = CARTESIAN_POINT('',(137.3838,-140.743,0.));
#628 = VECTOR('',#629,1.);
#629 = DIRECTION('',(-0.925294901641,-0.379248394851,0.));
#630 = ORIENTED_EDGE('',*,*,#631,.F.);
#631 = EDGE_CURVE('',#632,#624,#634,.T.);
#632 = VERTEX_POINT('',#633);
#633 = CARTESIAN_POINT('',(138.5453,-140.0815,0.));
#634 = LINE('',#635,#636);
#635 = CARTESIAN_POINT('',(138.5453,-140.0815,0.));
#636 = VECTOR('',#637,1.);
#637 = DIRECTION('',(-0.868955847302,-0.494889619449,0.));
#638 = ORIENTED_EDGE('',*,*,#639,.F.);
#639 = EDGE_CURVE('',#640,#632,#642,.T.);
#640 = VERTEX_POINT('',#641);
#641 = CARTESIAN_POINT('',(139.5453,-139.3074,0.));
#642 = LINE('',#643,#644);
#643 = CARTESIAN_POINT('',(139.5453,-139.3074,0.));
#644 = VECTOR('',#645,1.);
#645 = DIRECTION('',(-0.790759514239,-0.612126939973,0.));
#646 = ORIENTED_EDGE('',*,*,#647,.F.);
#647 = EDGE_CURVE('',#648,#640,#650,.T.);
#648 = VERTEX_POINT('',#649);
#649 = CARTESIAN_POINT('',(140.418,-138.3996,0.));
#650 = LINE('',#651,#652);
#651 = CARTESIAN_POINT('',(140.418,-138.3996,0.));
#652 = VECTOR('',#653,1.);
#653 = DIRECTION('',(-0.693032535018,-0.720906308341,0.));
#654 = ORIENTED_EDGE('',*,*,#655,.F.);
#655 = EDGE_CURVE('',#656,#648,#658,.T.);
#656 = VERTEX_POINT('',#657);
#657 = CARTESIAN_POINT('',(141.1778,-137.3426,0.));
#658 = LINE('',#659,#660);
#659 = CARTESIAN_POINT('',(141.1778,-137.3426,0.));
#660 = VECTOR('',#661,1.);
#661 = DIRECTION('',(-0.583677202659,-0.811985789959,0.));
#662 = ORIENTED_EDGE('',*,*,#663,.F.);
#663 = EDGE_CURVE('',#664,#656,#666,.T.);
#664 = VERTEX_POINT('',#665);
#665 = CARTESIAN_POINT('',(141.7576,-136.2828,0.));
#666 = LINE('',#667,#668);
#667 = CARTESIAN_POINT('',(141.7576,-136.2828,0.));
#668 = VECTOR('',#669,1.);
#669 = DIRECTION('',(-0.479953718393,-0.877293809508,0.));
#670 = ORIENTED_EDGE('',*,*,#671,.F.);
#671 = EDGE_CURVE('',#672,#664,#674,.T.);
#672 = VERTEX_POINT('',#673);
#673 = CARTESIAN_POINT('',(142.2646,-135.0806,0.));
#674 = LINE('',#675,#676);
#675 = CARTESIAN_POINT('',(142.2646,-135.0806,0.));
#676 = VECTOR('',#677,1.);
#677 = DIRECTION('',(-0.388584607211,-0.921413046922,0.));
#678 = ORIENTED_EDGE('',*,*,#679,.F.);
#679 = EDGE_CURVE('',#680,#672,#682,.T.);
#680 = VERTEX_POINT('',#681);
#681 = CARTESIAN_POINT('',(142.6357,-133.9512,0.));
#682 = LINE('',#683,#684);
#683 = CARTESIAN_POINT('',(142.6357,-133.9512,0.));
#684 = VECTOR('',#685,1.);
#685 = DIRECTION('',(-0.31216196571,-0.950028898068,0.));
#686 = ORIENTED_EDGE('',*,*,#687,.F.);
#687 = EDGE_CURVE('',#688,#680,#690,.T.);
#688 = VERTEX_POINT('',#689);
#689 = CARTESIAN_POINT('',(143.0139,-132.4487,0.));
#690 = LINE('',#691,#692);
#691 = CARTESIAN_POINT('',(143.0139,-132.4487,0.));
#692 = VECTOR('',#693,1.);
#693 = DIRECTION('',(-0.244099514841,-0.96975018786,0.));
#694 = ORIENTED_EDGE('',*,*,#695,.F.);
#695 = EDGE_CURVE('',#696,#688,#698,.T.);
#696 = VERTEX_POINT('',#697);
#697 = CARTESIAN_POINT('',(143.2746,-131.065499,0.));
#698 = LINE('',#699,#700);
#699 = CARTESIAN_POINT('',(143.2746,-131.065499,0.));
#700 = VECTOR('',#701,1.);
#701 = DIRECTION('',(-0.185214861274,-0.982698048824,0.));
#702 = ORIENTED_EDGE('',*,*,#703,.F.);
#703 = EDGE_CURVE('',#704,#696,#706,.T.);
#704 = VERTEX_POINT('',#705);
#705 = CARTESIAN_POINT('',(143.5239,-129.242799,0.));
#706 = LINE('',#707,#708);
#707 = CARTESIAN_POINT('',(143.5239,-129.242799,0.));
#708 = VECTOR('',#709,1.);
#709 = DIRECTION('',(-0.135513433051,-0.990775509115,0.));
#710 = ORIENTED_EDGE('',*,*,#711,.F.);
#711 = EDGE_CURVE('',#712,#704,#714,.T.);
#712 = VERTEX_POINT('',#713);
#713 = CARTESIAN_POINT('',(143.7082,-127.226,0.));
#714 = LINE('',#715,#716);
#715 = CARTESIAN_POINT('',(143.7082,-127.226,0.));
#716 = VECTOR('',#717,1.);
#717 = DIRECTION('',(-9.10032505643E-02,-0.995850595414,0.));
#718 = ORIENTED_EDGE('',*,*,#719,.F.);
#719 = EDGE_CURVE('',#720,#712,#722,.T.);
#720 = VERTEX_POINT('',#721);
#721 = CARTESIAN_POINT('',(143.8335,-124.9867,0.));
#722 = LINE('',#723,#724);
#723 = CARTESIAN_POINT('',(143.8335,-124.9867,0.));
#724 = VECTOR('',#725,1.);
#725 = DIRECTION('',(-5.586759466959E-02,-0.998438186302,0.));
#726 = ORIENTED_EDGE('',*,*,#727,.F.);
#727 = EDGE_CURVE('',#728,#720,#730,.T.);
#728 = VERTEX_POINT('',#729);
#729 = CARTESIAN_POINT('',(143.9066,-122.4736,0.));
#730 = LINE('',#731,#732);
#731 = CARTESIAN_POINT('',(143.9066,-122.4736,0.));
#732 = VECTOR('',#733,1.);
#733 = DIRECTION('',(-2.907528356067E-02,-0.999577224573,0.));
#734 = ORIENTED_EDGE('',*,*,#735,.F.);
#735 = EDGE_CURVE('',#736,#728,#738,.T.);
#736 = VERTEX_POINT('',#737);
#737 = CARTESIAN_POINT('',(143.9349,-119.0641,0.));
#738 = LINE('',#739,#740);
#739 = CARTESIAN_POINT('',(143.9349,-119.0641,0.));
#740 = VECTOR('',#741,1.);
#741 = DIRECTION('',(-8.300051379277E-03,-0.99996555398,0.));
#742 = ORIENTED_EDGE('',*,*,#743,.F.);
#743 = EDGE_CURVE('',#744,#736,#746,.T.);
#744 = VERTEX_POINT('',#745);
#745 = CARTESIAN_POINT('',(143.8,-100.0112,0.));
#746 = LINE('',#747,#748);
#747 = CARTESIAN_POINT('',(143.8,-100.0112,0.));
#748 = VECTOR('',#749,1.);
#749 = DIRECTION('',(7.080109528068E-03,-0.99997493571,0.));
#750 = ORIENTED_EDGE('',*,*,#751,.F.);
#751 = EDGE_CURVE('',#752,#744,#754,.T.);
#752 = VERTEX_POINT('',#753);
#753 = CARTESIAN_POINT('',(143.9345,-81.4791,0.));
#754 = LINE('',#755,#756);
#755 = CARTESIAN_POINT('',(143.9345,-81.4791,0.));
#756 = VECTOR('',#757,1.);
#757 = DIRECTION('',(-7.257486082074E-03,-0.999973664101,0.));
#758 = ORIENTED_EDGE('',*,*,#759,.F.);
#759 = EDGE_CURVE('',#760,#752,#762,.T.);
#760 = VERTEX_POINT('',#761);
#761 = CARTESIAN_POINT('',(143.849699,-75.408,0.));
#762 = LINE('',#763,#764);
#763 = CARTESIAN_POINT('',(143.849699,-75.408,0.));
#764 = VECTOR('',#765,1.);
#765 = DIRECTION('',(1.396661703548E-02,-0.999902462047,0.));
#766 = ORIENTED_EDGE('',*,*,#767,.F.);
#767 = EDGE_CURVE('',#768,#760,#770,.T.);
#768 = VERTEX_POINT('',#769);
#769 = CARTESIAN_POINT('',(143.6557,-72.0706,0.));
#770 = LINE('',#771,#772);
#771 = CARTESIAN_POINT('',(143.6557,-72.0706,0.));
#772 = VECTOR('',#773,1.);
#773 = DIRECTION('',(5.803082378227E-02,-0.998314791782,0.));
#774 = ORIENTED_EDGE('',*,*,#775,.F.);
#775 = EDGE_CURVE('',#776,#768,#778,.T.);
#776 = VERTEX_POINT('',#777);
#777 = CARTESIAN_POINT('',(143.3707,-69.503199,0.));
#778 = LINE('',#779,#780);
#779 = CARTESIAN_POINT('',(143.3707,-69.503199,0.));
#780 = VECTOR('',#781,1.);
#781 = DIRECTION('',(0.110329509645,-0.993895064532,0.));
#782 = ORIENTED_EDGE('',*,*,#783,.F.);
#783 = EDGE_CURVE('',#784,#776,#786,.T.);
#784 = VERTEX_POINT('',#785);
#785 = CARTESIAN_POINT('',(142.9682,-67.2527,0.));
#786 = LINE('',#787,#788);
#787 = CARTESIAN_POINT('',(142.9682,-67.2527,0.));
#788 = VECTOR('',#789,1.);
#789 = DIRECTION('',(0.176055638096,-0.984380217342,0.));
#790 = ORIENTED_EDGE('',*,*,#791,.F.);
#791 = EDGE_CURVE('',#792,#784,#794,.T.);
#792 = VERTEX_POINT('',#793);
#793 = CARTESIAN_POINT('',(142.7208,-66.2354,0.));
#794 = LINE('',#795,#796);
#795 = CARTESIAN_POINT('',(142.7208,-66.2354,0.));
#796 = VECTOR('',#797,1.);
#797 = DIRECTION('',(0.236305270345,-0.971678866297,0.));
#798 = ORIENTED_EDGE('',*,*,#799,.F.);
#799 = EDGE_CURVE('',#800,#792,#802,.T.);
#800 = VERTEX_POINT('',#801);
#801 = CARTESIAN_POINT('',(142.3686,-65.0636,0.));
#802 = LINE('',#803,#804);
#803 = CARTESIAN_POINT('',(142.3686,-65.0636,0.));
#804 = VECTOR('',#805,1.);
#805 = DIRECTION('',(0.287842708318,-0.957677699055,0.));
#806 = ORIENTED_EDGE('',*,*,#807,.F.);
#807 = EDGE_CURVE('',#808,#800,#810,.T.);
#808 = VERTEX_POINT('',#809);
#809 = CARTESIAN_POINT('',(141.8796,-63.7853,0.));
#810 = LINE('',#811,#812);
#811 = CARTESIAN_POINT('',(141.8796,-63.7853,0.));
#812 = VECTOR('',#813,1.);
#813 = DIRECTION('',(0.357289327087,-0.933993756269,0.));
#814 = ORIENTED_EDGE('',*,*,#815,.F.);
#815 = EDGE_CURVE('',#816,#808,#818,.T.);
#816 = VERTEX_POINT('',#817);
#817 = CARTESIAN_POINT('',(141.2226,-62.4716,0.));
#818 = LINE('',#819,#820);
#819 = CARTESIAN_POINT('',(141.2226,-62.4716,0.));
#820 = VECTOR('',#821,1.);
#821 = DIRECTION('',(0.447295291404,-0.894386338384,0.));
#822 = ORIENTED_EDGE('',*,*,#823,.F.);
#823 = EDGE_CURVE('',#824,#816,#826,.T.);
#824 = VERTEX_POINT('',#825);
#825 = CARTESIAN_POINT('',(140.4725,-61.3294,0.));
#826 = LINE('',#827,#828);
#827 = CARTESIAN_POINT('',(140.4725,-61.3294,0.));
#828 = VECTOR('',#829,1.);
#829 = DIRECTION('',(0.548928155036,-0.835869535638,0.));
#830 = ORIENTED_EDGE('',*,*,#831,.F.);
#831 = EDGE_CURVE('',#832,#824,#834,.T.);
#832 = VERTEX_POINT('',#833);
#833 = CARTESIAN_POINT('',(139.5557,-60.2347,0.));
#834 = LINE('',#835,#836);
#835 = CARTESIAN_POINT('',(139.5557,-60.2347,0.));
#836 = VECTOR('',#837,1.);
#837 = DIRECTION('',(0.642063041256,-0.766651844746,0.));
#838 = ORIENTED_EDGE('',*,*,#839,.F.);
#839 = EDGE_CURVE('',#840,#832,#842,.T.);
#840 = VERTEX_POINT('',#841);
#841 = CARTESIAN_POINT('',(139.5023,-60.0529,0.));
#842 = LINE('',#843,#844);
#843 = CARTESIAN_POINT('',(139.5023,-60.0529,0.));
#844 = VECTOR('',#845,1.);
#845 = DIRECTION('',(0.281823430545,-0.959466286013,0.));
#846 = ORIENTED_EDGE('',*,*,#847,.F.);
#847 = EDGE_CURVE('',#848,#840,#850,.T.);
#848 = VERTEX_POINT('',#849);
#849 = CARTESIAN_POINT('',(139.4994,-59.1206,0.));
#850 = LINE('',#851,#852);
#851 = CARTESIAN_POINT('',(139.4994,-59.1206,0.));
#852 = VECTOR('',#853,1.);
#853 = DIRECTION('',(3.110571672474E-03,-0.99999516216,0.));
#854 = ORIENTED_EDGE('',*,*,#855,.F.);
#855 = EDGE_CURVE('',#856,#848,#858,.T.);
#856 = VERTEX_POINT('',#857);
#857 = CARTESIAN_POINT('',(138.8081,-58.5681,0.));
#858 = LINE('',#859,#860);
#859 = CARTESIAN_POINT('',(138.8081,-58.5681,0.));
#860 = VECTOR('',#861,1.);
#861 = DIRECTION('',(0.781166378337,-0.624322904718,0.));
#862 = ORIENTED_EDGE('',*,*,#863,.F.);
#863 = EDGE_CURVE('',#864,#856,#866,.T.);
#864 = VERTEX_POINT('',#865);
#865 = CARTESIAN_POINT('',(138.112,-58.093,0.));
#866 = LINE('',#867,#868);
#867 = CARTESIAN_POINT('',(138.112,-58.093,0.));
#868 = VECTOR('',#869,1.);
#869 = DIRECTION('',(0.825958643034,-0.563730715854,0.));
#870 = ORIENTED_EDGE('',*,*,#871,.F.);
#871 = EDGE_CURVE('',#872,#864,#874,.T.);
#872 = VERTEX_POINT('',#873);
#873 = CARTESIAN_POINT('',(136.7731,-57.3517,0.));
#874 = LINE('',#875,#876);
#875 = CARTESIAN_POINT('',(136.7731,-57.3517,0.));
#876 = VECTOR('',#877,1.);
#877 = DIRECTION('',(0.874859091692,-0.48437750741,0.));
#878 = ORIENTED_EDGE('',*,*,#879,.F.);
#879 = EDGE_CURVE('',#880,#872,#882,.T.);
#880 = VERTEX_POINT('',#881);
#881 = CARTESIAN_POINT('',(135.4802,-56.797,0.));
#882 = LINE('',#883,#884);
#883 = CARTESIAN_POINT('',(135.4802,-56.797,0.));
#884 = VECTOR('',#885,1.);
#885 = DIRECTION('',(0.918990544694,-0.394279569295,0.));
#886 = ORIENTED_EDGE('',*,*,#887,.F.);
#887 = EDGE_CURVE('',#888,#880,#890,.T.);
#888 = VERTEX_POINT('',#889);
#889 = CARTESIAN_POINT('',(134.0439,-56.3166,0.));
#890 = LINE('',#891,#892);
#891 = CARTESIAN_POINT('',(134.0439,-56.3166,0.));
#892 = VECTOR('',#893,1.);
#893 = DIRECTION('',(0.948359264635,-0.317198211189,0.));
#894 = ORIENTED_EDGE('',*,*,#895,.F.);
#895 = EDGE_CURVE('',#896,#888,#898,.T.);
#896 = VERTEX_POINT('',#897);
#897 = CARTESIAN_POINT('',(132.4778,-55.9155,0.));
#898 = LINE('',#899,#900);
#899 = CARTESIAN_POINT('',(132.4778,-55.9155,0.));
#900 = VECTOR('',#901,1.);
#901 = DIRECTION('',(0.968732897106,-0.248105973456,0.));
#902 = ORIENTED_EDGE('',*,*,#903,.F.);
#903 = EDGE_CURVE('',#904,#896,#906,.T.);
#904 = VERTEX_POINT('',#905);
#905 = CARTESIAN_POINT('',(126.7644,-55.9147,0.));
#906 = LINE('',#907,#908);
#907 = CARTESIAN_POINT('',(126.7644,-55.9147,0.));
#908 = VECTOR('',#909,1.);
#909 = DIRECTION('',(0.999999990197,-1.400217019911E-04,0.));
#910 = ORIENTED_EDGE('',*,*,#911,.F.);
#911 = EDGE_CURVE('',#912,#904,#914,.T.);
#912 = VERTEX_POINT('',#913);
#913 = CARTESIAN_POINT('',(123.4933,-55.7277,0.));
#914 = LINE('',#915,#916);
#915 = CARTESIAN_POINT('',(123.4933,-55.7277,0.));
#916 = VECTOR('',#917,1.);
#917 = DIRECTION('',(0.998369943426,-5.707412779209E-02,0.));
#918 = ORIENTED_EDGE('',*,*,#919,.F.);
#919 = EDGE_CURVE('',#920,#912,#922,.T.);
#920 = VERTEX_POINT('',#921);
#921 = CARTESIAN_POINT('',(119.2094,-55.6311,0.));
#922 = LINE('',#923,#924);
#923 = CARTESIAN_POINT('',(119.2094,-55.6311,0.));
#924 = VECTOR('',#925,1.);
#925 = DIRECTION('',(0.999745855905,-2.25438151405E-02,0.));
#926 = ORIENTED_EDGE('',*,*,#927,.F.);
#927 = EDGE_CURVE('',#928,#920,#930,.T.);
#928 = VERTEX_POINT('',#929);
#929 = CARTESIAN_POINT('',(107.0035,-55.6747,0.));
#930 = LINE('',#931,#932);
#931 = CARTESIAN_POINT('',(107.0035,-55.6747,0.));
#932 = VECTOR('',#933,1.);
#933 = DIRECTION('',(0.999993620315,3.572020239863E-03,0.));
#934 = ORIENTED_EDGE('',*,*,#935,.F.);
#935 = EDGE_CURVE('',#120,#928,#936,.T.);
#936 = LINE('',#937,#938);
#937 = CARTESIAN_POINT('',(106.7664,-55.6168,0.));
#938 = VECTOR('',#939,1.);
#939 = DIRECTION('',(0.971453585109,-0.237229702985,0.));
#940 = ORIENTED_EDGE('',*,*,#127,.F.);
#941 = FACE_BOUND('',#942,.F.);
#942 = EDGE_LOOP('',(#943));
#943 = ORIENTED_EDGE('',*,*,#944,.T.);
#944 = EDGE_CURVE('',#945,#945,#947,.T.);
#945 = VERTEX_POINT('',#946);
#946 = CARTESIAN_POINT('',(62.,-135.1,0.));
#947 = CIRCLE('',#948,1.1);
#948 = AXIS2_PLACEMENT_3D('',#949,#950,#951);
#949 = CARTESIAN_POINT('',(62.,-134.,0.));
#950 = DIRECTION('',(-0.,0.,-1.));
#951 = DIRECTION('',(-0.,-1.,0.));
#952 = FACE_BOUND('',#953,.F.);
#953 = EDGE_LOOP('',(#954));
#954 = ORIENTED_EDGE('',*,*,#955,.T.);
#955 = EDGE_CURVE('',#956,#956,#958,.T.);
#956 = VERTEX_POINT('',#957);
#957 = CARTESIAN_POINT('',(100.8,-127.59,0.));
#958 = CIRCLE('',#959,0.15);
#959 = AXIS2_PLACEMENT_3D('',#960,#961,#962);
#960 = CARTESIAN_POINT('',(100.8,-127.44,0.));
#961 = DIRECTION('',(-0.,0.,-1.));
#962 = DIRECTION('',(-9.473903143469E-14,-1.,0.));
#963 = FACE_BOUND('',#964,.F.);
#964 = EDGE_LOOP('',(#965));
#965 = ORIENTED_EDGE('',*,*,#966,.T.);
#966 = EDGE_CURVE('',#967,#967,#969,.T.);
#967 = VERTEX_POINT('',#968);
#968 = CARTESIAN_POINT('',(100.1,-126.89,0.));
#969 = CIRCLE('',#970,0.15);
#970 = AXIS2_PLACEMENT_3D('',#971,#972,#973);
#971 = CARTESIAN_POINT('',(100.1,-126.74,0.));
#972 = DIRECTION('',(-0.,0.,-1.));
#973 = DIRECTION('',(-0.,-1.,0.));
#974 = FACE_BOUND('',#975,.F.);
#975 = EDGE_LOOP('',(#976));
#976 = ORIENTED_EDGE('',*,*,#977,.T.);
#977 = EDGE_CURVE('',#978,#978,#980,.T.);
#978 = VERTEX_POINT('',#979);
#979 = CARTESIAN_POINT('',(100.8,-126.19,0.));
#980 = CIRCLE('',#981,0.15);
#981 = AXIS2_PLACEMENT_3D('',#982,#983,#984);
#982 = CARTESIAN_POINT('',(100.8,-126.04,0.));
#983 = DIRECTION('',(-0.,0.,-1.));
#984 = DIRECTION('',(-9.473903143469E-14,-1.,0.));
#985 = FACE_BOUND('',#986,.F.);
#986 = EDGE_LOOP('',(#987));
#987 = ORIENTED_EDGE('',*,*,#988,.T.);
#988 = EDGE_CURVE('',#989,#989,#991,.T.);
#989 = VERTEX_POINT('',#990);
#990 = CARTESIAN_POINT('',(100.1,-125.49,0.));
#991 = CIRCLE('',#992,0.15);
#992 = AXIS2_PLACEMENT_3D('',#993,#994,#995);
#993 = CARTESIAN_POINT('',(100.1,-125.34,0.));
#994 = DIRECTION('',(-0.,0.,-1.));
#995 = DIRECTION('',(-0.,-1.,0.));
#996 = FACE_BOUND('',#997,.F.);
#997 = EDGE_LOOP('',(#998));
#998 = ORIENTED_EDGE('',*,*,#999,.T.);
#999 = EDGE_CURVE('',#1000,#1000,#1002,.T.);
#1000 = VERTEX_POINT('',#1001);
#1001 = CARTESIAN_POINT('',(100.8,-124.79,0.));
#1002 = CIRCLE('',#1003,0.15);
#1003 = AXIS2_PLACEMENT_3D('',#1004,#1005,#1006);
#1004 = CARTESIAN_POINT('',(100.8,-124.64,0.));
#1005 = DIRECTION('',(-0.,0.,-1.));
#1006 = DIRECTION('',(-9.473903143469E-14,-1.,0.));
#1007 = FACE_BOUND('',#1008,.F.);
#1008 = EDGE_LOOP('',(#1009));
#1009 = ORIENTED_EDGE('',*,*,#1010,.T.);
#1010 = EDGE_CURVE('',#1011,#1011,#1013,.T.);
#1011 = VERTEX_POINT('',#1012);
#1012 = CARTESIAN_POINT('',(79.5,-99.9,0.));
#1013 = CIRCLE('',#1014,0.9);
#1014 = AXIS2_PLACEMENT_3D('',#1015,#1016,#1017);
#1015 = CARTESIAN_POINT('',(79.5,-99.,0.));
#1016 = DIRECTION('',(-0.,0.,-1.));
#1017 = DIRECTION('',(-0.,-1.,0.));
#1018 = FACE_BOUND('',#1019,.F.);
#1019 = EDGE_LOOP('',(#1020,#1031,#1039,#1048));
#1020 = ORIENTED_EDGE('',*,*,#1021,.T.);
#1021 = EDGE_CURVE('',#1022,#1024,#1026,.T.);
#1022 = VERTEX_POINT('',#1023);
#1023 = CARTESIAN_POINT('',(100.65,-102.85,0.));
#1024 = VERTEX_POINT('',#1025);
#1025 = CARTESIAN_POINT('',(100.65,-104.35,0.));
#1026 = CIRCLE('',#1027,0.75);
#1027 = AXIS2_PLACEMENT_3D('',#1028,#1029,#1030);
#1028 = CARTESIAN_POINT('',(100.65,-103.6,0.));
#1029 = DIRECTION('',(-0.,0.,-1.));
#1030 = DIRECTION('',(-0.,-1.,0.));
#1031 = ORIENTED_EDGE('',*,*,#1032,.T.);
#1032 = EDGE_CURVE('',#1024,#1033,#1035,.T.);
#1033 = VERTEX_POINT('',#1034);
#1034 = CARTESIAN_POINT('',(99.35,-104.35,0.));
#1035 = LINE('',#1036,#1037);
#1036 = CARTESIAN_POINT('',(49.675,-104.35,0.));
#1037 = VECTOR('',#1038,1.);
#1038 = DIRECTION('',(-1.,0.,0.));
#1039 = ORIENTED_EDGE('',*,*,#1040,.T.);
#1040 = EDGE_CURVE('',#1033,#1041,#1043,.T.);
#1041 = VERTEX_POINT('',#1042);
#1042 = CARTESIAN_POINT('',(99.35,-102.85,0.));
#1043 = CIRCLE('',#1044,0.75);
#1044 = AXIS2_PLACEMENT_3D('',#1045,#1046,#1047);
#1045 = CARTESIAN_POINT('',(99.35,-103.6,0.));
#1046 = DIRECTION('',(-0.,0.,-1.));
#1047 = DIRECTION('',(0.,1.,0.));
#1048 = ORIENTED_EDGE('',*,*,#1049,.T.);
#1049 = EDGE_CURVE('',#1041,#1022,#1050,.T.);
#1050 = LINE('',#1051,#1052);
#1051 = CARTESIAN_POINT('',(50.325,-102.85,0.));
#1052 = VECTOR('',#1053,1.);
#1053 = DIRECTION('',(1.,0.,-0.));
#1054 = FACE_BOUND('',#1055,.F.);
#1055 = EDGE_LOOP('',(#1056));
#1056 = ORIENTED_EDGE('',*,*,#1057,.T.);
#1057 = EDGE_CURVE('',#1058,#1058,#1060,.T.);
#1058 = VERTEX_POINT('',#1059);
#1059 = CARTESIAN_POINT('',(92.5,-101.,0.));
#1060 = CIRCLE('',#1061,0.5);
#1061 = AXIS2_PLACEMENT_3D('',#1062,#1063,#1064);
#1062 = CARTESIAN_POINT('',(92.5,-100.5,0.));
#1063 = DIRECTION('',(-0.,0.,-1.));
#1064 = DIRECTION('',(-0.,-1.,0.));
#1065 = FACE_BOUND('',#1066,.F.);
#1066 = EDGE_LOOP('',(#1067));
#1067 = ORIENTED_EDGE('',*,*,#1068,.T.);
#1068 = EDGE_CURVE('',#1069,#1069,#1071,.T.);
#1069 = VERTEX_POINT('',#1070);
#1070 = CARTESIAN_POINT('',(92.5,-98.5,0.));
#1071 = CIRCLE('',#1072,0.5);
#1072 = AXIS2_PLACEMENT_3D('',#1073,#1074,#1075);
#1073 = CARTESIAN_POINT('',(92.5,-98.,0.));
#1074 = DIRECTION('',(-0.,0.,-1.));
#1075 = DIRECTION('',(-0.,-1.,0.));
#1076 = FACE_BOUND('',#1077,.F.);
#1077 = EDGE_LOOP('',(#1078));
#1078 = ORIENTED_EDGE('',*,*,#1079,.T.);
#1079 = EDGE_CURVE('',#1080,#1080,#1082,.T.);
#1080 = VERTEX_POINT('',#1081);
#1081 = CARTESIAN_POINT('',(102.2,-127.59,0.));
#1082 = CIRCLE('',#1083,0.15);
#1083 = AXIS2_PLACEMENT_3D('',#1084,#1085,#1086);
#1084 = CARTESIAN_POINT('',(102.2,-127.44,0.));
#1085 = DIRECTION('',(-0.,0.,-1.));
#1086 = DIRECTION('',(9.473903143468E-14,-1.,-0.));
#1087 = FACE_BOUND('',#1088,.F.);
#1088 = EDGE_LOOP('',(#1089));
#1089 = ORIENTED_EDGE('',*,*,#1090,.T.);
#1090 = EDGE_CURVE('',#1091,#1091,#1093,.T.);
#1091 = VERTEX_POINT('',#1092);
#1092 = CARTESIAN_POINT('',(101.5,-126.89,0.));
#1093 = CIRCLE('',#1094,0.15);
#1094 = AXIS2_PLACEMENT_3D('',#1095,#1096,#1097);
#1095 = CARTESIAN_POINT('',(101.5,-126.74,0.));
#1096 = DIRECTION('',(-0.,0.,-1.));
#1097 = DIRECTION('',(-0.,-1.,0.));
#1098 = FACE_BOUND('',#1099,.F.);
#1099 = EDGE_LOOP('',(#1100));
#1100 = ORIENTED_EDGE('',*,*,#1101,.T.);
#1101 = EDGE_CURVE('',#1102,#1102,#1104,.T.);
#1102 = VERTEX_POINT('',#1103);
#1103 = CARTESIAN_POINT('',(102.9,-126.89,0.));
#1104 = CIRCLE('',#1105,0.15);
#1105 = AXIS2_PLACEMENT_3D('',#1106,#1107,#1108);
#1106 = CARTESIAN_POINT('',(102.9,-126.74,0.));
#1107 = DIRECTION('',(-0.,0.,-1.));
#1108 = DIRECTION('',(-0.,-1.,0.));
#1109 = FACE_BOUND('',#1110,.F.);
#1110 = EDGE_LOOP('',(#1111));
#1111 = ORIENTED_EDGE('',*,*,#1112,.T.);
#1112 = EDGE_CURVE('',#1113,#1113,#1115,.T.);
#1113 = VERTEX_POINT('',#1114);
#1114 = CARTESIAN_POINT('',(102.2,-126.19,0.));
#1115 = CIRCLE('',#1116,0.15);
#1116 = AXIS2_PLACEMENT_3D('',#1117,#1118,#1119);
#1117 = CARTESIAN_POINT('',(102.2,-126.04,0.));
#1118 = DIRECTION('',(-0.,0.,-1.));
#1119 = DIRECTION('',(9.473903143468E-14,-1.,-0.));
#1120 = FACE_BOUND('',#1121,.F.);
#1121 = EDGE_LOOP('',(#1122));
#1122 = ORIENTED_EDGE('',*,*,#1123,.T.);
#1123 = EDGE_CURVE('',#1124,#1124,#1126,.T.);
#1124 = VERTEX_POINT('',#1125);
#1125 = CARTESIAN_POINT('',(101.5,-125.49,0.));
#1126 = CIRCLE('',#1127,0.15);
#1127 = AXIS2_PLACEMENT_3D('',#1128,#1129,#1130);
#1128 = CARTESIAN_POINT('',(101.5,-125.34,0.));
#1129 = DIRECTION('',(-0.,0.,-1.));
#1130 = DIRECTION('',(-0.,-1.,0.));
#1131 = FACE_BOUND('',#1132,.F.);
#1132 = EDGE_LOOP('',(#1133));
#1133 = ORIENTED_EDGE('',*,*,#1134,.T.);
#1134 = EDGE_CURVE('',#1135,#1135,#1137,.T.);
#1135 = VERTEX_POINT('',#1136);
#1136 = CARTESIAN_POINT('',(102.9,-125.49,0.));
#1137 = CIRCLE('',#1138,0.15);
#1138 = AXIS2_PLACEMENT_3D('',#1139,#1140,#1141);
#1139 = CARTESIAN_POINT('',(102.9,-125.34,0.));
#1140 = DIRECTION('',(-0.,0.,-1.));
#1141 = DIRECTION('',(-0.,-1.,0.));
#1142 = FACE_BOUND('',#1143,.F.);
#1143 = EDGE_LOOP('',(#1144));
#1144 = ORIENTED_EDGE('',*,*,#1145,.T.);
#1145 = EDGE_CURVE('',#1146,#1146,#1148,.T.);
#1146 = VERTEX_POINT('',#1147);
#1147 = CARTESIAN_POINT('',(102.2,-124.79,0.));
#1148 = CIRCLE('',#1149,0.15);
#1149 = AXIS2_PLACEMENT_3D('',#1150,#1151,#1152);
#1150 = CARTESIAN_POINT('',(102.2,-124.64,0.));
#1151 = DIRECTION('',(-0.,0.,-1.));
#1152 = DIRECTION('',(9.473903143467E-14,-1.,-0.));
#1153 = FACE_BOUND('',#1154,.F.);
#1154 = EDGE_LOOP('',(#1155));
#1155 = ORIENTED_EDGE('',*,*,#1156,.T.);
#1156 = EDGE_CURVE('',#1157,#1157,#1159,.T.);
#1157 = VERTEX_POINT('',#1158);
#1158 = CARTESIAN_POINT('',(107.,-101.,0.));
#1159 = CIRCLE('',#1160,0.5);
#1160 = AXIS2_PLACEMENT_3D('',#1161,#1162,#1163);
#1161 = CARTESIAN_POINT('',(107.,-100.5,0.));
#1162 = DIRECTION('',(-0.,0.,-1.));
#1163 = DIRECTION('',(-0.,-1.,0.));
#1164 = FACE_BOUND('',#1165,.F.);
#1165 = EDGE_LOOP('',(#1166));
#1166 = ORIENTED_EDGE('',*,*,#1167,.T.);
#1167 = EDGE_CURVE('',#1168,#1168,#1170,.T.);
#1168 = VERTEX_POINT('',#1169);
#1169 = CARTESIAN_POINT('',(128.,-113.1,0.));
#1170 = CIRCLE('',#1171,1.1);
#1171 = AXIS2_PLACEMENT_3D('',#1172,#1173,#1174);
#1172 = CARTESIAN_POINT('',(128.,-112.,0.));
#1173 = DIRECTION('',(-0.,0.,-1.));
#1174 = DIRECTION('',(-0.,-1.,0.));
#1175 = FACE_BOUND('',#1176,.F.);
#1176 = EDGE_LOOP('',(#1177,#1188,#1196,#1205,#1213,#1222,#1230,#1239));
#1177 = ORIENTED_EDGE('',*,*,#1178,.F.);
#1178 = EDGE_CURVE('',#1179,#1181,#1183,.T.);
#1179 = VERTEX_POINT('',#1180);
#1180 = CARTESIAN_POINT('',(67.7,-83.,0.));
#1181 = VERTEX_POINT('',#1182);
#1182 = CARTESIAN_POINT('',(65.7,-85.,0.));
#1183 = CIRCLE('',#1184,1.99999850585);
#1184 = AXIS2_PLACEMENT_3D('',#1185,#1186,#1187);
#1185 = CARTESIAN_POINT('',(67.69999850585,-84.99999850585,0.));
#1186 = DIRECTION('',(0.,0.,1.));
#1187 = DIRECTION('',(7.470757420593E-07,1.,-0.));
#1188 = ORIENTED_EDGE('',*,*,#1189,.F.);
#1189 = EDGE_CURVE('',#1190,#1179,#1192,.T.);
#1190 = VERTEX_POINT('',#1191);
#1191 = CARTESIAN_POINT('',(73.3,-83.,0.));
#1192 = LINE('',#1193,#1194);
#1193 = CARTESIAN_POINT('',(73.3,-83.,0.));
#1194 = VECTOR('',#1195,1.);
#1195 = DIRECTION('',(-1.,0.,0.));
#1196 = ORIENTED_EDGE('',*,*,#1197,.F.);
#1197 = EDGE_CURVE('',#1198,#1190,#1200,.T.);
#1198 = VERTEX_POINT('',#1199);
#1199 = CARTESIAN_POINT('',(75.3,-85.,0.));
#1200 = CIRCLE('',#1201,1.99999850585);
#1201 = AXIS2_PLACEMENT_3D('',#1202,#1203,#1204);
#1202 = CARTESIAN_POINT('',(73.30000149415,-84.99999850585,0.));
#1203 = DIRECTION('',(0.,0.,1.));
#1204 = DIRECTION('',(1.,-7.470757491648E-07,0.));
#1205 = ORIENTED_EDGE('',*,*,#1206,.F.);
#1206 = EDGE_CURVE('',#1207,#1198,#1209,.T.);
#1207 = VERTEX_POINT('',#1208);
#1208 = CARTESIAN_POINT('',(75.3,-103.,0.));
#1209 = LINE('',#1210,#1211);
#1210 = CARTESIAN_POINT('',(75.3,-103.,0.));
#1211 = VECTOR('',#1212,1.);
#1212 = DIRECTION('',(0.,1.,0.));
#1213 = ORIENTED_EDGE('',*,*,#1214,.F.);
#1214 = EDGE_CURVE('',#1215,#1207,#1217,.T.);
#1215 = VERTEX_POINT('',#1216);
#1216 = CARTESIAN_POINT('',(73.3,-105.,0.));
#1217 = CIRCLE('',#1218,1.99999850585);
#1218 = AXIS2_PLACEMENT_3D('',#1219,#1220,#1221);
#1219 = CARTESIAN_POINT('',(73.30000149415,-103.0000014941,0.));
#1220 = DIRECTION('',(0.,0.,1.));
#1221 = DIRECTION('',(-7.470757420593E-07,-1.,0.));
#1222 = ORIENTED_EDGE('',*,*,#1223,.F.);
#1223 = EDGE_CURVE('',#1224,#1215,#1226,.T.);
#1224 = VERTEX_POINT('',#1225);
#1225 = CARTESIAN_POINT('',(67.7,-105.,0.));
#1226 = LINE('',#1227,#1228);
#1227 = CARTESIAN_POINT('',(67.7,-105.,0.));
#1228 = VECTOR('',#1229,1.);
#1229 = DIRECTION('',(1.,0.,0.));
#1230 = ORIENTED_EDGE('',*,*,#1231,.F.);
#1231 = EDGE_CURVE('',#1232,#1224,#1234,.T.);
#1232 = VERTEX_POINT('',#1233);
#1233 = CARTESIAN_POINT('',(65.7,-103.,0.));
#1234 = CIRCLE('',#1235,1.99999850585);
#1235 = AXIS2_PLACEMENT_3D('',#1236,#1237,#1238);
#1236 = CARTESIAN_POINT('',(67.69999850585,-103.0000014941,0.));
#1237 = DIRECTION('',(0.,0.,1.));
#1238 = DIRECTION('',(-1.,7.470757491648E-07,0.));
#1239 = ORIENTED_EDGE('',*,*,#1240,.F.);
#1240 = EDGE_CURVE('',#1181,#1232,#1241,.T.);
#1241 = LINE('',#1242,#1243);
#1242 = CARTESIAN_POINT('',(65.7,-85.,0.));
#1243 = VECTOR('',#1244,1.);
#1244 = DIRECTION('',(0.,-1.,0.));
#1245 = FACE_BOUND('',#1246,.F.);
#1246 = EDGE_LOOP('',(#1247));
#1247 = ORIENTED_EDGE('',*,*,#1248,.T.);
#1248 = EDGE_CURVE('',#1249,#1249,#1251,.T.);
#1249 = VERTEX_POINT('',#1250);
#1250 = CARTESIAN_POINT('',(77.,-94.5,0.));
#1251 = CIRCLE('',#1252,0.5);
#1252 = AXIS2_PLACEMENT_3D('',#1253,#1254,#1255);
#1253 = CARTESIAN_POINT('',(77.,-94.,0.));
#1254 = DIRECTION('',(-0.,0.,-1.));
#1255 = DIRECTION('',(-0.,-1.,0.));
#1256 = FACE_BOUND('',#1257,.F.);
#1257 = EDGE_LOOP('',(#1258));
#1258 = ORIENTED_EDGE('',*,*,#1259,.T.);
#1259 = EDGE_CURVE('',#1260,#1260,#1262,.T.);
#1260 = VERTEX_POINT('',#1261);
#1261 = CARTESIAN_POINT('',(79.5,-94.5,0.));
#1262 = CIRCLE('',#1263,0.5);
#1263 = AXIS2_PLACEMENT_3D('',#1264,#1265,#1266);
#1264 = CARTESIAN_POINT('',(79.5,-94.,0.));
#1265 = DIRECTION('',(-0.,0.,-1.));
#1266 = DIRECTION('',(-0.,-1.,0.));
#1267 = FACE_BOUND('',#1268,.F.);
#1268 = EDGE_LOOP('',(#1269));
#1269 = ORIENTED_EDGE('',*,*,#1270,.T.);
#1270 = EDGE_CURVE('',#1271,#1271,#1273,.T.);
#1271 = VERTEX_POINT('',#1272);
#1272 = CARTESIAN_POINT('',(79.5,-89.9,0.));
#1273 = CIRCLE('',#1274,0.9);
#1274 = AXIS2_PLACEMENT_3D('',#1275,#1276,#1277);
#1275 = CARTESIAN_POINT('',(79.5,-89.,0.));
#1276 = DIRECTION('',(-0.,0.,-1.));
#1277 = DIRECTION('',(-0.,-1.,0.));
#1278 = FACE_BOUND('',#1279,.F.);
#1279 = EDGE_LOOP('',(#1280));
#1280 = ORIENTED_EDGE('',*,*,#1281,.T.);
#1281 = EDGE_CURVE('',#1282,#1282,#1284,.T.);
#1282 = VERTEX_POINT('',#1283);
#1283 = CARTESIAN_POINT('',(82.,-94.5,0.));
#1284 = CIRCLE('',#1285,0.5);
#1285 = AXIS2_PLACEMENT_3D('',#1286,#1287,#1288);
#1286 = CARTESIAN_POINT('',(82.,-94.,0.));
#1287 = DIRECTION('',(-0.,0.,-1.));
#1288 = DIRECTION('',(-0.,-1.,0.));
#1289 = FACE_BOUND('',#1290,.F.);
#1290 = EDGE_LOOP('',(#1291));
#1291 = ORIENTED_EDGE('',*,*,#1292,.T.);
#1292 = EDGE_CURVE('',#1293,#1293,#1295,.T.);
#1293 = VERTEX_POINT('',#1294);
#1294 = CARTESIAN_POINT('',(92.5,-96.,0.));
#1295 = CIRCLE('',#1296,0.5);
#1296 = AXIS2_PLACEMENT_3D('',#1297,#1298,#1299);
#1297 = CARTESIAN_POINT('',(92.5,-95.5,0.));
#1298 = DIRECTION('',(-0.,0.,-1.));
#1299 = DIRECTION('',(-0.,-1.,0.));
#1300 = FACE_BOUND('',#1301,.F.);
#1301 = EDGE_LOOP('',(#1302,#1313,#1321,#1330));
#1302 = ORIENTED_EDGE('',*,*,#1303,.T.);
#1303 = EDGE_CURVE('',#1304,#1306,#1308,.T.);
#1304 = VERTEX_POINT('',#1305);
#1305 = CARTESIAN_POINT('',(100.65,-91.65,0.));
#1306 = VERTEX_POINT('',#1307);
#1307 = CARTESIAN_POINT('',(100.65,-93.15,0.));
#1308 = CIRCLE('',#1309,0.75);
#1309 = AXIS2_PLACEMENT_3D('',#1310,#1311,#1312);
#1310 = CARTESIAN_POINT('',(100.65,-92.4,0.));
#1311 = DIRECTION('',(-0.,0.,-1.));
#1312 = DIRECTION('',(-0.,-1.,0.));
#1313 = ORIENTED_EDGE('',*,*,#1314,.T.);
#1314 = EDGE_CURVE('',#1306,#1315,#1317,.T.);
#1315 = VERTEX_POINT('',#1316);
#1316 = CARTESIAN_POINT('',(99.35,-93.15,0.));
#1317 = LINE('',#1318,#1319);
#1318 = CARTESIAN_POINT('',(49.675,-93.15,0.));
#1319 = VECTOR('',#1320,1.);
#1320 = DIRECTION('',(-1.,0.,0.));
#1321 = ORIENTED_EDGE('',*,*,#1322,.T.);
#1322 = EDGE_CURVE('',#1315,#1323,#1325,.T.);
#1323 = VERTEX_POINT('',#1324);
#1324 = CARTESIAN_POINT('',(99.35,-91.65,0.));
#1325 = CIRCLE('',#1326,0.75);
#1326 = AXIS2_PLACEMENT_3D('',#1327,#1328,#1329);
#1327 = CARTESIAN_POINT('',(99.35,-92.4,0.));
#1328 = DIRECTION('',(-0.,0.,-1.));
#1329 = DIRECTION('',(0.,1.,0.));
#1330 = ORIENTED_EDGE('',*,*,#1331,.T.);
#1331 = EDGE_CURVE('',#1323,#1304,#1332,.T.);
#1332 = LINE('',#1333,#1334);
#1333 = CARTESIAN_POINT('',(50.325,-91.65,0.));
#1334 = VECTOR('',#1335,1.);
#1335 = DIRECTION('',(1.,0.,-0.));
#1336 = FACE_BOUND('',#1337,.F.);
#1337 = EDGE_LOOP('',(#1338));
#1338 = ORIENTED_EDGE('',*,*,#1339,.T.);
#1339 = EDGE_CURVE('',#1340,#1340,#1342,.T.);
#1340 = VERTEX_POINT('',#1341);
#1341 = CARTESIAN_POINT('',(60.,-77.1,0.));
#1342 = CIRCLE('',#1343,1.1);
#1343 = AXIS2_PLACEMENT_3D('',#1344,#1345,#1346);
#1344 = CARTESIAN_POINT('',(60.,-76.,0.));
#1345 = DIRECTION('',(-0.,0.,-1.));
#1346 = DIRECTION('',(-0.,-1.,0.));
#1347 = FACE_BOUND('',#1348,.F.);
#1348 = EDGE_LOOP('',(#1349,#1360,#1368,#1377));
#1349 = ORIENTED_EDGE('',*,*,#1350,.T.);
#1350 = EDGE_CURVE('',#1351,#1353,#1355,.T.);
#1351 = VERTEX_POINT('',#1352);
#1352 = CARTESIAN_POINT('',(95.38,-60.9803,0.));
#1353 = VERTEX_POINT('',#1354);
#1354 = CARTESIAN_POINT('',(95.98,-60.9803,0.));
#1355 = CIRCLE('',#1356,0.3);
#1356 = AXIS2_PLACEMENT_3D('',#1357,#1358,#1359);
#1357 = CARTESIAN_POINT('',(95.68,-60.9803,0.));
#1358 = DIRECTION('',(0.,-0.,-1.));
#1359 = DIRECTION('',(1.,4.736951571734E-14,-0.));
#1360 = ORIENTED_EDGE('',*,*,#1361,.T.);
#1361 = EDGE_CURVE('',#1353,#1362,#1364,.T.);
#1362 = VERTEX_POINT('',#1363);
#1363 = CARTESIAN_POINT('',(95.98,-62.0803,0.));
#1364 = LINE('',#1365,#1366);
#1365 = CARTESIAN_POINT('',(95.98,-31.04015,0.));
#1366 = VECTOR('',#1367,1.);
#1367 = DIRECTION('',(0.,-1.,0.));
#1368 = ORIENTED_EDGE('',*,*,#1369,.T.);
#1369 = EDGE_CURVE('',#1362,#1370,#1372,.T.);
#1370 = VERTEX_POINT('',#1371);
#1371 = CARTESIAN_POINT('',(95.38,-62.0803,0.));
#1372 = CIRCLE('',#1373,0.3);
#1373 = AXIS2_PLACEMENT_3D('',#1374,#1375,#1376);
#1374 = CARTESIAN_POINT('',(95.68,-62.0803,0.));
#1375 = DIRECTION('',(-0.,0.,-1.));
#1376 = DIRECTION('',(-1.,-4.736951571734E-14,0.));
#1377 = ORIENTED_EDGE('',*,*,#1378,.T.);
#1378 = EDGE_CURVE('',#1370,#1351,#1379,.T.);
#1379 = LINE('',#1380,#1381);
#1380 = CARTESIAN_POINT('',(95.38,-30.49015,0.));
#1381 = VECTOR('',#1382,1.);
#1382 = DIRECTION('',(-0.,1.,0.));
#1383 = FACE_BOUND('',#1384,.F.);
#1384 = EDGE_LOOP('',(#1385,#1396,#1404,#1413));
#1385 = ORIENTED_EDGE('',*,*,#1386,.T.);
#1386 = EDGE_CURVE('',#1387,#1389,#1391,.T.);
#1387 = VERTEX_POINT('',#1388);
#1388 = CARTESIAN_POINT('',(95.38,-57.0503,0.));
#1389 = VERTEX_POINT('',#1390);
#1390 = CARTESIAN_POINT('',(95.98,-57.0503,0.));
#1391 = CIRCLE('',#1392,0.3);
#1392 = AXIS2_PLACEMENT_3D('',#1393,#1394,#1395);
#1393 = CARTESIAN_POINT('',(95.68,-57.0503,0.));
#1394 = DIRECTION('',(0.,-0.,-1.));
#1395 = DIRECTION('',(1.,4.736951571734E-14,-0.));
#1396 = ORIENTED_EDGE('',*,*,#1397,.T.);
#1397 = EDGE_CURVE('',#1389,#1398,#1400,.T.);
#1398 = VERTEX_POINT('',#1399);
#1399 = CARTESIAN_POINT('',(95.98,-57.6503,0.));
#1400 = LINE('',#1401,#1402);
#1401 = CARTESIAN_POINT('',(95.98,-28.82515,0.));
#1402 = VECTOR('',#1403,1.);
#1403 = DIRECTION('',(0.,-1.,0.));
#1404 = ORIENTED_EDGE('',*,*,#1405,.T.);
#1405 = EDGE_CURVE('',#1398,#1406,#1408,.T.);
#1406 = VERTEX_POINT('',#1407);
#1407 = CARTESIAN_POINT('',(95.38,-57.6503,0.));
#1408 = CIRCLE('',#1409,0.3);
#1409 = AXIS2_PLACEMENT_3D('',#1410,#1411,#1412);
#1410 = CARTESIAN_POINT('',(95.68,-57.6503,0.));
#1411 = DIRECTION('',(-0.,0.,-1.));
#1412 = DIRECTION('',(-1.,-4.736951571734E-14,0.));
#1413 = ORIENTED_EDGE('',*,*,#1414,.T.);
#1414 = EDGE_CURVE('',#1406,#1387,#1415,.T.);
#1415 = LINE('',#1416,#1417);
#1416 = CARTESIAN_POINT('',(95.38,-28.52515,0.));
#1417 = VECTOR('',#1418,1.);
#1418 = DIRECTION('',(-0.,1.,0.));
#1419 = FACE_BOUND('',#1420,.F.);
#1420 = EDGE_LOOP('',(#1421));
#1421 = ORIENTED_EDGE('',*,*,#1422,.T.);
#1422 = EDGE_CURVE('',#1423,#1423,#1425,.T.);
#1423 = VERTEX_POINT('',#1424);
#1424 = CARTESIAN_POINT('',(97.11,-61.3253,0.));
#1425 = CIRCLE('',#1426,0.325);
#1426 = AXIS2_PLACEMENT_3D('',#1427,#1428,#1429);
#1427 = CARTESIAN_POINT('',(97.11,-61.0003,0.));
#1428 = DIRECTION('',(-0.,0.,-1.));
#1429 = DIRECTION('',(-0.,-1.,0.));
#1430 = FACE_BOUND('',#1431,.F.);
#1431 = EDGE_LOOP('',(#1432));
#1432 = ORIENTED_EDGE('',*,*,#1433,.T.);
#1433 = EDGE_CURVE('',#1434,#1434,#1436,.T.);
#1434 = VERTEX_POINT('',#1435);
#1435 = CARTESIAN_POINT('',(107.,-96.,0.));
#1436 = CIRCLE('',#1437,0.5);
#1437 = AXIS2_PLACEMENT_3D('',#1438,#1439,#1440);
#1438 = CARTESIAN_POINT('',(107.,-95.5,0.));
#1439 = DIRECTION('',(-0.,0.,-1.));
#1440 = DIRECTION('',(-0.,-1.,0.));
#1441 = FACE_BOUND('',#1442,.F.);
#1442 = EDGE_LOOP('',(#1443));
#1443 = ORIENTED_EDGE('',*,*,#1444,.T.);
#1444 = EDGE_CURVE('',#1445,#1445,#1447,.T.);
#1445 = VERTEX_POINT('',#1446);
#1446 = CARTESIAN_POINT('',(142.,-89.1,0.));
#1447 = CIRCLE('',#1448,1.1);
#1448 = AXIS2_PLACEMENT_3D('',#1449,#1450,#1451);
#1449 = CARTESIAN_POINT('',(142.,-88.,0.));
#1450 = DIRECTION('',(-0.,0.,-1.));
#1451 = DIRECTION('',(-0.,-1.,0.));
#1452 = FACE_BOUND('',#1453,.F.);
#1453 = EDGE_LOOP('',(#1454));
#1454 = ORIENTED_EDGE('',*,*,#1455,.T.);
#1455 = EDGE_CURVE('',#1456,#1456,#1458,.T.);
#1456 = VERTEX_POINT('',#1457);
#1457 = CARTESIAN_POINT('',(102.89,-61.3253,0.));
#1458 = CIRCLE('',#1459,0.325);
#1459 = AXIS2_PLACEMENT_3D('',#1460,#1461,#1462);
#1460 = CARTESIAN_POINT('',(102.89,-61.0003,0.));
#1461 = DIRECTION('',(-0.,0.,-1.));
#1462 = DIRECTION('',(-0.,-1.,0.));
#1463 = FACE_BOUND('',#1464,.F.);
#1464 = EDGE_LOOP('',(#1465,#1476,#1484,#1493));
#1465 = ORIENTED_EDGE('',*,*,#1466,.T.);
#1466 = EDGE_CURVE('',#1467,#1469,#1471,.T.);
#1467 = VERTEX_POINT('',#1468);
#1468 = CARTESIAN_POINT('',(104.02,-60.9803,0.));
#1469 = VERTEX_POINT('',#1470);
#1470 = CARTESIAN_POINT('',(104.62,-60.9803,0.));
#1471 = CIRCLE('',#1472,0.3);
#1472 = AXIS2_PLACEMENT_3D('',#1473,#1474,#1475);
#1473 = CARTESIAN_POINT('',(104.32,-60.9803,0.));
#1474 = DIRECTION('',(0.,-0.,-1.));
#1475 = DIRECTION('',(1.,4.736951571734E-14,-0.));
#1476 = ORIENTED_EDGE('',*,*,#1477,.T.);
#1477 = EDGE_CURVE('',#1469,#1478,#1480,.T.);
#1478 = VERTEX_POINT('',#1479);
#1479 = CARTESIAN_POINT('',(104.62,-62.0803,0.));
#1480 = LINE('',#1481,#1482);
#1481 = CARTESIAN_POINT('',(104.62,-31.04015,0.));
#1482 = VECTOR('',#1483,1.);
#1483 = DIRECTION('',(0.,-1.,0.));
#1484 = ORIENTED_EDGE('',*,*,#1485,.T.);
#1485 = EDGE_CURVE('',#1478,#1486,#1488,.T.);
#1486 = VERTEX_POINT('',#1487);
#1487 = CARTESIAN_POINT('',(104.02,-62.0803,0.));
#1488 = CIRCLE('',#1489,0.3);
#1489 = AXIS2_PLACEMENT_3D('',#1490,#1491,#1492);
#1490 = CARTESIAN_POINT('',(104.32,-62.0803,0.));
#1491 = DIRECTION('',(-0.,0.,-1.));
#1492 = DIRECTION('',(-1.,-4.736951571734E-14,0.));
#1493 = ORIENTED_EDGE('',*,*,#1494,.T.);
#1494 = EDGE_CURVE('',#1486,#1467,#1495,.T.);
#1495 = LINE('',#1496,#1497);
#1496 = CARTESIAN_POINT('',(104.02,-30.49015,0.));
#1497 = VECTOR('',#1498,1.);
#1498 = DIRECTION('',(-0.,1.,0.));
#1499 = FACE_BOUND('',#1500,.F.);
#1500 = EDGE_LOOP('',(#1501,#1512,#1520,#1529));
#1501 = ORIENTED_EDGE('',*,*,#1502,.T.);
#1502 = EDGE_CURVE('',#1503,#1505,#1507,.T.);
#1503 = VERTEX_POINT('',#1504);
#1504 = CARTESIAN_POINT('',(104.02,-57.0503,0.));
#1505 = VERTEX_POINT('',#1506);
#1506 = CARTESIAN_POINT('',(104.62,-57.0503,0.));
#1507 = CIRCLE('',#1508,0.3);
#1508 = AXIS2_PLACEMENT_3D('',#1509,#1510,#1511);
#1509 = CARTESIAN_POINT('',(104.32,-57.0503,0.));
#1510 = DIRECTION('',(0.,-0.,-1.));
#1511 = DIRECTION('',(1.,4.736951571734E-14,-0.));
#1512 = ORIENTED_EDGE('',*,*,#1513,.T.);
#1513 = EDGE_CURVE('',#1505,#1514,#1516,.T.);
#1514 = VERTEX_POINT('',#1515);
#1515 = CARTESIAN_POINT('',(104.62,-57.6503,0.));
#1516 = LINE('',#1517,#1518);
#1517 = CARTESIAN_POINT('',(104.62,-28.82515,0.));
#1518 = VECTOR('',#1519,1.);
#1519 = DIRECTION('',(0.,-1.,0.));
#1520 = ORIENTED_EDGE('',*,*,#1521,.T.);
#1521 = EDGE_CURVE('',#1514,#1522,#1524,.T.);
#1522 = VERTEX_POINT('',#1523);
#1523 = CARTESIAN_POINT('',(104.02,-57.6503,0.));
#1524 = CIRCLE('',#1525,0.3);
#1525 = AXIS2_PLACEMENT_3D('',#1526,#1527,#1528);
#1526 = CARTESIAN_POINT('',(104.32,-57.6503,0.));
#1527 = DIRECTION('',(-0.,0.,-1.));
#1528 = DIRECTION('',(-1.,-4.736951571734E-14,0.));
#1529 = ORIENTED_EDGE('',*,*,#1530,.T.);
#1530 = EDGE_CURVE('',#1522,#1503,#1531,.T.);
#1531 = LINE('',#1532,#1533);
#1532 = CARTESIAN_POINT('',(104.02,-28.52515,0.));
#1533 = VECTOR('',#1534,1.);
#1534 = DIRECTION('',(-0.,1.,0.));
#1535 = FACE_BOUND('',#1536,.F.);
#1536 = EDGE_LOOP('',(#1537));
#1537 = ORIENTED_EDGE('',*,*,#1538,.T.);
#1538 = EDGE_CURVE('',#1539,#1539,#1541,.T.);
#1539 = VERTEX_POINT('',#1540);
#1540 = CARTESIAN_POINT('',(129.5,-59.4353,0.));
#1541 = CIRCLE('',#1542,0.45);
#1542 = AXIS2_PLACEMENT_3D('',#1543,#1544,#1545);
#1543 = CARTESIAN_POINT('',(129.5,-58.9853,0.));
#1544 = DIRECTION('',(-0.,0.,-1.));
#1545 = DIRECTION('',(-0.,-1.,0.));
#1546 = FACE_BOUND('',#1547,.F.);
#1547 = EDGE_LOOP('',(#1548));
#1548 = ORIENTED_EDGE('',*,*,#1549,.T.);
#1549 = EDGE_CURVE('',#1550,#1550,#1552,.T.);
#1550 = VERTEX_POINT('',#1551);
#1551 = CARTESIAN_POINT('',(132.5,-59.4353,0.));
#1552 = CIRCLE('',#1553,0.45);
#1553 = AXIS2_PLACEMENT_3D('',#1554,#1555,#1556);
#1554 = CARTESIAN_POINT('',(132.5,-58.9853,0.));
#1555 = DIRECTION('',(-0.,0.,-1.));
#1556 = DIRECTION('',(-0.,-1.,0.));
#1557 = PLANE('',#1558);
#1558 = AXIS2_PLACEMENT_3D('',#1559,#1560,#1561);
#1559 = CARTESIAN_POINT('',(0.,0.,0.));
#1560 = DIRECTION('',(0.,0.,1.));
#1561 = DIRECTION('',(1.,0.,-0.));
#1562 = ADVANCED_FACE('',(#1563,#2366,#2377,#2388,#2399,#2410,#2421,
    #2432,#2443,#2479,#2490,#2501,#2512,#2523,#2534,#2545,#2556,#2567,
    #2578,#2589,#2600,#2670,#2681,#2692,#2703,#2714,#2725,#2761,#2772,
    #2808,#2844,#2855,#2866,#2877,#2888,#2924,#2960,#2971),#2982,.T.);
#1563 = FACE_BOUND('',#1564,.T.);
#1564 = EDGE_LOOP('',(#1565,#1566,#1567,#1575,#1583,#1591,#1599,#1607,
    #1615,#1623,#1631,#1639,#1647,#1655,#1663,#1671,#1679,#1687,#1695,
    #1703,#1711,#1719,#1727,#1735,#1743,#1751,#1759,#1767,#1775,#1783,
    #1791,#1799,#1807,#1815,#1823,#1831,#1839,#1847,#1855,#1863,#1871,
    #1879,#1887,#1895,#1903,#1911,#1919,#1927,#1935,#1943,#1951,#1959,
    #1967,#1975,#1983,#1991,#1999,#2007,#2015,#2023,#2031,#2039,#2047,
    #2055,#2063,#2071,#2079,#2087,#2095,#2103,#2111,#2119,#2127,#2135,
    #2143,#2151,#2159,#2167,#2175,#2183,#2191,#2199,#2207,#2215,#2223,
    #2231,#2239,#2247,#2255,#2263,#2271,#2279,#2287,#2295,#2303,#2311,
    #2319,#2327,#2335,#2343,#2351,#2359,#2365));
#1565 = ORIENTED_EDGE('',*,*,#49,.F.);
#1566 = ORIENTED_EDGE('',*,*,#89,.F.);
#1567 = ORIENTED_EDGE('',*,*,#1568,.F.);
#1568 = EDGE_CURVE('',#1569,#82,#1571,.T.);
#1569 = VERTEX_POINT('',#1570);
#1570 = CARTESIAN_POINT('',(93.5006,-54.9006,1.51));
#1571 = LINE('',#1572,#1573);
#1572 = CARTESIAN_POINT('',(93.5006,-54.9006,1.51));
#1573 = VECTOR('',#1574,1.);
#1574 = DIRECTION('',(0.999999998933,4.619969041266E-05,0.));
#1575 = ORIENTED_EDGE('',*,*,#1576,.F.);
#1576 = EDGE_CURVE('',#1577,#1569,#1579,.T.);
#1577 = VERTEX_POINT('',#1578);
#1578 = CARTESIAN_POINT('',(93.4903,-55.2727,1.51));
#1579 = LINE('',#1580,#1581);
#1580 = CARTESIAN_POINT('',(93.4903,-55.2727,1.51));
#1581 = VECTOR('',#1582,1.);
#1582 = DIRECTION('',(2.76701322721E-02,0.999617108587,0.));
#1583 = ORIENTED_EDGE('',*,*,#1584,.F.);
#1584 = EDGE_CURVE('',#1585,#1577,#1587,.T.);
#1585 = VERTEX_POINT('',#1586);
#1586 = CARTESIAN_POINT('',(93.415,-55.4536,1.51));
#1587 = LINE('',#1588,#1589);
#1588 = CARTESIAN_POINT('',(93.415,-55.4536,1.51));
#1589 = VECTOR('',#1590,1.);
#1590 = DIRECTION('',(0.384289223453,0.923212755944,0.));
#1591 = ORIENTED_EDGE('',*,*,#1592,.F.);
#1592 = EDGE_CURVE('',#1593,#1585,#1595,.T.);
#1593 = VERTEX_POINT('',#1594);
#1594 = CARTESIAN_POINT('',(93.2336,-55.6168,1.51));
#1595 = LINE('',#1596,#1597);
#1596 = CARTESIAN_POINT('',(93.2336,-55.6168,1.51));
#1597 = VECTOR('',#1598,1.);
#1598 = DIRECTION('',(0.743416401053,0.668828867981,0.));
#1599 = ORIENTED_EDGE('',*,*,#1600,.F.);
#1600 = EDGE_CURVE('',#1601,#1593,#1603,.T.);
#1601 = VERTEX_POINT('',#1602);
#1602 = CARTESIAN_POINT('',(92.9965,-55.6747,1.51));
#1603 = LINE('',#1604,#1605);
#1604 = CARTESIAN_POINT('',(92.9965,-55.6747,1.51));
#1605 = VECTOR('',#1606,1.);
#1606 = DIRECTION('',(0.971453585109,0.237229702985,0.));
#1607 = ORIENTED_EDGE('',*,*,#1608,.F.);
#1608 = EDGE_CURVE('',#1609,#1601,#1611,.T.);
#1609 = VERTEX_POINT('',#1610);
#1610 = CARTESIAN_POINT('',(81.335,-55.6265,1.51));
#1611 = LINE('',#1612,#1613);
#1612 = CARTESIAN_POINT('',(81.335,-55.6265,1.51));
#1613 = VECTOR('',#1614,1.);
#1614 = DIRECTION('',(0.999991458194,-4.133223709212E-03,0.));
#1615 = ORIENTED_EDGE('',*,*,#1616,.F.);
#1616 = EDGE_CURVE('',#1617,#1609,#1619,.T.);
#1617 = VERTEX_POINT('',#1618);
#1618 = CARTESIAN_POINT('',(77.8273,-55.684,1.51));
#1619 = LINE('',#1620,#1621);
#1620 = CARTESIAN_POINT('',(77.8273,-55.684,1.51));
#1621 = VECTOR('',#1622,1.);
#1622 = DIRECTION('',(0.999865669914,1.639030590417E-02,0.));
#1623 = ORIENTED_EDGE('',*,*,#1624,.F.);
#1624 = EDGE_CURVE('',#1625,#1617,#1627,.T.);
#1625 = VERTEX_POINT('',#1626);
#1626 = CARTESIAN_POINT('',(75.2651,-55.7839,1.51));
#1627 = LINE('',#1628,#1629);
#1628 = CARTESIAN_POINT('',(75.2651,-55.7839,1.51));
#1629 = VECTOR('',#1630,1.);
#1630 = DIRECTION('',(0.999240758207,3.896032774369E-02,0.));
#1631 = ORIENTED_EDGE('',*,*,#1632,.F.);
#1632 = EDGE_CURVE('',#1633,#1625,#1635,.T.);
#1633 = VERTEX_POINT('',#1634);
#1634 = CARTESIAN_POINT('',(71.9464,-56.0333,1.51));
#1635 = LINE('',#1636,#1637);
#1636 = CARTESIAN_POINT('',(71.9464,-56.0333,1.51));
#1637 = VECTOR('',#1638,1.);
#1638 = DIRECTION('',(0.997188150028,7.493859782953E-02,0.));
#1639 = ORIENTED_EDGE('',*,*,#1640,.F.);
#1640 = EDGE_CURVE('',#1641,#1633,#1643,.T.);
#1641 = VERTEX_POINT('',#1642);
#1642 = CARTESIAN_POINT('',(69.1086,-56.417,1.51));
#1643 = LINE('',#1644,#1645);
#1644 = CARTESIAN_POINT('',(69.1086,-56.417,1.51));
#1645 = VECTOR('',#1646,1.);
#1646 = DIRECTION('',(0.990982532643,0.133991119098,0.));
#1647 = ORIENTED_EDGE('',*,*,#1648,.F.);
#1648 = EDGE_CURVE('',#1649,#1641,#1651,.T.);
#1649 = VERTEX_POINT('',#1650);
#1650 = CARTESIAN_POINT('',(66.6737,-56.946,1.51));
#1651 = LINE('',#1652,#1653);
#1652 = CARTESIAN_POINT('',(66.6737,-56.946,1.51));
#1653 = VECTOR('',#1654,1.);
#1654 = DIRECTION('',(0.977203521914,0.21230467908,0.));
#1655 = ORIENTED_EDGE('',*,*,#1656,.F.);
#1656 = EDGE_CURVE('',#1657,#1649,#1659,.T.);
#1657 = VERTEX_POINT('',#1658);
#1658 = CARTESIAN_POINT('',(65.703499,-57.2309,1.51));
#1659 = LINE('',#1660,#1661);
#1660 = CARTESIAN_POINT('',(65.703499,-57.2309,1.51));
#1661 = VECTOR('',#1662,1.);
#1662 = DIRECTION('',(0.959486749036,0.281753754944,0.));
#1663 = ORIENTED_EDGE('',*,*,#1664,.F.);
#1664 = EDGE_CURVE('',#1665,#1657,#1667,.T.);
#1665 = VERTEX_POINT('',#1666);
#1666 = CARTESIAN_POINT('',(64.592299,-57.6269,1.51));
#1667 = LINE('',#1668,#1669);
#1668 = CARTESIAN_POINT('',(64.592299,-57.6269,1.51));
#1669 = VECTOR('',#1670,1.);
#1670 = DIRECTION('',(0.94197183777,0.335691907629,0.));
#1671 = ORIENTED_EDGE('',*,*,#1672,.F.);
#1672 = EDGE_CURVE('',#1673,#1665,#1675,.T.);
#1673 = VERTEX_POINT('',#1674);
#1674 = CARTESIAN_POINT('',(63.77,-57.9795,1.51));
#1675 = LINE('',#1676,#1677);
#1676 = CARTESIAN_POINT('',(63.77,-57.9795,1.51));
#1677 = VECTOR('',#1678,1.);
#1678 = DIRECTION('',(0.919069685227,0.394095056678,0.));
#1679 = ORIENTED_EDGE('',*,*,#1680,.F.);
#1680 = EDGE_CURVE('',#1681,#1673,#1683,.T.);
#1681 = VERTEX_POINT('',#1682);
#1682 = CARTESIAN_POINT('',(62.8357,-58.4583,1.51));
#1683 = LINE('',#1684,#1685);
#1684 = CARTESIAN_POINT('',(62.8357,-58.4583,1.51));
#1685 = VECTOR('',#1686,1.);
#1686 = DIRECTION('',(0.889944365641,0.45606910229,0.));
#1687 = ORIENTED_EDGE('',*,*,#1688,.F.);
#1688 = EDGE_CURVE('',#1689,#1681,#1691,.T.);
#1689 = VERTEX_POINT('',#1690);
#1690 = CARTESIAN_POINT('',(62.1459,-58.8786,1.51));
#1691 = LINE('',#1692,#1693);
#1692 = CARTESIAN_POINT('',(62.1459,-58.8786,1.51));
#1693 = VECTOR('',#1694,1.);
#1694 = DIRECTION('',(0.853966582036,0.520327855074,0.));
#1695 = ORIENTED_EDGE('',*,*,#1696,.F.);
#1696 = EDGE_CURVE('',#1697,#1689,#1699,.T.);
#1697 = VERTEX_POINT('',#1698);
#1698 = CARTESIAN_POINT('',(61.3614,-59.4452,1.51));
#1699 = LINE('',#1700,#1701);
#1700 = CARTESIAN_POINT('',(61.3614,-59.4452,1.51));
#1701 = VECTOR('',#1702,1.);
#1702 = DIRECTION('',(0.810671053666,0.58550187254,0.));
#1703 = ORIENTED_EDGE('',*,*,#1704,.F.);
#1704 = EDGE_CURVE('',#1705,#1697,#1707,.T.);
#1705 = VERTEX_POINT('',#1706);
#1706 = CARTESIAN_POINT('',(60.6534,-60.0606,1.51));
#1707 = LINE('',#1708,#1709);
#1708 = CARTESIAN_POINT('',(60.6534,-60.0606,1.51));
#1709 = VECTOR('',#1710,1.);
#1710 = DIRECTION('',(0.754738615076,0.65602562672,0.));
#1711 = ORIENTED_EDGE('',*,*,#1712,.F.);
#1712 = EDGE_CURVE('',#1713,#1705,#1715,.T.);
#1713 = VERTEX_POINT('',#1714);
#1714 = CARTESIAN_POINT('',(60.0063,-60.7372,1.51));
#1715 = LINE('',#1716,#1717);
#1716 = CARTESIAN_POINT('',(60.0063,-60.7372,1.51));
#1717 = VECTOR('',#1718,1.);
#1718 = DIRECTION('',(0.691176566989,0.722685929879,0.));
#1719 = ORIENTED_EDGE('',*,*,#1720,.F.);
#1720 = EDGE_CURVE('',#1721,#1713,#1723,.T.);
#1721 = VERTEX_POINT('',#1722);
#1722 = CARTESIAN_POINT('',(59.5275,-61.3294,1.51));
#1723 = LINE('',#1724,#1725);
#1724 = CARTESIAN_POINT('',(59.5275,-61.3294,1.51));
#1725 = VECTOR('',#1726,1.);
#1726 = DIRECTION('',(0.628722149442,0.777630026941,0.));
#1727 = ORIENTED_EDGE('',*,*,#1728,.F.);
#1728 = EDGE_CURVE('',#1729,#1721,#1731,.T.);
#1729 = VERTEX_POINT('',#1730);
#1730 = CARTESIAN_POINT('',(58.9825,-62.1281,1.51));
#1731 = LINE('',#1732,#1733);
#1732 = CARTESIAN_POINT('',(58.9825,-62.1281,1.51));
#1733 = VECTOR('',#1734,1.);
#1734 = DIRECTION('',(0.563641650632,0.826019424513,0.));
#1735 = ORIENTED_EDGE('',*,*,#1736,.F.);
#1736 = EDGE_CURVE('',#1737,#1729,#1739,.T.);
#1737 = VERTEX_POINT('',#1738);
#1738 = CARTESIAN_POINT('',(58.2968,-63.3952,1.51));
#1739 = LINE('',#1740,#1741);
#1740 = CARTESIAN_POINT('',(58.2968,-63.3952,1.51));
#1741 = VECTOR('',#1742,1.);
#1742 = DIRECTION('',(0.475936533089,0.87947962823,0.));
#1743 = ORIENTED_EDGE('',*,*,#1744,.F.);
#1744 = EDGE_CURVE('',#1745,#1737,#1747,.T.);
#1745 = VERTEX_POINT('',#1746);
#1746 = CARTESIAN_POINT('',(57.709,-64.837899,1.51));
#1747 = LINE('',#1748,#1749);
#1748 = CARTESIAN_POINT('',(57.709,-64.837899,1.51));
#1749 = VECTOR('',#1750,1.);
#1750 = DIRECTION('',(0.37731546264,0.926084791827,0.));
#1751 = ORIENTED_EDGE('',*,*,#1752,.F.);
#1752 = EDGE_CURVE('',#1753,#1745,#1755,.T.);
#1753 = VERTEX_POINT('',#1754);
#1754 = CARTESIAN_POINT('',(57.2784,-66.2384,1.51));
#1755 = LINE('',#1756,#1757);
#1756 = CARTESIAN_POINT('',(57.2784,-66.2384,1.51));
#1757 = VECTOR('',#1758,1.);
#1758 = DIRECTION('',(0.293884220918,0.955841024802,0.));
#1759 = ORIENTED_EDGE('',*,*,#1760,.F.);
#1760 = EDGE_CURVE('',#1761,#1753,#1763,.T.);
#1761 = VERTEX_POINT('',#1762);
#1762 = CARTESIAN_POINT('',(56.8659,-68.0658,1.51));
#1763 = LINE('',#1764,#1765);
#1764 = CARTESIAN_POINT('',(56.8659,-68.0658,1.51));
#1765 = VECTOR('',#1766,1.);
#1766 = DIRECTION('',(0.220190420496,0.97545690767,0.));
#1767 = ORIENTED_EDGE('',*,*,#1768,.F.);
#1768 = EDGE_CURVE('',#1769,#1761,#1771,.T.);
#1769 = VERTEX_POINT('',#1770);
#1770 = CARTESIAN_POINT('',(56.5869,-69.81,1.51));
#1771 = LINE('',#1772,#1773);
#1772 = CARTESIAN_POINT('',(56.5869,-69.81,1.51));
#1773 = VECTOR('',#1774,1.);
#1774 = DIRECTION('',(0.15795075694,0.987446990163,0.));
#1775 = ORIENTED_EDGE('',*,*,#1776,.F.);
#1776 = EDGE_CURVE('',#1777,#1769,#1779,.T.);
#1777 = VERTEX_POINT('',#1778);
#1778 = CARTESIAN_POINT('',(56.3441,-72.0738,1.51));
#1779 = LINE('',#1780,#1781);
#1780 = CARTESIAN_POINT('',(56.3441,-72.0738,1.51));
#1781 = VECTOR('',#1782,1.);
#1782 = DIRECTION('',(0.106641680837,0.994297516797,0.));
#1783 = ORIENTED_EDGE('',*,*,#1784,.F.);
#1784 = EDGE_CURVE('',#1785,#1777,#1787,.T.);
#1785 = VERTEX_POINT('',#1786);
#1786 = CARTESIAN_POINT('',(56.2011,-74.2377,1.51));
#1787 = LINE('',#1788,#1789);
#1788 = CARTESIAN_POINT('',(56.2011,-74.2377,1.51));
#1789 = VECTOR('',#1790,1.);
#1790 = DIRECTION('',(6.594055552219E-02,0.997823553108,0.));
#1791 = ORIENTED_EDGE('',*,*,#1792,.F.);
#1792 = EDGE_CURVE('',#1793,#1785,#1795,.T.);
#1793 = VERTEX_POINT('',#1794);
#1794 = CARTESIAN_POINT('',(56.102,-77.0848,1.51));
#1795 = LINE('',#1796,#1797);
#1796 = CARTESIAN_POINT('',(56.102,-77.0848,1.51));
#1797 = VECTOR('',#1798,1.);
#1798 = DIRECTION('',(3.478628152128E-02,0.99939477416,0.));
#1799 = ORIENTED_EDGE('',*,*,#1800,.F.);
#1800 = EDGE_CURVE('',#1801,#1793,#1803,.T.);
#1801 = VERTEX_POINT('',#1802);
#1802 = CARTESIAN_POINT('',(56.0693,-82.6243,1.51));
#1803 = LINE('',#1804,#1805);
#1804 = CARTESIAN_POINT('',(56.0693,-82.6243,1.51));
#1805 = VECTOR('',#1806,1.);
#1806 = DIRECTION('',(5.902956996281E-03,0.999982577398,0.));
#1807 = ORIENTED_EDGE('',*,*,#1808,.F.);
#1808 = EDGE_CURVE('',#1809,#1801,#1811,.T.);
#1809 = VERTEX_POINT('',#1810);
#1810 = CARTESIAN_POINT('',(56.2,-99.9904,1.51));
#1811 = LINE('',#1812,#1813);
#1812 = CARTESIAN_POINT('',(56.2,-99.9904,1.51));
#1813 = VECTOR('',#1814,1.);
#1814 = DIRECTION('',(-7.525944140271E-03,0.999971679681,0.));
#1815 = ORIENTED_EDGE('',*,*,#1816,.F.);
#1816 = EDGE_CURVE('',#1817,#1809,#1819,.T.);
#1817 = VERTEX_POINT('',#1818);
#1818 = CARTESIAN_POINT('',(56.0669,-117.9586,1.51));
#1819 = LINE('',#1820,#1821);
#1820 = CARTESIAN_POINT('',(56.0669,-117.9586,1.51));
#1821 = VECTOR('',#1822,1.);
#1822 = DIRECTION('',(7.407327859821E-03,0.999972565371,0.));
#1823 = ORIENTED_EDGE('',*,*,#1824,.F.);
#1824 = EDGE_CURVE('',#1825,#1817,#1827,.T.);
#1825 = VERTEX_POINT('',#1826);
#1826 = CARTESIAN_POINT('',(56.1124,-123.3481,1.51));
#1827 = LINE('',#1828,#1829);
#1828 = CARTESIAN_POINT('',(56.1124,-123.3481,1.51));
#1829 = VECTOR('',#1830,1.);
#1830 = DIRECTION('',(-8.44204075015E-03,0.999964365339,0.));
#1831 = ORIENTED_EDGE('',*,*,#1832,.F.);
#1832 = EDGE_CURVE('',#1833,#1825,#1835,.T.);
#1833 = VERTEX_POINT('',#1834);
#1834 = CARTESIAN_POINT('',(56.2671,-126.8721,1.51));
#1835 = LINE('',#1836,#1837);
#1836 = CARTESIAN_POINT('',(56.2671,-126.8721,1.51));
#1837 = VECTOR('',#1838,1.);
#1838 = DIRECTION('',(-4.385674016606E-02,0.999037830286,0.));
#1839 = ORIENTED_EDGE('',*,*,#1840,.F.);
#1840 = EDGE_CURVE('',#1841,#1833,#1843,.T.);
#1841 = VERTEX_POINT('',#1842);
#1842 = CARTESIAN_POINT('',(56.5523,-129.8748,1.51));
#1843 = LINE('',#1844,#1845);
#1844 = CARTESIAN_POINT('',(56.5523,-129.8748,1.51));
#1845 = VECTOR('',#1846,1.);
#1846 = DIRECTION('',(-9.455562796183E-02,0.995519579527,0.));
#1847 = ORIENTED_EDGE('',*,*,#1848,.F.);
#1848 = EDGE_CURVE('',#1849,#1841,#1851,.T.);
#1849 = VERTEX_POINT('',#1850);
#1850 = CARTESIAN_POINT('',(56.9861,-132.4487,1.51));
#1851 = LINE('',#1852,#1853);
#1852 = CARTESIAN_POINT('',(56.9861,-132.4487,1.51));
#1853 = VECTOR('',#1854,1.);
#1854 = DIRECTION('',(-0.166194166124,0.986093047915,0.));
#1855 = ORIENTED_EDGE('',*,*,#1856,.F.);
#1856 = EDGE_CURVE('',#1857,#1849,#1859,.T.);
#1857 = VERTEX_POINT('',#1858);
#1858 = CARTESIAN_POINT('',(57.5073,-134.4184,1.51));
#1859 = LINE('',#1860,#1861);
#1860 = CARTESIAN_POINT('',(57.5073,-134.4184,1.51));
#1861 = VECTOR('',#1862,1.);
#1862 = DIRECTION('',(-0.255804873925,0.96672843471,0.));
#1863 = ORIENTED_EDGE('',*,*,#1864,.F.);
#1864 = EDGE_CURVE('',#1865,#1857,#1867,.T.);
#1865 = VERTEX_POINT('',#1866);
#1866 = CARTESIAN_POINT('',(57.9811,-135.703,1.51));
#1867 = LINE('',#1868,#1869);
#1868 = CARTESIAN_POINT('',(57.9811,-135.703,1.51));
#1869 = VECTOR('',#1870,1.);
#1870 = DIRECTION('',(-0.346043795095,0.938218360445,0.));
#1871 = ORIENTED_EDGE('',*,*,#1872,.F.);
#1872 = EDGE_CURVE('',#1873,#1865,#1875,.T.);
#1873 = VERTEX_POINT('',#1874);
#1874 = CARTESIAN_POINT('',(58.6219,-137.006399,1.51));
#1875 = LINE('',#1876,#1877);
#1876 = CARTESIAN_POINT('',(58.6219,-137.006399,1.51));
#1877 = VECTOR('',#1878,1.);
#1878 = DIRECTION('',(-0.441199951972,0.897408826779,0.));
#1879 = ORIENTED_EDGE('',*,*,#1880,.F.);
#1880 = EDGE_CURVE('',#1881,#1873,#1883,.T.);
#1881 = VERTEX_POINT('',#1882);
#1882 = CARTESIAN_POINT('',(59.354,-138.1137,1.51));
#1883 = LINE('',#1884,#1885);
#1884 = CARTESIAN_POINT('',(59.354,-138.1137,1.51));
#1885 = VECTOR('',#1886,1.);
#1886 = DIRECTION('',(-0.55151441361,0.834165362252,0.));
#1887 = ORIENTED_EDGE('',*,*,#1888,.F.);
#1888 = EDGE_CURVE('',#1889,#1881,#1891,.T.);
#1889 = VERTEX_POINT('',#1890);
#1890 = CARTESIAN_POINT('',(60.1943,-139.0635,1.51));
#1891 = LINE('',#1892,#1893);
#1892 = CARTESIAN_POINT('',(60.1943,-139.0635,1.51));
#1893 = VECTOR('',#1894,1.);
#1894 = DIRECTION('',(-0.662614715438,0.748960438799,0.));
#1895 = ORIENTED_EDGE('',*,*,#1896,.F.);
#1896 = EDGE_CURVE('',#1897,#1889,#1899,.T.);
#1897 = VERTEX_POINT('',#1898);
#1898 = CARTESIAN_POINT('',(61.1539,-139.8723,1.51));
#1899 = LINE('',#1900,#1901);
#1900 = CARTESIAN_POINT('',(61.1539,-139.8723,1.51));
#1901 = VECTOR('',#1902,1.);
#1902 = DIRECTION('',(-0.764630106842,0.644469393929,0.));
#1903 = ORIENTED_EDGE('',*,*,#1904,.F.);
#1904 = EDGE_CURVE('',#1905,#1897,#1907,.T.);
#1905 = VERTEX_POINT('',#1906);
#1906 = CARTESIAN_POINT('',(62.2618,-140.5627,1.51));
#1907 = LINE('',#1908,#1909);
#1908 = CARTESIAN_POINT('',(62.2618,-140.5627,1.51));
#1909 = VECTOR('',#1910,1.);
#1910 = DIRECTION('',(-0.848699050054,0.528876093652,0.));
#1911 = ORIENTED_EDGE('',*,*,#1912,.F.);
#1912 = EDGE_CURVE('',#1913,#1905,#1915,.T.);
#1913 = VERTEX_POINT('',#1914);
#1914 = CARTESIAN_POINT('',(63.5572,-141.1482,1.51));
#1915 = LINE('',#1916,#1917);
#1916 = CARTESIAN_POINT('',(63.5572,-141.1482,1.51));
#1917 = VECTOR('',#1918,1.);
#1918 = DIRECTION('',(-0.911243729424,0.411867534026,0.));
#1919 = ORIENTED_EDGE('',*,*,#1920,.F.);
#1920 = EDGE_CURVE('',#1921,#1913,#1923,.T.);
#1921 = VERTEX_POINT('',#1922);
#1922 = CARTESIAN_POINT('',(64.830199,-141.5633,1.51));
#1923 = LINE('',#1924,#1925);
#1924 = CARTESIAN_POINT('',(64.830199,-141.5633,1.51));
#1925 = VECTOR('',#1926,1.);
#1926 = DIRECTION('',(-0.95073168185,0.310014949844,0.));
#1927 = ORIENTED_EDGE('',*,*,#1928,.F.);
#1928 = EDGE_CURVE('',#1929,#1921,#1931,.T.);
#1929 = VERTEX_POINT('',#1930);
#1930 = CARTESIAN_POINT('',(66.2647,-141.896,1.51));
#1931 = LINE('',#1932,#1933);
#1932 = CARTESIAN_POINT('',(66.2647,-141.896,1.51));
#1933 = VECTOR('',#1934,1.);
#1934 = DIRECTION('',(-0.974143425031,0.22593049256,0.));
#1935 = ORIENTED_EDGE('',*,*,#1936,.F.);
#1936 = EDGE_CURVE('',#1937,#1929,#1939,.T.);
#1937 = VERTEX_POINT('',#1938);
#1938 = CARTESIAN_POINT('',(67.8553,-142.1436,1.51));
#1939 = LINE('',#1940,#1941);
#1940 = CARTESIAN_POINT('',(67.8553,-142.1436,1.51));
#1941 = VECTOR('',#1942,1.);
#1942 = DIRECTION('',(-0.988100109367,0.153812138237,0.));
#1943 = ORIENTED_EDGE('',*,*,#1944,.F.);
#1944 = EDGE_CURVE('',#1945,#1937,#1947,.T.);
#1945 = VERTEX_POINT('',#1946);
#1946 = CARTESIAN_POINT('',(69.6171,-142.310299,1.51));
#1947 = LINE('',#1948,#1949);
#1948 = CARTESIAN_POINT('',(69.6171,-142.310299,1.51));
#1949 = VECTOR('',#1950,1.);
#1950 = DIRECTION('',(-0.99555349682,9.419785013416E-02,0.));
#1951 = ORIENTED_EDGE('',*,*,#1952,.F.);
#1952 = EDGE_CURVE('',#1953,#1945,#1955,.T.);
#1953 = VERTEX_POINT('',#1954);
#1954 = CARTESIAN_POINT('',(71.5457,-142.4006,1.51));
#1955 = LINE('',#1956,#1957);
#1956 = CARTESIAN_POINT('',(71.5457,-142.4006,1.51));
#1957 = VECTOR('',#1958,1.);
#1958 = DIRECTION('',(-0.998905646991,4.677080723269E-02,0.));
#1959 = ORIENTED_EDGE('',*,*,#1960,.F.);
#1960 = EDGE_CURVE('',#1961,#1953,#1963,.T.);
#1961 = VERTEX_POINT('',#1962);
#1962 = CARTESIAN_POINT('',(75.9823,-142.3902,1.51));
#1963 = LINE('',#1964,#1965);
#1964 = CARTESIAN_POINT('',(75.9823,-142.3902,1.51));
#1965 = VECTOR('',#1966,1.);
#1966 = DIRECTION('',(-0.999997252521,-2.344130962049E-03,0.));
#1967 = ORIENTED_EDGE('',*,*,#1968,.F.);
#1968 = EDGE_CURVE('',#1969,#1961,#1971,.T.);
#1969 = VERTEX_POINT('',#1970);
#1970 = CARTESIAN_POINT('',(91.9878,-141.8786,1.51));
#1971 = LINE('',#1972,#1973);
#1972 = CARTESIAN_POINT('',(91.9878,-141.8786,1.51));
#1973 = VECTOR('',#1974,1.);
#1974 = DIRECTION('',(-0.999489542074,-3.194769608728E-02,0.));
#1975 = ORIENTED_EDGE('',*,*,#1976,.F.);
#1976 = EDGE_CURVE('',#1977,#1969,#1979,.T.);
#1977 = VERTEX_POINT('',#1978);
#1978 = CARTESIAN_POINT('',(100.02,-141.8001,1.51));
#1979 = LINE('',#1980,#1981);
#1980 = CARTESIAN_POINT('',(100.02,-141.8001,1.51));
#1981 = VECTOR('',#1982,1.);
#1982 = DIRECTION('',(-0.999952246063,-9.772696311842E-03,0.));
#1983 = ORIENTED_EDGE('',*,*,#1984,.F.);
#1984 = EDGE_CURVE('',#1985,#1977,#1987,.T.);
#1985 = VERTEX_POINT('',#1986);
#1986 = CARTESIAN_POINT('',(104.7529,-141.8277,1.51));
#1987 = LINE('',#1988,#1989);
#1988 = CARTESIAN_POINT('',(104.7529,-141.8277,1.51));
#1989 = VECTOR('',#1990,1.);
#1990 = DIRECTION('',(-0.999982997122,5.831420634406E-03,0.));
#1991 = ORIENTED_EDGE('',*,*,#1992,.F.);
#1992 = EDGE_CURVE('',#1993,#1985,#1995,.T.);
#1993 = VERTEX_POINT('',#1994);
#1994 = CARTESIAN_POINT('',(110.2345,-141.9281,1.51));
#1995 = LINE('',#1996,#1997);
#1996 = CARTESIAN_POINT('',(110.2345,-141.9281,1.51));
#1997 = VECTOR('',#1998,1.);
#1998 = DIRECTION('',(-0.999832307556,1.831274877383E-02,0.));
#1999 = ORIENTED_EDGE('',*,*,#2000,.F.);
#2000 = EDGE_CURVE('',#2001,#1993,#2003,.T.);
#2001 = VERTEX_POINT('',#2002);
#2002 = CARTESIAN_POINT('',(125.21,-142.4133,1.51));
#2003 = LINE('',#2004,#2005);
#2004 = CARTESIAN_POINT('',(125.21,-142.4133,1.51));
#2005 = VECTOR('',#2006,1.);
#2006 = DIRECTION('',(-0.99947554628,3.238259390705E-02,0.));
#2007 = ORIENTED_EDGE('',*,*,#2008,.F.);
#2008 = EDGE_CURVE('',#2009,#2001,#2011,.T.);
#2009 = VERTEX_POINT('',#2010);
#2010 = CARTESIAN_POINT('',(128.4571,-142.4006,1.51));
#2011 = LINE('',#2012,#2013);
#2012 = CARTESIAN_POINT('',(128.4571,-142.4006,1.51));
#2013 = VECTOR('',#2014,1.);
#2014 = DIRECTION('',(-0.999992351414,-3.911152370718E-03,0.));
#2015 = ORIENTED_EDGE('',*,*,#2016,.F.);
#2016 = EDGE_CURVE('',#2017,#2009,#2019,.T.);
#2017 = VERTEX_POINT('',#2018);
#2018 = CARTESIAN_POINT('',(130.9918,-142.2633,1.51));
#2019 = LINE('',#2020,#2021);
#2020 = CARTESIAN_POINT('',(130.9918,-142.2633,1.51));
#2021 = VECTOR('',#2022,1.);
#2022 = DIRECTION('',(-0.998536126646,-5.408885082591E-02,0.));
#2023 = ORIENTED_EDGE('',*,*,#2024,.F.);
#2024 = EDGE_CURVE('',#2025,#2017,#2027,.T.);
#2025 = VERTEX_POINT('',#2026);
#2026 = CARTESIAN_POINT('',(132.9591,-142.0304,1.51));
#2027 = LINE('',#2028,#2029);
#2028 = CARTESIAN_POINT('',(132.9591,-142.0304,1.51));
#2029 = VECTOR('',#2030,1.);
#2030 = DIRECTION('',(-0.993065233615,-0.117564628124,0.));
#2031 = ORIENTED_EDGE('',*,*,#2032,.F.);
#2032 = EDGE_CURVE('',#2033,#2025,#2035,.T.);
#2033 = VERTEX_POINT('',#2034);
#2034 = CARTESIAN_POINT('',(134.4742,-141.7399,1.51));
#2035 = LINE('',#2036,#2037);
#2036 = CARTESIAN_POINT('',(134.4742,-141.7399,1.51));
#2037 = VECTOR('',#2038,1.);
#2038 = DIRECTION('',(-0.982110326761,-0.188306415368,0.));
#2039 = ORIENTED_EDGE('',*,*,#2040,.F.);
#2040 = EDGE_CURVE('',#2041,#2033,#2043,.T.);
#2041 = VERTEX_POINT('',#2042);
#2042 = CARTESIAN_POINT('',(136.0319,-141.2971,1.51));
#2043 = LINE('',#2044,#2045);
#2044 = CARTESIAN_POINT('',(136.0319,-141.2971,1.51));
#2045 = VECTOR('',#2046,1.);
#2046 = DIRECTION('',(-0.961891258376,-0.273432271431,0.));
#2047 = ORIENTED_EDGE('',*,*,#2048,.F.);
#2048 = EDGE_CURVE('',#2049,#2041,#2051,.T.);
#2049 = VERTEX_POINT('',#2050);
#2050 = CARTESIAN_POINT('',(137.3838,-140.743,1.51));
#2051 = LINE('',#2052,#2053);
#2052 = CARTESIAN_POINT('',(137.3838,-140.743,1.51));
#2053 = VECTOR('',#2054,1.);
#2054 = DIRECTION('',(-0.925294901641,-0.379248394851,0.));
#2055 = ORIENTED_EDGE('',*,*,#2056,.F.);
#2056 = EDGE_CURVE('',#2057,#2049,#2059,.T.);
#2057 = VERTEX_POINT('',#2058);
#2058 = CARTESIAN_POINT('',(138.5453,-140.0815,1.51));
#2059 = LINE('',#2060,#2061);
#2060 = CARTESIAN_POINT('',(138.5453,-140.0815,1.51));
#2061 = VECTOR('',#2062,1.);
#2062 = DIRECTION('',(-0.868955847302,-0.494889619449,0.));
#2063 = ORIENTED_EDGE('',*,*,#2064,.F.);
#2064 = EDGE_CURVE('',#2065,#2057,#2067,.T.);
#2065 = VERTEX_POINT('',#2066);
#2066 = CARTESIAN_POINT('',(139.5453,-139.3074,1.51));
#2067 = LINE('',#2068,#2069);
#2068 = CARTESIAN_POINT('',(139.5453,-139.3074,1.51));
#2069 = VECTOR('',#2070,1.);
#2070 = DIRECTION('',(-0.790759514239,-0.612126939973,0.));
#2071 = ORIENTED_EDGE('',*,*,#2072,.F.);
#2072 = EDGE_CURVE('',#2073,#2065,#2075,.T.);
#2073 = VERTEX_POINT('',#2074);
#2074 = CARTESIAN_POINT('',(140.418,-138.3996,1.51));
#2075 = LINE('',#2076,#2077);
#2076 = CARTESIAN_POINT('',(140.418,-138.3996,1.51));
#2077 = VECTOR('',#2078,1.);
#2078 = DIRECTION('',(-0.693032535018,-0.720906308341,0.));
#2079 = ORIENTED_EDGE('',*,*,#2080,.F.);
#2080 = EDGE_CURVE('',#2081,#2073,#2083,.T.);
#2081 = VERTEX_POINT('',#2082);
#2082 = CARTESIAN_POINT('',(141.1778,-137.3426,1.51));
#2083 = LINE('',#2084,#2085);
#2084 = CARTESIAN_POINT('',(141.1778,-137.3426,1.51));
#2085 = VECTOR('',#2086,1.);
#2086 = DIRECTION('',(-0.583677202659,-0.811985789959,0.));
#2087 = ORIENTED_EDGE('',*,*,#2088,.F.);
#2088 = EDGE_CURVE('',#2089,#2081,#2091,.T.);
#2089 = VERTEX_POINT('',#2090);
#2090 = CARTESIAN_POINT('',(141.7576,-136.2828,1.51));
#2091 = LINE('',#2092,#2093);
#2092 = CARTESIAN_POINT('',(141.7576,-136.2828,1.51));
#2093 = VECTOR('',#2094,1.);
#2094 = DIRECTION('',(-0.479953718393,-0.877293809508,0.));
#2095 = ORIENTED_EDGE('',*,*,#2096,.F.);
#2096 = EDGE_CURVE('',#2097,#2089,#2099,.T.);
#2097 = VERTEX_POINT('',#2098);
#2098 = CARTESIAN_POINT('',(142.2646,-135.0806,1.51));
#2099 = LINE('',#2100,#2101);
#2100 = CARTESIAN_POINT('',(142.2646,-135.0806,1.51));
#2101 = VECTOR('',#2102,1.);
#2102 = DIRECTION('',(-0.388584607211,-0.921413046922,0.));
#2103 = ORIENTED_EDGE('',*,*,#2104,.F.);
#2104 = EDGE_CURVE('',#2105,#2097,#2107,.T.);
#2105 = VERTEX_POINT('',#2106);
#2106 = CARTESIAN_POINT('',(142.6357,-133.9512,1.51));
#2107 = LINE('',#2108,#2109);
#2108 = CARTESIAN_POINT('',(142.6357,-133.9512,1.51));
#2109 = VECTOR('',#2110,1.);
#2110 = DIRECTION('',(-0.31216196571,-0.950028898068,0.));
#2111 = ORIENTED_EDGE('',*,*,#2112,.F.);
#2112 = EDGE_CURVE('',#2113,#2105,#2115,.T.);
#2113 = VERTEX_POINT('',#2114);
#2114 = CARTESIAN_POINT('',(143.0139,-132.4487,1.51));
#2115 = LINE('',#2116,#2117);
#2116 = CARTESIAN_POINT('',(143.0139,-132.4487,1.51));
#2117 = VECTOR('',#2118,1.);
#2118 = DIRECTION('',(-0.244099514841,-0.96975018786,0.));
#2119 = ORIENTED_EDGE('',*,*,#2120,.F.);
#2120 = EDGE_CURVE('',#2121,#2113,#2123,.T.);
#2121 = VERTEX_POINT('',#2122);
#2122 = CARTESIAN_POINT('',(143.2746,-131.065499,1.51));
#2123 = LINE('',#2124,#2125);
#2124 = CARTESIAN_POINT('',(143.2746,-131.065499,1.51));
#2125 = VECTOR('',#2126,1.);
#2126 = DIRECTION('',(-0.185214861274,-0.982698048824,0.));
#2127 = ORIENTED_EDGE('',*,*,#2128,.F.);
#2128 = EDGE_CURVE('',#2129,#2121,#2131,.T.);
#2129 = VERTEX_POINT('',#2130);
#2130 = CARTESIAN_POINT('',(143.5239,-129.242799,1.51));
#2131 = LINE('',#2132,#2133);
#2132 = CARTESIAN_POINT('',(143.5239,-129.242799,1.51));
#2133 = VECTOR('',#2134,1.);
#2134 = DIRECTION('',(-0.135513433051,-0.990775509115,0.));
#2135 = ORIENTED_EDGE('',*,*,#2136,.F.);
#2136 = EDGE_CURVE('',#2137,#2129,#2139,.T.);
#2137 = VERTEX_POINT('',#2138);
#2138 = CARTESIAN_POINT('',(143.7082,-127.226,1.51));
#2139 = LINE('',#2140,#2141);
#2140 = CARTESIAN_POINT('',(143.7082,-127.226,1.51));
#2141 = VECTOR('',#2142,1.);
#2142 = DIRECTION('',(-9.10032505643E-02,-0.995850595414,0.));
#2143 = ORIENTED_EDGE('',*,*,#2144,.F.);
#2144 = EDGE_CURVE('',#2145,#2137,#2147,.T.);
#2145 = VERTEX_POINT('',#2146);
#2146 = CARTESIAN_POINT('',(143.8335,-124.9867,1.51));
#2147 = LINE('',#2148,#2149);
#2148 = CARTESIAN_POINT('',(143.8335,-124.9867,1.51));
#2149 = VECTOR('',#2150,1.);
#2150 = DIRECTION('',(-5.586759466959E-02,-0.998438186302,0.));
#2151 = ORIENTED_EDGE('',*,*,#2152,.F.);
#2152 = EDGE_CURVE('',#2153,#2145,#2155,.T.);
#2153 = VERTEX_POINT('',#2154);
#2154 = CARTESIAN_POINT('',(143.9066,-122.4736,1.51));
#2155 = LINE('',#2156,#2157);
#2156 = CARTESIAN_POINT('',(143.9066,-122.4736,1.51));
#2157 = VECTOR('',#2158,1.);
#2158 = DIRECTION('',(-2.907528356067E-02,-0.999577224573,0.));
#2159 = ORIENTED_EDGE('',*,*,#2160,.F.);
#2160 = EDGE_CURVE('',#2161,#2153,#2163,.T.);
#2161 = VERTEX_POINT('',#2162);
#2162 = CARTESIAN_POINT('',(143.9349,-119.0641,1.51));
#2163 = LINE('',#2164,#2165);
#2164 = CARTESIAN_POINT('',(143.9349,-119.0641,1.51));
#2165 = VECTOR('',#2166,1.);
#2166 = DIRECTION('',(-8.300051379277E-03,-0.99996555398,0.));
#2167 = ORIENTED_EDGE('',*,*,#2168,.F.);
#2168 = EDGE_CURVE('',#2169,#2161,#2171,.T.);
#2169 = VERTEX_POINT('',#2170);
#2170 = CARTESIAN_POINT('',(143.8,-100.0112,1.51));
#2171 = LINE('',#2172,#2173);
#2172 = CARTESIAN_POINT('',(143.8,-100.0112,1.51));
#2173 = VECTOR('',#2174,1.);
#2174 = DIRECTION('',(7.080109528068E-03,-0.99997493571,0.));
#2175 = ORIENTED_EDGE('',*,*,#2176,.F.);
#2176 = EDGE_CURVE('',#2177,#2169,#2179,.T.);
#2177 = VERTEX_POINT('',#2178);
#2178 = CARTESIAN_POINT('',(143.9345,-81.4791,1.51));
#2179 = LINE('',#2180,#2181);
#2180 = CARTESIAN_POINT('',(143.9345,-81.4791,1.51));
#2181 = VECTOR('',#2182,1.);
#2182 = DIRECTION('',(-7.257486082074E-03,-0.999973664101,0.));
#2183 = ORIENTED_EDGE('',*,*,#2184,.F.);
#2184 = EDGE_CURVE('',#2185,#2177,#2187,.T.);
#2185 = VERTEX_POINT('',#2186);
#2186 = CARTESIAN_POINT('',(143.849699,-75.408,1.51));
#2187 = LINE('',#2188,#2189);
#2188 = CARTESIAN_POINT('',(143.849699,-75.408,1.51));
#2189 = VECTOR('',#2190,1.);
#2190 = DIRECTION('',(1.396661703548E-02,-0.999902462047,0.));
#2191 = ORIENTED_EDGE('',*,*,#2192,.F.);
#2192 = EDGE_CURVE('',#2193,#2185,#2195,.T.);
#2193 = VERTEX_POINT('',#2194);
#2194 = CARTESIAN_POINT('',(143.6557,-72.0706,1.51));
#2195 = LINE('',#2196,#2197);
#2196 = CARTESIAN_POINT('',(143.6557,-72.0706,1.51));
#2197 = VECTOR('',#2198,1.);
#2198 = DIRECTION('',(5.803082378227E-02,-0.998314791782,0.));
#2199 = ORIENTED_EDGE('',*,*,#2200,.F.);
#2200 = EDGE_CURVE('',#2201,#2193,#2203,.T.);
#2201 = VERTEX_POINT('',#2202);
#2202 = CARTESIAN_POINT('',(143.3707,-69.503199,1.51));
#2203 = LINE('',#2204,#2205);
#2204 = CARTESIAN_POINT('',(143.3707,-69.503199,1.51));
#2205 = VECTOR('',#2206,1.);
#2206 = DIRECTION('',(0.110329509645,-0.993895064532,0.));
#2207 = ORIENTED_EDGE('',*,*,#2208,.F.);
#2208 = EDGE_CURVE('',#2209,#2201,#2211,.T.);
#2209 = VERTEX_POINT('',#2210);
#2210 = CARTESIAN_POINT('',(142.9682,-67.2527,1.51));
#2211 = LINE('',#2212,#2213);
#2212 = CARTESIAN_POINT('',(142.9682,-67.2527,1.51));
#2213 = VECTOR('',#2214,1.);
#2214 = DIRECTION('',(0.176055638096,-0.984380217342,0.));
#2215 = ORIENTED_EDGE('',*,*,#2216,.F.);
#2216 = EDGE_CURVE('',#2217,#2209,#2219,.T.);
#2217 = VERTEX_POINT('',#2218);
#2218 = CARTESIAN_POINT('',(142.7208,-66.2354,1.51));
#2219 = LINE('',#2220,#2221);
#2220 = CARTESIAN_POINT('',(142.7208,-66.2354,1.51));
#2221 = VECTOR('',#2222,1.);
#2222 = DIRECTION('',(0.236305270345,-0.971678866297,0.));
#2223 = ORIENTED_EDGE('',*,*,#2224,.F.);
#2224 = EDGE_CURVE('',#2225,#2217,#2227,.T.);
#2225 = VERTEX_POINT('',#2226);
#2226 = CARTESIAN_POINT('',(142.3686,-65.0636,1.51));
#2227 = LINE('',#2228,#2229);
#2228 = CARTESIAN_POINT('',(142.3686,-65.0636,1.51));
#2229 = VECTOR('',#2230,1.);
#2230 = DIRECTION('',(0.287842708318,-0.957677699055,0.));
#2231 = ORIENTED_EDGE('',*,*,#2232,.F.);
#2232 = EDGE_CURVE('',#2233,#2225,#2235,.T.);
#2233 = VERTEX_POINT('',#2234);
#2234 = CARTESIAN_POINT('',(141.8796,-63.7853,1.51));
#2235 = LINE('',#2236,#2237);
#2236 = CARTESIAN_POINT('',(141.8796,-63.7853,1.51));
#2237 = VECTOR('',#2238,1.);
#2238 = DIRECTION('',(0.357289327087,-0.933993756269,0.));
#2239 = ORIENTED_EDGE('',*,*,#2240,.F.);
#2240 = EDGE_CURVE('',#2241,#2233,#2243,.T.);
#2241 = VERTEX_POINT('',#2242);
#2242 = CARTESIAN_POINT('',(141.2226,-62.4716,1.51));
#2243 = LINE('',#2244,#2245);
#2244 = CARTESIAN_POINT('',(141.2226,-62.4716,1.51));
#2245 = VECTOR('',#2246,1.);
#2246 = DIRECTION('',(0.447295291404,-0.894386338384,0.));
#2247 = ORIENTED_EDGE('',*,*,#2248,.F.);
#2248 = EDGE_CURVE('',#2249,#2241,#2251,.T.);
#2249 = VERTEX_POINT('',#2250);
#2250 = CARTESIAN_POINT('',(140.4725,-61.3294,1.51));
#2251 = LINE('',#2252,#2253);
#2252 = CARTESIAN_POINT('',(140.4725,-61.3294,1.51));
#2253 = VECTOR('',#2254,1.);
#2254 = DIRECTION('',(0.548928155036,-0.835869535638,0.));
#2255 = ORIENTED_EDGE('',*,*,#2256,.F.);
#2256 = EDGE_CURVE('',#2257,#2249,#2259,.T.);
#2257 = VERTEX_POINT('',#2258);
#2258 = CARTESIAN_POINT('',(139.5557,-60.2347,1.51));
#2259 = LINE('',#2260,#2261);
#2260 = CARTESIAN_POINT('',(139.5557,-60.2347,1.51));
#2261 = VECTOR('',#2262,1.);
#2262 = DIRECTION('',(0.642063041256,-0.766651844746,0.));
#2263 = ORIENTED_EDGE('',*,*,#2264,.F.);
#2264 = EDGE_CURVE('',#2265,#2257,#2267,.T.);
#2265 = VERTEX_POINT('',#2266);
#2266 = CARTESIAN_POINT('',(139.5023,-60.0529,1.51));
#2267 = LINE('',#2268,#2269);
#2268 = CARTESIAN_POINT('',(139.5023,-60.0529,1.51));
#2269 = VECTOR('',#2270,1.);
#2270 = DIRECTION('',(0.281823430545,-0.959466286013,0.));
#2271 = ORIENTED_EDGE('',*,*,#2272,.F.);
#2272 = EDGE_CURVE('',#2273,#2265,#2275,.T.);
#2273 = VERTEX_POINT('',#2274);
#2274 = CARTESIAN_POINT('',(139.4994,-59.1206,1.51));
#2275 = LINE('',#2276,#2277);
#2276 = CARTESIAN_POINT('',(139.4994,-59.1206,1.51));
#2277 = VECTOR('',#2278,1.);
#2278 = DIRECTION('',(3.110571672474E-03,-0.99999516216,0.));
#2279 = ORIENTED_EDGE('',*,*,#2280,.F.);
#2280 = EDGE_CURVE('',#2281,#2273,#2283,.T.);
#2281 = VERTEX_POINT('',#2282);
#2282 = CARTESIAN_POINT('',(138.8081,-58.5681,1.51));
#2283 = LINE('',#2284,#2285);
#2284 = CARTESIAN_POINT('',(138.8081,-58.5681,1.51));
#2285 = VECTOR('',#2286,1.);
#2286 = DIRECTION('',(0.781166378337,-0.624322904718,0.));
#2287 = ORIENTED_EDGE('',*,*,#2288,.F.);
#2288 = EDGE_CURVE('',#2289,#2281,#2291,.T.);
#2289 = VERTEX_POINT('',#2290);
#2290 = CARTESIAN_POINT('',(138.112,-58.093,1.51));
#2291 = LINE('',#2292,#2293);
#2292 = CARTESIAN_POINT('',(138.112,-58.093,1.51));
#2293 = VECTOR('',#2294,1.);
#2294 = DIRECTION('',(0.825958643034,-0.563730715854,0.));
#2295 = ORIENTED_EDGE('',*,*,#2296,.F.);
#2296 = EDGE_CURVE('',#2297,#2289,#2299,.T.);
#2297 = VERTEX_POINT('',#2298);
#2298 = CARTESIAN_POINT('',(136.7731,-57.3517,1.51));
#2299 = LINE('',#2300,#2301);
#2300 = CARTESIAN_POINT('',(136.7731,-57.3517,1.51));
#2301 = VECTOR('',#2302,1.);
#2302 = DIRECTION('',(0.874859091692,-0.48437750741,0.));
#2303 = ORIENTED_EDGE('',*,*,#2304,.F.);
#2304 = EDGE_CURVE('',#2305,#2297,#2307,.T.);
#2305 = VERTEX_POINT('',#2306);
#2306 = CARTESIAN_POINT('',(135.4802,-56.797,1.51));
#2307 = LINE('',#2308,#2309);
#2308 = CARTESIAN_POINT('',(135.4802,-56.797,1.51));
#2309 = VECTOR('',#2310,1.);
#2310 = DIRECTION('',(0.918990544694,-0.394279569295,0.));
#2311 = ORIENTED_EDGE('',*,*,#2312,.F.);
#2312 = EDGE_CURVE('',#2313,#2305,#2315,.T.);
#2313 = VERTEX_POINT('',#2314);
#2314 = CARTESIAN_POINT('',(134.0439,-56.3166,1.51));
#2315 = LINE('',#2316,#2317);
#2316 = CARTESIAN_POINT('',(134.0439,-56.3166,1.51));
#2317 = VECTOR('',#2318,1.);
#2318 = DIRECTION('',(0.948359264635,-0.317198211189,0.));
#2319 = ORIENTED_EDGE('',*,*,#2320,.F.);
#2320 = EDGE_CURVE('',#2321,#2313,#2323,.T.);
#2321 = VERTEX_POINT('',#2322);
#2322 = CARTESIAN_POINT('',(132.4778,-55.9155,1.51));
#2323 = LINE('',#2324,#2325);
#2324 = CARTESIAN_POINT('',(132.4778,-55.9155,1.51));
#2325 = VECTOR('',#2326,1.);
#2326 = DIRECTION('',(0.968732897106,-0.248105973456,0.));
#2327 = ORIENTED_EDGE('',*,*,#2328,.F.);
#2328 = EDGE_CURVE('',#2329,#2321,#2331,.T.);
#2329 = VERTEX_POINT('',#2330);
#2330 = CARTESIAN_POINT('',(126.7644,-55.9147,1.51));
#2331 = LINE('',#2332,#2333);
#2332 = CARTESIAN_POINT('',(126.7644,-55.9147,1.51));
#2333 = VECTOR('',#2334,1.);
#2334 = DIRECTION('',(0.999999990197,-1.400217019911E-04,0.));
#2335 = ORIENTED_EDGE('',*,*,#2336,.F.);
#2336 = EDGE_CURVE('',#2337,#2329,#2339,.T.);
#2337 = VERTEX_POINT('',#2338);
#2338 = CARTESIAN_POINT('',(123.4933,-55.7277,1.51));
#2339 = LINE('',#2340,#2341);
#2340 = CARTESIAN_POINT('',(123.4933,-55.7277,1.51));
#2341 = VECTOR('',#2342,1.);
#2342 = DIRECTION('',(0.998369943426,-5.707412779209E-02,0.));
#2343 = ORIENTED_EDGE('',*,*,#2344,.F.);
#2344 = EDGE_CURVE('',#2345,#2337,#2347,.T.);
#2345 = VERTEX_POINT('',#2346);
#2346 = CARTESIAN_POINT('',(119.2094,-55.6311,1.51));
#2347 = LINE('',#2348,#2349);
#2348 = CARTESIAN_POINT('',(119.2094,-55.6311,1.51));
#2349 = VECTOR('',#2350,1.);
#2350 = DIRECTION('',(0.999745855905,-2.25438151405E-02,0.));
#2351 = ORIENTED_EDGE('',*,*,#2352,.F.);
#2352 = EDGE_CURVE('',#2353,#2345,#2355,.T.);
#2353 = VERTEX_POINT('',#2354);
#2354 = CARTESIAN_POINT('',(107.0035,-55.6747,1.51));
#2355 = LINE('',#2356,#2357);
#2356 = CARTESIAN_POINT('',(107.0035,-55.6747,1.51));
#2357 = VECTOR('',#2358,1.);
#2358 = DIRECTION('',(0.999993620315,3.572020239863E-03,0.));
#2359 = ORIENTED_EDGE('',*,*,#2360,.F.);
#2360 = EDGE_CURVE('',#112,#2353,#2361,.T.);
#2361 = LINE('',#2362,#2363);
#2362 = CARTESIAN_POINT('',(106.7664,-55.6168,1.51));
#2363 = VECTOR('',#2364,1.);
#2364 = DIRECTION('',(0.971453585109,-0.237229702985,0.));
#2365 = ORIENTED_EDGE('',*,*,#111,.F.);
#2366 = FACE_BOUND('',#2367,.T.);
#2367 = EDGE_LOOP('',(#2368));
#2368 = ORIENTED_EDGE('',*,*,#2369,.T.);
#2369 = EDGE_CURVE('',#2370,#2370,#2372,.T.);
#2370 = VERTEX_POINT('',#2371);
#2371 = CARTESIAN_POINT('',(62.,-135.1,1.51));
#2372 = CIRCLE('',#2373,1.1);
#2373 = AXIS2_PLACEMENT_3D('',#2374,#2375,#2376);
#2374 = CARTESIAN_POINT('',(62.,-134.,1.51));
#2375 = DIRECTION('',(-0.,0.,-1.));
#2376 = DIRECTION('',(-0.,-1.,0.));
#2377 = FACE_BOUND('',#2378,.T.);
#2378 = EDGE_LOOP('',(#2379));
#2379 = ORIENTED_EDGE('',*,*,#2380,.T.);
#2380 = EDGE_CURVE('',#2381,#2381,#2383,.T.);
#2381 = VERTEX_POINT('',#2382);
#2382 = CARTESIAN_POINT('',(100.8,-127.59,1.51));
#2383 = CIRCLE('',#2384,0.15);
#2384 = AXIS2_PLACEMENT_3D('',#2385,#2386,#2387);
#2385 = CARTESIAN_POINT('',(100.8,-127.44,1.51));
#2386 = DIRECTION('',(-0.,0.,-1.));
#2387 = DIRECTION('',(-9.473903143469E-14,-1.,0.));
#2388 = FACE_BOUND('',#2389,.T.);
#2389 = EDGE_LOOP('',(#2390));
#2390 = ORIENTED_EDGE('',*,*,#2391,.T.);
#2391 = EDGE_CURVE('',#2392,#2392,#2394,.T.);
#2392 = VERTEX_POINT('',#2393);
#2393 = CARTESIAN_POINT('',(100.1,-126.89,1.51));
#2394 = CIRCLE('',#2395,0.15);
#2395 = AXIS2_PLACEMENT_3D('',#2396,#2397,#2398);
#2396 = CARTESIAN_POINT('',(100.1,-126.74,1.51));
#2397 = DIRECTION('',(-0.,0.,-1.));
#2398 = DIRECTION('',(-0.,-1.,0.));
#2399 = FACE_BOUND('',#2400,.T.);
#2400 = EDGE_LOOP('',(#2401));
#2401 = ORIENTED_EDGE('',*,*,#2402,.T.);
#2402 = EDGE_CURVE('',#2403,#2403,#2405,.T.);
#2403 = VERTEX_POINT('',#2404);
#2404 = CARTESIAN_POINT('',(100.8,-126.19,1.51));
#2405 = CIRCLE('',#2406,0.15);
#2406 = AXIS2_PLACEMENT_3D('',#2407,#2408,#2409);
#2407 = CARTESIAN_POINT('',(100.8,-126.04,1.51));
#2408 = DIRECTION('',(-0.,0.,-1.));
#2409 = DIRECTION('',(-9.473903143469E-14,-1.,0.));
#2410 = FACE_BOUND('',#2411,.T.);
#2411 = EDGE_LOOP('',(#2412));
#2412 = ORIENTED_EDGE('',*,*,#2413,.T.);
#2413 = EDGE_CURVE('',#2414,#2414,#2416,.T.);
#2414 = VERTEX_POINT('',#2415);
#2415 = CARTESIAN_POINT('',(100.1,-125.49,1.51));
#2416 = CIRCLE('',#2417,0.15);
#2417 = AXIS2_PLACEMENT_3D('',#2418,#2419,#2420);
#2418 = CARTESIAN_POINT('',(100.1,-125.34,1.51));
#2419 = DIRECTION('',(-0.,0.,-1.));
#2420 = DIRECTION('',(-0.,-1.,0.));
#2421 = FACE_BOUND('',#2422,.T.);
#2422 = EDGE_LOOP('',(#2423));
#2423 = ORIENTED_EDGE('',*,*,#2424,.T.);
#2424 = EDGE_CURVE('',#2425,#2425,#2427,.T.);
#2425 = VERTEX_POINT('',#2426);
#2426 = CARTESIAN_POINT('',(100.8,-124.79,1.51));
#2427 = CIRCLE('',#2428,0.15);
#2428 = AXIS2_PLACEMENT_3D('',#2429,#2430,#2431);
#2429 = CARTESIAN_POINT('',(100.8,-124.64,1.51));
#2430 = DIRECTION('',(-0.,0.,-1.));
#2431 = DIRECTION('',(-9.473903143469E-14,-1.,0.));
#2432 = FACE_BOUND('',#2433,.T.);
#2433 = EDGE_LOOP('',(#2434));
#2434 = ORIENTED_EDGE('',*,*,#2435,.T.);
#2435 = EDGE_CURVE('',#2436,#2436,#2438,.T.);
#2436 = VERTEX_POINT('',#2437);
#2437 = CARTESIAN_POINT('',(79.5,-99.9,1.51));
#2438 = CIRCLE('',#2439,0.9);
#2439 = AXIS2_PLACEMENT_3D('',#2440,#2441,#2442);
#2440 = CARTESIAN_POINT('',(79.5,-99.,1.51));
#2441 = DIRECTION('',(-0.,0.,-1.));
#2442 = DIRECTION('',(-0.,-1.,0.));
#2443 = FACE_BOUND('',#2444,.T.);
#2444 = EDGE_LOOP('',(#2445,#2456,#2464,#2473));
#2445 = ORIENTED_EDGE('',*,*,#2446,.T.);
#2446 = EDGE_CURVE('',#2447,#2449,#2451,.T.);
#2447 = VERTEX_POINT('',#2448);
#2448 = CARTESIAN_POINT('',(100.65,-102.85,1.51));
#2449 = VERTEX_POINT('',#2450);
#2450 = CARTESIAN_POINT('',(100.65,-104.35,1.51));
#2451 = CIRCLE('',#2452,0.75);
#2452 = AXIS2_PLACEMENT_3D('',#2453,#2454,#2455);
#2453 = CARTESIAN_POINT('',(100.65,-103.6,1.51));
#2454 = DIRECTION('',(-0.,0.,-1.));
#2455 = DIRECTION('',(-0.,-1.,0.));
#2456 = ORIENTED_EDGE('',*,*,#2457,.T.);
#2457 = EDGE_CURVE('',#2449,#2458,#2460,.T.);
#2458 = VERTEX_POINT('',#2459);
#2459 = CARTESIAN_POINT('',(99.35,-104.35,1.51));
#2460 = LINE('',#2461,#2462);
#2461 = CARTESIAN_POINT('',(49.675,-104.35,1.51));
#2462 = VECTOR('',#2463,1.);
#2463 = DIRECTION('',(-1.,0.,0.));
#2464 = ORIENTED_EDGE('',*,*,#2465,.T.);
#2465 = EDGE_CURVE('',#2458,#2466,#2468,.T.);
#2466 = VERTEX_POINT('',#2467);
#2467 = CARTESIAN_POINT('',(99.35,-102.85,1.51));
#2468 = CIRCLE('',#2469,0.75);
#2469 = AXIS2_PLACEMENT_3D('',#2470,#2471,#2472);
#2470 = CARTESIAN_POINT('',(99.35,-103.6,1.51));
#2471 = DIRECTION('',(-0.,0.,-1.));
#2472 = DIRECTION('',(0.,1.,0.));
#2473 = ORIENTED_EDGE('',*,*,#2474,.T.);
#2474 = EDGE_CURVE('',#2466,#2447,#2475,.T.);
#2475 = LINE('',#2476,#2477);
#2476 = CARTESIAN_POINT('',(50.325,-102.85,1.51));
#2477 = VECTOR('',#2478,1.);
#2478 = DIRECTION('',(1.,0.,-0.));
#2479 = FACE_BOUND('',#2480,.T.);
#2480 = EDGE_LOOP('',(#2481));
#2481 = ORIENTED_EDGE('',*,*,#2482,.T.);
#2482 = EDGE_CURVE('',#2483,#2483,#2485,.T.);
#2483 = VERTEX_POINT('',#2484);
#2484 = CARTESIAN_POINT('',(92.5,-101.,1.51));
#2485 = CIRCLE('',#2486,0.5);
#2486 = AXIS2_PLACEMENT_3D('',#2487,#2488,#2489);
#2487 = CARTESIAN_POINT('',(92.5,-100.5,1.51));
#2488 = DIRECTION('',(-0.,0.,-1.));
#2489 = DIRECTION('',(-0.,-1.,0.));
#2490 = FACE_BOUND('',#2491,.T.);
#2491 = EDGE_LOOP('',(#2492));
#2492 = ORIENTED_EDGE('',*,*,#2493,.T.);
#2493 = EDGE_CURVE('',#2494,#2494,#2496,.T.);
#2494 = VERTEX_POINT('',#2495);
#2495 = CARTESIAN_POINT('',(92.5,-98.5,1.51));
#2496 = CIRCLE('',#2497,0.5);
#2497 = AXIS2_PLACEMENT_3D('',#2498,#2499,#2500);
#2498 = CARTESIAN_POINT('',(92.5,-98.,1.51));
#2499 = DIRECTION('',(-0.,0.,-1.));
#2500 = DIRECTION('',(-0.,-1.,0.));
#2501 = FACE_BOUND('',#2502,.T.);
#2502 = EDGE_LOOP('',(#2503));
#2503 = ORIENTED_EDGE('',*,*,#2504,.T.);
#2504 = EDGE_CURVE('',#2505,#2505,#2507,.T.);
#2505 = VERTEX_POINT('',#2506);
#2506 = CARTESIAN_POINT('',(102.2,-127.59,1.51));
#2507 = CIRCLE('',#2508,0.15);
#2508 = AXIS2_PLACEMENT_3D('',#2509,#2510,#2511);
#2509 = CARTESIAN_POINT('',(102.2,-127.44,1.51));
#2510 = DIRECTION('',(-0.,0.,-1.));
#2511 = DIRECTION('',(9.473903143468E-14,-1.,-0.));
#2512 = FACE_BOUND('',#2513,.T.);
#2513 = EDGE_LOOP('',(#2514));
#2514 = ORIENTED_EDGE('',*,*,#2515,.T.);
#2515 = EDGE_CURVE('',#2516,#2516,#2518,.T.);
#2516 = VERTEX_POINT('',#2517);
#2517 = CARTESIAN_POINT('',(101.5,-126.89,1.51));
#2518 = CIRCLE('',#2519,0.15);
#2519 = AXIS2_PLACEMENT_3D('',#2520,#2521,#2522);
#2520 = CARTESIAN_POINT('',(101.5,-126.74,1.51));
#2521 = DIRECTION('',(-0.,0.,-1.));
#2522 = DIRECTION('',(-0.,-1.,0.));
#2523 = FACE_BOUND('',#2524,.T.);
#2524 = EDGE_LOOP('',(#2525));
#2525 = ORIENTED_EDGE('',*,*,#2526,.T.);
#2526 = EDGE_CURVE('',#2527,#2527,#2529,.T.);
#2527 = VERTEX_POINT('',#2528);
#2528 = CARTESIAN_POINT('',(102.9,-126.89,1.51));
#2529 = CIRCLE('',#2530,0.15);
#2530 = AXIS2_PLACEMENT_3D('',#2531,#2532,#2533);
#2531 = CARTESIAN_POINT('',(102.9,-126.74,1.51));
#2532 = DIRECTION('',(-0.,0.,-1.));
#2533 = DIRECTION('',(-0.,-1.,0.));
#2534 = FACE_BOUND('',#2535,.T.);
#2535 = EDGE_LOOP('',(#2536));
#2536 = ORIENTED_EDGE('',*,*,#2537,.T.);
#2537 = EDGE_CURVE('',#2538,#2538,#2540,.T.);
#2538 = VERTEX_POINT('',#2539);
#2539 = CARTESIAN_POINT('',(102.2,-126.19,1.51));
#2540 = CIRCLE('',#2541,0.15);
#2541 = AXIS2_PLACEMENT_3D('',#2542,#2543,#2544);
#2542 = CARTESIAN_POINT('',(102.2,-126.04,1.51));
#2543 = DIRECTION('',(-0.,0.,-1.));
#2544 = DIRECTION('',(9.473903143468E-14,-1.,-0.));
#2545 = FACE_BOUND('',#2546,.T.);
#2546 = EDGE_LOOP('',(#2547));
#2547 = ORIENTED_EDGE('',*,*,#2548,.T.);
#2548 = EDGE_CURVE('',#2549,#2549,#2551,.T.);
#2549 = VERTEX_POINT('',#2550);
#2550 = CARTESIAN_POINT('',(101.5,-125.49,1.51));
#2551 = CIRCLE('',#2552,0.15);
#2552 = AXIS2_PLACEMENT_3D('',#2553,#2554,#2555);
#2553 = CARTESIAN_POINT('',(101.5,-125.34,1.51));
#2554 = DIRECTION('',(-0.,0.,-1.));
#2555 = DIRECTION('',(-0.,-1.,0.));
#2556 = FACE_BOUND('',#2557,.T.);
#2557 = EDGE_LOOP('',(#2558));
#2558 = ORIENTED_EDGE('',*,*,#2559,.T.);
#2559 = EDGE_CURVE('',#2560,#2560,#2562,.T.);
#2560 = VERTEX_POINT('',#2561);
#2561 = CARTESIAN_POINT('',(102.9,-125.49,1.51));
#2562 = CIRCLE('',#2563,0.15);
#2563 = AXIS2_PLACEMENT_3D('',#2564,#2565,#2566);
#2564 = CARTESIAN_POINT('',(102.9,-125.34,1.51));
#2565 = DIRECTION('',(-0.,0.,-1.));
#2566 = DIRECTION('',(-0.,-1.,0.));
#2567 = FACE_BOUND('',#2568,.T.);
#2568 = EDGE_LOOP('',(#2569));
#2569 = ORIENTED_EDGE('',*,*,#2570,.T.);
#2570 = EDGE_CURVE('',#2571,#2571,#2573,.T.);
#2571 = VERTEX_POINT('',#2572);
#2572 = CARTESIAN_POINT('',(102.2,-124.79,1.51));
#2573 = CIRCLE('',#2574,0.15);
#2574 = AXIS2_PLACEMENT_3D('',#2575,#2576,#2577);
#2575 = CARTESIAN_POINT('',(102.2,-124.64,1.51));
#2576 = DIRECTION('',(-0.,0.,-1.));
#2577 = DIRECTION('',(9.473903143467E-14,-1.,-0.));
#2578 = FACE_BOUND('',#2579,.T.);
#2579 = EDGE_LOOP('',(#2580));
#2580 = ORIENTED_EDGE('',*,*,#2581,.T.);
#2581 = EDGE_CURVE('',#2582,#2582,#2584,.T.);
#2582 = VERTEX_POINT('',#2583);
#2583 = CARTESIAN_POINT('',(107.,-101.,1.51));
#2584 = CIRCLE('',#2585,0.5);
#2585 = AXIS2_PLACEMENT_3D('',#2586,#2587,#2588);
#2586 = CARTESIAN_POINT('',(107.,-100.5,1.51));
#2587 = DIRECTION('',(-0.,0.,-1.));
#2588 = DIRECTION('',(-0.,-1.,0.));
#2589 = FACE_BOUND('',#2590,.T.);
#2590 = EDGE_LOOP('',(#2591));
#2591 = ORIENTED_EDGE('',*,*,#2592,.T.);
#2592 = EDGE_CURVE('',#2593,#2593,#2595,.T.);
#2593 = VERTEX_POINT('',#2594);
#2594 = CARTESIAN_POINT('',(128.,-113.1,1.51));
#2595 = CIRCLE('',#2596,1.1);
#2596 = AXIS2_PLACEMENT_3D('',#2597,#2598,#2599);
#2597 = CARTESIAN_POINT('',(128.,-112.,1.51));
#2598 = DIRECTION('',(-0.,0.,-1.));
#2599 = DIRECTION('',(-0.,-1.,0.));
#2600 = FACE_BOUND('',#2601,.T.);
#2601 = EDGE_LOOP('',(#2602,#2613,#2621,#2630,#2638,#2647,#2655,#2664));
#2602 = ORIENTED_EDGE('',*,*,#2603,.F.);
#2603 = EDGE_CURVE('',#2604,#2606,#2608,.T.);
#2604 = VERTEX_POINT('',#2605);
#2605 = CARTESIAN_POINT('',(67.7,-83.,1.51));
#2606 = VERTEX_POINT('',#2607);
#2607 = CARTESIAN_POINT('',(65.7,-85.,1.51));
#2608 = CIRCLE('',#2609,1.99999850585);
#2609 = AXIS2_PLACEMENT_3D('',#2610,#2611,#2612);
#2610 = CARTESIAN_POINT('',(67.69999850585,-84.99999850585,1.51));
#2611 = DIRECTION('',(0.,0.,1.));
#2612 = DIRECTION('',(7.470757420593E-07,1.,-0.));
#2613 = ORIENTED_EDGE('',*,*,#2614,.F.);
#2614 = EDGE_CURVE('',#2615,#2604,#2617,.T.);
#2615 = VERTEX_POINT('',#2616);
#2616 = CARTESIAN_POINT('',(73.3,-83.,1.51));
#2617 = LINE('',#2618,#2619);
#2618 = CARTESIAN_POINT('',(73.3,-83.,1.51));
#2619 = VECTOR('',#2620,1.);
#2620 = DIRECTION('',(-1.,0.,0.));
#2621 = ORIENTED_EDGE('',*,*,#2622,.F.);
#2622 = EDGE_CURVE('',#2623,#2615,#2625,.T.);
#2623 = VERTEX_POINT('',#2624);
#2624 = CARTESIAN_POINT('',(75.3,-85.,1.51));
#2625 = CIRCLE('',#2626,1.99999850585);
#2626 = AXIS2_PLACEMENT_3D('',#2627,#2628,#2629);
#2627 = CARTESIAN_POINT('',(73.30000149415,-84.99999850585,1.51));
#2628 = DIRECTION('',(0.,0.,1.));
#2629 = DIRECTION('',(1.,-7.470757491648E-07,0.));
#2630 = ORIENTED_EDGE('',*,*,#2631,.F.);
#2631 = EDGE_CURVE('',#2632,#2623,#2634,.T.);
#2632 = VERTEX_POINT('',#2633);
#2633 = CARTESIAN_POINT('',(75.3,-103.,1.51));
#2634 = LINE('',#2635,#2636);
#2635 = CARTESIAN_POINT('',(75.3,-103.,1.51));
#2636 = VECTOR('',#2637,1.);
#2637 = DIRECTION('',(0.,1.,0.));
#2638 = ORIENTED_EDGE('',*,*,#2639,.F.);
#2639 = EDGE_CURVE('',#2640,#2632,#2642,.T.);
#2640 = VERTEX_POINT('',#2641);
#2641 = CARTESIAN_POINT('',(73.3,-105.,1.51));
#2642 = CIRCLE('',#2643,1.99999850585);
#2643 = AXIS2_PLACEMENT_3D('',#2644,#2645,#2646);
#2644 = CARTESIAN_POINT('',(73.30000149415,-103.0000014941,1.51));
#2645 = DIRECTION('',(0.,0.,1.));
#2646 = DIRECTION('',(-7.470757420593E-07,-1.,0.));
#2647 = ORIENTED_EDGE('',*,*,#2648,.F.);
#2648 = EDGE_CURVE('',#2649,#2640,#2651,.T.);
#2649 = VERTEX_POINT('',#2650);
#2650 = CARTESIAN_POINT('',(67.7,-105.,1.51));
#2651 = LINE('',#2652,#2653);
#2652 = CARTESIAN_POINT('',(67.7,-105.,1.51));
#2653 = VECTOR('',#2654,1.);
#2654 = DIRECTION('',(1.,0.,0.));
#2655 = ORIENTED_EDGE('',*,*,#2656,.F.);
#2656 = EDGE_CURVE('',#2657,#2649,#2659,.T.);
#2657 = VERTEX_POINT('',#2658);
#2658 = CARTESIAN_POINT('',(65.7,-103.,1.51));
#2659 = CIRCLE('',#2660,1.99999850585);
#2660 = AXIS2_PLACEMENT_3D('',#2661,#2662,#2663);
#2661 = CARTESIAN_POINT('',(67.69999850585,-103.0000014941,1.51));
#2662 = DIRECTION('',(0.,0.,1.));
#2663 = DIRECTION('',(-1.,7.470757491648E-07,0.));
#2664 = ORIENTED_EDGE('',*,*,#2665,.F.);
#2665 = EDGE_CURVE('',#2606,#2657,#2666,.T.);
#2666 = LINE('',#2667,#2668);
#2667 = CARTESIAN_POINT('',(65.7,-85.,1.51));
#2668 = VECTOR('',#2669,1.);
#2669 = DIRECTION('',(0.,-1.,0.));
#2670 = FACE_BOUND('',#2671,.T.);
#2671 = EDGE_LOOP('',(#2672));
#2672 = ORIENTED_EDGE('',*,*,#2673,.T.);
#2673 = EDGE_CURVE('',#2674,#2674,#2676,.T.);
#2674 = VERTEX_POINT('',#2675);
#2675 = CARTESIAN_POINT('',(77.,-94.5,1.51));
#2676 = CIRCLE('',#2677,0.5);
#2677 = AXIS2_PLACEMENT_3D('',#2678,#2679,#2680);
#2678 = CARTESIAN_POINT('',(77.,-94.,1.51));
#2679 = DIRECTION('',(-0.,0.,-1.));
#2680 = DIRECTION('',(-0.,-1.,0.));
#2681 = FACE_BOUND('',#2682,.T.);
#2682 = EDGE_LOOP('',(#2683));
#2683 = ORIENTED_EDGE('',*,*,#2684,.T.);
#2684 = EDGE_CURVE('',#2685,#2685,#2687,.T.);
#2685 = VERTEX_POINT('',#2686);
#2686 = CARTESIAN_POINT('',(79.5,-94.5,1.51));
#2687 = CIRCLE('',#2688,0.5);
#2688 = AXIS2_PLACEMENT_3D('',#2689,#2690,#2691);
#2689 = CARTESIAN_POINT('',(79.5,-94.,1.51));
#2690 = DIRECTION('',(-0.,0.,-1.));
#2691 = DIRECTION('',(-0.,-1.,0.));
#2692 = FACE_BOUND('',#2693,.T.);
#2693 = EDGE_LOOP('',(#2694));
#2694 = ORIENTED_EDGE('',*,*,#2695,.T.);
#2695 = EDGE_CURVE('',#2696,#2696,#2698,.T.);
#2696 = VERTEX_POINT('',#2697);
#2697 = CARTESIAN_POINT('',(79.5,-89.9,1.51));
#2698 = CIRCLE('',#2699,0.9);
#2699 = AXIS2_PLACEMENT_3D('',#2700,#2701,#2702);
#2700 = CARTESIAN_POINT('',(79.5,-89.,1.51));
#2701 = DIRECTION('',(-0.,0.,-1.));
#2702 = DIRECTION('',(-0.,-1.,0.));
#2703 = FACE_BOUND('',#2704,.T.);
#2704 = EDGE_LOOP('',(#2705));
#2705 = ORIENTED_EDGE('',*,*,#2706,.T.);
#2706 = EDGE_CURVE('',#2707,#2707,#2709,.T.);
#2707 = VERTEX_POINT('',#2708);
#2708 = CARTESIAN_POINT('',(82.,-94.5,1.51));
#2709 = CIRCLE('',#2710,0.5);
#2710 = AXIS2_PLACEMENT_3D('',#2711,#2712,#2713);
#2711 = CARTESIAN_POINT('',(82.,-94.,1.51));
#2712 = DIRECTION('',(-0.,0.,-1.));
#2713 = DIRECTION('',(-0.,-1.,0.));
#2714 = FACE_BOUND('',#2715,.T.);
#2715 = EDGE_LOOP('',(#2716));
#2716 = ORIENTED_EDGE('',*,*,#2717,.T.);
#2717 = EDGE_CURVE('',#2718,#2718,#2720,.T.);
#2718 = VERTEX_POINT('',#2719);
#2719 = CARTESIAN_POINT('',(92.5,-96.,1.51));
#2720 = CIRCLE('',#2721,0.5);
#2721 = AXIS2_PLACEMENT_3D('',#2722,#2723,#2724);
#2722 = CARTESIAN_POINT('',(92.5,-95.5,1.51));
#2723 = DIRECTION('',(-0.,0.,-1.));
#2724 = DIRECTION('',(-0.,-1.,0.));
#2725 = FACE_BOUND('',#2726,.T.);
#2726 = EDGE_LOOP('',(#2727,#2738,#2746,#2755));
#2727 = ORIENTED_EDGE('',*,*,#2728,.T.);
#2728 = EDGE_CURVE('',#2729,#2731,#2733,.T.);
#2729 = VERTEX_POINT('',#2730);
#2730 = CARTESIAN_POINT('',(100.65,-91.65,1.51));
#2731 = VERTEX_POINT('',#2732);
#2732 = CARTESIAN_POINT('',(100.65,-93.15,1.51));
#2733 = CIRCLE('',#2734,0.75);
#2734 = AXIS2_PLACEMENT_3D('',#2735,#2736,#2737);
#2735 = CARTESIAN_POINT('',(100.65,-92.4,1.51));
#2736 = DIRECTION('',(-0.,0.,-1.));
#2737 = DIRECTION('',(-0.,-1.,0.));
#2738 = ORIENTED_EDGE('',*,*,#2739,.T.);
#2739 = EDGE_CURVE('',#2731,#2740,#2742,.T.);
#2740 = VERTEX_POINT('',#2741);
#2741 = CARTESIAN_POINT('',(99.35,-93.15,1.51));
#2742 = LINE('',#2743,#2744);
#2743 = CARTESIAN_POINT('',(49.675,-93.15,1.51));
#2744 = VECTOR('',#2745,1.);
#2745 = DIRECTION('',(-1.,0.,0.));
#2746 = ORIENTED_EDGE('',*,*,#2747,.T.);
#2747 = EDGE_CURVE('',#2740,#2748,#2750,.T.);
#2748 = VERTEX_POINT('',#2749);
#2749 = CARTESIAN_POINT('',(99.35,-91.65,1.51));
#2750 = CIRCLE('',#2751,0.75);
#2751 = AXIS2_PLACEMENT_3D('',#2752,#2753,#2754);
#2752 = CARTESIAN_POINT('',(99.35,-92.4,1.51));
#2753 = DIRECTION('',(-0.,0.,-1.));
#2754 = DIRECTION('',(0.,1.,0.));
#2755 = ORIENTED_EDGE('',*,*,#2756,.T.);
#2756 = EDGE_CURVE('',#2748,#2729,#2757,.T.);
#2757 = LINE('',#2758,#2759);
#2758 = CARTESIAN_POINT('',(50.325,-91.65,1.51));
#2759 = VECTOR('',#2760,1.);
#2760 = DIRECTION('',(1.,0.,-0.));
#2761 = FACE_BOUND('',#2762,.T.);
#2762 = EDGE_LOOP('',(#2763));
#2763 = ORIENTED_EDGE('',*,*,#2764,.T.);
#2764 = EDGE_CURVE('',#2765,#2765,#2767,.T.);
#2765 = VERTEX_POINT('',#2766);
#2766 = CARTESIAN_POINT('',(60.,-77.1,1.51));
#2767 = CIRCLE('',#2768,1.1);
#2768 = AXIS2_PLACEMENT_3D('',#2769,#2770,#2771);
#2769 = CARTESIAN_POINT('',(60.,-76.,1.51));
#2770 = DIRECTION('',(-0.,0.,-1.));
#2771 = DIRECTION('',(-0.,-1.,0.));
#2772 = FACE_BOUND('',#2773,.T.);
#2773 = EDGE_LOOP('',(#2774,#2785,#2793,#2802));
#2774 = ORIENTED_EDGE('',*,*,#2775,.T.);
#2775 = EDGE_CURVE('',#2776,#2778,#2780,.T.);
#2776 = VERTEX_POINT('',#2777);
#2777 = CARTESIAN_POINT('',(95.38,-60.9803,1.51));
#2778 = VERTEX_POINT('',#2779);
#2779 = CARTESIAN_POINT('',(95.98,-60.9803,1.51));
#2780 = CIRCLE('',#2781,0.3);
#2781 = AXIS2_PLACEMENT_3D('',#2782,#2783,#2784);
#2782 = CARTESIAN_POINT('',(95.68,-60.9803,1.51));
#2783 = DIRECTION('',(0.,-0.,-1.));
#2784 = DIRECTION('',(1.,4.736951571734E-14,-0.));
#2785 = ORIENTED_EDGE('',*,*,#2786,.T.);
#2786 = EDGE_CURVE('',#2778,#2787,#2789,.T.);
#2787 = VERTEX_POINT('',#2788);
#2788 = CARTESIAN_POINT('',(95.98,-62.0803,1.51));
#2789 = LINE('',#2790,#2791);
#2790 = CARTESIAN_POINT('',(95.98,-31.04015,1.51));
#2791 = VECTOR('',#2792,1.);
#2792 = DIRECTION('',(0.,-1.,0.));
#2793 = ORIENTED_EDGE('',*,*,#2794,.T.);
#2794 = EDGE_CURVE('',#2787,#2795,#2797,.T.);
#2795 = VERTEX_POINT('',#2796);
#2796 = CARTESIAN_POINT('',(95.38,-62.0803,1.51));
#2797 = CIRCLE('',#2798,0.3);
#2798 = AXIS2_PLACEMENT_3D('',#2799,#2800,#2801);
#2799 = CARTESIAN_POINT('',(95.68,-62.0803,1.51));
#2800 = DIRECTION('',(-0.,0.,-1.));
#2801 = DIRECTION('',(-1.,-4.736951571734E-14,0.));
#2802 = ORIENTED_EDGE('',*,*,#2803,.T.);
#2803 = EDGE_CURVE('',#2795,#2776,#2804,.T.);
#2804 = LINE('',#2805,#2806);
#2805 = CARTESIAN_POINT('',(95.38,-30.49015,1.51));
#2806 = VECTOR('',#2807,1.);
#2807 = DIRECTION('',(-0.,1.,0.));
#2808 = FACE_BOUND('',#2809,.T.);
#2809 = EDGE_LOOP('',(#2810,#2821,#2829,#2838));
#2810 = ORIENTED_EDGE('',*,*,#2811,.T.);
#2811 = EDGE_CURVE('',#2812,#2814,#2816,.T.);
#2812 = VERTEX_POINT('',#2813);
#2813 = CARTESIAN_POINT('',(95.38,-57.0503,1.51));
#2814 = VERTEX_POINT('',#2815);
#2815 = CARTESIAN_POINT('',(95.98,-57.0503,1.51));
#2816 = CIRCLE('',#2817,0.3);
#2817 = AXIS2_PLACEMENT_3D('',#2818,#2819,#2820);
#2818 = CARTESIAN_POINT('',(95.68,-57.0503,1.51));
#2819 = DIRECTION('',(0.,-0.,-1.));
#2820 = DIRECTION('',(1.,4.736951571734E-14,-0.));
#2821 = ORIENTED_EDGE('',*,*,#2822,.T.);
#2822 = EDGE_CURVE('',#2814,#2823,#2825,.T.);
#2823 = VERTEX_POINT('',#2824);
#2824 = CARTESIAN_POINT('',(95.98,-57.6503,1.51));
#2825 = LINE('',#2826,#2827);
#2826 = CARTESIAN_POINT('',(95.98,-28.82515,1.51));
#2827 = VECTOR('',#2828,1.);
#2828 = DIRECTION('',(0.,-1.,0.));
#2829 = ORIENTED_EDGE('',*,*,#2830,.T.);
#2830 = EDGE_CURVE('',#2823,#2831,#2833,.T.);
#2831 = VERTEX_POINT('',#2832);
#2832 = CARTESIAN_POINT('',(95.38,-57.6503,1.51));
#2833 = CIRCLE('',#2834,0.3);
#2834 = AXIS2_PLACEMENT_3D('',#2835,#2836,#2837);
#2835 = CARTESIAN_POINT('',(95.68,-57.6503,1.51));
#2836 = DIRECTION('',(-0.,0.,-1.));
#2837 = DIRECTION('',(-1.,-4.736951571734E-14,0.));
#2838 = ORIENTED_EDGE('',*,*,#2839,.T.);
#2839 = EDGE_CURVE('',#2831,#2812,#2840,.T.);
#2840 = LINE('',#2841,#2842);
#2841 = CARTESIAN_POINT('',(95.38,-28.52515,1.51));
#2842 = VECTOR('',#2843,1.);
#2843 = DIRECTION('',(-0.,1.,0.));
#2844 = FACE_BOUND('',#2845,.T.);
#2845 = EDGE_LOOP('',(#2846));
#2846 = ORIENTED_EDGE('',*,*,#2847,.T.);
#2847 = EDGE_CURVE('',#2848,#2848,#2850,.T.);
#2848 = VERTEX_POINT('',#2849);
#2849 = CARTESIAN_POINT('',(97.11,-61.3253,1.51));
#2850 = CIRCLE('',#2851,0.325);
#2851 = AXIS2_PLACEMENT_3D('',#2852,#2853,#2854);
#2852 = CARTESIAN_POINT('',(97.11,-61.0003,1.51));
#2853 = DIRECTION('',(-0.,0.,-1.));
#2854 = DIRECTION('',(-0.,-1.,0.));
#2855 = FACE_BOUND('',#2856,.T.);
#2856 = EDGE_LOOP('',(#2857));
#2857 = ORIENTED_EDGE('',*,*,#2858,.T.);
#2858 = EDGE_CURVE('',#2859,#2859,#2861,.T.);
#2859 = VERTEX_POINT('',#2860);
#2860 = CARTESIAN_POINT('',(107.,-96.,1.51));
#2861 = CIRCLE('',#2862,0.5);
#2862 = AXIS2_PLACEMENT_3D('',#2863,#2864,#2865);
#2863 = CARTESIAN_POINT('',(107.,-95.5,1.51));
#2864 = DIRECTION('',(-0.,0.,-1.));
#2865 = DIRECTION('',(-0.,-1.,0.));
#2866 = FACE_BOUND('',#2867,.T.);
#2867 = EDGE_LOOP('',(#2868));
#2868 = ORIENTED_EDGE('',*,*,#2869,.T.);
#2869 = EDGE_CURVE('',#2870,#2870,#2872,.T.);
#2870 = VERTEX_POINT('',#2871);
#2871 = CARTESIAN_POINT('',(142.,-89.1,1.51));
#2872 = CIRCLE('',#2873,1.1);
#2873 = AXIS2_PLACEMENT_3D('',#2874,#2875,#2876);
#2874 = CARTESIAN_POINT('',(142.,-88.,1.51));
#2875 = DIRECTION('',(-0.,0.,-1.));
#2876 = DIRECTION('',(-0.,-1.,0.));
#2877 = FACE_BOUND('',#2878,.T.);
#2878 = EDGE_LOOP('',(#2879));
#2879 = ORIENTED_EDGE('',*,*,#2880,.T.);
#2880 = EDGE_CURVE('',#2881,#2881,#2883,.T.);
#2881 = VERTEX_POINT('',#2882);
#2882 = CARTESIAN_POINT('',(102.89,-61.3253,1.51));
#2883 = CIRCLE('',#2884,0.325);
#2884 = AXIS2_PLACEMENT_3D('',#2885,#2886,#2887);
#2885 = CARTESIAN_POINT('',(102.89,-61.0003,1.51));
#2886 = DIRECTION('',(-0.,0.,-1.));
#2887 = DIRECTION('',(-0.,-1.,0.));
#2888 = FACE_BOUND('',#2889,.T.);
#2889 = EDGE_LOOP('',(#2890,#2901,#2909,#2918));
#2890 = ORIENTED_EDGE('',*,*,#2891,.T.);
#2891 = EDGE_CURVE('',#2892,#2894,#2896,.T.);
#2892 = VERTEX_POINT('',#2893);
#2893 = CARTESIAN_POINT('',(104.02,-60.9803,1.51));
#2894 = VERTEX_POINT('',#2895);
#2895 = CARTESIAN_POINT('',(104.62,-60.9803,1.51));
#2896 = CIRCLE('',#2897,0.3);
#2897 = AXIS2_PLACEMENT_3D('',#2898,#2899,#2900);
#2898 = CARTESIAN_POINT('',(104.32,-60.9803,1.51));
#2899 = DIRECTION('',(0.,-0.,-1.));
#2900 = DIRECTION('',(1.,4.736951571734E-14,-0.));
#2901 = ORIENTED_EDGE('',*,*,#2902,.T.);
#2902 = EDGE_CURVE('',#2894,#2903,#2905,.T.);
#2903 = VERTEX_POINT('',#2904);
#2904 = CARTESIAN_POINT('',(104.62,-62.0803,1.51));
#2905 = LINE('',#2906,#2907);
#2906 = CARTESIAN_POINT('',(104.62,-31.04015,1.51));
#2907 = VECTOR('',#2908,1.);
#2908 = DIRECTION('',(0.,-1.,0.));
#2909 = ORIENTED_EDGE('',*,*,#2910,.T.);
#2910 = EDGE_CURVE('',#2903,#2911,#2913,.T.);
#2911 = VERTEX_POINT('',#2912);
#2912 = CARTESIAN_POINT('',(104.02,-62.0803,1.51));
#2913 = CIRCLE('',#2914,0.3);
#2914 = AXIS2_PLACEMENT_3D('',#2915,#2916,#2917);
#2915 = CARTESIAN_POINT('',(104.32,-62.0803,1.51));
#2916 = DIRECTION('',(-0.,0.,-1.));
#2917 = DIRECTION('',(-1.,-4.736951571734E-14,0.));
#2918 = ORIENTED_EDGE('',*,*,#2919,.T.);
#2919 = EDGE_CURVE('',#2911,#2892,#2920,.T.);
#2920 = LINE('',#2921,#2922);
#2921 = CARTESIAN_POINT('',(104.02,-30.49015,1.51));
#2922 = VECTOR('',#2923,1.);
#2923 = DIRECTION('',(-0.,1.,0.));
#2924 = FACE_BOUND('',#2925,.T.);
#2925 = EDGE_LOOP('',(#2926,#2937,#2945,#2954));
#2926 = ORIENTED_EDGE('',*,*,#2927,.T.);
#2927 = EDGE_CURVE('',#2928,#2930,#2932,.T.);
#2928 = VERTEX_POINT('',#2929);
#2929 = CARTESIAN_POINT('',(104.02,-57.0503,1.51));
#2930 = VERTEX_POINT('',#2931);
#2931 = CARTESIAN_POINT('',(104.62,-57.0503,1.51));
#2932 = CIRCLE('',#2933,0.3);
#2933 = AXIS2_PLACEMENT_3D('',#2934,#2935,#2936);
#2934 = CARTESIAN_POINT('',(104.32,-57.0503,1.51));
#2935 = DIRECTION('',(0.,-0.,-1.));
#2936 = DIRECTION('',(1.,4.736951571734E-14,-0.));
#2937 = ORIENTED_EDGE('',*,*,#2938,.T.);
#2938 = EDGE_CURVE('',#2930,#2939,#2941,.T.);
#2939 = VERTEX_POINT('',#2940);
#2940 = CARTESIAN_POINT('',(104.62,-57.6503,1.51));
#2941 = LINE('',#2942,#2943);
#2942 = CARTESIAN_POINT('',(104.62,-28.82515,1.51));
#2943 = VECTOR('',#2944,1.);
#2944 = DIRECTION('',(0.,-1.,0.));
#2945 = ORIENTED_EDGE('',*,*,#2946,.T.);
#2946 = EDGE_CURVE('',#2939,#2947,#2949,.T.);
#2947 = VERTEX_POINT('',#2948);
#2948 = CARTESIAN_POINT('',(104.02,-57.6503,1.51));
#2949 = CIRCLE('',#2950,0.3);
#2950 = AXIS2_PLACEMENT_3D('',#2951,#2952,#2953);
#2951 = CARTESIAN_POINT('',(104.32,-57.6503,1.51));
#2952 = DIRECTION('',(-0.,0.,-1.));
#2953 = DIRECTION('',(-1.,-4.736951571734E-14,0.));
#2954 = ORIENTED_EDGE('',*,*,#2955,.T.);
#2955 = EDGE_CURVE('',#2947,#2928,#2956,.T.);
#2956 = LINE('',#2957,#2958);
#2957 = CARTESIAN_POINT('',(104.02,-28.52515,1.51));
#2958 = VECTOR('',#2959,1.);
#2959 = DIRECTION('',(-0.,1.,0.));
#2960 = FACE_BOUND('',#2961,.T.);
#2961 = EDGE_LOOP('',(#2962));
#2962 = ORIENTED_EDGE('',*,*,#2963,.T.);
#2963 = EDGE_CURVE('',#2964,#2964,#2966,.T.);
#2964 = VERTEX_POINT('',#2965);
#2965 = CARTESIAN_POINT('',(129.5,-59.4353,1.51));
#2966 = CIRCLE('',#2967,0.45);
#2967 = AXIS2_PLACEMENT_3D('',#2968,#2969,#2970);
#2968 = CARTESIAN_POINT('',(129.5,-58.9853,1.51));
#2969 = DIRECTION('',(-0.,0.,-1.));
#2970 = DIRECTION('',(-0.,-1.,0.));
#2971 = FACE_BOUND('',#2972,.T.);
#2972 = EDGE_LOOP('',(#2973));
#2973 = ORIENTED_EDGE('',*,*,#2974,.T.);
#2974 = EDGE_CURVE('',#2975,#2975,#2977,.T.);
#2975 = VERTEX_POINT('',#2976);
#2976 = CARTESIAN_POINT('',(132.5,-59.4353,1.51));
#2977 = CIRCLE('',#2978,0.45);
#2978 = AXIS2_PLACEMENT_3D('',#2979,#2980,#2981);
#2979 = CARTESIAN_POINT('',(132.5,-58.9853,1.51));
#2980 = DIRECTION('',(-0.,0.,-1.));
#2981 = DIRECTION('',(-0.,-1.,0.));
#2982 = PLANE('',#2983);
#2983 = AXIS2_PLACEMENT_3D('',#2984,#2985,#2986);
#2984 = CARTESIAN_POINT('',(0.,0.,1.51));
#2985 = DIRECTION('',(0.,0.,1.));
#2986 = DIRECTION('',(1.,0.,-0.));
#2987 = ADVANCED_FACE('',(#2988),#2999,.T.);
#2988 = FACE_BOUND('',#2989,.T.);
#2989 = EDGE_LOOP('',(#2990,#2996,#2997,#2998));
#2990 = ORIENTED_EDGE('',*,*,#2991,.T.);
#2991 = EDGE_CURVE('',#144,#1569,#2992,.T.);
#2992 = LINE('',#2993,#2994);
#2993 = CARTESIAN_POINT('',(93.5006,-54.9006,0.));
#2994 = VECTOR('',#2995,1.);
#2995 = DIRECTION('',(0.,0.,1.));
#2996 = ORIENTED_EDGE('',*,*,#1568,.T.);
#2997 = ORIENTED_EDGE('',*,*,#79,.F.);
#2998 = ORIENTED_EDGE('',*,*,#143,.F.);
#2999 = PLANE('',#3000);
#3000 = AXIS2_PLACEMENT_3D('',#3001,#3002,#3003);
#3001 = CARTESIAN_POINT('',(93.5006,-54.9006,0.));
#3002 = DIRECTION('',(-4.619969041266E-05,0.999999998933,0.));
#3003 = DIRECTION('',(0.999999998933,4.619969041266E-05,0.));
#3004 = ADVANCED_FACE('',(#3005),#3016,.T.);
#3005 = FACE_BOUND('',#3006,.T.);
#3006 = EDGE_LOOP('',(#3007,#3008,#3009,#3015));
#3007 = ORIENTED_EDGE('',*,*,#119,.T.);
#3008 = ORIENTED_EDGE('',*,*,#2360,.T.);
#3009 = ORIENTED_EDGE('',*,*,#3010,.F.);
#3010 = EDGE_CURVE('',#928,#2353,#3011,.T.);
#3011 = LINE('',#3012,#3013);
#3012 = CARTESIAN_POINT('',(107.0035,-55.6747,0.));
#3013 = VECTOR('',#3014,1.);
#3014 = DIRECTION('',(0.,0.,1.));
#3015 = ORIENTED_EDGE('',*,*,#935,.F.);
#3016 = PLANE('',#3017);
#3017 = AXIS2_PLACEMENT_3D('',#3018,#3019,#3020);
#3018 = CARTESIAN_POINT('',(106.7664,-55.6168,0.));
#3019 = DIRECTION('',(0.237229702985,0.971453585109,-0.));
#3020 = DIRECTION('',(0.971453585109,-0.237229702985,0.));
#3021 = ADVANCED_FACE('',(#3022),#3033,.T.);
#3022 = FACE_BOUND('',#3023,.T.);
#3023 = EDGE_LOOP('',(#3024,#3030,#3031,#3032));
#3024 = ORIENTED_EDGE('',*,*,#3025,.T.);
#3025 = EDGE_CURVE('',#152,#1577,#3026,.T.);
#3026 = LINE('',#3027,#3028);
#3027 = CARTESIAN_POINT('',(93.4903,-55.2727,0.));
#3028 = VECTOR('',#3029,1.);
#3029 = DIRECTION('',(0.,0.,1.));
#3030 = ORIENTED_EDGE('',*,*,#1576,.T.);
#3031 = ORIENTED_EDGE('',*,*,#2991,.F.);
#3032 = ORIENTED_EDGE('',*,*,#151,.F.);
#3033 = PLANE('',#3034);
#3034 = AXIS2_PLACEMENT_3D('',#3035,#3036,#3037);
#3035 = CARTESIAN_POINT('',(93.4903,-55.2727,0.));
#3036 = DIRECTION('',(-0.999617108587,2.76701322721E-02,0.));
#3037 = DIRECTION('',(2.76701322721E-02,0.999617108587,0.));
#3038 = ADVANCED_FACE('',(#3039),#3050,.T.);
#3039 = FACE_BOUND('',#3040,.T.);
#3040 = EDGE_LOOP('',(#3041,#3042,#3043,#3049));
#3041 = ORIENTED_EDGE('',*,*,#3010,.T.);
#3042 = ORIENTED_EDGE('',*,*,#2352,.T.);
#3043 = ORIENTED_EDGE('',*,*,#3044,.F.);
#3044 = EDGE_CURVE('',#920,#2345,#3045,.T.);
#3045 = LINE('',#3046,#3047);
#3046 = CARTESIAN_POINT('',(119.2094,-55.6311,0.));
#3047 = VECTOR('',#3048,1.);
#3048 = DIRECTION('',(0.,0.,1.));
#3049 = ORIENTED_EDGE('',*,*,#927,.F.);
#3050 = PLANE('',#3051);
#3051 = AXIS2_PLACEMENT_3D('',#3052,#3053,#3054);
#3052 = CARTESIAN_POINT('',(107.0035,-55.6747,0.));
#3053 = DIRECTION('',(-3.572020239863E-03,0.999993620315,0.));
#3054 = DIRECTION('',(0.999993620315,3.572020239863E-03,0.));
#3055 = ADVANCED_FACE('',(#3056),#3067,.T.);
#3056 = FACE_BOUND('',#3057,.T.);
#3057 = EDGE_LOOP('',(#3058,#3064,#3065,#3066));
#3058 = ORIENTED_EDGE('',*,*,#3059,.T.);
#3059 = EDGE_CURVE('',#160,#1585,#3060,.T.);
#3060 = LINE('',#3061,#3062);
#3061 = CARTESIAN_POINT('',(93.415,-55.4536,0.));
#3062 = VECTOR('',#3063,1.);
#3063 = DIRECTION('',(0.,0.,1.));
#3064 = ORIENTED_EDGE('',*,*,#1584,.T.);
#3065 = ORIENTED_EDGE('',*,*,#3025,.F.);
#3066 = ORIENTED_EDGE('',*,*,#159,.F.);
#3067 = PLANE('',#3068);
#3068 = AXIS2_PLACEMENT_3D('',#3069,#3070,#3071);
#3069 = CARTESIAN_POINT('',(93.415,-55.4536,0.));
#3070 = DIRECTION('',(-0.923212755944,0.384289223453,0.));
#3071 = DIRECTION('',(0.384289223453,0.923212755944,0.));
#3072 = ADVANCED_FACE('',(#3073),#3084,.T.);
#3073 = FACE_BOUND('',#3074,.T.);
#3074 = EDGE_LOOP('',(#3075,#3076,#3077,#3083));
#3075 = ORIENTED_EDGE('',*,*,#3044,.T.);
#3076 = ORIENTED_EDGE('',*,*,#2344,.T.);
#3077 = ORIENTED_EDGE('',*,*,#3078,.F.);
#3078 = EDGE_CURVE('',#912,#2337,#3079,.T.);
#3079 = LINE('',#3080,#3081);
#3080 = CARTESIAN_POINT('',(123.4933,-55.7277,0.));
#3081 = VECTOR('',#3082,1.);
#3082 = DIRECTION('',(0.,0.,1.));
#3083 = ORIENTED_EDGE('',*,*,#919,.F.);
#3084 = PLANE('',#3085);
#3085 = AXIS2_PLACEMENT_3D('',#3086,#3087,#3088);
#3086 = CARTESIAN_POINT('',(119.2094,-55.6311,0.));
#3087 = DIRECTION('',(2.25438151405E-02,0.999745855905,-0.));
#3088 = DIRECTION('',(0.999745855905,-2.25438151405E-02,0.));
#3089 = ADVANCED_FACE('',(#3090),#3101,.T.);
#3090 = FACE_BOUND('',#3091,.T.);
#3091 = EDGE_LOOP('',(#3092,#3098,#3099,#3100));
#3092 = ORIENTED_EDGE('',*,*,#3093,.T.);
#3093 = EDGE_CURVE('',#168,#1593,#3094,.T.);
#3094 = LINE('',#3095,#3096);
#3095 = CARTESIAN_POINT('',(93.2336,-55.6168,0.));
#3096 = VECTOR('',#3097,1.);
#3097 = DIRECTION('',(0.,0.,1.));
#3098 = ORIENTED_EDGE('',*,*,#1592,.T.);
#3099 = ORIENTED_EDGE('',*,*,#3059,.F.);
#3100 = ORIENTED_EDGE('',*,*,#167,.F.);
#3101 = PLANE('',#3102);
#3102 = AXIS2_PLACEMENT_3D('',#3103,#3104,#3105);
#3103 = CARTESIAN_POINT('',(93.2336,-55.6168,0.));
#3104 = DIRECTION('',(-0.668828867981,0.743416401053,0.));
#3105 = DIRECTION('',(0.743416401053,0.668828867981,0.));
#3106 = ADVANCED_FACE('',(#3107),#3118,.T.);
#3107 = FACE_BOUND('',#3108,.T.);
#3108 = EDGE_LOOP('',(#3109,#3110,#3111,#3117));
#3109 = ORIENTED_EDGE('',*,*,#3078,.T.);
#3110 = ORIENTED_EDGE('',*,*,#2336,.T.);
#3111 = ORIENTED_EDGE('',*,*,#3112,.F.);
#3112 = EDGE_CURVE('',#904,#2329,#3113,.T.);
#3113 = LINE('',#3114,#3115);
#3114 = CARTESIAN_POINT('',(126.7644,-55.9147,0.));
#3115 = VECTOR('',#3116,1.);
#3116 = DIRECTION('',(0.,0.,1.));
#3117 = ORIENTED_EDGE('',*,*,#911,.F.);
#3118 = PLANE('',#3119);
#3119 = AXIS2_PLACEMENT_3D('',#3120,#3121,#3122);
#3120 = CARTESIAN_POINT('',(123.4933,-55.7277,0.));
#3121 = DIRECTION('',(5.707412779209E-02,0.998369943426,-0.));
#3122 = DIRECTION('',(0.998369943426,-5.707412779209E-02,0.));
#3123 = ADVANCED_FACE('',(#3124),#3135,.T.);
#3124 = FACE_BOUND('',#3125,.T.);
#3125 = EDGE_LOOP('',(#3126,#3132,#3133,#3134));
#3126 = ORIENTED_EDGE('',*,*,#3127,.T.);
#3127 = EDGE_CURVE('',#176,#1601,#3128,.T.);
#3128 = LINE('',#3129,#3130);
#3129 = CARTESIAN_POINT('',(92.9965,-55.6747,0.));
#3130 = VECTOR('',#3131,1.);
#3131 = DIRECTION('',(0.,0.,1.));
#3132 = ORIENTED_EDGE('',*,*,#1600,.T.);
#3133 = ORIENTED_EDGE('',*,*,#3093,.F.);
#3134 = ORIENTED_EDGE('',*,*,#175,.F.);
#3135 = PLANE('',#3136);
#3136 = AXIS2_PLACEMENT_3D('',#3137,#3138,#3139);
#3137 = CARTESIAN_POINT('',(92.9965,-55.6747,0.));
#3138 = DIRECTION('',(-0.237229702985,0.971453585109,0.));
#3139 = DIRECTION('',(0.971453585109,0.237229702985,0.));
#3140 = ADVANCED_FACE('',(#3141),#3152,.T.);
#3141 = FACE_BOUND('',#3142,.T.);
#3142 = EDGE_LOOP('',(#3143,#3144,#3145,#3151));
#3143 = ORIENTED_EDGE('',*,*,#3112,.T.);
#3144 = ORIENTED_EDGE('',*,*,#2328,.T.);
#3145 = ORIENTED_EDGE('',*,*,#3146,.F.);
#3146 = EDGE_CURVE('',#896,#2321,#3147,.T.);
#3147 = LINE('',#3148,#3149);
#3148 = CARTESIAN_POINT('',(132.4778,-55.9155,0.));
#3149 = VECTOR('',#3150,1.);
#3150 = DIRECTION('',(0.,0.,1.));
#3151 = ORIENTED_EDGE('',*,*,#903,.F.);
#3152 = PLANE('',#3153);
#3153 = AXIS2_PLACEMENT_3D('',#3154,#3155,#3156);
#3154 = CARTESIAN_POINT('',(126.7644,-55.9147,0.));
#3155 = DIRECTION('',(1.400217019911E-04,0.999999990197,-0.));
#3156 = DIRECTION('',(0.999999990197,-1.400217019911E-04,0.));
#3157 = ADVANCED_FACE('',(#3158),#3169,.T.);
#3158 = FACE_BOUND('',#3159,.T.);
#3159 = EDGE_LOOP('',(#3160,#3166,#3167,#3168));
#3160 = ORIENTED_EDGE('',*,*,#3161,.T.);
#3161 = EDGE_CURVE('',#184,#1609,#3162,.T.);
#3162 = LINE('',#3163,#3164);
#3163 = CARTESIAN_POINT('',(81.335,-55.6265,0.));
#3164 = VECTOR('',#3165,1.);
#3165 = DIRECTION('',(0.,0.,1.));
#3166 = ORIENTED_EDGE('',*,*,#1608,.T.);
#3167 = ORIENTED_EDGE('',*,*,#3127,.F.);
#3168 = ORIENTED_EDGE('',*,*,#183,.F.);
#3169 = PLANE('',#3170);
#3170 = AXIS2_PLACEMENT_3D('',#3171,#3172,#3173);
#3171 = CARTESIAN_POINT('',(81.335,-55.6265,0.));
#3172 = DIRECTION('',(4.133223709212E-03,0.999991458194,-0.));
#3173 = DIRECTION('',(0.999991458194,-4.133223709212E-03,0.));
#3174 = ADVANCED_FACE('',(#3175),#3186,.T.);
#3175 = FACE_BOUND('',#3176,.T.);
#3176 = EDGE_LOOP('',(#3177,#3178,#3179,#3185));
#3177 = ORIENTED_EDGE('',*,*,#3146,.T.);
#3178 = ORIENTED_EDGE('',*,*,#2320,.T.);
#3179 = ORIENTED_EDGE('',*,*,#3180,.F.);
#3180 = EDGE_CURVE('',#888,#2313,#3181,.T.);
#3181 = LINE('',#3182,#3183);
#3182 = CARTESIAN_POINT('',(134.0439,-56.3166,0.));
#3183 = VECTOR('',#3184,1.);
#3184 = DIRECTION('',(0.,0.,1.));
#3185 = ORIENTED_EDGE('',*,*,#895,.F.);
#3186 = PLANE('',#3187);
#3187 = AXIS2_PLACEMENT_3D('',#3188,#3189,#3190);
#3188 = CARTESIAN_POINT('',(132.4778,-55.9155,0.));
#3189 = DIRECTION('',(0.248105973456,0.968732897106,-0.));
#3190 = DIRECTION('',(0.968732897106,-0.248105973456,0.));
#3191 = ADVANCED_FACE('',(#3192),#3203,.T.);
#3192 = FACE_BOUND('',#3193,.T.);
#3193 = EDGE_LOOP('',(#3194,#3200,#3201,#3202));
#3194 = ORIENTED_EDGE('',*,*,#3195,.T.);
#3195 = EDGE_CURVE('',#192,#1617,#3196,.T.);
#3196 = LINE('',#3197,#3198);
#3197 = CARTESIAN_POINT('',(77.8273,-55.684,0.));
#3198 = VECTOR('',#3199,1.);
#3199 = DIRECTION('',(0.,0.,1.));
#3200 = ORIENTED_EDGE('',*,*,#1616,.T.);
#3201 = ORIENTED_EDGE('',*,*,#3161,.F.);
#3202 = ORIENTED_EDGE('',*,*,#191,.F.);
#3203 = PLANE('',#3204);
#3204 = AXIS2_PLACEMENT_3D('',#3205,#3206,#3207);
#3205 = CARTESIAN_POINT('',(77.8273,-55.684,0.));
#3206 = DIRECTION('',(-1.639030590417E-02,0.999865669914,0.));
#3207 = DIRECTION('',(0.999865669914,1.639030590417E-02,0.));
#3208 = ADVANCED_FACE('',(#3209),#3220,.T.);
#3209 = FACE_BOUND('',#3210,.T.);
#3210 = EDGE_LOOP('',(#3211,#3212,#3213,#3219));
#3211 = ORIENTED_EDGE('',*,*,#3180,.T.);
#3212 = ORIENTED_EDGE('',*,*,#2312,.T.);
#3213 = ORIENTED_EDGE('',*,*,#3214,.F.);
#3214 = EDGE_CURVE('',#880,#2305,#3215,.T.);
#3215 = LINE('',#3216,#3217);
#3216 = CARTESIAN_POINT('',(135.4802,-56.797,0.));
#3217 = VECTOR('',#3218,1.);
#3218 = DIRECTION('',(0.,0.,1.));
#3219 = ORIENTED_EDGE('',*,*,#887,.F.);
#3220 = PLANE('',#3221);
#3221 = AXIS2_PLACEMENT_3D('',#3222,#3223,#3224);
#3222 = CARTESIAN_POINT('',(134.0439,-56.3166,0.));
#3223 = DIRECTION('',(0.317198211189,0.948359264635,-0.));
#3224 = DIRECTION('',(0.948359264635,-0.317198211189,0.));
#3225 = ADVANCED_FACE('',(#3226),#3237,.T.);
#3226 = FACE_BOUND('',#3227,.T.);
#3227 = EDGE_LOOP('',(#3228,#3234,#3235,#3236));
#3228 = ORIENTED_EDGE('',*,*,#3229,.T.);
#3229 = EDGE_CURVE('',#200,#1625,#3230,.T.);
#3230 = LINE('',#3231,#3232);
#3231 = CARTESIAN_POINT('',(75.2651,-55.7839,0.));
#3232 = VECTOR('',#3233,1.);
#3233 = DIRECTION('',(0.,0.,1.));
#3234 = ORIENTED_EDGE('',*,*,#1624,.T.);
#3235 = ORIENTED_EDGE('',*,*,#3195,.F.);
#3236 = ORIENTED_EDGE('',*,*,#199,.F.);
#3237 = PLANE('',#3238);
#3238 = AXIS2_PLACEMENT_3D('',#3239,#3240,#3241);
#3239 = CARTESIAN_POINT('',(75.2651,-55.7839,0.));
#3240 = DIRECTION('',(-3.896032774369E-02,0.999240758207,0.));
#3241 = DIRECTION('',(0.999240758207,3.896032774369E-02,0.));
#3242 = ADVANCED_FACE('',(#3243),#3254,.T.);
#3243 = FACE_BOUND('',#3244,.T.);
#3244 = EDGE_LOOP('',(#3245,#3246,#3247,#3253));
#3245 = ORIENTED_EDGE('',*,*,#3214,.T.);
#3246 = ORIENTED_EDGE('',*,*,#2304,.T.);
#3247 = ORIENTED_EDGE('',*,*,#3248,.F.);
#3248 = EDGE_CURVE('',#872,#2297,#3249,.T.);
#3249 = LINE('',#3250,#3251);
#3250 = CARTESIAN_POINT('',(136.7731,-57.3517,0.));
#3251 = VECTOR('',#3252,1.);
#3252 = DIRECTION('',(0.,0.,1.));
#3253 = ORIENTED_EDGE('',*,*,#879,.F.);
#3254 = PLANE('',#3255);
#3255 = AXIS2_PLACEMENT_3D('',#3256,#3257,#3258);
#3256 = CARTESIAN_POINT('',(135.4802,-56.797,0.));
#3257 = DIRECTION('',(0.394279569295,0.918990544694,-0.));
#3258 = DIRECTION('',(0.918990544694,-0.394279569295,0.));
#3259 = ADVANCED_FACE('',(#3260),#3271,.T.);
#3260 = FACE_BOUND('',#3261,.T.);
#3261 = EDGE_LOOP('',(#3262,#3268,#3269,#3270));
#3262 = ORIENTED_EDGE('',*,*,#3263,.T.);
#3263 = EDGE_CURVE('',#208,#1633,#3264,.T.);
#3264 = LINE('',#3265,#3266);
#3265 = CARTESIAN_POINT('',(71.9464,-56.0333,0.));
#3266 = VECTOR('',#3267,1.);
#3267 = DIRECTION('',(0.,0.,1.));
#3268 = ORIENTED_EDGE('',*,*,#1632,.T.);
#3269 = ORIENTED_EDGE('',*,*,#3229,.F.);
#3270 = ORIENTED_EDGE('',*,*,#207,.F.);
#3271 = PLANE('',#3272);
#3272 = AXIS2_PLACEMENT_3D('',#3273,#3274,#3275);
#3273 = CARTESIAN_POINT('',(71.9464,-56.0333,0.));
#3274 = DIRECTION('',(-7.493859782953E-02,0.997188150028,0.));
#3275 = DIRECTION('',(0.997188150028,7.493859782953E-02,0.));
#3276 = ADVANCED_FACE('',(#3277),#3288,.T.);
#3277 = FACE_BOUND('',#3278,.T.);
#3278 = EDGE_LOOP('',(#3279,#3280,#3281,#3287));
#3279 = ORIENTED_EDGE('',*,*,#3248,.T.);
#3280 = ORIENTED_EDGE('',*,*,#2296,.T.);
#3281 = ORIENTED_EDGE('',*,*,#3282,.F.);
#3282 = EDGE_CURVE('',#864,#2289,#3283,.T.);
#3283 = LINE('',#3284,#3285);
#3284 = CARTESIAN_POINT('',(138.112,-58.093,0.));
#3285 = VECTOR('',#3286,1.);
#3286 = DIRECTION('',(0.,0.,1.));
#3287 = ORIENTED_EDGE('',*,*,#871,.F.);
#3288 = PLANE('',#3289);
#3289 = AXIS2_PLACEMENT_3D('',#3290,#3291,#3292);
#3290 = CARTESIAN_POINT('',(136.7731,-57.3517,0.));
#3291 = DIRECTION('',(0.48437750741,0.874859091692,-0.));
#3292 = DIRECTION('',(0.874859091692,-0.48437750741,0.));
#3293 = ADVANCED_FACE('',(#3294),#3305,.T.);
#3294 = FACE_BOUND('',#3295,.T.);
#3295 = EDGE_LOOP('',(#3296,#3302,#3303,#3304));
#3296 = ORIENTED_EDGE('',*,*,#3297,.T.);
#3297 = EDGE_CURVE('',#216,#1641,#3298,.T.);
#3298 = LINE('',#3299,#3300);
#3299 = CARTESIAN_POINT('',(69.1086,-56.417,0.));
#3300 = VECTOR('',#3301,1.);
#3301 = DIRECTION('',(0.,0.,1.));
#3302 = ORIENTED_EDGE('',*,*,#1640,.T.);
#3303 = ORIENTED_EDGE('',*,*,#3263,.F.);
#3304 = ORIENTED_EDGE('',*,*,#215,.F.);
#3305 = PLANE('',#3306);
#3306 = AXIS2_PLACEMENT_3D('',#3307,#3308,#3309);
#3307 = CARTESIAN_POINT('',(69.1086,-56.417,0.));
#3308 = DIRECTION('',(-0.133991119098,0.990982532643,0.));
#3309 = DIRECTION('',(0.990982532643,0.133991119098,0.));
#3310 = ADVANCED_FACE('',(#3311),#3322,.T.);
#3311 = FACE_BOUND('',#3312,.T.);
#3312 = EDGE_LOOP('',(#3313,#3314,#3315,#3321));
#3313 = ORIENTED_EDGE('',*,*,#3282,.T.);
#3314 = ORIENTED_EDGE('',*,*,#2288,.T.);
#3315 = ORIENTED_EDGE('',*,*,#3316,.F.);
#3316 = EDGE_CURVE('',#856,#2281,#3317,.T.);
#3317 = LINE('',#3318,#3319);
#3318 = CARTESIAN_POINT('',(138.8081,-58.5681,0.));
#3319 = VECTOR('',#3320,1.);
#3320 = DIRECTION('',(0.,0.,1.));
#3321 = ORIENTED_EDGE('',*,*,#863,.F.);
#3322 = PLANE('',#3323);
#3323 = AXIS2_PLACEMENT_3D('',#3324,#3325,#3326);
#3324 = CARTESIAN_POINT('',(138.112,-58.093,0.));
#3325 = DIRECTION('',(0.563730715854,0.825958643034,-0.));
#3326 = DIRECTION('',(0.825958643034,-0.563730715854,0.));
#3327 = ADVANCED_FACE('',(#3328),#3339,.T.);
#3328 = FACE_BOUND('',#3329,.T.);
#3329 = EDGE_LOOP('',(#3330,#3336,#3337,#3338));
#3330 = ORIENTED_EDGE('',*,*,#3331,.T.);
#3331 = EDGE_CURVE('',#224,#1649,#3332,.T.);
#3332 = LINE('',#3333,#3334);
#3333 = CARTESIAN_POINT('',(66.6737,-56.946,0.));
#3334 = VECTOR('',#3335,1.);
#3335 = DIRECTION('',(0.,0.,1.));
#3336 = ORIENTED_EDGE('',*,*,#1648,.T.);
#3337 = ORIENTED_EDGE('',*,*,#3297,.F.);
#3338 = ORIENTED_EDGE('',*,*,#223,.F.);
#3339 = PLANE('',#3340);
#3340 = AXIS2_PLACEMENT_3D('',#3341,#3342,#3343);
#3341 = CARTESIAN_POINT('',(66.6737,-56.946,0.));
#3342 = DIRECTION('',(-0.21230467908,0.977203521914,0.));
#3343 = DIRECTION('',(0.977203521914,0.21230467908,0.));
#3344 = ADVANCED_FACE('',(#3345),#3356,.T.);
#3345 = FACE_BOUND('',#3346,.T.);
#3346 = EDGE_LOOP('',(#3347,#3348,#3349,#3355));
#3347 = ORIENTED_EDGE('',*,*,#3316,.T.);
#3348 = ORIENTED_EDGE('',*,*,#2280,.T.);
#3349 = ORIENTED_EDGE('',*,*,#3350,.F.);
#3350 = EDGE_CURVE('',#848,#2273,#3351,.T.);
#3351 = LINE('',#3352,#3353);
#3352 = CARTESIAN_POINT('',(139.4994,-59.1206,0.));
#3353 = VECTOR('',#3354,1.);
#3354 = DIRECTION('',(0.,0.,1.));
#3355 = ORIENTED_EDGE('',*,*,#855,.F.);
#3356 = PLANE('',#3357);
#3357 = AXIS2_PLACEMENT_3D('',#3358,#3359,#3360);
#3358 = CARTESIAN_POINT('',(138.8081,-58.5681,0.));
#3359 = DIRECTION('',(0.624322904718,0.781166378337,-0.));
#3360 = DIRECTION('',(0.781166378337,-0.624322904718,0.));
#3361 = ADVANCED_FACE('',(#3362),#3373,.T.);
#3362 = FACE_BOUND('',#3363,.T.);
#3363 = EDGE_LOOP('',(#3364,#3370,#3371,#3372));
#3364 = ORIENTED_EDGE('',*,*,#3365,.T.);
#3365 = EDGE_CURVE('',#232,#1657,#3366,.T.);
#3366 = LINE('',#3367,#3368);
#3367 = CARTESIAN_POINT('',(65.703499,-57.2309,0.));
#3368 = VECTOR('',#3369,1.);
#3369 = DIRECTION('',(0.,0.,1.));
#3370 = ORIENTED_EDGE('',*,*,#1656,.T.);
#3371 = ORIENTED_EDGE('',*,*,#3331,.F.);
#3372 = ORIENTED_EDGE('',*,*,#231,.F.);
#3373 = PLANE('',#3374);
#3374 = AXIS2_PLACEMENT_3D('',#3375,#3376,#3377);
#3375 = CARTESIAN_POINT('',(65.703499,-57.2309,0.));
#3376 = DIRECTION('',(-0.281753754944,0.959486749036,0.));
#3377 = DIRECTION('',(0.959486749036,0.281753754944,0.));
#3378 = ADVANCED_FACE('',(#3379),#3390,.T.);
#3379 = FACE_BOUND('',#3380,.T.);
#3380 = EDGE_LOOP('',(#3381,#3382,#3383,#3389));
#3381 = ORIENTED_EDGE('',*,*,#3350,.T.);
#3382 = ORIENTED_EDGE('',*,*,#2272,.T.);
#3383 = ORIENTED_EDGE('',*,*,#3384,.F.);
#3384 = EDGE_CURVE('',#840,#2265,#3385,.T.);
#3385 = LINE('',#3386,#3387);
#3386 = CARTESIAN_POINT('',(139.5023,-60.0529,0.));
#3387 = VECTOR('',#3388,1.);
#3388 = DIRECTION('',(0.,0.,1.));
#3389 = ORIENTED_EDGE('',*,*,#847,.F.);
#3390 = PLANE('',#3391);
#3391 = AXIS2_PLACEMENT_3D('',#3392,#3393,#3394);
#3392 = CARTESIAN_POINT('',(139.4994,-59.1206,0.));
#3393 = DIRECTION('',(0.99999516216,3.110571672474E-03,-0.));
#3394 = DIRECTION('',(3.110571672474E-03,-0.99999516216,0.));
#3395 = ADVANCED_FACE('',(#3396),#3407,.T.);
#3396 = FACE_BOUND('',#3397,.T.);
#3397 = EDGE_LOOP('',(#3398,#3404,#3405,#3406));
#3398 = ORIENTED_EDGE('',*,*,#3399,.T.);
#3399 = EDGE_CURVE('',#240,#1665,#3400,.T.);
#3400 = LINE('',#3401,#3402);
#3401 = CARTESIAN_POINT('',(64.592299,-57.6269,0.));
#3402 = VECTOR('',#3403,1.);
#3403 = DIRECTION('',(0.,0.,1.));
#3404 = ORIENTED_EDGE('',*,*,#1664,.T.);
#3405 = ORIENTED_EDGE('',*,*,#3365,.F.);
#3406 = ORIENTED_EDGE('',*,*,#239,.F.);
#3407 = PLANE('',#3408);
#3408 = AXIS2_PLACEMENT_3D('',#3409,#3410,#3411);
#3409 = CARTESIAN_POINT('',(64.592299,-57.6269,0.));
#3410 = DIRECTION('',(-0.335691907629,0.94197183777,0.));
#3411 = DIRECTION('',(0.94197183777,0.335691907629,0.));
#3412 = ADVANCED_FACE('',(#3413),#3424,.T.);
#3413 = FACE_BOUND('',#3414,.T.);
#3414 = EDGE_LOOP('',(#3415,#3416,#3417,#3423));
#3415 = ORIENTED_EDGE('',*,*,#3384,.T.);
#3416 = ORIENTED_EDGE('',*,*,#2264,.T.);
#3417 = ORIENTED_EDGE('',*,*,#3418,.F.);
#3418 = EDGE_CURVE('',#832,#2257,#3419,.T.);
#3419 = LINE('',#3420,#3421);
#3420 = CARTESIAN_POINT('',(139.5557,-60.2347,0.));
#3421 = VECTOR('',#3422,1.);
#3422 = DIRECTION('',(0.,0.,1.));
#3423 = ORIENTED_EDGE('',*,*,#839,.F.);
#3424 = PLANE('',#3425);
#3425 = AXIS2_PLACEMENT_3D('',#3426,#3427,#3428);
#3426 = CARTESIAN_POINT('',(139.5023,-60.0529,0.));
#3427 = DIRECTION('',(0.959466286013,0.281823430545,-0.));
#3428 = DIRECTION('',(0.281823430545,-0.959466286013,0.));
#3429 = ADVANCED_FACE('',(#3430),#3441,.T.);
#3430 = FACE_BOUND('',#3431,.T.);
#3431 = EDGE_LOOP('',(#3432,#3438,#3439,#3440));
#3432 = ORIENTED_EDGE('',*,*,#3433,.T.);
#3433 = EDGE_CURVE('',#248,#1673,#3434,.T.);
#3434 = LINE('',#3435,#3436);
#3435 = CARTESIAN_POINT('',(63.77,-57.9795,0.));
#3436 = VECTOR('',#3437,1.);
#3437 = DIRECTION('',(0.,0.,1.));
#3438 = ORIENTED_EDGE('',*,*,#1672,.T.);
#3439 = ORIENTED_EDGE('',*,*,#3399,.F.);
#3440 = ORIENTED_EDGE('',*,*,#247,.F.);
#3441 = PLANE('',#3442);
#3442 = AXIS2_PLACEMENT_3D('',#3443,#3444,#3445);
#3443 = CARTESIAN_POINT('',(63.77,-57.9795,0.));
#3444 = DIRECTION('',(-0.394095056678,0.919069685227,0.));
#3445 = DIRECTION('',(0.919069685227,0.394095056678,0.));
#3446 = ADVANCED_FACE('',(#3447),#3458,.T.);
#3447 = FACE_BOUND('',#3448,.T.);
#3448 = EDGE_LOOP('',(#3449,#3450,#3451,#3457));
#3449 = ORIENTED_EDGE('',*,*,#3418,.T.);
#3450 = ORIENTED_EDGE('',*,*,#2256,.T.);
#3451 = ORIENTED_EDGE('',*,*,#3452,.F.);
#3452 = EDGE_CURVE('',#824,#2249,#3453,.T.);
#3453 = LINE('',#3454,#3455);
#3454 = CARTESIAN_POINT('',(140.4725,-61.3294,0.));
#3455 = VECTOR('',#3456,1.);
#3456 = DIRECTION('',(0.,0.,1.));
#3457 = ORIENTED_EDGE('',*,*,#831,.F.);
#3458 = PLANE('',#3459);
#3459 = AXIS2_PLACEMENT_3D('',#3460,#3461,#3462);
#3460 = CARTESIAN_POINT('',(139.5557,-60.2347,0.));
#3461 = DIRECTION('',(0.766651844746,0.642063041256,-0.));
#3462 = DIRECTION('',(0.642063041256,-0.766651844746,0.));
#3463 = ADVANCED_FACE('',(#3464),#3475,.T.);
#3464 = FACE_BOUND('',#3465,.T.);
#3465 = EDGE_LOOP('',(#3466,#3472,#3473,#3474));
#3466 = ORIENTED_EDGE('',*,*,#3467,.T.);
#3467 = EDGE_CURVE('',#256,#1681,#3468,.T.);
#3468 = LINE('',#3469,#3470);
#3469 = CARTESIAN_POINT('',(62.8357,-58.4583,0.));
#3470 = VECTOR('',#3471,1.);
#3471 = DIRECTION('',(0.,0.,1.));
#3472 = ORIENTED_EDGE('',*,*,#1680,.T.);
#3473 = ORIENTED_EDGE('',*,*,#3433,.F.);
#3474 = ORIENTED_EDGE('',*,*,#255,.F.);
#3475 = PLANE('',#3476);
#3476 = AXIS2_PLACEMENT_3D('',#3477,#3478,#3479);
#3477 = CARTESIAN_POINT('',(62.8357,-58.4583,0.));
#3478 = DIRECTION('',(-0.45606910229,0.889944365641,0.));
#3479 = DIRECTION('',(0.889944365641,0.45606910229,0.));
#3480 = ADVANCED_FACE('',(#3481),#3492,.T.);
#3481 = FACE_BOUND('',#3482,.T.);
#3482 = EDGE_LOOP('',(#3483,#3484,#3485,#3491));
#3483 = ORIENTED_EDGE('',*,*,#3452,.T.);
#3484 = ORIENTED_EDGE('',*,*,#2248,.T.);
#3485 = ORIENTED_EDGE('',*,*,#3486,.F.);
#3486 = EDGE_CURVE('',#816,#2241,#3487,.T.);
#3487 = LINE('',#3488,#3489);
#3488 = CARTESIAN_POINT('',(141.2226,-62.4716,0.));
#3489 = VECTOR('',#3490,1.);
#3490 = DIRECTION('',(0.,0.,1.));
#3491 = ORIENTED_EDGE('',*,*,#823,.F.);
#3492 = PLANE('',#3493);
#3493 = AXIS2_PLACEMENT_3D('',#3494,#3495,#3496);
#3494 = CARTESIAN_POINT('',(140.4725,-61.3294,0.));
#3495 = DIRECTION('',(0.835869535638,0.548928155036,-0.));
#3496 = DIRECTION('',(0.548928155036,-0.835869535638,0.));
#3497 = ADVANCED_FACE('',(#3498),#3509,.T.);
#3498 = FACE_BOUND('',#3499,.T.);
#3499 = EDGE_LOOP('',(#3500,#3506,#3507,#3508));
#3500 = ORIENTED_EDGE('',*,*,#3501,.T.);
#3501 = EDGE_CURVE('',#264,#1689,#3502,.T.);
#3502 = LINE('',#3503,#3504);
#3503 = CARTESIAN_POINT('',(62.1459,-58.8786,0.));
#3504 = VECTOR('',#3505,1.);
#3505 = DIRECTION('',(0.,0.,1.));
#3506 = ORIENTED_EDGE('',*,*,#1688,.T.);
#3507 = ORIENTED_EDGE('',*,*,#3467,.F.);
#3508 = ORIENTED_EDGE('',*,*,#263,.F.);
#3509 = PLANE('',#3510);
#3510 = AXIS2_PLACEMENT_3D('',#3511,#3512,#3513);
#3511 = CARTESIAN_POINT('',(62.1459,-58.8786,0.));
#3512 = DIRECTION('',(-0.520327855074,0.853966582036,0.));
#3513 = DIRECTION('',(0.853966582036,0.520327855074,0.));
#3514 = ADVANCED_FACE('',(#3515),#3526,.T.);
#3515 = FACE_BOUND('',#3516,.T.);
#3516 = EDGE_LOOP('',(#3517,#3518,#3519,#3525));
#3517 = ORIENTED_EDGE('',*,*,#3486,.T.);
#3518 = ORIENTED_EDGE('',*,*,#2240,.T.);
#3519 = ORIENTED_EDGE('',*,*,#3520,.F.);
#3520 = EDGE_CURVE('',#808,#2233,#3521,.T.);
#3521 = LINE('',#3522,#3523);
#3522 = CARTESIAN_POINT('',(141.8796,-63.7853,0.));
#3523 = VECTOR('',#3524,1.);
#3524 = DIRECTION('',(0.,0.,1.));
#3525 = ORIENTED_EDGE('',*,*,#815,.F.);
#3526 = PLANE('',#3527);
#3527 = AXIS2_PLACEMENT_3D('',#3528,#3529,#3530);
#3528 = CARTESIAN_POINT('',(141.2226,-62.4716,0.));
#3529 = DIRECTION('',(0.894386338384,0.447295291404,-0.));
#3530 = DIRECTION('',(0.447295291404,-0.894386338384,0.));
#3531 = ADVANCED_FACE('',(#3532),#3543,.T.);
#3532 = FACE_BOUND('',#3533,.T.);
#3533 = EDGE_LOOP('',(#3534,#3540,#3541,#3542));
#3534 = ORIENTED_EDGE('',*,*,#3535,.T.);
#3535 = EDGE_CURVE('',#272,#1697,#3536,.T.);
#3536 = LINE('',#3537,#3538);
#3537 = CARTESIAN_POINT('',(61.3614,-59.4452,0.));
#3538 = VECTOR('',#3539,1.);
#3539 = DIRECTION('',(0.,0.,1.));
#3540 = ORIENTED_EDGE('',*,*,#1696,.T.);
#3541 = ORIENTED_EDGE('',*,*,#3501,.F.);
#3542 = ORIENTED_EDGE('',*,*,#271,.F.);
#3543 = PLANE('',#3544);
#3544 = AXIS2_PLACEMENT_3D('',#3545,#3546,#3547);
#3545 = CARTESIAN_POINT('',(61.3614,-59.4452,0.));
#3546 = DIRECTION('',(-0.58550187254,0.810671053666,0.));
#3547 = DIRECTION('',(0.810671053666,0.58550187254,0.));
#3548 = ADVANCED_FACE('',(#3549),#3560,.T.);
#3549 = FACE_BOUND('',#3550,.T.);
#3550 = EDGE_LOOP('',(#3551,#3552,#3553,#3559));
#3551 = ORIENTED_EDGE('',*,*,#3520,.T.);
#3552 = ORIENTED_EDGE('',*,*,#2232,.T.);
#3553 = ORIENTED_EDGE('',*,*,#3554,.F.);
#3554 = EDGE_CURVE('',#800,#2225,#3555,.T.);
#3555 = LINE('',#3556,#3557);
#3556 = CARTESIAN_POINT('',(142.3686,-65.0636,0.));
#3557 = VECTOR('',#3558,1.);
#3558 = DIRECTION('',(0.,0.,1.));
#3559 = ORIENTED_EDGE('',*,*,#807,.F.);
#3560 = PLANE('',#3561);
#3561 = AXIS2_PLACEMENT_3D('',#3562,#3563,#3564);
#3562 = CARTESIAN_POINT('',(141.8796,-63.7853,0.));
#3563 = DIRECTION('',(0.933993756269,0.357289327087,-0.));
#3564 = DIRECTION('',(0.357289327087,-0.933993756269,0.));
#3565 = ADVANCED_FACE('',(#3566),#3577,.T.);
#3566 = FACE_BOUND('',#3567,.T.);
#3567 = EDGE_LOOP('',(#3568,#3574,#3575,#3576));
#3568 = ORIENTED_EDGE('',*,*,#3569,.T.);
#3569 = EDGE_CURVE('',#280,#1705,#3570,.T.);
#3570 = LINE('',#3571,#3572);
#3571 = CARTESIAN_POINT('',(60.6534,-60.0606,0.));
#3572 = VECTOR('',#3573,1.);
#3573 = DIRECTION('',(0.,0.,1.));
#3574 = ORIENTED_EDGE('',*,*,#1704,.T.);
#3575 = ORIENTED_EDGE('',*,*,#3535,.F.);
#3576 = ORIENTED_EDGE('',*,*,#279,.F.);
#3577 = PLANE('',#3578);
#3578 = AXIS2_PLACEMENT_3D('',#3579,#3580,#3581);
#3579 = CARTESIAN_POINT('',(60.6534,-60.0606,0.));
#3580 = DIRECTION('',(-0.65602562672,0.754738615076,0.));
#3581 = DIRECTION('',(0.754738615076,0.65602562672,0.));
#3582 = ADVANCED_FACE('',(#3583),#3594,.T.);
#3583 = FACE_BOUND('',#3584,.T.);
#3584 = EDGE_LOOP('',(#3585,#3586,#3587,#3593));
#3585 = ORIENTED_EDGE('',*,*,#3554,.T.);
#3586 = ORIENTED_EDGE('',*,*,#2224,.T.);
#3587 = ORIENTED_EDGE('',*,*,#3588,.F.);
#3588 = EDGE_CURVE('',#792,#2217,#3589,.T.);
#3589 = LINE('',#3590,#3591);
#3590 = CARTESIAN_POINT('',(142.7208,-66.2354,0.));
#3591 = VECTOR('',#3592,1.);
#3592 = DIRECTION('',(0.,0.,1.));
#3593 = ORIENTED_EDGE('',*,*,#799,.F.);
#3594 = PLANE('',#3595);
#3595 = AXIS2_PLACEMENT_3D('',#3596,#3597,#3598);
#3596 = CARTESIAN_POINT('',(142.3686,-65.0636,0.));
#3597 = DIRECTION('',(0.957677699055,0.287842708318,-0.));
#3598 = DIRECTION('',(0.287842708318,-0.957677699055,0.));
#3599 = ADVANCED_FACE('',(#3600),#3611,.T.);
#3600 = FACE_BOUND('',#3601,.T.);
#3601 = EDGE_LOOP('',(#3602,#3608,#3609,#3610));
#3602 = ORIENTED_EDGE('',*,*,#3603,.T.);
#3603 = EDGE_CURVE('',#288,#1713,#3604,.T.);
#3604 = LINE('',#3605,#3606);
#3605 = CARTESIAN_POINT('',(60.0063,-60.7372,0.));
#3606 = VECTOR('',#3607,1.);
#3607 = DIRECTION('',(0.,0.,1.));
#3608 = ORIENTED_EDGE('',*,*,#1712,.T.);
#3609 = ORIENTED_EDGE('',*,*,#3569,.F.);
#3610 = ORIENTED_EDGE('',*,*,#287,.F.);
#3611 = PLANE('',#3612);
#3612 = AXIS2_PLACEMENT_3D('',#3613,#3614,#3615);
#3613 = CARTESIAN_POINT('',(60.0063,-60.7372,0.));
#3614 = DIRECTION('',(-0.722685929879,0.691176566989,0.));
#3615 = DIRECTION('',(0.691176566989,0.722685929879,0.));
#3616 = ADVANCED_FACE('',(#3617),#3628,.T.);
#3617 = FACE_BOUND('',#3618,.T.);
#3618 = EDGE_LOOP('',(#3619,#3620,#3621,#3627));
#3619 = ORIENTED_EDGE('',*,*,#3588,.T.);
#3620 = ORIENTED_EDGE('',*,*,#2216,.T.);
#3621 = ORIENTED_EDGE('',*,*,#3622,.F.);
#3622 = EDGE_CURVE('',#784,#2209,#3623,.T.);
#3623 = LINE('',#3624,#3625);
#3624 = CARTESIAN_POINT('',(142.9682,-67.2527,0.));
#3625 = VECTOR('',#3626,1.);
#3626 = DIRECTION('',(0.,0.,1.));
#3627 = ORIENTED_EDGE('',*,*,#791,.F.);
#3628 = PLANE('',#3629);
#3629 = AXIS2_PLACEMENT_3D('',#3630,#3631,#3632);
#3630 = CARTESIAN_POINT('',(142.7208,-66.2354,0.));
#3631 = DIRECTION('',(0.971678866297,0.236305270345,-0.));
#3632 = DIRECTION('',(0.236305270345,-0.971678866297,0.));
#3633 = ADVANCED_FACE('',(#3634),#3645,.T.);
#3634 = FACE_BOUND('',#3635,.T.);
#3635 = EDGE_LOOP('',(#3636,#3642,#3643,#3644));
#3636 = ORIENTED_EDGE('',*,*,#3637,.T.);
#3637 = EDGE_CURVE('',#296,#1721,#3638,.T.);
#3638 = LINE('',#3639,#3640);
#3639 = CARTESIAN_POINT('',(59.5275,-61.3294,0.));
#3640 = VECTOR('',#3641,1.);
#3641 = DIRECTION('',(0.,0.,1.));
#3642 = ORIENTED_EDGE('',*,*,#1720,.T.);
#3643 = ORIENTED_EDGE('',*,*,#3603,.F.);
#3644 = ORIENTED_EDGE('',*,*,#295,.F.);
#3645 = PLANE('',#3646);
#3646 = AXIS2_PLACEMENT_3D('',#3647,#3648,#3649);
#3647 = CARTESIAN_POINT('',(59.5275,-61.3294,0.));
#3648 = DIRECTION('',(-0.777630026941,0.628722149442,0.));
#3649 = DIRECTION('',(0.628722149442,0.777630026941,0.));
#3650 = ADVANCED_FACE('',(#3651),#3662,.T.);
#3651 = FACE_BOUND('',#3652,.T.);
#3652 = EDGE_LOOP('',(#3653,#3654,#3655,#3661));
#3653 = ORIENTED_EDGE('',*,*,#3622,.T.);
#3654 = ORIENTED_EDGE('',*,*,#2208,.T.);
#3655 = ORIENTED_EDGE('',*,*,#3656,.F.);
#3656 = EDGE_CURVE('',#776,#2201,#3657,.T.);
#3657 = LINE('',#3658,#3659);
#3658 = CARTESIAN_POINT('',(143.3707,-69.503199,0.));
#3659 = VECTOR('',#3660,1.);
#3660 = DIRECTION('',(0.,0.,1.));
#3661 = ORIENTED_EDGE('',*,*,#783,.F.);
#3662 = PLANE('',#3663);
#3663 = AXIS2_PLACEMENT_3D('',#3664,#3665,#3666);
#3664 = CARTESIAN_POINT('',(142.9682,-67.2527,0.));
#3665 = DIRECTION('',(0.984380217342,0.176055638096,-0.));
#3666 = DIRECTION('',(0.176055638096,-0.984380217342,0.));
#3667 = ADVANCED_FACE('',(#3668),#3679,.T.);
#3668 = FACE_BOUND('',#3669,.T.);
#3669 = EDGE_LOOP('',(#3670,#3676,#3677,#3678));
#3670 = ORIENTED_EDGE('',*,*,#3671,.T.);
#3671 = EDGE_CURVE('',#304,#1729,#3672,.T.);
#3672 = LINE('',#3673,#3674);
#3673 = CARTESIAN_POINT('',(58.9825,-62.1281,0.));
#3674 = VECTOR('',#3675,1.);
#3675 = DIRECTION('',(0.,0.,1.));
#3676 = ORIENTED_EDGE('',*,*,#1728,.T.);
#3677 = ORIENTED_EDGE('',*,*,#3637,.F.);
#3678 = ORIENTED_EDGE('',*,*,#303,.F.);
#3679 = PLANE('',#3680);
#3680 = AXIS2_PLACEMENT_3D('',#3681,#3682,#3683);
#3681 = CARTESIAN_POINT('',(58.9825,-62.1281,0.));
#3682 = DIRECTION('',(-0.826019424513,0.563641650632,0.));
#3683 = DIRECTION('',(0.563641650632,0.826019424513,0.));
#3684 = ADVANCED_FACE('',(#3685),#3696,.T.);
#3685 = FACE_BOUND('',#3686,.T.);
#3686 = EDGE_LOOP('',(#3687,#3688,#3689,#3695));
#3687 = ORIENTED_EDGE('',*,*,#3656,.T.);
#3688 = ORIENTED_EDGE('',*,*,#2200,.T.);
#3689 = ORIENTED_EDGE('',*,*,#3690,.F.);
#3690 = EDGE_CURVE('',#768,#2193,#3691,.T.);
#3691 = LINE('',#3692,#3693);
#3692 = CARTESIAN_POINT('',(143.6557,-72.0706,0.));
#3693 = VECTOR('',#3694,1.);
#3694 = DIRECTION('',(0.,0.,1.));
#3695 = ORIENTED_EDGE('',*,*,#775,.F.);
#3696 = PLANE('',#3697);
#3697 = AXIS2_PLACEMENT_3D('',#3698,#3699,#3700);
#3698 = CARTESIAN_POINT('',(143.3707,-69.503199,0.));
#3699 = DIRECTION('',(0.993895064532,0.110329509645,-0.));
#3700 = DIRECTION('',(0.110329509645,-0.993895064532,0.));
#3701 = ADVANCED_FACE('',(#3702),#3713,.T.);
#3702 = FACE_BOUND('',#3703,.T.);
#3703 = EDGE_LOOP('',(#3704,#3710,#3711,#3712));
#3704 = ORIENTED_EDGE('',*,*,#3705,.T.);
#3705 = EDGE_CURVE('',#312,#1737,#3706,.T.);
#3706 = LINE('',#3707,#3708);
#3707 = CARTESIAN_POINT('',(58.2968,-63.3952,0.));
#3708 = VECTOR('',#3709,1.);
#3709 = DIRECTION('',(0.,0.,1.));
#3710 = ORIENTED_EDGE('',*,*,#1736,.T.);
#3711 = ORIENTED_EDGE('',*,*,#3671,.F.);
#3712 = ORIENTED_EDGE('',*,*,#311,.F.);
#3713 = PLANE('',#3714);
#3714 = AXIS2_PLACEMENT_3D('',#3715,#3716,#3717);
#3715 = CARTESIAN_POINT('',(58.2968,-63.3952,0.));
#3716 = DIRECTION('',(-0.87947962823,0.475936533089,0.));
#3717 = DIRECTION('',(0.475936533089,0.87947962823,0.));
#3718 = ADVANCED_FACE('',(#3719),#3730,.T.);
#3719 = FACE_BOUND('',#3720,.T.);
#3720 = EDGE_LOOP('',(#3721,#3722,#3723,#3729));
#3721 = ORIENTED_EDGE('',*,*,#3690,.T.);
#3722 = ORIENTED_EDGE('',*,*,#2192,.T.);
#3723 = ORIENTED_EDGE('',*,*,#3724,.F.);
#3724 = EDGE_CURVE('',#760,#2185,#3725,.T.);
#3725 = LINE('',#3726,#3727);
#3726 = CARTESIAN_POINT('',(143.849699,-75.408,0.));
#3727 = VECTOR('',#3728,1.);
#3728 = DIRECTION('',(0.,0.,1.));
#3729 = ORIENTED_EDGE('',*,*,#767,.F.);
#3730 = PLANE('',#3731);
#3731 = AXIS2_PLACEMENT_3D('',#3732,#3733,#3734);
#3732 = CARTESIAN_POINT('',(143.6557,-72.0706,0.));
#3733 = DIRECTION('',(0.998314791782,5.803082378227E-02,-0.));
#3734 = DIRECTION('',(5.803082378227E-02,-0.998314791782,0.));
#3735 = ADVANCED_FACE('',(#3736),#3747,.T.);
#3736 = FACE_BOUND('',#3737,.T.);
#3737 = EDGE_LOOP('',(#3738,#3744,#3745,#3746));
#3738 = ORIENTED_EDGE('',*,*,#3739,.T.);
#3739 = EDGE_CURVE('',#320,#1745,#3740,.T.);
#3740 = LINE('',#3741,#3742);
#3741 = CARTESIAN_POINT('',(57.709,-64.837899,0.));
#3742 = VECTOR('',#3743,1.);
#3743 = DIRECTION('',(0.,0.,1.));
#3744 = ORIENTED_EDGE('',*,*,#1744,.T.);
#3745 = ORIENTED_EDGE('',*,*,#3705,.F.);
#3746 = ORIENTED_EDGE('',*,*,#319,.F.);
#3747 = PLANE('',#3748);
#3748 = AXIS2_PLACEMENT_3D('',#3749,#3750,#3751);
#3749 = CARTESIAN_POINT('',(57.709,-64.837899,0.));
#3750 = DIRECTION('',(-0.926084791827,0.37731546264,0.));
#3751 = DIRECTION('',(0.37731546264,0.926084791827,0.));
#3752 = ADVANCED_FACE('',(#3753),#3764,.T.);
#3753 = FACE_BOUND('',#3754,.T.);
#3754 = EDGE_LOOP('',(#3755,#3756,#3757,#3763));
#3755 = ORIENTED_EDGE('',*,*,#3724,.T.);
#3756 = ORIENTED_EDGE('',*,*,#2184,.T.);
#3757 = ORIENTED_EDGE('',*,*,#3758,.F.);
#3758 = EDGE_CURVE('',#752,#2177,#3759,.T.);
#3759 = LINE('',#3760,#3761);
#3760 = CARTESIAN_POINT('',(143.9345,-81.4791,0.));
#3761 = VECTOR('',#3762,1.);
#3762 = DIRECTION('',(0.,0.,1.));
#3763 = ORIENTED_EDGE('',*,*,#759,.F.);
#3764 = PLANE('',#3765);
#3765 = AXIS2_PLACEMENT_3D('',#3766,#3767,#3768);
#3766 = CARTESIAN_POINT('',(143.849699,-75.408,0.));
#3767 = DIRECTION('',(0.999902462047,1.396661703548E-02,-0.));
#3768 = DIRECTION('',(1.396661703548E-02,-0.999902462047,0.));
#3769 = ADVANCED_FACE('',(#3770),#3781,.T.);
#3770 = FACE_BOUND('',#3771,.T.);
#3771 = EDGE_LOOP('',(#3772,#3778,#3779,#3780));
#3772 = ORIENTED_EDGE('',*,*,#3773,.T.);
#3773 = EDGE_CURVE('',#328,#1753,#3774,.T.);
#3774 = LINE('',#3775,#3776);
#3775 = CARTESIAN_POINT('',(57.2784,-66.2384,0.));
#3776 = VECTOR('',#3777,1.);
#3777 = DIRECTION('',(0.,0.,1.));
#3778 = ORIENTED_EDGE('',*,*,#1752,.T.);
#3779 = ORIENTED_EDGE('',*,*,#3739,.F.);
#3780 = ORIENTED_EDGE('',*,*,#327,.F.);
#3781 = PLANE('',#3782);
#3782 = AXIS2_PLACEMENT_3D('',#3783,#3784,#3785);
#3783 = CARTESIAN_POINT('',(57.2784,-66.2384,0.));
#3784 = DIRECTION('',(-0.955841024802,0.293884220918,0.));
#3785 = DIRECTION('',(0.293884220918,0.955841024802,0.));
#3786 = ADVANCED_FACE('',(#3787),#3798,.T.);
#3787 = FACE_BOUND('',#3788,.T.);
#3788 = EDGE_LOOP('',(#3789,#3790,#3791,#3797));
#3789 = ORIENTED_EDGE('',*,*,#3758,.T.);
#3790 = ORIENTED_EDGE('',*,*,#2176,.T.);
#3791 = ORIENTED_EDGE('',*,*,#3792,.F.);
#3792 = EDGE_CURVE('',#744,#2169,#3793,.T.);
#3793 = LINE('',#3794,#3795);
#3794 = CARTESIAN_POINT('',(143.8,-100.0112,0.));
#3795 = VECTOR('',#3796,1.);
#3796 = DIRECTION('',(0.,0.,1.));
#3797 = ORIENTED_EDGE('',*,*,#751,.F.);
#3798 = PLANE('',#3799);
#3799 = AXIS2_PLACEMENT_3D('',#3800,#3801,#3802);
#3800 = CARTESIAN_POINT('',(143.9345,-81.4791,0.));
#3801 = DIRECTION('',(0.999973664101,-7.257486082074E-03,0.));
#3802 = DIRECTION('',(-7.257486082074E-03,-0.999973664101,0.));
#3803 = ADVANCED_FACE('',(#3804),#3815,.T.);
#3804 = FACE_BOUND('',#3805,.T.);
#3805 = EDGE_LOOP('',(#3806,#3812,#3813,#3814));
#3806 = ORIENTED_EDGE('',*,*,#3807,.T.);
#3807 = EDGE_CURVE('',#336,#1761,#3808,.T.);
#3808 = LINE('',#3809,#3810);
#3809 = CARTESIAN_POINT('',(56.8659,-68.0658,0.));
#3810 = VECTOR('',#3811,1.);
#3811 = DIRECTION('',(0.,0.,1.));
#3812 = ORIENTED_EDGE('',*,*,#1760,.T.);
#3813 = ORIENTED_EDGE('',*,*,#3773,.F.);
#3814 = ORIENTED_EDGE('',*,*,#335,.F.);
#3815 = PLANE('',#3816);
#3816 = AXIS2_PLACEMENT_3D('',#3817,#3818,#3819);
#3817 = CARTESIAN_POINT('',(56.8659,-68.0658,0.));
#3818 = DIRECTION('',(-0.97545690767,0.220190420496,0.));
#3819 = DIRECTION('',(0.220190420496,0.97545690767,0.));
#3820 = ADVANCED_FACE('',(#3821),#3832,.T.);
#3821 = FACE_BOUND('',#3822,.T.);
#3822 = EDGE_LOOP('',(#3823,#3824,#3825,#3831));
#3823 = ORIENTED_EDGE('',*,*,#3792,.T.);
#3824 = ORIENTED_EDGE('',*,*,#2168,.T.);
#3825 = ORIENTED_EDGE('',*,*,#3826,.F.);
#3826 = EDGE_CURVE('',#736,#2161,#3827,.T.);
#3827 = LINE('',#3828,#3829);
#3828 = CARTESIAN_POINT('',(143.9349,-119.0641,0.));
#3829 = VECTOR('',#3830,1.);
#3830 = DIRECTION('',(0.,0.,1.));
#3831 = ORIENTED_EDGE('',*,*,#743,.F.);
#3832 = PLANE('',#3833);
#3833 = AXIS2_PLACEMENT_3D('',#3834,#3835,#3836);
#3834 = CARTESIAN_POINT('',(143.8,-100.0112,0.));
#3835 = DIRECTION('',(0.99997493571,7.080109528068E-03,-0.));
#3836 = DIRECTION('',(7.080109528068E-03,-0.99997493571,0.));
#3837 = ADVANCED_FACE('',(#3838),#3849,.T.);
#3838 = FACE_BOUND('',#3839,.T.);
#3839 = EDGE_LOOP('',(#3840,#3846,#3847,#3848));
#3840 = ORIENTED_EDGE('',*,*,#3841,.T.);
#3841 = EDGE_CURVE('',#344,#1769,#3842,.T.);
#3842 = LINE('',#3843,#3844);
#3843 = CARTESIAN_POINT('',(56.5869,-69.81,0.));
#3844 = VECTOR('',#3845,1.);
#3845 = DIRECTION('',(0.,0.,1.));
#3846 = ORIENTED_EDGE('',*,*,#1768,.T.);
#3847 = ORIENTED_EDGE('',*,*,#3807,.F.);
#3848 = ORIENTED_EDGE('',*,*,#343,.F.);
#3849 = PLANE('',#3850);
#3850 = AXIS2_PLACEMENT_3D('',#3851,#3852,#3853);
#3851 = CARTESIAN_POINT('',(56.5869,-69.81,0.));
#3852 = DIRECTION('',(-0.987446990163,0.15795075694,0.));
#3853 = DIRECTION('',(0.15795075694,0.987446990163,0.));
#3854 = ADVANCED_FACE('',(#3855),#3866,.T.);
#3855 = FACE_BOUND('',#3856,.T.);
#3856 = EDGE_LOOP('',(#3857,#3858,#3859,#3865));
#3857 = ORIENTED_EDGE('',*,*,#3826,.T.);
#3858 = ORIENTED_EDGE('',*,*,#2160,.T.);
#3859 = ORIENTED_EDGE('',*,*,#3860,.F.);
#3860 = EDGE_CURVE('',#728,#2153,#3861,.T.);
#3861 = LINE('',#3862,#3863);
#3862 = CARTESIAN_POINT('',(143.9066,-122.4736,0.));
#3863 = VECTOR('',#3864,1.);
#3864 = DIRECTION('',(0.,0.,1.));
#3865 = ORIENTED_EDGE('',*,*,#735,.F.);
#3866 = PLANE('',#3867);
#3867 = AXIS2_PLACEMENT_3D('',#3868,#3869,#3870);
#3868 = CARTESIAN_POINT('',(143.9349,-119.0641,0.));
#3869 = DIRECTION('',(0.99996555398,-8.300051379277E-03,0.));
#3870 = DIRECTION('',(-8.300051379277E-03,-0.99996555398,0.));
#3871 = ADVANCED_FACE('',(#3872),#3883,.T.);
#3872 = FACE_BOUND('',#3873,.T.);
#3873 = EDGE_LOOP('',(#3874,#3880,#3881,#3882));
#3874 = ORIENTED_EDGE('',*,*,#3875,.T.);
#3875 = EDGE_CURVE('',#352,#1777,#3876,.T.);
#3876 = LINE('',#3877,#3878);
#3877 = CARTESIAN_POINT('',(56.3441,-72.0738,0.));
#3878 = VECTOR('',#3879,1.);
#3879 = DIRECTION('',(0.,0.,1.));
#3880 = ORIENTED_EDGE('',*,*,#1776,.T.);
#3881 = ORIENTED_EDGE('',*,*,#3841,.F.);
#3882 = ORIENTED_EDGE('',*,*,#351,.F.);
#3883 = PLANE('',#3884);
#3884 = AXIS2_PLACEMENT_3D('',#3885,#3886,#3887);
#3885 = CARTESIAN_POINT('',(56.3441,-72.0738,0.));
#3886 = DIRECTION('',(-0.994297516797,0.106641680837,0.));
#3887 = DIRECTION('',(0.106641680837,0.994297516797,0.));
#3888 = ADVANCED_FACE('',(#3889),#3900,.T.);
#3889 = FACE_BOUND('',#3890,.T.);
#3890 = EDGE_LOOP('',(#3891,#3892,#3893,#3899));
#3891 = ORIENTED_EDGE('',*,*,#3860,.T.);
#3892 = ORIENTED_EDGE('',*,*,#2152,.T.);
#3893 = ORIENTED_EDGE('',*,*,#3894,.F.);
#3894 = EDGE_CURVE('',#720,#2145,#3895,.T.);
#3895 = LINE('',#3896,#3897);
#3896 = CARTESIAN_POINT('',(143.8335,-124.9867,0.));
#3897 = VECTOR('',#3898,1.);
#3898 = DIRECTION('',(0.,0.,1.));
#3899 = ORIENTED_EDGE('',*,*,#727,.F.);
#3900 = PLANE('',#3901);
#3901 = AXIS2_PLACEMENT_3D('',#3902,#3903,#3904);
#3902 = CARTESIAN_POINT('',(143.9066,-122.4736,0.));
#3903 = DIRECTION('',(0.999577224573,-2.907528356067E-02,0.));
#3904 = DIRECTION('',(-2.907528356067E-02,-0.999577224573,0.));
#3905 = ADVANCED_FACE('',(#3906),#3917,.T.);
#3906 = FACE_BOUND('',#3907,.T.);
#3907 = EDGE_LOOP('',(#3908,#3914,#3915,#3916));
#3908 = ORIENTED_EDGE('',*,*,#3909,.T.);
#3909 = EDGE_CURVE('',#360,#1785,#3910,.T.);
#3910 = LINE('',#3911,#3912);
#3911 = CARTESIAN_POINT('',(56.2011,-74.2377,0.));
#3912 = VECTOR('',#3913,1.);
#3913 = DIRECTION('',(0.,0.,1.));
#3914 = ORIENTED_EDGE('',*,*,#1784,.T.);
#3915 = ORIENTED_EDGE('',*,*,#3875,.F.);
#3916 = ORIENTED_EDGE('',*,*,#359,.F.);
#3917 = PLANE('',#3918);
#3918 = AXIS2_PLACEMENT_3D('',#3919,#3920,#3921);
#3919 = CARTESIAN_POINT('',(56.2011,-74.2377,0.));
#3920 = DIRECTION('',(-0.997823553108,6.594055552219E-02,0.));
#3921 = DIRECTION('',(6.594055552219E-02,0.997823553108,0.));
#3922 = ADVANCED_FACE('',(#3923),#3934,.T.);
#3923 = FACE_BOUND('',#3924,.T.);
#3924 = EDGE_LOOP('',(#3925,#3926,#3927,#3933));
#3925 = ORIENTED_EDGE('',*,*,#3894,.T.);
#3926 = ORIENTED_EDGE('',*,*,#2144,.T.);
#3927 = ORIENTED_EDGE('',*,*,#3928,.F.);
#3928 = EDGE_CURVE('',#712,#2137,#3929,.T.);
#3929 = LINE('',#3930,#3931);
#3930 = CARTESIAN_POINT('',(143.7082,-127.226,0.));
#3931 = VECTOR('',#3932,1.);
#3932 = DIRECTION('',(0.,0.,1.));
#3933 = ORIENTED_EDGE('',*,*,#719,.F.);
#3934 = PLANE('',#3935);
#3935 = AXIS2_PLACEMENT_3D('',#3936,#3937,#3938);
#3936 = CARTESIAN_POINT('',(143.8335,-124.9867,0.));
#3937 = DIRECTION('',(0.998438186302,-5.586759466959E-02,0.));
#3938 = DIRECTION('',(-5.586759466959E-02,-0.998438186302,0.));
#3939 = ADVANCED_FACE('',(#3940),#3951,.T.);
#3940 = FACE_BOUND('',#3941,.T.);
#3941 = EDGE_LOOP('',(#3942,#3948,#3949,#3950));
#3942 = ORIENTED_EDGE('',*,*,#3943,.T.);
#3943 = EDGE_CURVE('',#368,#1793,#3944,.T.);
#3944 = LINE('',#3945,#3946);
#3945 = CARTESIAN_POINT('',(56.102,-77.0848,0.));
#3946 = VECTOR('',#3947,1.);
#3947 = DIRECTION('',(0.,0.,1.));
#3948 = ORIENTED_EDGE('',*,*,#1792,.T.);
#3949 = ORIENTED_EDGE('',*,*,#3909,.F.);
#3950 = ORIENTED_EDGE('',*,*,#367,.F.);
#3951 = PLANE('',#3952);
#3952 = AXIS2_PLACEMENT_3D('',#3953,#3954,#3955);
#3953 = CARTESIAN_POINT('',(56.102,-77.0848,0.));
#3954 = DIRECTION('',(-0.99939477416,3.478628152128E-02,0.));
#3955 = DIRECTION('',(3.478628152128E-02,0.99939477416,0.));
#3956 = ADVANCED_FACE('',(#3957),#3968,.T.);
#3957 = FACE_BOUND('',#3958,.T.);
#3958 = EDGE_LOOP('',(#3959,#3960,#3961,#3967));
#3959 = ORIENTED_EDGE('',*,*,#3928,.T.);
#3960 = ORIENTED_EDGE('',*,*,#2136,.T.);
#3961 = ORIENTED_EDGE('',*,*,#3962,.F.);
#3962 = EDGE_CURVE('',#704,#2129,#3963,.T.);
#3963 = LINE('',#3964,#3965);
#3964 = CARTESIAN_POINT('',(143.5239,-129.242799,0.));
#3965 = VECTOR('',#3966,1.);
#3966 = DIRECTION('',(0.,0.,1.));
#3967 = ORIENTED_EDGE('',*,*,#711,.F.);
#3968 = PLANE('',#3969);
#3969 = AXIS2_PLACEMENT_3D('',#3970,#3971,#3972);
#3970 = CARTESIAN_POINT('',(143.7082,-127.226,0.));
#3971 = DIRECTION('',(0.995850595414,-9.10032505643E-02,0.));
#3972 = DIRECTION('',(-9.10032505643E-02,-0.995850595414,0.));
#3973 = ADVANCED_FACE('',(#3974),#3985,.T.);
#3974 = FACE_BOUND('',#3975,.T.);
#3975 = EDGE_LOOP('',(#3976,#3982,#3983,#3984));
#3976 = ORIENTED_EDGE('',*,*,#3977,.T.);
#3977 = EDGE_CURVE('',#376,#1801,#3978,.T.);
#3978 = LINE('',#3979,#3980);
#3979 = CARTESIAN_POINT('',(56.0693,-82.6243,0.));
#3980 = VECTOR('',#3981,1.);
#3981 = DIRECTION('',(0.,0.,1.));
#3982 = ORIENTED_EDGE('',*,*,#1800,.T.);
#3983 = ORIENTED_EDGE('',*,*,#3943,.F.);
#3984 = ORIENTED_EDGE('',*,*,#375,.F.);
#3985 = PLANE('',#3986);
#3986 = AXIS2_PLACEMENT_3D('',#3987,#3988,#3989);
#3987 = CARTESIAN_POINT('',(56.0693,-82.6243,0.));
#3988 = DIRECTION('',(-0.999982577398,5.902956996281E-03,0.));
#3989 = DIRECTION('',(5.902956996281E-03,0.999982577398,0.));
#3990 = ADVANCED_FACE('',(#3991),#4002,.T.);
#3991 = FACE_BOUND('',#3992,.T.);
#3992 = EDGE_LOOP('',(#3993,#3994,#3995,#4001));
#3993 = ORIENTED_EDGE('',*,*,#3962,.T.);
#3994 = ORIENTED_EDGE('',*,*,#2128,.T.);
#3995 = ORIENTED_EDGE('',*,*,#3996,.F.);
#3996 = EDGE_CURVE('',#696,#2121,#3997,.T.);
#3997 = LINE('',#3998,#3999);
#3998 = CARTESIAN_POINT('',(143.2746,-131.065499,0.));
#3999 = VECTOR('',#4000,1.);
#4000 = DIRECTION('',(0.,0.,1.));
#4001 = ORIENTED_EDGE('',*,*,#703,.F.);
#4002 = PLANE('',#4003);
#4003 = AXIS2_PLACEMENT_3D('',#4004,#4005,#4006);
#4004 = CARTESIAN_POINT('',(143.5239,-129.242799,0.));
#4005 = DIRECTION('',(0.990775509115,-0.135513433051,0.));
#4006 = DIRECTION('',(-0.135513433051,-0.990775509115,0.));
#4007 = ADVANCED_FACE('',(#4008),#4019,.T.);
#4008 = FACE_BOUND('',#4009,.T.);
#4009 = EDGE_LOOP('',(#4010,#4016,#4017,#4018));
#4010 = ORIENTED_EDGE('',*,*,#4011,.T.);
#4011 = EDGE_CURVE('',#384,#1809,#4012,.T.);
#4012 = LINE('',#4013,#4014);
#4013 = CARTESIAN_POINT('',(56.2,-99.9904,0.));
#4014 = VECTOR('',#4015,1.);
#4015 = DIRECTION('',(0.,0.,1.));
#4016 = ORIENTED_EDGE('',*,*,#1808,.T.);
#4017 = ORIENTED_EDGE('',*,*,#3977,.F.);
#4018 = ORIENTED_EDGE('',*,*,#383,.F.);
#4019 = PLANE('',#4020);
#4020 = AXIS2_PLACEMENT_3D('',#4021,#4022,#4023);
#4021 = CARTESIAN_POINT('',(56.2,-99.9904,0.));
#4022 = DIRECTION('',(-0.999971679681,-7.525944140271E-03,0.));
#4023 = DIRECTION('',(-7.525944140271E-03,0.999971679681,0.));
#4024 = ADVANCED_FACE('',(#4025),#4036,.T.);
#4025 = FACE_BOUND('',#4026,.T.);
#4026 = EDGE_LOOP('',(#4027,#4028,#4029,#4035));
#4027 = ORIENTED_EDGE('',*,*,#3996,.T.);
#4028 = ORIENTED_EDGE('',*,*,#2120,.T.);
#4029 = ORIENTED_EDGE('',*,*,#4030,.F.);
#4030 = EDGE_CURVE('',#688,#2113,#4031,.T.);
#4031 = LINE('',#4032,#4033);
#4032 = CARTESIAN_POINT('',(143.0139,-132.4487,0.));
#4033 = VECTOR('',#4034,1.);
#4034 = DIRECTION('',(0.,0.,1.));
#4035 = ORIENTED_EDGE('',*,*,#695,.F.);
#4036 = PLANE('',#4037);
#4037 = AXIS2_PLACEMENT_3D('',#4038,#4039,#4040);
#4038 = CARTESIAN_POINT('',(143.2746,-131.065499,0.));
#4039 = DIRECTION('',(0.982698048824,-0.185214861274,0.));
#4040 = DIRECTION('',(-0.185214861274,-0.982698048824,0.));
#4041 = ADVANCED_FACE('',(#4042),#4053,.T.);
#4042 = FACE_BOUND('',#4043,.T.);
#4043 = EDGE_LOOP('',(#4044,#4050,#4051,#4052));
#4044 = ORIENTED_EDGE('',*,*,#4045,.T.);
#4045 = EDGE_CURVE('',#392,#1817,#4046,.T.);
#4046 = LINE('',#4047,#4048);
#4047 = CARTESIAN_POINT('',(56.0669,-117.9586,0.));
#4048 = VECTOR('',#4049,1.);
#4049 = DIRECTION('',(0.,0.,1.));
#4050 = ORIENTED_EDGE('',*,*,#1816,.T.);
#4051 = ORIENTED_EDGE('',*,*,#4011,.F.);
#4052 = ORIENTED_EDGE('',*,*,#391,.F.);
#4053 = PLANE('',#4054);
#4054 = AXIS2_PLACEMENT_3D('',#4055,#4056,#4057);
#4055 = CARTESIAN_POINT('',(56.0669,-117.9586,0.));
#4056 = DIRECTION('',(-0.999972565371,7.407327859821E-03,0.));
#4057 = DIRECTION('',(7.407327859821E-03,0.999972565371,0.));
#4058 = ADVANCED_FACE('',(#4059),#4070,.T.);
#4059 = FACE_BOUND('',#4060,.T.);
#4060 = EDGE_LOOP('',(#4061,#4062,#4063,#4069));
#4061 = ORIENTED_EDGE('',*,*,#4030,.T.);
#4062 = ORIENTED_EDGE('',*,*,#2112,.T.);
#4063 = ORIENTED_EDGE('',*,*,#4064,.F.);
#4064 = EDGE_CURVE('',#680,#2105,#4065,.T.);
#4065 = LINE('',#4066,#4067);
#4066 = CARTESIAN_POINT('',(142.6357,-133.9512,0.));
#4067 = VECTOR('',#4068,1.);
#4068 = DIRECTION('',(0.,0.,1.));
#4069 = ORIENTED_EDGE('',*,*,#687,.F.);
#4070 = PLANE('',#4071);
#4071 = AXIS2_PLACEMENT_3D('',#4072,#4073,#4074);
#4072 = CARTESIAN_POINT('',(143.0139,-132.4487,0.));
#4073 = DIRECTION('',(0.96975018786,-0.244099514841,0.));
#4074 = DIRECTION('',(-0.244099514841,-0.96975018786,0.));
#4075 = ADVANCED_FACE('',(#4076),#4087,.T.);
#4076 = FACE_BOUND('',#4077,.T.);
#4077 = EDGE_LOOP('',(#4078,#4084,#4085,#4086));
#4078 = ORIENTED_EDGE('',*,*,#4079,.T.);
#4079 = EDGE_CURVE('',#400,#1825,#4080,.T.);
#4080 = LINE('',#4081,#4082);
#4081 = CARTESIAN_POINT('',(56.1124,-123.3481,0.));
#4082 = VECTOR('',#4083,1.);
#4083 = DIRECTION('',(0.,0.,1.));
#4084 = ORIENTED_EDGE('',*,*,#1824,.T.);
#4085 = ORIENTED_EDGE('',*,*,#4045,.F.);
#4086 = ORIENTED_EDGE('',*,*,#399,.F.);
#4087 = PLANE('',#4088);
#4088 = AXIS2_PLACEMENT_3D('',#4089,#4090,#4091);
#4089 = CARTESIAN_POINT('',(56.1124,-123.3481,0.));
#4090 = DIRECTION('',(-0.999964365339,-8.44204075015E-03,0.));
#4091 = DIRECTION('',(-8.44204075015E-03,0.999964365339,0.));
#4092 = ADVANCED_FACE('',(#4093),#4104,.T.);
#4093 = FACE_BOUND('',#4094,.T.);
#4094 = EDGE_LOOP('',(#4095,#4096,#4097,#4103));
#4095 = ORIENTED_EDGE('',*,*,#4064,.T.);
#4096 = ORIENTED_EDGE('',*,*,#2104,.T.);
#4097 = ORIENTED_EDGE('',*,*,#4098,.F.);
#4098 = EDGE_CURVE('',#672,#2097,#4099,.T.);
#4099 = LINE('',#4100,#4101);
#4100 = CARTESIAN_POINT('',(142.2646,-135.0806,0.));
#4101 = VECTOR('',#4102,1.);
#4102 = DIRECTION('',(0.,0.,1.));
#4103 = ORIENTED_EDGE('',*,*,#679,.F.);
#4104 = PLANE('',#4105);
#4105 = AXIS2_PLACEMENT_3D('',#4106,#4107,#4108);
#4106 = CARTESIAN_POINT('',(142.6357,-133.9512,0.));
#4107 = DIRECTION('',(0.950028898068,-0.31216196571,0.));
#4108 = DIRECTION('',(-0.31216196571,-0.950028898068,0.));
#4109 = ADVANCED_FACE('',(#4110),#4121,.T.);
#4110 = FACE_BOUND('',#4111,.T.);
#4111 = EDGE_LOOP('',(#4112,#4118,#4119,#4120));
#4112 = ORIENTED_EDGE('',*,*,#4113,.T.);
#4113 = EDGE_CURVE('',#408,#1833,#4114,.T.);
#4114 = LINE('',#4115,#4116);
#4115 = CARTESIAN_POINT('',(56.2671,-126.8721,0.));
#4116 = VECTOR('',#4117,1.);
#4117 = DIRECTION('',(0.,0.,1.));
#4118 = ORIENTED_EDGE('',*,*,#1832,.T.);
#4119 = ORIENTED_EDGE('',*,*,#4079,.F.);
#4120 = ORIENTED_EDGE('',*,*,#407,.F.);
#4121 = PLANE('',#4122);
#4122 = AXIS2_PLACEMENT_3D('',#4123,#4124,#4125);
#4123 = CARTESIAN_POINT('',(56.2671,-126.8721,0.));
#4124 = DIRECTION('',(-0.999037830286,-4.385674016606E-02,0.));
#4125 = DIRECTION('',(-4.385674016606E-02,0.999037830286,0.));
#4126 = ADVANCED_FACE('',(#4127),#4138,.T.);
#4127 = FACE_BOUND('',#4128,.T.);
#4128 = EDGE_LOOP('',(#4129,#4130,#4131,#4137));
#4129 = ORIENTED_EDGE('',*,*,#4098,.T.);
#4130 = ORIENTED_EDGE('',*,*,#2096,.T.);
#4131 = ORIENTED_EDGE('',*,*,#4132,.F.);
#4132 = EDGE_CURVE('',#664,#2089,#4133,.T.);
#4133 = LINE('',#4134,#4135);
#4134 = CARTESIAN_POINT('',(141.7576,-136.2828,0.));
#4135 = VECTOR('',#4136,1.);
#4136 = DIRECTION('',(0.,0.,1.));
#4137 = ORIENTED_EDGE('',*,*,#671,.F.);
#4138 = PLANE('',#4139);
#4139 = AXIS2_PLACEMENT_3D('',#4140,#4141,#4142);
#4140 = CARTESIAN_POINT('',(142.2646,-135.0806,0.));
#4141 = DIRECTION('',(0.921413046922,-0.388584607211,0.));
#4142 = DIRECTION('',(-0.388584607211,-0.921413046922,0.));
#4143 = ADVANCED_FACE('',(#4144),#4155,.T.);
#4144 = FACE_BOUND('',#4145,.T.);
#4145 = EDGE_LOOP('',(#4146,#4152,#4153,#4154));
#4146 = ORIENTED_EDGE('',*,*,#4147,.T.);
#4147 = EDGE_CURVE('',#416,#1841,#4148,.T.);
#4148 = LINE('',#4149,#4150);
#4149 = CARTESIAN_POINT('',(56.5523,-129.8748,0.));
#4150 = VECTOR('',#4151,1.);
#4151 = DIRECTION('',(0.,0.,1.));
#4152 = ORIENTED_EDGE('',*,*,#1840,.T.);
#4153 = ORIENTED_EDGE('',*,*,#4113,.F.);
#4154 = ORIENTED_EDGE('',*,*,#415,.F.);
#4155 = PLANE('',#4156);
#4156 = AXIS2_PLACEMENT_3D('',#4157,#4158,#4159);
#4157 = CARTESIAN_POINT('',(56.5523,-129.8748,0.));
#4158 = DIRECTION('',(-0.995519579527,-9.455562796183E-02,0.));
#4159 = DIRECTION('',(-9.455562796183E-02,0.995519579527,0.));
#4160 = ADVANCED_FACE('',(#4161),#4172,.T.);
#4161 = FACE_BOUND('',#4162,.T.);
#4162 = EDGE_LOOP('',(#4163,#4164,#4165,#4171));
#4163 = ORIENTED_EDGE('',*,*,#4132,.T.);
#4164 = ORIENTED_EDGE('',*,*,#2088,.T.);
#4165 = ORIENTED_EDGE('',*,*,#4166,.F.);
#4166 = EDGE_CURVE('',#656,#2081,#4167,.T.);
#4167 = LINE('',#4168,#4169);
#4168 = CARTESIAN_POINT('',(141.1778,-137.3426,0.));
#4169 = VECTOR('',#4170,1.);
#4170 = DIRECTION('',(0.,0.,1.));
#4171 = ORIENTED_EDGE('',*,*,#663,.F.);
#4172 = PLANE('',#4173);
#4173 = AXIS2_PLACEMENT_3D('',#4174,#4175,#4176);
#4174 = CARTESIAN_POINT('',(141.7576,-136.2828,0.));
#4175 = DIRECTION('',(0.877293809508,-0.479953718393,0.));
#4176 = DIRECTION('',(-0.479953718393,-0.877293809508,0.));
#4177 = ADVANCED_FACE('',(#4178),#4189,.T.);
#4178 = FACE_BOUND('',#4179,.T.);
#4179 = EDGE_LOOP('',(#4180,#4186,#4187,#4188));
#4180 = ORIENTED_EDGE('',*,*,#4181,.T.);
#4181 = EDGE_CURVE('',#424,#1849,#4182,.T.);
#4182 = LINE('',#4183,#4184);
#4183 = CARTESIAN_POINT('',(56.9861,-132.4487,0.));
#4184 = VECTOR('',#4185,1.);
#4185 = DIRECTION('',(0.,0.,1.));
#4186 = ORIENTED_EDGE('',*,*,#1848,.T.);
#4187 = ORIENTED_EDGE('',*,*,#4147,.F.);
#4188 = ORIENTED_EDGE('',*,*,#423,.F.);
#4189 = PLANE('',#4190);
#4190 = AXIS2_PLACEMENT_3D('',#4191,#4192,#4193);
#4191 = CARTESIAN_POINT('',(56.9861,-132.4487,0.));
#4192 = DIRECTION('',(-0.986093047915,-0.166194166124,0.));
#4193 = DIRECTION('',(-0.166194166124,0.986093047915,0.));
#4194 = ADVANCED_FACE('',(#4195),#4206,.T.);
#4195 = FACE_BOUND('',#4196,.T.);
#4196 = EDGE_LOOP('',(#4197,#4198,#4199,#4205));
#4197 = ORIENTED_EDGE('',*,*,#4166,.T.);
#4198 = ORIENTED_EDGE('',*,*,#2080,.T.);
#4199 = ORIENTED_EDGE('',*,*,#4200,.F.);
#4200 = EDGE_CURVE('',#648,#2073,#4201,.T.);
#4201 = LINE('',#4202,#4203);
#4202 = CARTESIAN_POINT('',(140.418,-138.3996,0.));
#4203 = VECTOR('',#4204,1.);
#4204 = DIRECTION('',(0.,0.,1.));
#4205 = ORIENTED_EDGE('',*,*,#655,.F.);
#4206 = PLANE('',#4207);
#4207 = AXIS2_PLACEMENT_3D('',#4208,#4209,#4210);
#4208 = CARTESIAN_POINT('',(141.1778,-137.3426,0.));
#4209 = DIRECTION('',(0.811985789959,-0.583677202659,0.));
#4210 = DIRECTION('',(-0.583677202659,-0.811985789959,0.));
#4211 = ADVANCED_FACE('',(#4212),#4223,.T.);
#4212 = FACE_BOUND('',#4213,.T.);
#4213 = EDGE_LOOP('',(#4214,#4220,#4221,#4222));
#4214 = ORIENTED_EDGE('',*,*,#4215,.T.);
#4215 = EDGE_CURVE('',#432,#1857,#4216,.T.);
#4216 = LINE('',#4217,#4218);
#4217 = CARTESIAN_POINT('',(57.5073,-134.4184,0.));
#4218 = VECTOR('',#4219,1.);
#4219 = DIRECTION('',(0.,0.,1.));
#4220 = ORIENTED_EDGE('',*,*,#1856,.T.);
#4221 = ORIENTED_EDGE('',*,*,#4181,.F.);
#4222 = ORIENTED_EDGE('',*,*,#431,.F.);
#4223 = PLANE('',#4224);
#4224 = AXIS2_PLACEMENT_3D('',#4225,#4226,#4227);
#4225 = CARTESIAN_POINT('',(57.5073,-134.4184,0.));
#4226 = DIRECTION('',(-0.96672843471,-0.255804873925,0.));
#4227 = DIRECTION('',(-0.255804873925,0.96672843471,0.));
#4228 = ADVANCED_FACE('',(#4229),#4240,.T.);
#4229 = FACE_BOUND('',#4230,.T.);
#4230 = EDGE_LOOP('',(#4231,#4232,#4233,#4239));
#4231 = ORIENTED_EDGE('',*,*,#4200,.T.);
#4232 = ORIENTED_EDGE('',*,*,#2072,.T.);
#4233 = ORIENTED_EDGE('',*,*,#4234,.F.);
#4234 = EDGE_CURVE('',#640,#2065,#4235,.T.);
#4235 = LINE('',#4236,#4237);
#4236 = CARTESIAN_POINT('',(139.5453,-139.3074,0.));
#4237 = VECTOR('',#4238,1.);
#4238 = DIRECTION('',(0.,0.,1.));
#4239 = ORIENTED_EDGE('',*,*,#647,.F.);
#4240 = PLANE('',#4241);
#4241 = AXIS2_PLACEMENT_3D('',#4242,#4243,#4244);
#4242 = CARTESIAN_POINT('',(140.418,-138.3996,0.));
#4243 = DIRECTION('',(0.720906308341,-0.693032535018,0.));
#4244 = DIRECTION('',(-0.693032535018,-0.720906308341,0.));
#4245 = ADVANCED_FACE('',(#4246),#4257,.T.);
#4246 = FACE_BOUND('',#4247,.T.);
#4247 = EDGE_LOOP('',(#4248,#4254,#4255,#4256));
#4248 = ORIENTED_EDGE('',*,*,#4249,.T.);
#4249 = EDGE_CURVE('',#440,#1865,#4250,.T.);
#4250 = LINE('',#4251,#4252);
#4251 = CARTESIAN_POINT('',(57.9811,-135.703,0.));
#4252 = VECTOR('',#4253,1.);
#4253 = DIRECTION('',(0.,0.,1.));
#4254 = ORIENTED_EDGE('',*,*,#1864,.T.);
#4255 = ORIENTED_EDGE('',*,*,#4215,.F.);
#4256 = ORIENTED_EDGE('',*,*,#439,.F.);
#4257 = PLANE('',#4258);
#4258 = AXIS2_PLACEMENT_3D('',#4259,#4260,#4261);
#4259 = CARTESIAN_POINT('',(57.9811,-135.703,0.));
#4260 = DIRECTION('',(-0.938218360445,-0.346043795095,0.));
#4261 = DIRECTION('',(-0.346043795095,0.938218360445,0.));
#4262 = ADVANCED_FACE('',(#4263),#4274,.T.);
#4263 = FACE_BOUND('',#4264,.T.);
#4264 = EDGE_LOOP('',(#4265,#4266,#4267,#4273));
#4265 = ORIENTED_EDGE('',*,*,#4234,.T.);
#4266 = ORIENTED_EDGE('',*,*,#2064,.T.);
#4267 = ORIENTED_EDGE('',*,*,#4268,.F.);
#4268 = EDGE_CURVE('',#632,#2057,#4269,.T.);
#4269 = LINE('',#4270,#4271);
#4270 = CARTESIAN_POINT('',(138.5453,-140.0815,0.));
#4271 = VECTOR('',#4272,1.);
#4272 = DIRECTION('',(0.,0.,1.));
#4273 = ORIENTED_EDGE('',*,*,#639,.F.);
#4274 = PLANE('',#4275);
#4275 = AXIS2_PLACEMENT_3D('',#4276,#4277,#4278);
#4276 = CARTESIAN_POINT('',(139.5453,-139.3074,0.));
#4277 = DIRECTION('',(0.612126939973,-0.790759514239,0.));
#4278 = DIRECTION('',(-0.790759514239,-0.612126939973,0.));
#4279 = ADVANCED_FACE('',(#4280),#4291,.T.);
#4280 = FACE_BOUND('',#4281,.T.);
#4281 = EDGE_LOOP('',(#4282,#4288,#4289,#4290));
#4282 = ORIENTED_EDGE('',*,*,#4283,.T.);
#4283 = EDGE_CURVE('',#448,#1873,#4284,.T.);
#4284 = LINE('',#4285,#4286);
#4285 = CARTESIAN_POINT('',(58.6219,-137.006399,0.));
#4286 = VECTOR('',#4287,1.);
#4287 = DIRECTION('',(0.,0.,1.));
#4288 = ORIENTED_EDGE('',*,*,#1872,.T.);
#4289 = ORIENTED_EDGE('',*,*,#4249,.F.);
#4290 = ORIENTED_EDGE('',*,*,#447,.F.);
#4291 = PLANE('',#4292);
#4292 = AXIS2_PLACEMENT_3D('',#4293,#4294,#4295);
#4293 = CARTESIAN_POINT('',(58.6219,-137.006399,0.));
#4294 = DIRECTION('',(-0.897408826779,-0.441199951972,0.));
#4295 = DIRECTION('',(-0.441199951972,0.897408826779,0.));
#4296 = ADVANCED_FACE('',(#4297),#4308,.T.);
#4297 = FACE_BOUND('',#4298,.T.);
#4298 = EDGE_LOOP('',(#4299,#4300,#4301,#4307));
#4299 = ORIENTED_EDGE('',*,*,#4268,.T.);
#4300 = ORIENTED_EDGE('',*,*,#2056,.T.);
#4301 = ORIENTED_EDGE('',*,*,#4302,.F.);
#4302 = EDGE_CURVE('',#624,#2049,#4303,.T.);
#4303 = LINE('',#4304,#4305);
#4304 = CARTESIAN_POINT('',(137.3838,-140.743,0.));
#4305 = VECTOR('',#4306,1.);
#4306 = DIRECTION('',(0.,0.,1.));
#4307 = ORIENTED_EDGE('',*,*,#631,.F.);
#4308 = PLANE('',#4309);
#4309 = AXIS2_PLACEMENT_3D('',#4310,#4311,#4312);
#4310 = CARTESIAN_POINT('',(138.5453,-140.0815,0.));
#4311 = DIRECTION('',(0.494889619449,-0.868955847302,0.));
#4312 = DIRECTION('',(-0.868955847302,-0.494889619449,0.));
#4313 = ADVANCED_FACE('',(#4314),#4325,.T.);
#4314 = FACE_BOUND('',#4315,.T.);
#4315 = EDGE_LOOP('',(#4316,#4322,#4323,#4324));
#4316 = ORIENTED_EDGE('',*,*,#4317,.T.);
#4317 = EDGE_CURVE('',#456,#1881,#4318,.T.);
#4318 = LINE('',#4319,#4320);
#4319 = CARTESIAN_POINT('',(59.354,-138.1137,0.));
#4320 = VECTOR('',#4321,1.);
#4321 = DIRECTION('',(0.,0.,1.));
#4322 = ORIENTED_EDGE('',*,*,#1880,.T.);
#4323 = ORIENTED_EDGE('',*,*,#4283,.F.);
#4324 = ORIENTED_EDGE('',*,*,#455,.F.);
#4325 = PLANE('',#4326);
#4326 = AXIS2_PLACEMENT_3D('',#4327,#4328,#4329);
#4327 = CARTESIAN_POINT('',(59.354,-138.1137,0.));
#4328 = DIRECTION('',(-0.834165362252,-0.55151441361,0.));
#4329 = DIRECTION('',(-0.55151441361,0.834165362252,0.));
#4330 = ADVANCED_FACE('',(#4331),#4342,.T.);
#4331 = FACE_BOUND('',#4332,.T.);
#4332 = EDGE_LOOP('',(#4333,#4334,#4335,#4341));
#4333 = ORIENTED_EDGE('',*,*,#4302,.T.);
#4334 = ORIENTED_EDGE('',*,*,#2048,.T.);
#4335 = ORIENTED_EDGE('',*,*,#4336,.F.);
#4336 = EDGE_CURVE('',#616,#2041,#4337,.T.);
#4337 = LINE('',#4338,#4339);
#4338 = CARTESIAN_POINT('',(136.0319,-141.2971,0.));
#4339 = VECTOR('',#4340,1.);
#4340 = DIRECTION('',(0.,0.,1.));
#4341 = ORIENTED_EDGE('',*,*,#623,.F.);
#4342 = PLANE('',#4343);
#4343 = AXIS2_PLACEMENT_3D('',#4344,#4345,#4346);
#4344 = CARTESIAN_POINT('',(137.3838,-140.743,0.));
#4345 = DIRECTION('',(0.379248394851,-0.925294901641,0.));
#4346 = DIRECTION('',(-0.925294901641,-0.379248394851,0.));
#4347 = ADVANCED_FACE('',(#4348),#4359,.T.);
#4348 = FACE_BOUND('',#4349,.T.);
#4349 = EDGE_LOOP('',(#4350,#4356,#4357,#4358));
#4350 = ORIENTED_EDGE('',*,*,#4351,.T.);
#4351 = EDGE_CURVE('',#464,#1889,#4352,.T.);
#4352 = LINE('',#4353,#4354);
#4353 = CARTESIAN_POINT('',(60.1943,-139.0635,0.));
#4354 = VECTOR('',#4355,1.);
#4355 = DIRECTION('',(0.,0.,1.));
#4356 = ORIENTED_EDGE('',*,*,#1888,.T.);
#4357 = ORIENTED_EDGE('',*,*,#4317,.F.);
#4358 = ORIENTED_EDGE('',*,*,#463,.F.);
#4359 = PLANE('',#4360);
#4360 = AXIS2_PLACEMENT_3D('',#4361,#4362,#4363);
#4361 = CARTESIAN_POINT('',(60.1943,-139.0635,0.));
#4362 = DIRECTION('',(-0.748960438799,-0.662614715438,0.));
#4363 = DIRECTION('',(-0.662614715438,0.748960438799,0.));
#4364 = ADVANCED_FACE('',(#4365),#4376,.T.);
#4365 = FACE_BOUND('',#4366,.T.);
#4366 = EDGE_LOOP('',(#4367,#4368,#4369,#4375));
#4367 = ORIENTED_EDGE('',*,*,#4336,.T.);
#4368 = ORIENTED_EDGE('',*,*,#2040,.T.);
#4369 = ORIENTED_EDGE('',*,*,#4370,.F.);
#4370 = EDGE_CURVE('',#608,#2033,#4371,.T.);
#4371 = LINE('',#4372,#4373);
#4372 = CARTESIAN_POINT('',(134.4742,-141.7399,0.));
#4373 = VECTOR('',#4374,1.);
#4374 = DIRECTION('',(0.,0.,1.));
#4375 = ORIENTED_EDGE('',*,*,#615,.F.);
#4376 = PLANE('',#4377);
#4377 = AXIS2_PLACEMENT_3D('',#4378,#4379,#4380);
#4378 = CARTESIAN_POINT('',(136.0319,-141.2971,0.));
#4379 = DIRECTION('',(0.273432271431,-0.961891258376,0.));
#4380 = DIRECTION('',(-0.961891258376,-0.273432271431,0.));
#4381 = ADVANCED_FACE('',(#4382),#4393,.T.);
#4382 = FACE_BOUND('',#4383,.T.);
#4383 = EDGE_LOOP('',(#4384,#4390,#4391,#4392));
#4384 = ORIENTED_EDGE('',*,*,#4385,.T.);
#4385 = EDGE_CURVE('',#472,#1897,#4386,.T.);
#4386 = LINE('',#4387,#4388);
#4387 = CARTESIAN_POINT('',(61.1539,-139.8723,0.));
#4388 = VECTOR('',#4389,1.);
#4389 = DIRECTION('',(0.,0.,1.));
#4390 = ORIENTED_EDGE('',*,*,#1896,.T.);
#4391 = ORIENTED_EDGE('',*,*,#4351,.F.);
#4392 = ORIENTED_EDGE('',*,*,#471,.F.);
#4393 = PLANE('',#4394);
#4394 = AXIS2_PLACEMENT_3D('',#4395,#4396,#4397);
#4395 = CARTESIAN_POINT('',(61.1539,-139.8723,0.));
#4396 = DIRECTION('',(-0.644469393929,-0.764630106842,0.));
#4397 = DIRECTION('',(-0.764630106842,0.644469393929,0.));
#4398 = ADVANCED_FACE('',(#4399),#4410,.T.);
#4399 = FACE_BOUND('',#4400,.T.);
#4400 = EDGE_LOOP('',(#4401,#4402,#4403,#4409));
#4401 = ORIENTED_EDGE('',*,*,#4370,.T.);
#4402 = ORIENTED_EDGE('',*,*,#2032,.T.);
#4403 = ORIENTED_EDGE('',*,*,#4404,.F.);
#4404 = EDGE_CURVE('',#600,#2025,#4405,.T.);
#4405 = LINE('',#4406,#4407);
#4406 = CARTESIAN_POINT('',(132.9591,-142.0304,0.));
#4407 = VECTOR('',#4408,1.);
#4408 = DIRECTION('',(0.,0.,1.));
#4409 = ORIENTED_EDGE('',*,*,#607,.F.);
#4410 = PLANE('',#4411);
#4411 = AXIS2_PLACEMENT_3D('',#4412,#4413,#4414);
#4412 = CARTESIAN_POINT('',(134.4742,-141.7399,0.));
#4413 = DIRECTION('',(0.188306415368,-0.982110326761,0.));
#4414 = DIRECTION('',(-0.982110326761,-0.188306415368,0.));
#4415 = ADVANCED_FACE('',(#4416),#4427,.T.);
#4416 = FACE_BOUND('',#4417,.T.);
#4417 = EDGE_LOOP('',(#4418,#4424,#4425,#4426));
#4418 = ORIENTED_EDGE('',*,*,#4419,.T.);
#4419 = EDGE_CURVE('',#480,#1905,#4420,.T.);
#4420 = LINE('',#4421,#4422);
#4421 = CARTESIAN_POINT('',(62.2618,-140.5627,0.));
#4422 = VECTOR('',#4423,1.);
#4423 = DIRECTION('',(0.,0.,1.));
#4424 = ORIENTED_EDGE('',*,*,#1904,.T.);
#4425 = ORIENTED_EDGE('',*,*,#4385,.F.);
#4426 = ORIENTED_EDGE('',*,*,#479,.F.);
#4427 = PLANE('',#4428);
#4428 = AXIS2_PLACEMENT_3D('',#4429,#4430,#4431);
#4429 = CARTESIAN_POINT('',(62.2618,-140.5627,0.));
#4430 = DIRECTION('',(-0.528876093652,-0.848699050054,0.));
#4431 = DIRECTION('',(-0.848699050054,0.528876093652,0.));
#4432 = ADVANCED_FACE('',(#4433),#4444,.T.);
#4433 = FACE_BOUND('',#4434,.T.);
#4434 = EDGE_LOOP('',(#4435,#4436,#4437,#4443));
#4435 = ORIENTED_EDGE('',*,*,#4404,.T.);
#4436 = ORIENTED_EDGE('',*,*,#2024,.T.);
#4437 = ORIENTED_EDGE('',*,*,#4438,.F.);
#4438 = EDGE_CURVE('',#592,#2017,#4439,.T.);
#4439 = LINE('',#4440,#4441);
#4440 = CARTESIAN_POINT('',(130.9918,-142.2633,0.));
#4441 = VECTOR('',#4442,1.);
#4442 = DIRECTION('',(0.,0.,1.));
#4443 = ORIENTED_EDGE('',*,*,#599,.F.);
#4444 = PLANE('',#4445);
#4445 = AXIS2_PLACEMENT_3D('',#4446,#4447,#4448);
#4446 = CARTESIAN_POINT('',(132.9591,-142.0304,0.));
#4447 = DIRECTION('',(0.117564628124,-0.993065233615,0.));
#4448 = DIRECTION('',(-0.993065233615,-0.117564628124,0.));
#4449 = ADVANCED_FACE('',(#4450),#4461,.T.);
#4450 = FACE_BOUND('',#4451,.T.);
#4451 = EDGE_LOOP('',(#4452,#4458,#4459,#4460));
#4452 = ORIENTED_EDGE('',*,*,#4453,.T.);
#4453 = EDGE_CURVE('',#488,#1913,#4454,.T.);
#4454 = LINE('',#4455,#4456);
#4455 = CARTESIAN_POINT('',(63.5572,-141.1482,0.));
#4456 = VECTOR('',#4457,1.);
#4457 = DIRECTION('',(0.,0.,1.));
#4458 = ORIENTED_EDGE('',*,*,#1912,.T.);
#4459 = ORIENTED_EDGE('',*,*,#4419,.F.);
#4460 = ORIENTED_EDGE('',*,*,#487,.F.);
#4461 = PLANE('',#4462);
#4462 = AXIS2_PLACEMENT_3D('',#4463,#4464,#4465);
#4463 = CARTESIAN_POINT('',(63.5572,-141.1482,0.));
#4464 = DIRECTION('',(-0.411867534026,-0.911243729424,0.));
#4465 = DIRECTION('',(-0.911243729424,0.411867534026,0.));
#4466 = ADVANCED_FACE('',(#4467),#4478,.T.);
#4467 = FACE_BOUND('',#4468,.T.);
#4468 = EDGE_LOOP('',(#4469,#4470,#4471,#4477));
#4469 = ORIENTED_EDGE('',*,*,#4438,.T.);
#4470 = ORIENTED_EDGE('',*,*,#2016,.T.);
#4471 = ORIENTED_EDGE('',*,*,#4472,.F.);
#4472 = EDGE_CURVE('',#584,#2009,#4473,.T.);
#4473 = LINE('',#4474,#4475);
#4474 = CARTESIAN_POINT('',(128.4571,-142.4006,0.));
#4475 = VECTOR('',#4476,1.);
#4476 = DIRECTION('',(0.,0.,1.));
#4477 = ORIENTED_EDGE('',*,*,#591,.F.);
#4478 = PLANE('',#4479);
#4479 = AXIS2_PLACEMENT_3D('',#4480,#4481,#4482);
#4480 = CARTESIAN_POINT('',(130.9918,-142.2633,0.));
#4481 = DIRECTION('',(5.408885082591E-02,-0.998536126646,0.));
#4482 = DIRECTION('',(-0.998536126646,-5.408885082591E-02,0.));
#4483 = ADVANCED_FACE('',(#4484),#4495,.T.);
#4484 = FACE_BOUND('',#4485,.T.);
#4485 = EDGE_LOOP('',(#4486,#4492,#4493,#4494));
#4486 = ORIENTED_EDGE('',*,*,#4487,.T.);
#4487 = EDGE_CURVE('',#496,#1921,#4488,.T.);
#4488 = LINE('',#4489,#4490);
#4489 = CARTESIAN_POINT('',(64.830199,-141.5633,0.));
#4490 = VECTOR('',#4491,1.);
#4491 = DIRECTION('',(0.,0.,1.));
#4492 = ORIENTED_EDGE('',*,*,#1920,.T.);
#4493 = ORIENTED_EDGE('',*,*,#4453,.F.);
#4494 = ORIENTED_EDGE('',*,*,#495,.F.);
#4495 = PLANE('',#4496);
#4496 = AXIS2_PLACEMENT_3D('',#4497,#4498,#4499);
#4497 = CARTESIAN_POINT('',(64.830199,-141.5633,0.));
#4498 = DIRECTION('',(-0.310014949844,-0.95073168185,0.));
#4499 = DIRECTION('',(-0.95073168185,0.310014949844,0.));
#4500 = ADVANCED_FACE('',(#4501),#4512,.T.);
#4501 = FACE_BOUND('',#4502,.T.);
#4502 = EDGE_LOOP('',(#4503,#4504,#4505,#4511));
#4503 = ORIENTED_EDGE('',*,*,#4472,.T.);
#4504 = ORIENTED_EDGE('',*,*,#2008,.T.);
#4505 = ORIENTED_EDGE('',*,*,#4506,.F.);
#4506 = EDGE_CURVE('',#576,#2001,#4507,.T.);
#4507 = LINE('',#4508,#4509);
#4508 = CARTESIAN_POINT('',(125.21,-142.4133,0.));
#4509 = VECTOR('',#4510,1.);
#4510 = DIRECTION('',(0.,0.,1.));
#4511 = ORIENTED_EDGE('',*,*,#583,.F.);
#4512 = PLANE('',#4513);
#4513 = AXIS2_PLACEMENT_3D('',#4514,#4515,#4516);
#4514 = CARTESIAN_POINT('',(128.4571,-142.4006,0.));
#4515 = DIRECTION('',(3.911152370718E-03,-0.999992351414,0.));
#4516 = DIRECTION('',(-0.999992351414,-3.911152370718E-03,0.));
#4517 = ADVANCED_FACE('',(#4518),#4529,.T.);
#4518 = FACE_BOUND('',#4519,.T.);
#4519 = EDGE_LOOP('',(#4520,#4526,#4527,#4528));
#4520 = ORIENTED_EDGE('',*,*,#4521,.T.);
#4521 = EDGE_CURVE('',#504,#1929,#4522,.T.);
#4522 = LINE('',#4523,#4524);
#4523 = CARTESIAN_POINT('',(66.2647,-141.896,0.));
#4524 = VECTOR('',#4525,1.);
#4525 = DIRECTION('',(0.,0.,1.));
#4526 = ORIENTED_EDGE('',*,*,#1928,.T.);
#4527 = ORIENTED_EDGE('',*,*,#4487,.F.);
#4528 = ORIENTED_EDGE('',*,*,#503,.F.);
#4529 = PLANE('',#4530);
#4530 = AXIS2_PLACEMENT_3D('',#4531,#4532,#4533);
#4531 = CARTESIAN_POINT('',(66.2647,-141.896,0.));
#4532 = DIRECTION('',(-0.22593049256,-0.974143425031,0.));
#4533 = DIRECTION('',(-0.974143425031,0.22593049256,0.));
#4534 = ADVANCED_FACE('',(#4535),#4546,.T.);
#4535 = FACE_BOUND('',#4536,.T.);
#4536 = EDGE_LOOP('',(#4537,#4538,#4539,#4545));
#4537 = ORIENTED_EDGE('',*,*,#4506,.T.);
#4538 = ORIENTED_EDGE('',*,*,#2000,.T.);
#4539 = ORIENTED_EDGE('',*,*,#4540,.F.);
#4540 = EDGE_CURVE('',#568,#1993,#4541,.T.);
#4541 = LINE('',#4542,#4543);
#4542 = CARTESIAN_POINT('',(110.2345,-141.9281,0.));
#4543 = VECTOR('',#4544,1.);
#4544 = DIRECTION('',(0.,0.,1.));
#4545 = ORIENTED_EDGE('',*,*,#575,.F.);
#4546 = PLANE('',#4547);
#4547 = AXIS2_PLACEMENT_3D('',#4548,#4549,#4550);
#4548 = CARTESIAN_POINT('',(125.21,-142.4133,0.));
#4549 = DIRECTION('',(-3.238259390705E-02,-0.99947554628,0.));
#4550 = DIRECTION('',(-0.99947554628,3.238259390705E-02,0.));
#4551 = ADVANCED_FACE('',(#4552),#4563,.T.);
#4552 = FACE_BOUND('',#4553,.T.);
#4553 = EDGE_LOOP('',(#4554,#4560,#4561,#4562));
#4554 = ORIENTED_EDGE('',*,*,#4555,.T.);
#4555 = EDGE_CURVE('',#512,#1937,#4556,.T.);
#4556 = LINE('',#4557,#4558);
#4557 = CARTESIAN_POINT('',(67.8553,-142.1436,0.));
#4558 = VECTOR('',#4559,1.);
#4559 = DIRECTION('',(0.,0.,1.));
#4560 = ORIENTED_EDGE('',*,*,#1936,.T.);
#4561 = ORIENTED_EDGE('',*,*,#4521,.F.);
#4562 = ORIENTED_EDGE('',*,*,#511,.F.);
#4563 = PLANE('',#4564);
#4564 = AXIS2_PLACEMENT_3D('',#4565,#4566,#4567);
#4565 = CARTESIAN_POINT('',(67.8553,-142.1436,0.));
#4566 = DIRECTION('',(-0.153812138237,-0.988100109367,0.));
#4567 = DIRECTION('',(-0.988100109367,0.153812138237,0.));
#4568 = ADVANCED_FACE('',(#4569),#4580,.T.);
#4569 = FACE_BOUND('',#4570,.T.);
#4570 = EDGE_LOOP('',(#4571,#4572,#4573,#4579));
#4571 = ORIENTED_EDGE('',*,*,#4540,.T.);
#4572 = ORIENTED_EDGE('',*,*,#1992,.T.);
#4573 = ORIENTED_EDGE('',*,*,#4574,.F.);
#4574 = EDGE_CURVE('',#560,#1985,#4575,.T.);
#4575 = LINE('',#4576,#4577);
#4576 = CARTESIAN_POINT('',(104.7529,-141.8277,0.));
#4577 = VECTOR('',#4578,1.);
#4578 = DIRECTION('',(0.,0.,1.));
#4579 = ORIENTED_EDGE('',*,*,#567,.F.);
#4580 = PLANE('',#4581);
#4581 = AXIS2_PLACEMENT_3D('',#4582,#4583,#4584);
#4582 = CARTESIAN_POINT('',(110.2345,-141.9281,0.));
#4583 = DIRECTION('',(-1.831274877383E-02,-0.999832307556,0.));
#4584 = DIRECTION('',(-0.999832307556,1.831274877383E-02,0.));
#4585 = ADVANCED_FACE('',(#4586),#4597,.T.);
#4586 = FACE_BOUND('',#4587,.T.);
#4587 = EDGE_LOOP('',(#4588,#4594,#4595,#4596));
#4588 = ORIENTED_EDGE('',*,*,#4589,.T.);
#4589 = EDGE_CURVE('',#520,#1945,#4590,.T.);
#4590 = LINE('',#4591,#4592);
#4591 = CARTESIAN_POINT('',(69.6171,-142.310299,0.));
#4592 = VECTOR('',#4593,1.);
#4593 = DIRECTION('',(0.,0.,1.));
#4594 = ORIENTED_EDGE('',*,*,#1944,.T.);
#4595 = ORIENTED_EDGE('',*,*,#4555,.F.);
#4596 = ORIENTED_EDGE('',*,*,#519,.F.);
#4597 = PLANE('',#4598);
#4598 = AXIS2_PLACEMENT_3D('',#4599,#4600,#4601);
#4599 = CARTESIAN_POINT('',(69.6171,-142.310299,0.));
#4600 = DIRECTION('',(-9.419785013416E-02,-0.99555349682,0.));
#4601 = DIRECTION('',(-0.99555349682,9.419785013416E-02,0.));
#4602 = ADVANCED_FACE('',(#4603),#4614,.T.);
#4603 = FACE_BOUND('',#4604,.T.);
#4604 = EDGE_LOOP('',(#4605,#4606,#4607,#4613));
#4605 = ORIENTED_EDGE('',*,*,#4574,.T.);
#4606 = ORIENTED_EDGE('',*,*,#1984,.T.);
#4607 = ORIENTED_EDGE('',*,*,#4608,.F.);
#4608 = EDGE_CURVE('',#552,#1977,#4609,.T.);
#4609 = LINE('',#4610,#4611);
#4610 = CARTESIAN_POINT('',(100.02,-141.8001,0.));
#4611 = VECTOR('',#4612,1.);
#4612 = DIRECTION('',(0.,0.,1.));
#4613 = ORIENTED_EDGE('',*,*,#559,.F.);
#4614 = PLANE('',#4615);
#4615 = AXIS2_PLACEMENT_3D('',#4616,#4617,#4618);
#4616 = CARTESIAN_POINT('',(104.7529,-141.8277,0.));
#4617 = DIRECTION('',(-5.831420634406E-03,-0.999982997122,0.));
#4618 = DIRECTION('',(-0.999982997122,5.831420634406E-03,0.));
#4619 = ADVANCED_FACE('',(#4620),#4631,.T.);
#4620 = FACE_BOUND('',#4621,.T.);
#4621 = EDGE_LOOP('',(#4622,#4628,#4629,#4630));
#4622 = ORIENTED_EDGE('',*,*,#4623,.T.);
#4623 = EDGE_CURVE('',#528,#1953,#4624,.T.);
#4624 = LINE('',#4625,#4626);
#4625 = CARTESIAN_POINT('',(71.5457,-142.4006,0.));
#4626 = VECTOR('',#4627,1.);
#4627 = DIRECTION('',(0.,0.,1.));
#4628 = ORIENTED_EDGE('',*,*,#1952,.T.);
#4629 = ORIENTED_EDGE('',*,*,#4589,.F.);
#4630 = ORIENTED_EDGE('',*,*,#527,.F.);
#4631 = PLANE('',#4632);
#4632 = AXIS2_PLACEMENT_3D('',#4633,#4634,#4635);
#4633 = CARTESIAN_POINT('',(71.5457,-142.4006,0.));
#4634 = DIRECTION('',(-4.677080723269E-02,-0.998905646991,0.));
#4635 = DIRECTION('',(-0.998905646991,4.677080723269E-02,0.));
#4636 = ADVANCED_FACE('',(#4637),#4648,.T.);
#4637 = FACE_BOUND('',#4638,.T.);
#4638 = EDGE_LOOP('',(#4639,#4640,#4641,#4647));
#4639 = ORIENTED_EDGE('',*,*,#4608,.T.);
#4640 = ORIENTED_EDGE('',*,*,#1976,.T.);
#4641 = ORIENTED_EDGE('',*,*,#4642,.F.);
#4642 = EDGE_CURVE('',#544,#1969,#4643,.T.);
#4643 = LINE('',#4644,#4645);
#4644 = CARTESIAN_POINT('',(91.9878,-141.8786,0.));
#4645 = VECTOR('',#4646,1.);
#4646 = DIRECTION('',(0.,0.,1.));
#4647 = ORIENTED_EDGE('',*,*,#551,.F.);
#4648 = PLANE('',#4649);
#4649 = AXIS2_PLACEMENT_3D('',#4650,#4651,#4652);
#4650 = CARTESIAN_POINT('',(100.02,-141.8001,0.));
#4651 = DIRECTION('',(9.772696311842E-03,-0.999952246063,0.));
#4652 = DIRECTION('',(-0.999952246063,-9.772696311842E-03,0.));
#4653 = ADVANCED_FACE('',(#4654),#4665,.T.);
#4654 = FACE_BOUND('',#4655,.T.);
#4655 = EDGE_LOOP('',(#4656,#4662,#4663,#4664));
#4656 = ORIENTED_EDGE('',*,*,#4657,.T.);
#4657 = EDGE_CURVE('',#536,#1961,#4658,.T.);
#4658 = LINE('',#4659,#4660);
#4659 = CARTESIAN_POINT('',(75.9823,-142.3902,0.));
#4660 = VECTOR('',#4661,1.);
#4661 = DIRECTION('',(0.,0.,1.));
#4662 = ORIENTED_EDGE('',*,*,#1960,.T.);
#4663 = ORIENTED_EDGE('',*,*,#4623,.F.);
#4664 = ORIENTED_EDGE('',*,*,#535,.F.);
#4665 = PLANE('',#4666);
#4666 = AXIS2_PLACEMENT_3D('',#4667,#4668,#4669);
#4667 = CARTESIAN_POINT('',(75.9823,-142.3902,0.));
#4668 = DIRECTION('',(2.344130962049E-03,-0.999997252521,0.));
#4669 = DIRECTION('',(-0.999997252521,-2.344130962049E-03,0.));
#4670 = ADVANCED_FACE('',(#4671),#4677,.T.);
#4671 = FACE_BOUND('',#4672,.T.);
#4672 = EDGE_LOOP('',(#4673,#4674,#4675,#4676));
#4673 = ORIENTED_EDGE('',*,*,#4642,.T.);
#4674 = ORIENTED_EDGE('',*,*,#1968,.T.);
#4675 = ORIENTED_EDGE('',*,*,#4657,.F.);
#4676 = ORIENTED_EDGE('',*,*,#543,.F.);
#4677 = PLANE('',#4678);
#4678 = AXIS2_PLACEMENT_3D('',#4679,#4680,#4681);
#4679 = CARTESIAN_POINT('',(91.9878,-141.8786,0.));
#4680 = DIRECTION('',(3.194769608728E-02,-0.999489542074,0.));
#4681 = DIRECTION('',(-0.999489542074,-3.194769608728E-02,0.));
#4682 = ADVANCED_FACE('',(#4683),#4694,.F.);
#4683 = FACE_BOUND('',#4684,.T.);
#4684 = EDGE_LOOP('',(#4685,#4686,#4692,#4693));
#4685 = ORIENTED_EDGE('',*,*,#944,.T.);
#4686 = ORIENTED_EDGE('',*,*,#4687,.T.);
#4687 = EDGE_CURVE('',#945,#2370,#4688,.T.);
#4688 = LINE('',#4689,#4690);
#4689 = CARTESIAN_POINT('',(62.,-135.1,-4.6E-02));
#4690 = VECTOR('',#4691,1.);
#4691 = DIRECTION('',(0.,0.,1.));
#4692 = ORIENTED_EDGE('',*,*,#2369,.F.);
#4693 = ORIENTED_EDGE('',*,*,#4687,.F.);
#4694 = CYLINDRICAL_SURFACE('',#4695,1.1);
#4695 = AXIS2_PLACEMENT_3D('',#4696,#4697,#4698);
#4696 = CARTESIAN_POINT('',(62.,-134.,-4.6E-02));
#4697 = DIRECTION('',(-0.,-0.,-1.));
#4698 = DIRECTION('',(-0.,-1.,0.));
#4699 = ADVANCED_FACE('',(#4700),#4711,.F.);
#4700 = FACE_BOUND('',#4701,.T.);
#4701 = EDGE_LOOP('',(#4702,#4703,#4709,#4710));
#4702 = ORIENTED_EDGE('',*,*,#955,.T.);
#4703 = ORIENTED_EDGE('',*,*,#4704,.T.);
#4704 = EDGE_CURVE('',#956,#2381,#4705,.T.);
#4705 = LINE('',#4706,#4707);
#4706 = CARTESIAN_POINT('',(100.8,-127.59,-4.6E-02));
#4707 = VECTOR('',#4708,1.);
#4708 = DIRECTION('',(0.,0.,1.));
#4709 = ORIENTED_EDGE('',*,*,#2380,.F.);
#4710 = ORIENTED_EDGE('',*,*,#4704,.F.);
#4711 = CYLINDRICAL_SURFACE('',#4712,0.15);
#4712 = AXIS2_PLACEMENT_3D('',#4713,#4714,#4715);
#4713 = CARTESIAN_POINT('',(100.8,-127.44,-4.6E-02));
#4714 = DIRECTION('',(-0.,-0.,-1.));
#4715 = DIRECTION('',(-9.473903143469E-14,-1.,0.));
#4716 = ADVANCED_FACE('',(#4717),#4728,.F.);
#4717 = FACE_BOUND('',#4718,.T.);
#4718 = EDGE_LOOP('',(#4719,#4720,#4726,#4727));
#4719 = ORIENTED_EDGE('',*,*,#966,.T.);
#4720 = ORIENTED_EDGE('',*,*,#4721,.T.);
#4721 = EDGE_CURVE('',#967,#2392,#4722,.T.);
#4722 = LINE('',#4723,#4724);
#4723 = CARTESIAN_POINT('',(100.1,-126.89,-4.6E-02));
#4724 = VECTOR('',#4725,1.);
#4725 = DIRECTION('',(0.,0.,1.));
#4726 = ORIENTED_EDGE('',*,*,#2391,.F.);
#4727 = ORIENTED_EDGE('',*,*,#4721,.F.);
#4728 = CYLINDRICAL_SURFACE('',#4729,0.15);
#4729 = AXIS2_PLACEMENT_3D('',#4730,#4731,#4732);
#4730 = CARTESIAN_POINT('',(100.1,-126.74,-4.6E-02));
#4731 = DIRECTION('',(-0.,-0.,-1.));
#4732 = DIRECTION('',(-0.,-1.,0.));
#4733 = ADVANCED_FACE('',(#4734),#4745,.F.);
#4734 = FACE_BOUND('',#4735,.T.);
#4735 = EDGE_LOOP('',(#4736,#4737,#4743,#4744));
#4736 = ORIENTED_EDGE('',*,*,#977,.T.);
#4737 = ORIENTED_EDGE('',*,*,#4738,.T.);
#4738 = EDGE_CURVE('',#978,#2403,#4739,.T.);
#4739 = LINE('',#4740,#4741);
#4740 = CARTESIAN_POINT('',(100.8,-126.19,-4.6E-02));
#4741 = VECTOR('',#4742,1.);
#4742 = DIRECTION('',(0.,0.,1.));
#4743 = ORIENTED_EDGE('',*,*,#2402,.F.);
#4744 = ORIENTED_EDGE('',*,*,#4738,.F.);
#4745 = CYLINDRICAL_SURFACE('',#4746,0.15);
#4746 = AXIS2_PLACEMENT_3D('',#4747,#4748,#4749);
#4747 = CARTESIAN_POINT('',(100.8,-126.04,-4.6E-02));
#4748 = DIRECTION('',(-0.,-0.,-1.));
#4749 = DIRECTION('',(-9.473903143469E-14,-1.,0.));
#4750 = ADVANCED_FACE('',(#4751),#4762,.F.);
#4751 = FACE_BOUND('',#4752,.T.);
#4752 = EDGE_LOOP('',(#4753,#4754,#4760,#4761));
#4753 = ORIENTED_EDGE('',*,*,#988,.T.);
#4754 = ORIENTED_EDGE('',*,*,#4755,.T.);
#4755 = EDGE_CURVE('',#989,#2414,#4756,.T.);
#4756 = LINE('',#4757,#4758);
#4757 = CARTESIAN_POINT('',(100.1,-125.49,-4.6E-02));
#4758 = VECTOR('',#4759,1.);
#4759 = DIRECTION('',(0.,0.,1.));
#4760 = ORIENTED_EDGE('',*,*,#2413,.F.);
#4761 = ORIENTED_EDGE('',*,*,#4755,.F.);
#4762 = CYLINDRICAL_SURFACE('',#4763,0.15);
#4763 = AXIS2_PLACEMENT_3D('',#4764,#4765,#4766);
#4764 = CARTESIAN_POINT('',(100.1,-125.34,-4.6E-02));
#4765 = DIRECTION('',(-0.,-0.,-1.));
#4766 = DIRECTION('',(-0.,-1.,0.));
#4767 = ADVANCED_FACE('',(#4768),#4779,.F.);
#4768 = FACE_BOUND('',#4769,.T.);
#4769 = EDGE_LOOP('',(#4770,#4771,#4777,#4778));
#4770 = ORIENTED_EDGE('',*,*,#999,.T.);
#4771 = ORIENTED_EDGE('',*,*,#4772,.T.);
#4772 = EDGE_CURVE('',#1000,#2425,#4773,.T.);
#4773 = LINE('',#4774,#4775);
#4774 = CARTESIAN_POINT('',(100.8,-124.79,-4.6E-02));
#4775 = VECTOR('',#4776,1.);
#4776 = DIRECTION('',(0.,0.,1.));
#4777 = ORIENTED_EDGE('',*,*,#2424,.F.);
#4778 = ORIENTED_EDGE('',*,*,#4772,.F.);
#4779 = CYLINDRICAL_SURFACE('',#4780,0.15);
#4780 = AXIS2_PLACEMENT_3D('',#4781,#4782,#4783);
#4781 = CARTESIAN_POINT('',(100.8,-124.64,-4.6E-02));
#4782 = DIRECTION('',(-0.,-0.,-1.));
#4783 = DIRECTION('',(-9.473903143469E-14,-1.,0.));
#4784 = ADVANCED_FACE('',(#4785),#4796,.F.);
#4785 = FACE_BOUND('',#4786,.T.);
#4786 = EDGE_LOOP('',(#4787,#4788,#4794,#4795));
#4787 = ORIENTED_EDGE('',*,*,#1010,.T.);
#4788 = ORIENTED_EDGE('',*,*,#4789,.T.);
#4789 = EDGE_CURVE('',#1011,#2436,#4790,.T.);
#4790 = LINE('',#4791,#4792);
#4791 = CARTESIAN_POINT('',(79.5,-99.9,-4.6E-02));
#4792 = VECTOR('',#4793,1.);
#4793 = DIRECTION('',(0.,0.,1.));
#4794 = ORIENTED_EDGE('',*,*,#2435,.F.);
#4795 = ORIENTED_EDGE('',*,*,#4789,.F.);
#4796 = CYLINDRICAL_SURFACE('',#4797,0.9);
#4797 = AXIS2_PLACEMENT_3D('',#4798,#4799,#4800);
#4798 = CARTESIAN_POINT('',(79.5,-99.,-4.6E-02));
#4799 = DIRECTION('',(-0.,-0.,-1.));
#4800 = DIRECTION('',(-0.,-1.,0.));
#4801 = ADVANCED_FACE('',(#4802),#4818,.F.);
#4802 = FACE_BOUND('',#4803,.T.);
#4803 = EDGE_LOOP('',(#4804,#4805,#4811,#4812));
#4804 = ORIENTED_EDGE('',*,*,#1021,.T.);
#4805 = ORIENTED_EDGE('',*,*,#4806,.T.);
#4806 = EDGE_CURVE('',#1024,#2449,#4807,.T.);
#4807 = LINE('',#4808,#4809);
#4808 = CARTESIAN_POINT('',(100.65,-104.35,-4.6E-02));
#4809 = VECTOR('',#4810,1.);
#4810 = DIRECTION('',(0.,0.,1.));
#4811 = ORIENTED_EDGE('',*,*,#2446,.F.);
#4812 = ORIENTED_EDGE('',*,*,#4813,.F.);
#4813 = EDGE_CURVE('',#1022,#2447,#4814,.T.);
#4814 = LINE('',#4815,#4816);
#4815 = CARTESIAN_POINT('',(100.65,-102.85,-4.6E-02));
#4816 = VECTOR('',#4817,1.);
#4817 = DIRECTION('',(0.,0.,1.));
#4818 = CYLINDRICAL_SURFACE('',#4819,0.75);
#4819 = AXIS2_PLACEMENT_3D('',#4820,#4821,#4822);
#4820 = CARTESIAN_POINT('',(100.65,-103.6,-4.6E-02));
#4821 = DIRECTION('',(-0.,-0.,-1.));
#4822 = DIRECTION('',(-0.,-1.,0.));
#4823 = ADVANCED_FACE('',(#4824),#4835,.T.);
#4824 = FACE_BOUND('',#4825,.T.);
#4825 = EDGE_LOOP('',(#4826,#4827,#4828,#4829));
#4826 = ORIENTED_EDGE('',*,*,#1049,.T.);
#4827 = ORIENTED_EDGE('',*,*,#4813,.T.);
#4828 = ORIENTED_EDGE('',*,*,#2474,.F.);
#4829 = ORIENTED_EDGE('',*,*,#4830,.F.);
#4830 = EDGE_CURVE('',#1041,#2466,#4831,.T.);
#4831 = LINE('',#4832,#4833);
#4832 = CARTESIAN_POINT('',(99.35,-102.85,-4.6E-02));
#4833 = VECTOR('',#4834,1.);
#4834 = DIRECTION('',(0.,0.,1.));
#4835 = PLANE('',#4836);
#4836 = AXIS2_PLACEMENT_3D('',#4837,#4838,#4839);
#4837 = CARTESIAN_POINT('',(100.65,-102.85,-4.6E-02));
#4838 = DIRECTION('',(0.,-1.,0.));
#4839 = DIRECTION('',(-1.,0.,0.));
#4840 = ADVANCED_FACE('',(#4841),#4852,.F.);
#4841 = FACE_BOUND('',#4842,.T.);
#4842 = EDGE_LOOP('',(#4843,#4844,#4845,#4846));
#4843 = ORIENTED_EDGE('',*,*,#1040,.T.);
#4844 = ORIENTED_EDGE('',*,*,#4830,.T.);
#4845 = ORIENTED_EDGE('',*,*,#2465,.F.);
#4846 = ORIENTED_EDGE('',*,*,#4847,.F.);
#4847 = EDGE_CURVE('',#1033,#2458,#4848,.T.);
#4848 = LINE('',#4849,#4850);
#4849 = CARTESIAN_POINT('',(99.35,-104.35,-4.6E-02));
#4850 = VECTOR('',#4851,1.);
#4851 = DIRECTION('',(0.,0.,1.));
#4852 = CYLINDRICAL_SURFACE('',#4853,0.75);
#4853 = AXIS2_PLACEMENT_3D('',#4854,#4855,#4856);
#4854 = CARTESIAN_POINT('',(99.35,-103.6,-4.6E-02));
#4855 = DIRECTION('',(-0.,0.,-1.));
#4856 = DIRECTION('',(0.,1.,0.));
#4857 = ADVANCED_FACE('',(#4858),#4864,.T.);
#4858 = FACE_BOUND('',#4859,.T.);
#4859 = EDGE_LOOP('',(#4860,#4861,#4862,#4863));
#4860 = ORIENTED_EDGE('',*,*,#1032,.T.);
#4861 = ORIENTED_EDGE('',*,*,#4847,.T.);
#4862 = ORIENTED_EDGE('',*,*,#2457,.F.);
#4863 = ORIENTED_EDGE('',*,*,#4806,.F.);
#4864 = PLANE('',#4865);
#4865 = AXIS2_PLACEMENT_3D('',#4866,#4867,#4868);
#4866 = CARTESIAN_POINT('',(99.35,-104.35,-4.6E-02));
#4867 = DIRECTION('',(0.,1.,0.));
#4868 = DIRECTION('',(1.,0.,0.));
#4869 = ADVANCED_FACE('',(#4870),#4881,.F.);
#4870 = FACE_BOUND('',#4871,.T.);
#4871 = EDGE_LOOP('',(#4872,#4873,#4879,#4880));
#4872 = ORIENTED_EDGE('',*,*,#1057,.T.);
#4873 = ORIENTED_EDGE('',*,*,#4874,.T.);
#4874 = EDGE_CURVE('',#1058,#2483,#4875,.T.);
#4875 = LINE('',#4876,#4877);
#4876 = CARTESIAN_POINT('',(92.5,-101.,-4.6E-02));
#4877 = VECTOR('',#4878,1.);
#4878 = DIRECTION('',(0.,0.,1.));
#4879 = ORIENTED_EDGE('',*,*,#2482,.F.);
#4880 = ORIENTED_EDGE('',*,*,#4874,.F.);
#4881 = CYLINDRICAL_SURFACE('',#4882,0.5);
#4882 = AXIS2_PLACEMENT_3D('',#4883,#4884,#4885);
#4883 = CARTESIAN_POINT('',(92.5,-100.5,-4.6E-02));
#4884 = DIRECTION('',(-0.,-0.,-1.));
#4885 = DIRECTION('',(-0.,-1.,0.));
#4886 = ADVANCED_FACE('',(#4887),#4898,.F.);
#4887 = FACE_BOUND('',#4888,.T.);
#4888 = EDGE_LOOP('',(#4889,#4890,#4896,#4897));
#4889 = ORIENTED_EDGE('',*,*,#1068,.T.);
#4890 = ORIENTED_EDGE('',*,*,#4891,.T.);
#4891 = EDGE_CURVE('',#1069,#2494,#4892,.T.);
#4892 = LINE('',#4893,#4894);
#4893 = CARTESIAN_POINT('',(92.5,-98.5,-4.6E-02));
#4894 = VECTOR('',#4895,1.);
#4895 = DIRECTION('',(0.,0.,1.));
#4896 = ORIENTED_EDGE('',*,*,#2493,.F.);
#4897 = ORIENTED_EDGE('',*,*,#4891,.F.);
#4898 = CYLINDRICAL_SURFACE('',#4899,0.5);
#4899 = AXIS2_PLACEMENT_3D('',#4900,#4901,#4902);
#4900 = CARTESIAN_POINT('',(92.5,-98.,-4.6E-02));
#4901 = DIRECTION('',(-0.,-0.,-1.));
#4902 = DIRECTION('',(-0.,-1.,0.));
#4903 = ADVANCED_FACE('',(#4904),#4915,.F.);
#4904 = FACE_BOUND('',#4905,.T.);
#4905 = EDGE_LOOP('',(#4906,#4907,#4913,#4914));
#4906 = ORIENTED_EDGE('',*,*,#1079,.T.);
#4907 = ORIENTED_EDGE('',*,*,#4908,.T.);
#4908 = EDGE_CURVE('',#1080,#2505,#4909,.T.);
#4909 = LINE('',#4910,#4911);
#4910 = CARTESIAN_POINT('',(102.2,-127.59,-4.6E-02));
#4911 = VECTOR('',#4912,1.);
#4912 = DIRECTION('',(0.,0.,1.));
#4913 = ORIENTED_EDGE('',*,*,#2504,.F.);
#4914 = ORIENTED_EDGE('',*,*,#4908,.F.);
#4915 = CYLINDRICAL_SURFACE('',#4916,0.15);
#4916 = AXIS2_PLACEMENT_3D('',#4917,#4918,#4919);
#4917 = CARTESIAN_POINT('',(102.2,-127.44,-4.6E-02));
#4918 = DIRECTION('',(-0.,0.,-1.));
#4919 = DIRECTION('',(9.473903143468E-14,-1.,-0.));
#4920 = ADVANCED_FACE('',(#4921),#4932,.F.);
#4921 = FACE_BOUND('',#4922,.T.);
#4922 = EDGE_LOOP('',(#4923,#4924,#4930,#4931));
#4923 = ORIENTED_EDGE('',*,*,#1090,.T.);
#4924 = ORIENTED_EDGE('',*,*,#4925,.T.);
#4925 = EDGE_CURVE('',#1091,#2516,#4926,.T.);
#4926 = LINE('',#4927,#4928);
#4927 = CARTESIAN_POINT('',(101.5,-126.89,-4.6E-02));
#4928 = VECTOR('',#4929,1.);
#4929 = DIRECTION('',(0.,0.,1.));
#4930 = ORIENTED_EDGE('',*,*,#2515,.F.);
#4931 = ORIENTED_EDGE('',*,*,#4925,.F.);
#4932 = CYLINDRICAL_SURFACE('',#4933,0.15);
#4933 = AXIS2_PLACEMENT_3D('',#4934,#4935,#4936);
#4934 = CARTESIAN_POINT('',(101.5,-126.74,-4.6E-02));
#4935 = DIRECTION('',(-0.,-0.,-1.));
#4936 = DIRECTION('',(-0.,-1.,0.));
#4937 = ADVANCED_FACE('',(#4938),#4949,.F.);
#4938 = FACE_BOUND('',#4939,.T.);
#4939 = EDGE_LOOP('',(#4940,#4941,#4947,#4948));
#4940 = ORIENTED_EDGE('',*,*,#1101,.T.);
#4941 = ORIENTED_EDGE('',*,*,#4942,.T.);
#4942 = EDGE_CURVE('',#1102,#2527,#4943,.T.);
#4943 = LINE('',#4944,#4945);
#4944 = CARTESIAN_POINT('',(102.9,-126.89,-4.6E-02));
#4945 = VECTOR('',#4946,1.);
#4946 = DIRECTION('',(0.,0.,1.));
#4947 = ORIENTED_EDGE('',*,*,#2526,.F.);
#4948 = ORIENTED_EDGE('',*,*,#4942,.F.);
#4949 = CYLINDRICAL_SURFACE('',#4950,0.15);
#4950 = AXIS2_PLACEMENT_3D('',#4951,#4952,#4953);
#4951 = CARTESIAN_POINT('',(102.9,-126.74,-4.6E-02));
#4952 = DIRECTION('',(-0.,-0.,-1.));
#4953 = DIRECTION('',(-0.,-1.,0.));
#4954 = ADVANCED_FACE('',(#4955),#4966,.F.);
#4955 = FACE_BOUND('',#4956,.T.);
#4956 = EDGE_LOOP('',(#4957,#4958,#4964,#4965));
#4957 = ORIENTED_EDGE('',*,*,#1112,.T.);
#4958 = ORIENTED_EDGE('',*,*,#4959,.T.);
#4959 = EDGE_CURVE('',#1113,#2538,#4960,.T.);
#4960 = LINE('',#4961,#4962);
#4961 = CARTESIAN_POINT('',(102.2,-126.19,-4.6E-02));
#4962 = VECTOR('',#4963,1.);
#4963 = DIRECTION('',(0.,0.,1.));
#4964 = ORIENTED_EDGE('',*,*,#2537,.F.);
#4965 = ORIENTED_EDGE('',*,*,#4959,.F.);
#4966 = CYLINDRICAL_SURFACE('',#4967,0.15);
#4967 = AXIS2_PLACEMENT_3D('',#4968,#4969,#4970);
#4968 = CARTESIAN_POINT('',(102.2,-126.04,-4.6E-02));
#4969 = DIRECTION('',(-0.,0.,-1.));
#4970 = DIRECTION('',(9.473903143468E-14,-1.,-0.));
#4971 = ADVANCED_FACE('',(#4972),#4983,.F.);
#4972 = FACE_BOUND('',#4973,.T.);
#4973 = EDGE_LOOP('',(#4974,#4975,#4981,#4982));
#4974 = ORIENTED_EDGE('',*,*,#1123,.T.);
#4975 = ORIENTED_EDGE('',*,*,#4976,.T.);
#4976 = EDGE_CURVE('',#1124,#2549,#4977,.T.);
#4977 = LINE('',#4978,#4979);
#4978 = CARTESIAN_POINT('',(101.5,-125.49,-4.6E-02));
#4979 = VECTOR('',#4980,1.);
#4980 = DIRECTION('',(0.,0.,1.));
#4981 = ORIENTED_EDGE('',*,*,#2548,.F.);
#4982 = ORIENTED_EDGE('',*,*,#4976,.F.);
#4983 = CYLINDRICAL_SURFACE('',#4984,0.15);
#4984 = AXIS2_PLACEMENT_3D('',#4985,#4986,#4987);
#4985 = CARTESIAN_POINT('',(101.5,-125.34,-4.6E-02));
#4986 = DIRECTION('',(-0.,-0.,-1.));
#4987 = DIRECTION('',(-0.,-1.,0.));
#4988 = ADVANCED_FACE('',(#4989),#5000,.F.);
#4989 = FACE_BOUND('',#4990,.T.);
#4990 = EDGE_LOOP('',(#4991,#4992,#4998,#4999));
#4991 = ORIENTED_EDGE('',*,*,#1134,.T.);
#4992 = ORIENTED_EDGE('',*,*,#4993,.T.);
#4993 = EDGE_CURVE('',#1135,#2560,#4994,.T.);
#4994 = LINE('',#4995,#4996);
#4995 = CARTESIAN_POINT('',(102.9,-125.49,-4.6E-02));
#4996 = VECTOR('',#4997,1.);
#4997 = DIRECTION('',(0.,0.,1.));
#4998 = ORIENTED_EDGE('',*,*,#2559,.F.);
#4999 = ORIENTED_EDGE('',*,*,#4993,.F.);
#5000 = CYLINDRICAL_SURFACE('',#5001,0.15);
#5001 = AXIS2_PLACEMENT_3D('',#5002,#5003,#5004);
#5002 = CARTESIAN_POINT('',(102.9,-125.34,-4.6E-02));
#5003 = DIRECTION('',(-0.,-0.,-1.));
#5004 = DIRECTION('',(-0.,-1.,0.));
#5005 = ADVANCED_FACE('',(#5006),#5017,.F.);
#5006 = FACE_BOUND('',#5007,.T.);
#5007 = EDGE_LOOP('',(#5008,#5009,#5015,#5016));
#5008 = ORIENTED_EDGE('',*,*,#1145,.T.);
#5009 = ORIENTED_EDGE('',*,*,#5010,.T.);
#5010 = EDGE_CURVE('',#1146,#2571,#5011,.T.);
#5011 = LINE('',#5012,#5013);
#5012 = CARTESIAN_POINT('',(102.2,-124.79,-4.6E-02));
#5013 = VECTOR('',#5014,1.);
#5014 = DIRECTION('',(0.,0.,1.));
#5015 = ORIENTED_EDGE('',*,*,#2570,.F.);
#5016 = ORIENTED_EDGE('',*,*,#5010,.F.);
#5017 = CYLINDRICAL_SURFACE('',#5018,0.15);
#5018 = AXIS2_PLACEMENT_3D('',#5019,#5020,#5021);
#5019 = CARTESIAN_POINT('',(102.2,-124.64,-4.6E-02));
#5020 = DIRECTION('',(-0.,0.,-1.));
#5021 = DIRECTION('',(9.473903143467E-14,-1.,-0.));
#5022 = ADVANCED_FACE('',(#5023),#5034,.F.);
#5023 = FACE_BOUND('',#5024,.T.);
#5024 = EDGE_LOOP('',(#5025,#5026,#5032,#5033));
#5025 = ORIENTED_EDGE('',*,*,#1156,.T.);
#5026 = ORIENTED_EDGE('',*,*,#5027,.T.);
#5027 = EDGE_CURVE('',#1157,#2582,#5028,.T.);
#5028 = LINE('',#5029,#5030);
#5029 = CARTESIAN_POINT('',(107.,-101.,-4.6E-02));
#5030 = VECTOR('',#5031,1.);
#5031 = DIRECTION('',(0.,0.,1.));
#5032 = ORIENTED_EDGE('',*,*,#2581,.F.);
#5033 = ORIENTED_EDGE('',*,*,#5027,.F.);
#5034 = CYLINDRICAL_SURFACE('',#5035,0.5);
#5035 = AXIS2_PLACEMENT_3D('',#5036,#5037,#5038);
#5036 = CARTESIAN_POINT('',(107.,-100.5,-4.6E-02));
#5037 = DIRECTION('',(-0.,-0.,-1.));
#5038 = DIRECTION('',(-0.,-1.,0.));
#5039 = ADVANCED_FACE('',(#5040),#5051,.F.);
#5040 = FACE_BOUND('',#5041,.T.);
#5041 = EDGE_LOOP('',(#5042,#5043,#5049,#5050));
#5042 = ORIENTED_EDGE('',*,*,#1167,.T.);
#5043 = ORIENTED_EDGE('',*,*,#5044,.T.);
#5044 = EDGE_CURVE('',#1168,#2593,#5045,.T.);
#5045 = LINE('',#5046,#5047);
#5046 = CARTESIAN_POINT('',(128.,-113.1,-4.6E-02));
#5047 = VECTOR('',#5048,1.);
#5048 = DIRECTION('',(0.,0.,1.));
#5049 = ORIENTED_EDGE('',*,*,#2592,.F.);
#5050 = ORIENTED_EDGE('',*,*,#5044,.F.);
#5051 = CYLINDRICAL_SURFACE('',#5052,1.1);
#5052 = AXIS2_PLACEMENT_3D('',#5053,#5054,#5055);
#5053 = CARTESIAN_POINT('',(128.,-112.,-4.6E-02));
#5054 = DIRECTION('',(-0.,-0.,-1.));
#5055 = DIRECTION('',(-0.,-1.,0.));
#5056 = ADVANCED_FACE('',(#5057),#5073,.F.);
#5057 = FACE_BOUND('',#5058,.T.);
#5058 = EDGE_LOOP('',(#5059,#5065,#5066,#5072));
#5059 = ORIENTED_EDGE('',*,*,#5060,.T.);
#5060 = EDGE_CURVE('',#1179,#2604,#5061,.T.);
#5061 = LINE('',#5062,#5063);
#5062 = CARTESIAN_POINT('',(67.7,-83.,0.));
#5063 = VECTOR('',#5064,1.);
#5064 = DIRECTION('',(0.,0.,1.));
#5065 = ORIENTED_EDGE('',*,*,#2603,.T.);
#5066 = ORIENTED_EDGE('',*,*,#5067,.F.);
#5067 = EDGE_CURVE('',#1181,#2606,#5068,.T.);
#5068 = LINE('',#5069,#5070);
#5069 = CARTESIAN_POINT('',(65.7,-85.,0.));
#5070 = VECTOR('',#5071,1.);
#5071 = DIRECTION('',(0.,0.,1.));
#5072 = ORIENTED_EDGE('',*,*,#1178,.F.);
#5073 = CYLINDRICAL_SURFACE('',#5074,1.99999850585);
#5074 = AXIS2_PLACEMENT_3D('',#5075,#5076,#5077);
#5075 = CARTESIAN_POINT('',(67.69999850585,-84.99999850585,0.));
#5076 = DIRECTION('',(-0.,-0.,-1.));
#5077 = DIRECTION('',(7.470757420593E-07,1.,-0.));
#5078 = ADVANCED_FACE('',(#5079),#5090,.T.);
#5079 = FACE_BOUND('',#5080,.T.);
#5080 = EDGE_LOOP('',(#5081,#5087,#5088,#5089));
#5081 = ORIENTED_EDGE('',*,*,#5082,.T.);
#5082 = EDGE_CURVE('',#1190,#2615,#5083,.T.);
#5083 = LINE('',#5084,#5085);
#5084 = CARTESIAN_POINT('',(73.3,-83.,0.));
#5085 = VECTOR('',#5086,1.);
#5086 = DIRECTION('',(0.,0.,1.));
#5087 = ORIENTED_EDGE('',*,*,#2614,.T.);
#5088 = ORIENTED_EDGE('',*,*,#5060,.F.);
#5089 = ORIENTED_EDGE('',*,*,#1189,.F.);
#5090 = PLANE('',#5091);
#5091 = AXIS2_PLACEMENT_3D('',#5092,#5093,#5094);
#5092 = CARTESIAN_POINT('',(73.3,-83.,0.));
#5093 = DIRECTION('',(0.,-1.,0.));
#5094 = DIRECTION('',(-1.,0.,0.));
#5095 = ADVANCED_FACE('',(#5096),#5107,.T.);
#5096 = FACE_BOUND('',#5097,.T.);
#5097 = EDGE_LOOP('',(#5098,#5099,#5100,#5106));
#5098 = ORIENTED_EDGE('',*,*,#5067,.T.);
#5099 = ORIENTED_EDGE('',*,*,#2665,.T.);
#5100 = ORIENTED_EDGE('',*,*,#5101,.F.);
#5101 = EDGE_CURVE('',#1232,#2657,#5102,.T.);
#5102 = LINE('',#5103,#5104);
#5103 = CARTESIAN_POINT('',(65.7,-103.,0.));
#5104 = VECTOR('',#5105,1.);
#5105 = DIRECTION('',(0.,0.,1.));
#5106 = ORIENTED_EDGE('',*,*,#1240,.F.);
#5107 = PLANE('',#5108);
#5108 = AXIS2_PLACEMENT_3D('',#5109,#5110,#5111);
#5109 = CARTESIAN_POINT('',(65.7,-85.,0.));
#5110 = DIRECTION('',(1.,0.,-0.));
#5111 = DIRECTION('',(0.,-1.,0.));
#5112 = ADVANCED_FACE('',(#5113),#5124,.F.);
#5113 = FACE_BOUND('',#5114,.T.);
#5114 = EDGE_LOOP('',(#5115,#5121,#5122,#5123));
#5115 = ORIENTED_EDGE('',*,*,#5116,.T.);
#5116 = EDGE_CURVE('',#1198,#2623,#5117,.T.);
#5117 = LINE('',#5118,#5119);
#5118 = CARTESIAN_POINT('',(75.3,-85.,0.));
#5119 = VECTOR('',#5120,1.);
#5120 = DIRECTION('',(0.,0.,1.));
#5121 = ORIENTED_EDGE('',*,*,#2622,.T.);
#5122 = ORIENTED_EDGE('',*,*,#5082,.F.);
#5123 = ORIENTED_EDGE('',*,*,#1197,.F.);
#5124 = CYLINDRICAL_SURFACE('',#5125,1.99999850585);
#5125 = AXIS2_PLACEMENT_3D('',#5126,#5127,#5128);
#5126 = CARTESIAN_POINT('',(73.30000149415,-84.99999850585,0.));
#5127 = DIRECTION('',(-0.,-0.,-1.));
#5128 = DIRECTION('',(1.,-7.470757491648E-07,0.));
#5129 = ADVANCED_FACE('',(#5130),#5141,.F.);
#5130 = FACE_BOUND('',#5131,.T.);
#5131 = EDGE_LOOP('',(#5132,#5133,#5134,#5140));
#5132 = ORIENTED_EDGE('',*,*,#5101,.T.);
#5133 = ORIENTED_EDGE('',*,*,#2656,.T.);
#5134 = ORIENTED_EDGE('',*,*,#5135,.F.);
#5135 = EDGE_CURVE('',#1224,#2649,#5136,.T.);
#5136 = LINE('',#5137,#5138);
#5137 = CARTESIAN_POINT('',(67.7,-105.,0.));
#5138 = VECTOR('',#5139,1.);
#5139 = DIRECTION('',(0.,0.,1.));
#5140 = ORIENTED_EDGE('',*,*,#1231,.F.);
#5141 = CYLINDRICAL_SURFACE('',#5142,1.99999850585);
#5142 = AXIS2_PLACEMENT_3D('',#5143,#5144,#5145);
#5143 = CARTESIAN_POINT('',(67.69999850585,-103.0000014941,0.));
#5144 = DIRECTION('',(-0.,-0.,-1.));
#5145 = DIRECTION('',(-1.,7.470757491648E-07,0.));
#5146 = ADVANCED_FACE('',(#5147),#5158,.T.);
#5147 = FACE_BOUND('',#5148,.T.);
#5148 = EDGE_LOOP('',(#5149,#5155,#5156,#5157));
#5149 = ORIENTED_EDGE('',*,*,#5150,.T.);
#5150 = EDGE_CURVE('',#1207,#2632,#5151,.T.);
#5151 = LINE('',#5152,#5153);
#5152 = CARTESIAN_POINT('',(75.3,-103.,0.));
#5153 = VECTOR('',#5154,1.);
#5154 = DIRECTION('',(0.,0.,1.));
#5155 = ORIENTED_EDGE('',*,*,#2631,.T.);
#5156 = ORIENTED_EDGE('',*,*,#5116,.F.);
#5157 = ORIENTED_EDGE('',*,*,#1206,.F.);
#5158 = PLANE('',#5159);
#5159 = AXIS2_PLACEMENT_3D('',#5160,#5161,#5162);
#5160 = CARTESIAN_POINT('',(75.3,-103.,0.));
#5161 = DIRECTION('',(-1.,0.,0.));
#5162 = DIRECTION('',(0.,1.,0.));
#5163 = ADVANCED_FACE('',(#5164),#5175,.T.);
#5164 = FACE_BOUND('',#5165,.T.);
#5165 = EDGE_LOOP('',(#5166,#5167,#5168,#5174));
#5166 = ORIENTED_EDGE('',*,*,#5135,.T.);
#5167 = ORIENTED_EDGE('',*,*,#2648,.T.);
#5168 = ORIENTED_EDGE('',*,*,#5169,.F.);
#5169 = EDGE_CURVE('',#1215,#2640,#5170,.T.);
#5170 = LINE('',#5171,#5172);
#5171 = CARTESIAN_POINT('',(73.3,-105.,0.));
#5172 = VECTOR('',#5173,1.);
#5173 = DIRECTION('',(0.,0.,1.));
#5174 = ORIENTED_EDGE('',*,*,#1223,.F.);
#5175 = PLANE('',#5176);
#5176 = AXIS2_PLACEMENT_3D('',#5177,#5178,#5179);
#5177 = CARTESIAN_POINT('',(67.7,-105.,0.));
#5178 = DIRECTION('',(0.,1.,0.));
#5179 = DIRECTION('',(1.,0.,0.));
#5180 = ADVANCED_FACE('',(#5181),#5187,.F.);
#5181 = FACE_BOUND('',#5182,.T.);
#5182 = EDGE_LOOP('',(#5183,#5184,#5185,#5186));
#5183 = ORIENTED_EDGE('',*,*,#5169,.T.);
#5184 = ORIENTED_EDGE('',*,*,#2639,.T.);
#5185 = ORIENTED_EDGE('',*,*,#5150,.F.);
#5186 = ORIENTED_EDGE('',*,*,#1214,.F.);
#5187 = CYLINDRICAL_SURFACE('',#5188,1.99999850585);
#5188 = AXIS2_PLACEMENT_3D('',#5189,#5190,#5191);
#5189 = CARTESIAN_POINT('',(73.30000149415,-103.0000014941,0.));
#5190 = DIRECTION('',(-0.,-0.,-1.));
#5191 = DIRECTION('',(-7.470757420593E-07,-1.,0.));
#5192 = ADVANCED_FACE('',(#5193),#5204,.F.);
#5193 = FACE_BOUND('',#5194,.T.);
#5194 = EDGE_LOOP('',(#5195,#5196,#5202,#5203));
#5195 = ORIENTED_EDGE('',*,*,#1248,.T.);
#5196 = ORIENTED_EDGE('',*,*,#5197,.T.);
#5197 = EDGE_CURVE('',#1249,#2674,#5198,.T.);
#5198 = LINE('',#5199,#5200);
#5199 = CARTESIAN_POINT('',(77.,-94.5,-4.6E-02));
#5200 = VECTOR('',#5201,1.);
#5201 = DIRECTION('',(0.,0.,1.));
#5202 = ORIENTED_EDGE('',*,*,#2673,.F.);
#5203 = ORIENTED_EDGE('',*,*,#5197,.F.);
#5204 = CYLINDRICAL_SURFACE('',#5205,0.5);
#5205 = AXIS2_PLACEMENT_3D('',#5206,#5207,#5208);
#5206 = CARTESIAN_POINT('',(77.,-94.,-4.6E-02));
#5207 = DIRECTION('',(-0.,-0.,-1.));
#5208 = DIRECTION('',(-0.,-1.,0.));
#5209 = ADVANCED_FACE('',(#5210),#5221,.F.);
#5210 = FACE_BOUND('',#5211,.T.);
#5211 = EDGE_LOOP('',(#5212,#5213,#5219,#5220));
#5212 = ORIENTED_EDGE('',*,*,#1259,.T.);
#5213 = ORIENTED_EDGE('',*,*,#5214,.T.);
#5214 = EDGE_CURVE('',#1260,#2685,#5215,.T.);
#5215 = LINE('',#5216,#5217);
#5216 = CARTESIAN_POINT('',(79.5,-94.5,-4.6E-02));
#5217 = VECTOR('',#5218,1.);
#5218 = DIRECTION('',(0.,0.,1.));
#5219 = ORIENTED_EDGE('',*,*,#2684,.F.);
#5220 = ORIENTED_EDGE('',*,*,#5214,.F.);
#5221 = CYLINDRICAL_SURFACE('',#5222,0.5);
#5222 = AXIS2_PLACEMENT_3D('',#5223,#5224,#5225);
#5223 = CARTESIAN_POINT('',(79.5,-94.,-4.6E-02));
#5224 = DIRECTION('',(-0.,-0.,-1.));
#5225 = DIRECTION('',(-0.,-1.,0.));
#5226 = ADVANCED_FACE('',(#5227),#5238,.F.);
#5227 = FACE_BOUND('',#5228,.T.);
#5228 = EDGE_LOOP('',(#5229,#5230,#5236,#5237));
#5229 = ORIENTED_EDGE('',*,*,#1270,.T.);
#5230 = ORIENTED_EDGE('',*,*,#5231,.T.);
#5231 = EDGE_CURVE('',#1271,#2696,#5232,.T.);
#5232 = LINE('',#5233,#5234);
#5233 = CARTESIAN_POINT('',(79.5,-89.9,-4.6E-02));
#5234 = VECTOR('',#5235,1.);
#5235 = DIRECTION('',(0.,0.,1.));
#5236 = ORIENTED_EDGE('',*,*,#2695,.F.);
#5237 = ORIENTED_EDGE('',*,*,#5231,.F.);
#5238 = CYLINDRICAL_SURFACE('',#5239,0.9);
#5239 = AXIS2_PLACEMENT_3D('',#5240,#5241,#5242);
#5240 = CARTESIAN_POINT('',(79.5,-89.,-4.6E-02));
#5241 = DIRECTION('',(-0.,-0.,-1.));
#5242 = DIRECTION('',(-0.,-1.,0.));
#5243 = ADVANCED_FACE('',(#5244),#5255,.F.);
#5244 = FACE_BOUND('',#5245,.T.);
#5245 = EDGE_LOOP('',(#5246,#5247,#5253,#5254));
#5246 = ORIENTED_EDGE('',*,*,#1281,.T.);
#5247 = ORIENTED_EDGE('',*,*,#5248,.T.);
#5248 = EDGE_CURVE('',#1282,#2707,#5249,.T.);
#5249 = LINE('',#5250,#5251);
#5250 = CARTESIAN_POINT('',(82.,-94.5,-4.6E-02));
#5251 = VECTOR('',#5252,1.);
#5252 = DIRECTION('',(0.,0.,1.));
#5253 = ORIENTED_EDGE('',*,*,#2706,.F.);
#5254 = ORIENTED_EDGE('',*,*,#5248,.F.);
#5255 = CYLINDRICAL_SURFACE('',#5256,0.5);
#5256 = AXIS2_PLACEMENT_3D('',#5257,#5258,#5259);
#5257 = CARTESIAN_POINT('',(82.,-94.,-4.6E-02));
#5258 = DIRECTION('',(-0.,-0.,-1.));
#5259 = DIRECTION('',(-0.,-1.,0.));
#5260 = ADVANCED_FACE('',(#5261),#5272,.F.);
#5261 = FACE_BOUND('',#5262,.T.);
#5262 = EDGE_LOOP('',(#5263,#5264,#5270,#5271));
#5263 = ORIENTED_EDGE('',*,*,#1292,.T.);
#5264 = ORIENTED_EDGE('',*,*,#5265,.T.);
#5265 = EDGE_CURVE('',#1293,#2718,#5266,.T.);
#5266 = LINE('',#5267,#5268);
#5267 = CARTESIAN_POINT('',(92.5,-96.,-4.6E-02));
#5268 = VECTOR('',#5269,1.);
#5269 = DIRECTION('',(0.,0.,1.));
#5270 = ORIENTED_EDGE('',*,*,#2717,.F.);
#5271 = ORIENTED_EDGE('',*,*,#5265,.F.);
#5272 = CYLINDRICAL_SURFACE('',#5273,0.5);
#5273 = AXIS2_PLACEMENT_3D('',#5274,#5275,#5276);
#5274 = CARTESIAN_POINT('',(92.5,-95.5,-4.6E-02));
#5275 = DIRECTION('',(-0.,-0.,-1.));
#5276 = DIRECTION('',(-0.,-1.,0.));
#5277 = ADVANCED_FACE('',(#5278),#5294,.F.);
#5278 = FACE_BOUND('',#5279,.T.);
#5279 = EDGE_LOOP('',(#5280,#5281,#5287,#5288));
#5280 = ORIENTED_EDGE('',*,*,#1303,.T.);
#5281 = ORIENTED_EDGE('',*,*,#5282,.T.);
#5282 = EDGE_CURVE('',#1306,#2731,#5283,.T.);
#5283 = LINE('',#5284,#5285);
#5284 = CARTESIAN_POINT('',(100.65,-93.15,-4.6E-02));
#5285 = VECTOR('',#5286,1.);
#5286 = DIRECTION('',(0.,0.,1.));
#5287 = ORIENTED_EDGE('',*,*,#2728,.F.);
#5288 = ORIENTED_EDGE('',*,*,#5289,.F.);
#5289 = EDGE_CURVE('',#1304,#2729,#5290,.T.);
#5290 = LINE('',#5291,#5292);
#5291 = CARTESIAN_POINT('',(100.65,-91.65,-4.6E-02));
#5292 = VECTOR('',#5293,1.);
#5293 = DIRECTION('',(0.,0.,1.));
#5294 = CYLINDRICAL_SURFACE('',#5295,0.75);
#5295 = AXIS2_PLACEMENT_3D('',#5296,#5297,#5298);
#5296 = CARTESIAN_POINT('',(100.65,-92.4,-4.6E-02));
#5297 = DIRECTION('',(-0.,-0.,-1.));
#5298 = DIRECTION('',(-0.,-1.,0.));
#5299 = ADVANCED_FACE('',(#5300),#5311,.T.);
#5300 = FACE_BOUND('',#5301,.T.);
#5301 = EDGE_LOOP('',(#5302,#5303,#5304,#5305));
#5302 = ORIENTED_EDGE('',*,*,#1331,.T.);
#5303 = ORIENTED_EDGE('',*,*,#5289,.T.);
#5304 = ORIENTED_EDGE('',*,*,#2756,.F.);
#5305 = ORIENTED_EDGE('',*,*,#5306,.F.);
#5306 = EDGE_CURVE('',#1323,#2748,#5307,.T.);
#5307 = LINE('',#5308,#5309);
#5308 = CARTESIAN_POINT('',(99.35,-91.65,-4.6E-02));
#5309 = VECTOR('',#5310,1.);
#5310 = DIRECTION('',(0.,0.,1.));
#5311 = PLANE('',#5312);
#5312 = AXIS2_PLACEMENT_3D('',#5313,#5314,#5315);
#5313 = CARTESIAN_POINT('',(100.65,-91.65,-4.6E-02));
#5314 = DIRECTION('',(0.,-1.,0.));
#5315 = DIRECTION('',(-1.,0.,0.));
#5316 = ADVANCED_FACE('',(#5317),#5328,.F.);
#5317 = FACE_BOUND('',#5318,.T.);
#5318 = EDGE_LOOP('',(#5319,#5320,#5321,#5322));
#5319 = ORIENTED_EDGE('',*,*,#1322,.T.);
#5320 = ORIENTED_EDGE('',*,*,#5306,.T.);
#5321 = ORIENTED_EDGE('',*,*,#2747,.F.);
#5322 = ORIENTED_EDGE('',*,*,#5323,.F.);
#5323 = EDGE_CURVE('',#1315,#2740,#5324,.T.);
#5324 = LINE('',#5325,#5326);
#5325 = CARTESIAN_POINT('',(99.35,-93.15,-4.6E-02));
#5326 = VECTOR('',#5327,1.);
#5327 = DIRECTION('',(0.,0.,1.));
#5328 = CYLINDRICAL_SURFACE('',#5329,0.75);
#5329 = AXIS2_PLACEMENT_3D('',#5330,#5331,#5332);
#5330 = CARTESIAN_POINT('',(99.35,-92.4,-4.6E-02));
#5331 = DIRECTION('',(-0.,0.,-1.));
#5332 = DIRECTION('',(0.,1.,0.));
#5333 = ADVANCED_FACE('',(#5334),#5340,.T.);
#5334 = FACE_BOUND('',#5335,.T.);
#5335 = EDGE_LOOP('',(#5336,#5337,#5338,#5339));
#5336 = ORIENTED_EDGE('',*,*,#1314,.T.);
#5337 = ORIENTED_EDGE('',*,*,#5323,.T.);
#5338 = ORIENTED_EDGE('',*,*,#2739,.F.);
#5339 = ORIENTED_EDGE('',*,*,#5282,.F.);
#5340 = PLANE('',#5341);
#5341 = AXIS2_PLACEMENT_3D('',#5342,#5343,#5344);
#5342 = CARTESIAN_POINT('',(99.35,-93.15,-4.6E-02));
#5343 = DIRECTION('',(0.,1.,0.));
#5344 = DIRECTION('',(1.,0.,0.));
#5345 = ADVANCED_FACE('',(#5346),#5357,.F.);
#5346 = FACE_BOUND('',#5347,.T.);
#5347 = EDGE_LOOP('',(#5348,#5349,#5355,#5356));
#5348 = ORIENTED_EDGE('',*,*,#1339,.T.);
#5349 = ORIENTED_EDGE('',*,*,#5350,.T.);
#5350 = EDGE_CURVE('',#1340,#2765,#5351,.T.);
#5351 = LINE('',#5352,#5353);
#5352 = CARTESIAN_POINT('',(60.,-77.1,-4.6E-02));
#5353 = VECTOR('',#5354,1.);
#5354 = DIRECTION('',(0.,0.,1.));
#5355 = ORIENTED_EDGE('',*,*,#2764,.F.);
#5356 = ORIENTED_EDGE('',*,*,#5350,.F.);
#5357 = CYLINDRICAL_SURFACE('',#5358,1.1);
#5358 = AXIS2_PLACEMENT_3D('',#5359,#5360,#5361);
#5359 = CARTESIAN_POINT('',(60.,-76.,-4.6E-02));
#5360 = DIRECTION('',(-0.,-0.,-1.));
#5361 = DIRECTION('',(-0.,-1.,0.));
#5362 = ADVANCED_FACE('',(#5363),#5379,.F.);
#5363 = FACE_BOUND('',#5364,.T.);
#5364 = EDGE_LOOP('',(#5365,#5366,#5372,#5373));
#5365 = ORIENTED_EDGE('',*,*,#1350,.T.);
#5366 = ORIENTED_EDGE('',*,*,#5367,.T.);
#5367 = EDGE_CURVE('',#1353,#2778,#5368,.T.);
#5368 = LINE('',#5369,#5370);
#5369 = CARTESIAN_POINT('',(95.98,-60.9803,-4.6E-02));
#5370 = VECTOR('',#5371,1.);
#5371 = DIRECTION('',(0.,0.,1.));
#5372 = ORIENTED_EDGE('',*,*,#2775,.F.);
#5373 = ORIENTED_EDGE('',*,*,#5374,.F.);
#5374 = EDGE_CURVE('',#1351,#2776,#5375,.T.);
#5375 = LINE('',#5376,#5377);
#5376 = CARTESIAN_POINT('',(95.38,-60.9803,-4.6E-02));
#5377 = VECTOR('',#5378,1.);
#5378 = DIRECTION('',(0.,0.,1.));
#5379 = CYLINDRICAL_SURFACE('',#5380,0.3);
#5380 = AXIS2_PLACEMENT_3D('',#5381,#5382,#5383);
#5381 = CARTESIAN_POINT('',(95.68,-60.9803,-4.6E-02));
#5382 = DIRECTION('',(-0.,-0.,-1.));
#5383 = DIRECTION('',(1.,4.736951571734E-14,-0.));
#5384 = ADVANCED_FACE('',(#5385),#5396,.T.);
#5385 = FACE_BOUND('',#5386,.T.);
#5386 = EDGE_LOOP('',(#5387,#5388,#5389,#5390));
#5387 = ORIENTED_EDGE('',*,*,#1378,.T.);
#5388 = ORIENTED_EDGE('',*,*,#5374,.T.);
#5389 = ORIENTED_EDGE('',*,*,#2803,.F.);
#5390 = ORIENTED_EDGE('',*,*,#5391,.F.);
#5391 = EDGE_CURVE('',#1370,#2795,#5392,.T.);
#5392 = LINE('',#5393,#5394);
#5393 = CARTESIAN_POINT('',(95.38,-62.0803,-4.6E-02));
#5394 = VECTOR('',#5395,1.);
#5395 = DIRECTION('',(0.,0.,1.));
#5396 = PLANE('',#5397);
#5397 = AXIS2_PLACEMENT_3D('',#5398,#5399,#5400);
#5398 = CARTESIAN_POINT('',(95.38,-60.9803,-4.6E-02));
#5399 = DIRECTION('',(1.,0.,-0.));
#5400 = DIRECTION('',(0.,-1.,0.));
#5401 = ADVANCED_FACE('',(#5402),#5413,.F.);
#5402 = FACE_BOUND('',#5403,.T.);
#5403 = EDGE_LOOP('',(#5404,#5405,#5406,#5407));
#5404 = ORIENTED_EDGE('',*,*,#1369,.T.);
#5405 = ORIENTED_EDGE('',*,*,#5391,.T.);
#5406 = ORIENTED_EDGE('',*,*,#2794,.F.);
#5407 = ORIENTED_EDGE('',*,*,#5408,.F.);
#5408 = EDGE_CURVE('',#1362,#2787,#5409,.T.);
#5409 = LINE('',#5410,#5411);
#5410 = CARTESIAN_POINT('',(95.98,-62.0803,-4.6E-02));
#5411 = VECTOR('',#5412,1.);
#5412 = DIRECTION('',(0.,0.,1.));
#5413 = CYLINDRICAL_SURFACE('',#5414,0.3);
#5414 = AXIS2_PLACEMENT_3D('',#5415,#5416,#5417);
#5415 = CARTESIAN_POINT('',(95.68,-62.0803,-4.6E-02));
#5416 = DIRECTION('',(-0.,-0.,-1.));
#5417 = DIRECTION('',(-1.,-4.736951571734E-14,0.));
#5418 = ADVANCED_FACE('',(#5419),#5425,.T.);
#5419 = FACE_BOUND('',#5420,.T.);
#5420 = EDGE_LOOP('',(#5421,#5422,#5423,#5424));
#5421 = ORIENTED_EDGE('',*,*,#1361,.T.);
#5422 = ORIENTED_EDGE('',*,*,#5408,.T.);
#5423 = ORIENTED_EDGE('',*,*,#2786,.F.);
#5424 = ORIENTED_EDGE('',*,*,#5367,.F.);
#5425 = PLANE('',#5426);
#5426 = AXIS2_PLACEMENT_3D('',#5427,#5428,#5429);
#5427 = CARTESIAN_POINT('',(95.98,-62.0803,-4.6E-02));
#5428 = DIRECTION('',(-1.,0.,0.));
#5429 = DIRECTION('',(0.,1.,0.));
#5430 = ADVANCED_FACE('',(#5431),#5447,.F.);
#5431 = FACE_BOUND('',#5432,.T.);
#5432 = EDGE_LOOP('',(#5433,#5434,#5440,#5441));
#5433 = ORIENTED_EDGE('',*,*,#1386,.T.);
#5434 = ORIENTED_EDGE('',*,*,#5435,.T.);
#5435 = EDGE_CURVE('',#1389,#2814,#5436,.T.);
#5436 = LINE('',#5437,#5438);
#5437 = CARTESIAN_POINT('',(95.98,-57.0503,-4.6E-02));
#5438 = VECTOR('',#5439,1.);
#5439 = DIRECTION('',(0.,0.,1.));
#5440 = ORIENTED_EDGE('',*,*,#2811,.F.);
#5441 = ORIENTED_EDGE('',*,*,#5442,.F.);
#5442 = EDGE_CURVE('',#1387,#2812,#5443,.T.);
#5443 = LINE('',#5444,#5445);
#5444 = CARTESIAN_POINT('',(95.38,-57.0503,-4.6E-02));
#5445 = VECTOR('',#5446,1.);
#5446 = DIRECTION('',(0.,0.,1.));
#5447 = CYLINDRICAL_SURFACE('',#5448,0.3);
#5448 = AXIS2_PLACEMENT_3D('',#5449,#5450,#5451);
#5449 = CARTESIAN_POINT('',(95.68,-57.0503,-4.6E-02));
#5450 = DIRECTION('',(-0.,-0.,-1.));
#5451 = DIRECTION('',(1.,4.736951571734E-14,-0.));
#5452 = ADVANCED_FACE('',(#5453),#5464,.T.);
#5453 = FACE_BOUND('',#5454,.T.);
#5454 = EDGE_LOOP('',(#5455,#5456,#5457,#5458));
#5455 = ORIENTED_EDGE('',*,*,#1414,.T.);
#5456 = ORIENTED_EDGE('',*,*,#5442,.T.);
#5457 = ORIENTED_EDGE('',*,*,#2839,.F.);
#5458 = ORIENTED_EDGE('',*,*,#5459,.F.);
#5459 = EDGE_CURVE('',#1406,#2831,#5460,.T.);
#5460 = LINE('',#5461,#5462);
#5461 = CARTESIAN_POINT('',(95.38,-57.6503,-4.6E-02));
#5462 = VECTOR('',#5463,1.);
#5463 = DIRECTION('',(0.,0.,1.));
#5464 = PLANE('',#5465);
#5465 = AXIS2_PLACEMENT_3D('',#5466,#5467,#5468);
#5466 = CARTESIAN_POINT('',(95.38,-57.0503,-4.6E-02));
#5467 = DIRECTION('',(1.,0.,-0.));
#5468 = DIRECTION('',(0.,-1.,0.));
#5469 = ADVANCED_FACE('',(#5470),#5481,.F.);
#5470 = FACE_BOUND('',#5471,.T.);
#5471 = EDGE_LOOP('',(#5472,#5473,#5474,#5475));
#5472 = ORIENTED_EDGE('',*,*,#1405,.T.);
#5473 = ORIENTED_EDGE('',*,*,#5459,.T.);
#5474 = ORIENTED_EDGE('',*,*,#2830,.F.);
#5475 = ORIENTED_EDGE('',*,*,#5476,.F.);
#5476 = EDGE_CURVE('',#1398,#2823,#5477,.T.);
#5477 = LINE('',#5478,#5479);
#5478 = CARTESIAN_POINT('',(95.98,-57.6503,-4.6E-02));
#5479 = VECTOR('',#5480,1.);
#5480 = DIRECTION('',(0.,0.,1.));
#5481 = CYLINDRICAL_SURFACE('',#5482,0.3);
#5482 = AXIS2_PLACEMENT_3D('',#5483,#5484,#5485);
#5483 = CARTESIAN_POINT('',(95.68,-57.6503,-4.6E-02));
#5484 = DIRECTION('',(-0.,-0.,-1.));
#5485 = DIRECTION('',(-1.,-4.736951571734E-14,0.));
#5486 = ADVANCED_FACE('',(#5487),#5493,.T.);
#5487 = FACE_BOUND('',#5488,.T.);
#5488 = EDGE_LOOP('',(#5489,#5490,#5491,#5492));
#5489 = ORIENTED_EDGE('',*,*,#1397,.T.);
#5490 = ORIENTED_EDGE('',*,*,#5476,.T.);
#5491 = ORIENTED_EDGE('',*,*,#2822,.F.);
#5492 = ORIENTED_EDGE('',*,*,#5435,.F.);
#5493 = PLANE('',#5494);
#5494 = AXIS2_PLACEMENT_3D('',#5495,#5496,#5497);
#5495 = CARTESIAN_POINT('',(95.98,-57.6503,-4.6E-02));
#5496 = DIRECTION('',(-1.,0.,0.));
#5497 = DIRECTION('',(0.,1.,0.));
#5498 = ADVANCED_FACE('',(#5499),#5510,.F.);
#5499 = FACE_BOUND('',#5500,.T.);
#5500 = EDGE_LOOP('',(#5501,#5502,#5508,#5509));
#5501 = ORIENTED_EDGE('',*,*,#1422,.T.);
#5502 = ORIENTED_EDGE('',*,*,#5503,.T.);
#5503 = EDGE_CURVE('',#1423,#2848,#5504,.T.);
#5504 = LINE('',#5505,#5506);
#5505 = CARTESIAN_POINT('',(97.11,-61.3253,-4.6E-02));
#5506 = VECTOR('',#5507,1.);
#5507 = DIRECTION('',(0.,0.,1.));
#5508 = ORIENTED_EDGE('',*,*,#2847,.F.);
#5509 = ORIENTED_EDGE('',*,*,#5503,.F.);
#5510 = CYLINDRICAL_SURFACE('',#5511,0.325);
#5511 = AXIS2_PLACEMENT_3D('',#5512,#5513,#5514);
#5512 = CARTESIAN_POINT('',(97.11,-61.0003,-4.6E-02));
#5513 = DIRECTION('',(-0.,-0.,-1.));
#5514 = DIRECTION('',(-0.,-1.,0.));
#5515 = ADVANCED_FACE('',(#5516),#5527,.F.);
#5516 = FACE_BOUND('',#5517,.T.);
#5517 = EDGE_LOOP('',(#5518,#5519,#5525,#5526));
#5518 = ORIENTED_EDGE('',*,*,#1433,.T.);
#5519 = ORIENTED_EDGE('',*,*,#5520,.T.);
#5520 = EDGE_CURVE('',#1434,#2859,#5521,.T.);
#5521 = LINE('',#5522,#5523);
#5522 = CARTESIAN_POINT('',(107.,-96.,-4.6E-02));
#5523 = VECTOR('',#5524,1.);
#5524 = DIRECTION('',(0.,0.,1.));
#5525 = ORIENTED_EDGE('',*,*,#2858,.F.);
#5526 = ORIENTED_EDGE('',*,*,#5520,.F.);
#5527 = CYLINDRICAL_SURFACE('',#5528,0.5);
#5528 = AXIS2_PLACEMENT_3D('',#5529,#5530,#5531);
#5529 = CARTESIAN_POINT('',(107.,-95.5,-4.6E-02));
#5530 = DIRECTION('',(-0.,-0.,-1.));
#5531 = DIRECTION('',(-0.,-1.,0.));
#5532 = ADVANCED_FACE('',(#5533),#5544,.F.);
#5533 = FACE_BOUND('',#5534,.T.);
#5534 = EDGE_LOOP('',(#5535,#5536,#5542,#5543));
#5535 = ORIENTED_EDGE('',*,*,#1444,.T.);
#5536 = ORIENTED_EDGE('',*,*,#5537,.T.);
#5537 = EDGE_CURVE('',#1445,#2870,#5538,.T.);
#5538 = LINE('',#5539,#5540);
#5539 = CARTESIAN_POINT('',(142.,-89.1,-4.6E-02));
#5540 = VECTOR('',#5541,1.);
#5541 = DIRECTION('',(0.,0.,1.));
#5542 = ORIENTED_EDGE('',*,*,#2869,.F.);
#5543 = ORIENTED_EDGE('',*,*,#5537,.F.);
#5544 = CYLINDRICAL_SURFACE('',#5545,1.1);
#5545 = AXIS2_PLACEMENT_3D('',#5546,#5547,#5548);
#5546 = CARTESIAN_POINT('',(142.,-88.,-4.6E-02));
#5547 = DIRECTION('',(-0.,-0.,-1.));
#5548 = DIRECTION('',(-0.,-1.,0.));
#5549 = ADVANCED_FACE('',(#5550),#5561,.F.);
#5550 = FACE_BOUND('',#5551,.T.);
#5551 = EDGE_LOOP('',(#5552,#5553,#5559,#5560));
#5552 = ORIENTED_EDGE('',*,*,#1455,.T.);
#5553 = ORIENTED_EDGE('',*,*,#5554,.T.);
#5554 = EDGE_CURVE('',#1456,#2881,#5555,.T.);
#5555 = LINE('',#5556,#5557);
#5556 = CARTESIAN_POINT('',(102.89,-61.3253,-4.6E-02));
#5557 = VECTOR('',#5558,1.);
#5558 = DIRECTION('',(0.,0.,1.));
#5559 = ORIENTED_EDGE('',*,*,#2880,.F.);
#5560 = ORIENTED_EDGE('',*,*,#5554,.F.);
#5561 = CYLINDRICAL_SURFACE('',#5562,0.325);
#5562 = AXIS2_PLACEMENT_3D('',#5563,#5564,#5565);
#5563 = CARTESIAN_POINT('',(102.89,-61.0003,-4.6E-02));
#5564 = DIRECTION('',(-0.,-0.,-1.));
#5565 = DIRECTION('',(-0.,-1.,0.));
#5566 = ADVANCED_FACE('',(#5567),#5583,.F.);
#5567 = FACE_BOUND('',#5568,.T.);
#5568 = EDGE_LOOP('',(#5569,#5570,#5576,#5577));
#5569 = ORIENTED_EDGE('',*,*,#1466,.T.);
#5570 = ORIENTED_EDGE('',*,*,#5571,.T.);
#5571 = EDGE_CURVE('',#1469,#2894,#5572,.T.);
#5572 = LINE('',#5573,#5574);
#5573 = CARTESIAN_POINT('',(104.62,-60.9803,-4.6E-02));
#5574 = VECTOR('',#5575,1.);
#5575 = DIRECTION('',(0.,0.,1.));
#5576 = ORIENTED_EDGE('',*,*,#2891,.F.);
#5577 = ORIENTED_EDGE('',*,*,#5578,.F.);
#5578 = EDGE_CURVE('',#1467,#2892,#5579,.T.);
#5579 = LINE('',#5580,#5581);
#5580 = CARTESIAN_POINT('',(104.02,-60.9803,-4.6E-02));
#5581 = VECTOR('',#5582,1.);
#5582 = DIRECTION('',(0.,0.,1.));
#5583 = CYLINDRICAL_SURFACE('',#5584,0.3);
#5584 = AXIS2_PLACEMENT_3D('',#5585,#5586,#5587);
#5585 = CARTESIAN_POINT('',(104.32,-60.9803,-4.6E-02));
#5586 = DIRECTION('',(-0.,-0.,-1.));
#5587 = DIRECTION('',(1.,4.736951571734E-14,-0.));
#5588 = ADVANCED_FACE('',(#5589),#5600,.T.);
#5589 = FACE_BOUND('',#5590,.T.);
#5590 = EDGE_LOOP('',(#5591,#5592,#5593,#5594));
#5591 = ORIENTED_EDGE('',*,*,#1494,.T.);
#5592 = ORIENTED_EDGE('',*,*,#5578,.T.);
#5593 = ORIENTED_EDGE('',*,*,#2919,.F.);
#5594 = ORIENTED_EDGE('',*,*,#5595,.F.);
#5595 = EDGE_CURVE('',#1486,#2911,#5596,.T.);
#5596 = LINE('',#5597,#5598);
#5597 = CARTESIAN_POINT('',(104.02,-62.0803,-4.6E-02));
#5598 = VECTOR('',#5599,1.);
#5599 = DIRECTION('',(0.,0.,1.));
#5600 = PLANE('',#5601);
#5601 = AXIS2_PLACEMENT_3D('',#5602,#5603,#5604);
#5602 = CARTESIAN_POINT('',(104.02,-60.9803,-4.6E-02));
#5603 = DIRECTION('',(1.,0.,-0.));
#5604 = DIRECTION('',(0.,-1.,0.));
#5605 = ADVANCED_FACE('',(#5606),#5617,.F.);
#5606 = FACE_BOUND('',#5607,.T.);
#5607 = EDGE_LOOP('',(#5608,#5609,#5610,#5611));
#5608 = ORIENTED_EDGE('',*,*,#1485,.T.);
#5609 = ORIENTED_EDGE('',*,*,#5595,.T.);
#5610 = ORIENTED_EDGE('',*,*,#2910,.F.);
#5611 = ORIENTED_EDGE('',*,*,#5612,.F.);
#5612 = EDGE_CURVE('',#1478,#2903,#5613,.T.);
#5613 = LINE('',#5614,#5615);
#5614 = CARTESIAN_POINT('',(104.62,-62.0803,-4.6E-02));
#5615 = VECTOR('',#5616,1.);
#5616 = DIRECTION('',(0.,0.,1.));
#5617 = CYLINDRICAL_SURFACE('',#5618,0.3);
#5618 = AXIS2_PLACEMENT_3D('',#5619,#5620,#5621);
#5619 = CARTESIAN_POINT('',(104.32,-62.0803,-4.6E-02));
#5620 = DIRECTION('',(-0.,-0.,-1.));
#5621 = DIRECTION('',(-1.,-4.736951571734E-14,0.));
#5622 = ADVANCED_FACE('',(#5623),#5629,.T.);
#5623 = FACE_BOUND('',#5624,.T.);
#5624 = EDGE_LOOP('',(#5625,#5626,#5627,#5628));
#5625 = ORIENTED_EDGE('',*,*,#1477,.T.);
#5626 = ORIENTED_EDGE('',*,*,#5612,.T.);
#5627 = ORIENTED_EDGE('',*,*,#2902,.F.);
#5628 = ORIENTED_EDGE('',*,*,#5571,.F.);
#5629 = PLANE('',#5630);
#5630 = AXIS2_PLACEMENT_3D('',#5631,#5632,#5633);
#5631 = CARTESIAN_POINT('',(104.62,-62.0803,-4.6E-02));
#5632 = DIRECTION('',(-1.,0.,0.));
#5633 = DIRECTION('',(0.,1.,0.));
#5634 = ADVANCED_FACE('',(#5635),#5651,.F.);
#5635 = FACE_BOUND('',#5636,.T.);
#5636 = EDGE_LOOP('',(#5637,#5638,#5644,#5645));
#5637 = ORIENTED_EDGE('',*,*,#1502,.T.);
#5638 = ORIENTED_EDGE('',*,*,#5639,.T.);
#5639 = EDGE_CURVE('',#1505,#2930,#5640,.T.);
#5640 = LINE('',#5641,#5642);
#5641 = CARTESIAN_POINT('',(104.62,-57.0503,-4.6E-02));
#5642 = VECTOR('',#5643,1.);
#5643 = DIRECTION('',(0.,0.,1.));
#5644 = ORIENTED_EDGE('',*,*,#2927,.F.);
#5645 = ORIENTED_EDGE('',*,*,#5646,.F.);
#5646 = EDGE_CURVE('',#1503,#2928,#5647,.T.);
#5647 = LINE('',#5648,#5649);
#5648 = CARTESIAN_POINT('',(104.02,-57.0503,-4.6E-02));
#5649 = VECTOR('',#5650,1.);
#5650 = DIRECTION('',(0.,0.,1.));
#5651 = CYLINDRICAL_SURFACE('',#5652,0.3);
#5652 = AXIS2_PLACEMENT_3D('',#5653,#5654,#5655);
#5653 = CARTESIAN_POINT('',(104.32,-57.0503,-4.6E-02));
#5654 = DIRECTION('',(-0.,-0.,-1.));
#5655 = DIRECTION('',(1.,4.736951571734E-14,-0.));
#5656 = ADVANCED_FACE('',(#5657),#5668,.T.);
#5657 = FACE_BOUND('',#5658,.T.);
#5658 = EDGE_LOOP('',(#5659,#5660,#5661,#5662));
#5659 = ORIENTED_EDGE('',*,*,#1530,.T.);
#5660 = ORIENTED_EDGE('',*,*,#5646,.T.);
#5661 = ORIENTED_EDGE('',*,*,#2955,.F.);
#5662 = ORIENTED_EDGE('',*,*,#5663,.F.);
#5663 = EDGE_CURVE('',#1522,#2947,#5664,.T.);
#5664 = LINE('',#5665,#5666);
#5665 = CARTESIAN_POINT('',(104.02,-57.6503,-4.6E-02));
#5666 = VECTOR('',#5667,1.);
#5667 = DIRECTION('',(0.,0.,1.));
#5668 = PLANE('',#5669);
#5669 = AXIS2_PLACEMENT_3D('',#5670,#5671,#5672);
#5670 = CARTESIAN_POINT('',(104.02,-57.0503,-4.6E-02));
#5671 = DIRECTION('',(1.,0.,-0.));
#5672 = DIRECTION('',(0.,-1.,0.));
#5673 = ADVANCED_FACE('',(#5674),#5685,.F.);
#5674 = FACE_BOUND('',#5675,.T.);
#5675 = EDGE_LOOP('',(#5676,#5677,#5678,#5679));
#5676 = ORIENTED_EDGE('',*,*,#1521,.T.);
#5677 = ORIENTED_EDGE('',*,*,#5663,.T.);
#5678 = ORIENTED_EDGE('',*,*,#2946,.F.);
#5679 = ORIENTED_EDGE('',*,*,#5680,.F.);
#5680 = EDGE_CURVE('',#1514,#2939,#5681,.T.);
#5681 = LINE('',#5682,#5683);
#5682 = CARTESIAN_POINT('',(104.62,-57.6503,-4.6E-02));
#5683 = VECTOR('',#5684,1.);
#5684 = DIRECTION('',(0.,0.,1.));
#5685 = CYLINDRICAL_SURFACE('',#5686,0.3);
#5686 = AXIS2_PLACEMENT_3D('',#5687,#5688,#5689);
#5687 = CARTESIAN_POINT('',(104.32,-57.6503,-4.6E-02));
#5688 = DIRECTION('',(-0.,-0.,-1.));
#5689 = DIRECTION('',(-1.,-4.736951571734E-14,0.));
#5690 = ADVANCED_FACE('',(#5691),#5697,.T.);
#5691 = FACE_BOUND('',#5692,.T.);
#5692 = EDGE_LOOP('',(#5693,#5694,#5695,#5696));
#5693 = ORIENTED_EDGE('',*,*,#1513,.T.);
#5694 = ORIENTED_EDGE('',*,*,#5680,.T.);
#5695 = ORIENTED_EDGE('',*,*,#2938,.F.);
#5696 = ORIENTED_EDGE('',*,*,#5639,.F.);
#5697 = PLANE('',#5698);
#5698 = AXIS2_PLACEMENT_3D('',#5699,#5700,#5701);
#5699 = CARTESIAN_POINT('',(104.62,-57.6503,-4.6E-02));
#5700 = DIRECTION('',(-1.,0.,0.));
#5701 = DIRECTION('',(0.,1.,0.));
#5702 = ADVANCED_FACE('',(#5703),#5714,.F.);
#5703 = FACE_BOUND('',#5704,.T.);
#5704 = EDGE_LOOP('',(#5705,#5706,#5712,#5713));
#5705 = ORIENTED_EDGE('',*,*,#1538,.T.);
#5706 = ORIENTED_EDGE('',*,*,#5707,.T.);
#5707 = EDGE_CURVE('',#1539,#2964,#5708,.T.);
#5708 = LINE('',#5709,#5710);
#5709 = CARTESIAN_POINT('',(129.5,-59.4353,-4.6E-02));
#5710 = VECTOR('',#5711,1.);
#5711 = DIRECTION('',(0.,0.,1.));
#5712 = ORIENTED_EDGE('',*,*,#2963,.F.);
#5713 = ORIENTED_EDGE('',*,*,#5707,.F.);
#5714 = CYLINDRICAL_SURFACE('',#5715,0.45);
#5715 = AXIS2_PLACEMENT_3D('',#5716,#5717,#5718);
#5716 = CARTESIAN_POINT('',(129.5,-58.9853,-4.6E-02));
#5717 = DIRECTION('',(-0.,-0.,-1.));
#5718 = DIRECTION('',(-0.,-1.,0.));
#5719 = ADVANCED_FACE('',(#5720),#5731,.F.);
#5720 = FACE_BOUND('',#5721,.T.);
#5721 = EDGE_LOOP('',(#5722,#5723,#5729,#5730));
#5722 = ORIENTED_EDGE('',*,*,#1549,.T.);
#5723 = ORIENTED_EDGE('',*,*,#5724,.T.);
#5724 = EDGE_CURVE('',#1550,#2975,#5725,.T.);
#5725 = LINE('',#5726,#5727);
#5726 = CARTESIAN_POINT('',(132.5,-59.4353,-4.6E-02));
#5727 = VECTOR('',#5728,1.);
#5728 = DIRECTION('',(0.,0.,1.));
#5729 = ORIENTED_EDGE('',*,*,#2974,.F.);
#5730 = ORIENTED_EDGE('',*,*,#5724,.F.);
#5731 = CYLINDRICAL_SURFACE('',#5732,0.45);
#5732 = AXIS2_PLACEMENT_3D('',#5733,#5734,#5735);
#5733 = CARTESIAN_POINT('',(132.5,-58.9853,-4.6E-02));
#5734 = DIRECTION('',(-0.,-0.,-1.));
#5735 = DIRECTION('',(-0.,-1.,0.));
#5736 = ( GEOMETRIC_REPRESENTATION_CONTEXT(3) 
GLOBAL_UNCERTAINTY_ASSIGNED_CONTEXT((#5740)) 
GLOBAL_UNIT_ASSIGNED_CONTEXT((#5737,#5738,#5739)) REPRESENTATION_CONTEXT
('Context #1','3D Context with UNIT and UNCERTAINTY') );
#5737 = ( LENGTH_UNIT() NAMED_UNIT(*) SI_UNIT(.MILLI.,.METRE.) );
#5738 = ( NAMED_UNIT(*) PLANE_ANGLE_UNIT() SI_UNIT($,.RADIAN.) );
#5739 = ( NAMED_UNIT(*) SI_UNIT($,.STERADIAN.) SOLID_ANGLE_UNIT() );
#5740 = UNCERTAINTY_MEASURE_WITH_UNIT(LENGTH_MEASURE(1.E-07),#5737,
  'distance_accuracy_value','confusion accuracy');
#5741 = CONTEXT_DEPENDENT_SHAPE_REPRESENTATION(#5742,#5744);
#5742 = ( REPRESENTATION_RELATIONSHIP('','',#32,#10) 
REPRESENTATION_RELATIONSHIP_WITH_TRANSFORMATION(#5743) 
SHAPE_REPRESENTATION_RELATIONSHIP() );
#5743 = ITEM_DEFINED_TRANSFORMATION('','',#11,#15);
#5744 = PRODUCT_DEFINITION_SHAPE('Placement','Placement of an item',
  #5745);
#5745 = NEXT_ASSEMBLY_USAGE_OCCURRENCE('1','=>[0:1:1:2]','',#5,#27,$);
#5746 = PRODUCT_RELATED_PRODUCT_CATEGORY('part',$,(#29));
#5747 = MECHANICAL_DESIGN_GEOMETRIC_PRESENTATION_REPRESENTATION('',(
    #5748),#5736);
#5748 = STYLED_ITEM('color',(#5749),#33);
#5749 = PRESENTATION_STYLE_ASSIGNMENT((#5750));
#5750 = SURFACE_STYLE_USAGE(.BOTH.,#5751);
#5751 = SURFACE_SIDE_STYLE('',(#5752));
#5752 = SURFACE_STYLE_FILL_AREA(#5753);
#5753 = FILL_AREA_STYLE('',(#5754));
#5754 = FILL_AREA_STYLE_COLOUR('',#5755);
#5755 = COLOUR_RGB('',0.313304153717,0.484529207832,0.410020903123);
ENDSEC;
END-ISO-10303-21;
